<?xml version="1.0" encoding="UTF-8"?>
<clinical_study rank="367">
  <!-- This xml conforms to an XML Schema at:
    https://clinicaltrials.gov/ct2/html/images/info/public.xsd -->
  <required_header>
    <download_date>ClinicalTrials.gov processed this data on November 07, 2017</download_date>
    <link_text>Link to the current ClinicalTrials.gov record.</link_text>
    <url>https://clinicaltrials.gov/show/NCT03277573</url>
  </required_header>
  <id_info>
    <org_study_id>UC-SAL-AD-001</org_study_id>
    <nct_id>NCT03277573</nct_id>
  </id_info>
  <brief_title>Salsalate in Patients Mild to Moderate Alzheimer's Disease</brief_title>
  <acronym>SAL-AD</acronym>
  <official_title>A Phase 1b, 12-Month, Randomized, Double-Blind, Placebo-Controlled Study of the Safety, Tolerability, Pharmacokinetics, Pharmacodynamics, and Preliminary Efficacy of Salsalate in Patients With Mild to Moderate Alzheimer's Disease</official_title>
  <sponsors>
    <lead_sponsor>
      <agency>Adam Boxer</agency>
      <agency_class>Other</agency_class>
    </lead_sponsor>
  </sponsors>
  <source>University of California, San Francisco</source>
  <oversight_info>
    <has_dmc>Yes</has_dmc>
    <is_fda_regulated_drug>Yes</is_fda_regulated_drug>
    <is_fda_regulated_device>No</is_fda_regulated_device>
  </oversight_info>
  <brief_summary>
    <textblock>
      The purpose of the study is to test the safety and tolerability of twice daily Salsalate in
      patients with mild to moderate Alzheimer's Disease. Half of the participants will receive
      Salsalate and half will receive placebo during the 1-year duration of the study.
    </textblock>
  </brief_summary>
  <detailed_description>
    <textblock>
      This is a Phase 1b, 12-month, randomized, double-blind, placebo-controlled study of the
      safety, tolerability, pharmacokinetics, pharmacodynamics, and preliminary efficacy of
      salsalate in patients with mild to moderate AD. Approximately 40 subjects will be randomized
      1:1 to placebo or active. All study drugs will be administered orally bid [two placebo
      tablets bid or two 750 mg salsalate tablets bid (for a total daily dose of 3,000 mg)] for 12
      months.

      This study will test the effects of Salsalate on cerebrospinal fluid (CSF) proteins, brain
      magnetic resonance imaging (MRI), and cognitive (thinking and memory) tests in subjects with
      mild to moderate AD. This study uses placebo which looks like the experimental drug but does
      not have any active drug in it.
    </textblock>
  </detailed_description>
  <overall_status>Recruiting</overall_status>
  <start_date type="Actual">July 21, 2017</start_date>
  <completion_date type="Anticipated">October 21, 2018</completion_date>
  <primary_completion_date type="Anticipated">October 21, 2018</primary_completion_date>
  <phase>Phase 1</phase>
  <study_type>Interventional</study_type>
  <has_expanded_access>No</has_expanded_access>
  <study_design_info>
    <allocation>Randomized</allocation>
    <intervention_model>Parallel Assignment</intervention_model>
    <intervention_model_description>Randomized, Double-Blind, Placebo-Controlled</intervention_model_description>
    <primary_purpose>Treatment</primary_purpose>
    <masking>Triple (Participant, Care Provider, Investigator)</masking>
    <masking_description>Double-Blind study. Only investigational pharmacist will be unblinded.</masking_description>
  </study_design_info>
  <primary_outcome>
    <measure>Incidence of Treatment-Emergent Adverse Events</measure>
    <time_frame>12 months</time_frame>
    <description>Assess adverse events during 12 months administration of Salsalate or Placebo</description>
  </primary_outcome>
  <secondary_outcome>
    <measure>Changes in Pharmacokinetic properties of Salsalate in Plasma and Cerebrospinal Fluid</measure>
    <time_frame>6; 11.5 months</time_frame>
    <description>Measure steady-state plasma and cerebrosinal fluid concentrations of salsalate and its metabolites.</description>
  </secondary_outcome>
  <secondary_outcome>
    <measure>Changes in Pharmacodynamic properties of Salsalate in Cerebrospinal Fluid</measure>
    <time_frame>6; 11.5 months</time_frame>
    <description>Measure CSF concentrations of total tau, phosphorylated tau, and neurofilament light chain</description>
  </secondary_outcome>
  <other_outcome>
    <measure>Change in brain volume on brain MRI</measure>
    <time_frame>6; 12 months</time_frame>
    <description>Measure of global and regional volumes of interest (such as hippocampus)</description>
  </other_outcome>
  <other_outcome>
    <measure>Change in structural and functional connectivity on brain MRI</measure>
    <time_frame>6; 12 months</time_frame>
    <description>Connectivity between brain regions measured using diffusion tensor MRI and resting state functional MRI</description>
  </other_outcome>
  <other_outcome>
    <measure>Change in Cerebrospinal Fluid Biomarkers of phosphorylated tau</measure>
    <time_frame>6; 11.5 months</time_frame>
    <description>Measure CSF concentrations of phosphorylated tau protein (p-tau) pg/mL</description>
  </other_outcome>
  <other_outcome>
    <measure>Change in Cerebrospinal Fluid Biomarkers of neurofilament light chain</measure>
    <time_frame>6; 11.5 months</time_frame>
    <description>Measure CSF concentrations of neurofilament light chain protein (NfL) pg/ml</description>
  </other_outcome>
  <other_outcome>
    <measure>Change in Cerebrospinal Fluid Biomarkers of total tau</measure>
    <time_frame>6; 11.5 months</time_frame>
    <description>Measure CSF concentrations of total tau protein (t-tau) pg/mL</description>
  </other_outcome>
  <other_outcome>
    <measure>Change in Cerebrospinal Fluid Biomarkers of beta amyloid 1-42</measure>
    <time_frame>6; 11.5 months</time_frame>
    <description>Measure CSF concentrations of beta amyloid protein (Abeta1-42) pg/mL</description>
  </other_outcome>
  <other_outcome>
    <measure>Change in Alzheimer's Disease Assessment Scale-cognitive scale</measure>
    <time_frame>6;12 months</time_frame>
    <description>Measure changes using the Alzheimer's Disease Assessment Scale-cognitive (ADAS-cog) which evaluates cognitive dysfunctions</description>
  </other_outcome>
  <other_outcome>
    <measure>Change in Mini Mental State Examination</measure>
    <time_frame>6;12 months</time_frame>
    <description>Measure changes using the Mini Mental State Exam (MMSE) which evaluates cognitive function.</description>
  </other_outcome>
  <other_outcome>
    <measure>Change in Alzheimer's disease Clinical Activities of Daily Living Scale</measure>
    <time_frame>6;12 months</time_frame>
    <description>Measure changes in function, and in particular the degree of disability using the Alzheimer's disease Clinical Activities of Daily Living scale (ADCS-ADL)</description>
  </other_outcome>
  <other_outcome>
    <measure>Change in Clinical Dementia Rating Scale (CDR-SB)</measure>
    <time_frame>6;12 months</time_frame>
    <description>Measure change in dementia status using the Clinical Dementia Rating scale (CDR-SB)</description>
  </other_outcome>
  <number_of_arms>2</number_of_arms>
  <enrollment type="Anticipated">40</enrollment>
  <condition>Alzheimer Disease</condition>
  <arm_group>
    <arm_group_label>Salsalate</arm_group_label>
    <arm_group_type>Experimental</arm_group_type>
    <description>Drug: Salsalate 2 tablets twice daily (3,000 mg total daily) by mouth for 12 months</description>
  </arm_group>
  <arm_group>
    <arm_group_label>Placebo</arm_group_label>
    <arm_group_type>Placebo Comparator</arm_group_type>
    <description>Drug: Placebo 2 tablets twice daily by mouth for 12 months</description>
  </arm_group>
  <intervention>
    <intervention_type>Drug</intervention_type>
    <intervention_name>Salsalate</intervention_name>
    <description>Salsalate is a non-acetylated dimer of salicylic acid, and is classified as a non-steroidal anti-inflammatory drug (NSAID). Salsalate has been commercially available in the US as a prescription drug for the relief of the signs and symptoms of rheumatoid arthritis, osteoarthritis, and related rheumatic disorder for decades.</description>
    <arm_group_label>Salsalate</arm_group_label>
  </intervention>
  <intervention>
    <intervention_type>Drug</intervention_type>
    <intervention_name>Placebo</intervention_name>
    <description>Inactive ingredient</description>
    <arm_group_label>Placebo</arm_group_label>
  </intervention>
  <eligibility>
    <criteria>
      <textblock>
        Inclusion Criteria:

          1. Between 50 and 85 years of age (inclusive);

          2. Meets National Institute on Aging-Alzheimer's Association Workgroups criteria for
             probable AD dementia (McKhann et al. 2011) (30);

          3. MRI at Screening is consistent with AD (≤ 4 microhemorrhages, and no large strokes or
             severe white matter disease);

          4. MHIS at Screening is ≤ 4;

          5. MMSE at Screening is between 14 and 30 (inclusive);

          6. FDA-approved AD medications are allowed as long as the dose is stable for 2 months
             prior to initial Screening visit. Other medications (except those listed under
             exclusion criteria) are allowed as long as the dose is stable for 30 days prior to
             initial Screening visit;

          7. Has a reliable study partner who agrees to accompany the subject to visits, and spends
             at least 5 hours per week with the subject;

          8. Agrees to the lumbar puncture and CSF collection at Screening and after 11.5 months of
             study drug administration. The lumbar puncture and CSF collection at the end of Month
             6 is optional and is not required for eligibility;

          9. Positive amyloid PET scan at Screening. Previous amyloid PET scan positivity or
             previous AD biomarker (Aβ/tau level) positivity may be used instead of performing an
             amyloid PET scan at Screening at the Investigator's discretion;

         10. Signed and dated written informed consent obtained from the subject and the subject's
             caregiver in accordance with local IRB regulations;

         11. Males and all WCBP agree to abstain from sex or use an adequate method of
             contraception for the duration of the study and for 30 days after the last dose of
             study drug.

        Exclusion Criteria:

          1. Any medical condition other than AD that could account for cognitive deficits (e.g.,
             active seizure disorder, stroke, vascular dementia);

          2. History of negative AD biomarker studies (CSF Aβ/tau levels or amyloid PET), or a
             negative amyloid PET scan during Screening;

          3. History of significant cardiovascular, hematologic, renal, or hepatic disease (or
             laboratory evidence thereof);

          4. Systolic blood pressure exceeding 180 mmHg or diastolic blood pressure exceeding 100
             mmHg at Screening or Baseline;

          5. History of peptic ulcer disease or GI bleeding;

          6. History of asthma, urticaria, or allergic-type reactions after taking NSAIDs or
             aspirin;

          7. History of aspirin triad (i.e., aspirin allergy, nasal polyps, and asthma);

          8. History of autoimmune disorders deemed clinically significant by the Investigator;

          9. History of major psychiatric illness or major depression that in the opinion of the
             Investigator would pose a safety risk or interfere with the appropriate interpretation
             of study data;

         10. Neutrophil count &lt;1,500/mm3, platelets &lt;100,000/mm3, serum creatinine &gt;1.5 x upper
             limit of normal (ULN), total bilirubin &gt;1.5 x ULN, alanine aminotransferase (ALT) &gt;3 x
             ULN, aspartate aminotransferase (AST) &gt;3 x ULN, or INR &gt;1.2 at Screening;

         11. Evidence of any clinically significant findings on Screening or baseline evaluations
             which, in the opinion of the Investigator would pose a safety risk or interfere with
             appropriate interpretation of study data;

         12. Current or recent history (within four weeks prior to Screening) of a clinically
             significant bacterial, fungal, or mycobacterial infection;

         13. Current clinically significant viral infection. Subjects with chicken pox, influenza,
             or flu symptoms are not eligible;

         14. Major surgery within four weeks prior to initial Screening visit;

         15. Unable to tolerate MRI scan at Screening;

         16. Any contraindication to or unable to tolerate lumbar puncture at Screening, including
             use of anti-coagulant medications such as warfarin. Daily administration of 81 mg
             aspirin will be allowed as long as the dose is stable for 30 days prior to initial
             Screening visit;

         17. Chronic use of other NSAIDs or salicylates for any reason, except for daily baby
             aspirin (81 mg);

         18. Chronic use of oral corticosteroids or other immunosuppressants;

         19. Subjects who, in the opinion of the Investigator, are unable or unlikely to comply
             with the dosing schedule or study evaluations;

         20. Participation in another AD clinical trial within 3 months of initial Screening visit
             or treatment with another investigational drug within 30 days of initial Screening
             visit;

         21. Known hypersensitivity to the inactive ingredients in the study drug (placebo or
             active);

         22. Pregnant or lactating;

         23. Positive pregnancy test at Screening or Baseline (Day 1);

         24. Cancer within 5 years of initial Screening visit, except for non-metastatic skin
             cancer or prostate cancer without signs of metastasis
      </textblock>
    </criteria>
    <gender>All</gender>
    <minimum_age>50 Years</minimum_age>
    <maximum_age>85 Years</maximum_age>
    <healthy_volunteers>No</healthy_volunteers>
  </eligibility>
  <overall_official>
    <last_name>Adam Boxer, MD, PhD</last_name>
    <role>Principal Investigator</role>
    <affiliation>UCSF Memory and Aging Center</affiliation>
  </overall_official>
  <overall_contact>
    <last_name>Mary E Koestler, RN, PhD, CCRC</last_name>
    <phone>415-476-0661</phone>
    <email>mary.koestler@ucsf.edu</email>
  </overall_contact>
  <overall_contact_backup>
    <last_name>Noelle Ohanesian</last_name>
    <phone>415-476-0669</phone>
    <email>noelle.ohanesian@ucsf.edu</email>
  </overall_contact_backup>
  <location>
    <facility>
      <name>University of California, San Diego</name>
      <address>
        <city>San Diego</city>
        <state>California</state>
        <zip>92093</zip>
        <country>United States</country>
      </address>
    </facility>
    <status>Not yet recruiting</status>
    <contact>
      <last_name>Victoria Shokrollah</last_name>
      <phone>858-246-1303</phone>
      <email>vshokrollah@ucsd.edu</email>
    </contact>
    <contact_backup>
      <last_name>Jacqueline Flanagan</last_name>
      <email>jdflanagan@ucsd.edu</email>
    </contact_backup>
    <investigator>
      <last_name>Shauna Yuan, MD</last_name>
      <role>Principal Investigator</role>
    </investigator>
  </location>
  <location>
    <facility>
      <name>University of California, San Francisco</name>
      <address>
        <city>San Francisco</city>
        <state>California</state>
        <zip>94158</zip>
        <country>United States</country>
      </address>
    </facility>
    <status>Recruiting</status>
    <contact>
      <last_name>Noelle Ohanesian, BA</last_name>
      <phone>415-476-0669</phone>
      <email>noelle.ohanesian@ucsf.edu</email>
    </contact>
    <contact_backup>
      <last_name>Lauren Fisher, BA</last_name>
      <phone>415-514-5745</phone>
      <email>lauren.fisher@ucsf.edu</email>
    </contact_backup>
    <investigator>
      <last_name>Adam L. Boxer, M.D., PhD</last_name>
      <role>Principal Investigator</role>
    </investigator>
  </location>
  <location_countries>
    <country>United States</country>
  </location_countries>
  <reference>
    <citation>Min SW, Chen X, Tracy TE, Li Y, Zhou Y, Wang C, Shirakawa K, Minami SS, Defensor E, Mok SA, Sohn PD, Schilling B, Cong X, Ellerby L, Gibson BW, Johnson J, Krogan N, Shamloo M, Gestwicki J, Masliah E, Verdin E, Gan L. Critical role of acetylation in tau-mediated neurodegeneration and cognitive deficits. Nat Med. 2015 Oct;21(10):1154-62. doi: 10.1038/nm.3951. Epub 2015 Sep 21.</citation>
    <PMID>26390242</PMID>
  </reference>
  <reference>
    <citation>Montine TJ, Larson EB. Late-life dementias: does this unyielding global challenge require a broader view? JAMA. 2009 Dec 16;302(23):2593-4. doi: 10.1001/jama.2009.1863.</citation>
    <PMID>20009062</PMID>
  </reference>
  <reference>
    <citation>Jack CR Jr, Holtzman DM. Biomarker modeling of Alzheimer's disease. Neuron. 2013 Dec 18;80(6):1347-58. doi: 10.1016/j.neuron.2013.12.003. Review.</citation>
    <PMID>24360540</PMID>
  </reference>
  <reference>
    <citation>Green RC, Schneider LS, Amato DA, Beelen AP, Wilcock G, Swabb EA, Zavitz KH; Tarenflurbil Phase 3 Study Group. Effect of tarenflurbil on cognitive decline and activities of daily living in patients with mild Alzheimer disease: a randomized controlled trial. JAMA. 2009 Dec 16;302(23):2557-64. doi: 10.1001/jama.2009.1866.</citation>
    <PMID>20009055</PMID>
  </reference>
  <reference>
    <citation>Gauthier S, Aisen PS, Ferris SH, Saumier D, Duong A, Haine D, Garceau D, Suhy J, Oh J, Lau W, Sampalis J. Effect of tramiprosate in patients with mild-to-moderate Alzheimer's disease: exploratory analyses of the MRI sub-group of the Alphase study. J Nutr Health Aging. 2009 Jun;13(6):550-7. Erratum in: J Nutr Health Aging. 2010 Jan;14(1):80.</citation>
    <PMID>19536424</PMID>
  </reference>
  <reference>
    <citation>Holmes C, Boche D, Wilkinson D, Yadegarfar G, Hopkins V, Bayer A, Jones RW, Bullock R, Love S, Neal JW, Zotova E, Nicoll JA. Long-term effects of Abeta42 immunisation in Alzheimer's disease: follow-up of a randomised, placebo-controlled phase I trial. Lancet. 2008 Jul 19;372(9634):216-23. doi: 10.1016/S0140-6736(08)61075-2.</citation>
    <PMID>18640458</PMID>
  </reference>
  <reference>
    <citation>Doody RS, Thomas RG, Farlow M, Iwatsubo T, Vellas B, Joffe S, Kieburtz K, Raman R, Sun X, Aisen PS, Siemers E, Liu-Seifert H, Mohs R; Alzheimer's Disease Cooperative Study Steering Committee; Solanezumab Study Group. Phase 3 trials of solanezumab for mild-to-moderate Alzheimer's disease. N Engl J Med. 2014 Jan 23;370(4):311-21. doi: 10.1056/NEJMoa1312889.</citation>
    <PMID>24450890</PMID>
  </reference>
  <reference>
    <citation>Salloway S, Sperling R, Fox NC, Blennow K, Klunk W, Raskind M, Sabbagh M, Honig LS, Porsteinsson AP, Ferris S, Reichert M, Ketter N, Nejadnik B, Guenzler V, Miloslavsky M, Wang D, Lu Y, Lull J, Tudor IC, Liu E, Grundman M, Yuen E, Black R, Brashear HR; Bapineuzumab 301 and 302 Clinical Trial Investigators. Two phase 3 trials of bapineuzumab in mild-to-moderate Alzheimer's disease. N Engl J Med. 2014 Jan 23;370(4):322-33. doi: 10.1056/NEJMoa1304839.</citation>
    <PMID>24450891</PMID>
  </reference>
  <reference>
    <citation>Luna-Medina R, Cortes-Canteli M, Sanchez-Galiano S, Morales-Garcia JA, Martinez A, Santos A, Perez-Castillo A. NP031112, a thiadiazolidinone compound, prevents inflammation and neurodegeneration under excitotoxic conditions: potential therapeutic role in brain disorders. J Neurosci. 2007 May 23;27(21):5766-76.</citation>
    <PMID>17522320</PMID>
  </reference>
  <verification_date>September 2017</verification_date>
  <!-- Old date names will be dropped in a few months (sometime in 2018)                        -->
  <lastchanged_date>September 7, 2017</lastchanged_date>
  <firstreceived_date>July 27, 2017</firstreceived_date>
  <!-- New date names                                                                           -->
  <study_first_submitted>July 27, 2017</study_first_submitted>
  <study_first_submitted_qc>September 7, 2017</study_first_submitted_qc>
  <study_first_posted type="Actual">September 11, 2017</study_first_posted>
  <last_update_submitted>September 7, 2017</last_update_submitted>
  <last_update_submitted_qc>September 7, 2017</last_update_submitted_qc>
  <last_update_posted type="Actual">September 11, 2017</last_update_posted>
  <!-- End of dates                                                                             -->
  <responsible_party>
    <responsible_party_type>Sponsor-Investigator</responsible_party_type>
    <investigator_affiliation>University of California, San Francisco</investigator_affiliation>
    <investigator_full_name>Adam Boxer</investigator_full_name>
    <investigator_title>Director, Alzheimer's Disease and Frontotemporal Dementia Clinical Trials Program, Professor of Neurology</investigator_title>
  </responsible_party>
  <keyword>Salsalate</keyword>
  <condition_browse>
    <!-- CAUTION:  The following MeSH terms are assigned with an imperfect algorithm            -->
    <mesh_term>Alzheimer Disease</mesh_term>
  </condition_browse>
  <intervention_browse>
    <!-- CAUTION:  The following MeSH terms are assigned with an imperfect algorithm            -->
    <mesh_term>Salicylsalicylic acid</mesh_term>
    <mesh_term>Sodium Salicylate</mesh_term>
  </intervention_browse>
  <!-- Results have not yet been posted for this study                                          -->
</clinical_study>

