<?xml version="1.0" encoding="UTF-8"?>
<clinical_study rank="352">
  <!-- This xml conforms to an XML Schema at:
    https://clinicaltrials.gov/ct2/html/images/info/public.xsd -->
  <required_header>
    <download_date>ClinicalTrials.gov processed this data on November 07, 2017</download_date>
    <link_text>Link to the current ClinicalTrials.gov record.</link_text>
    <url>https://clinicaltrials.gov/show/NCT01736579</url>
  </required_header>
  <id_info>
    <org_study_id>161202</org_study_id>
    <nct_id>NCT01736579</nct_id>
  </id_info>
  <brief_title>Long-Term Study of IGIV, 10% in Alzheimer´s Disease</brief_title>
  <official_title>A Study of the Long-Term Safety and Efficacy of Immune Globulin Intravenous (Human), 10% Solution (IGIV, 10%) in Mild to Moderate Alzheimer´s Disease</official_title>
  <sponsors>
    <lead_sponsor>
      <agency>Baxalta now part of Shire</agency>
      <agency_class>Industry</agency_class>
    </lead_sponsor>
  </sponsors>
  <source>Shire</source>
  <oversight_info>
    <has_dmc>Yes</has_dmc>
  </oversight_info>
  <brief_summary>
    <textblock>
      The purpose of this long-term study is to provide additional evidence of safety and efficacy
      of IGIV, 10% treatment in participants with Alzheimer´s Disease who have completed the Phase
      3 Baxter precursor study 160701. All participants will receive IGIV, 10% at either 0.2 g/kg
      or 0.4 g/kg body weight depending on their treatment assignment in Baxter study 160701.
      Participants and investigators will be blinded to dose unless otherwise notified by the
      sponsor.
    </textblock>
  </brief_summary>
  <overall_status>Terminated</overall_status>
  <why_stopped>
    The study was terminated because the first Phase 3 did not demonstrate efficacy on the
    co-primary endpoints. The known safety profile remained unchanged.
  </why_stopped>
  <start_date>November 2012</start_date>
  <completion_date type="Actual">June 2013</completion_date>
  <primary_completion_date type="Actual">June 2013</primary_completion_date>
  <phase>Phase 3</phase>
  <study_type>Interventional</study_type>
  <has_expanded_access>No</has_expanded_access>
  <study_design_info>
    <allocation>Non-Randomized</allocation>
    <intervention_model>Parallel Assignment</intervention_model>
    <primary_purpose>Treatment</primary_purpose>
    <masking>None (Open Label)</masking>
  </study_design_info>
  <primary_outcome>
    <measure>Number and Severity of Treatment-emergent Adverse Events (AEs) and Serious Adverse Events (SAEs)</measure>
    <time_frame>6 months</time_frame>
  </primary_outcome>
  <primary_outcome>
    <measure>Number of Infusions Temporally Associated With Adverse Events (AEs) and Serious Adverse Events (SAEs)</measure>
    <time_frame>6 months</time_frame>
  </primary_outcome>
  <primary_outcome>
    <measure>Number of Infusions Causally Associated With Adverse Events (AEs) and Serious Adverse Events (SAEs)</measure>
    <time_frame>6 months</time_frame>
  </primary_outcome>
  <primary_outcome>
    <measure>Number of Infusions Discontinued, Slowed or Interrupted Due to an Adverse Event (AE) or Serious Adverse Event (SAE)</measure>
    <time_frame>6 months</time_frame>
  </primary_outcome>
  <secondary_outcome>
    <measure>Total Score of the Cognitive Subscale of the Alzheimer's Disease Assessment Scale (ADAS-Cog)</measure>
    <time_frame>6 months</time_frame>
    <description>The ADAS-Cog is a validated psychometric instrument that evaluates memory (word recall, word recognition), attention, reasoning (following commands), language (naming, comprehension), orientation, ideational praxis (placing letter in envelope) and constructional praxis (copying geometric designs). This test was administered by experienced raters certified by Alzheimer's Disease Cooperative Study (ADCS) at the site.
Scores on the ADAS-Cog range from 0-70 with higher scores indicating greater impairment.</description>
  </secondary_outcome>
  <secondary_outcome>
    <measure>Total Score of the Cognitive Subscale of the Severe Impairment Battery (SIB)</measure>
    <time_frame>6 months</time_frame>
    <description>The SIB is a 40-item psychometric assessment that is composed of simple one-step commands combined with gestures. The scoring range is from 0 to 100 with a lower score indicating greater cognitive impairment.</description>
  </secondary_outcome>
  <secondary_outcome>
    <measure>Alzheimer's Disease Cooperative Study (ADCS) - Activities of Daily Living (ADL) Inventory (ADCS-ADL/ ADCS-ADL-severe)</measure>
    <time_frame>6 months</time_frame>
    <description>The ADCS-ADL scale is a validated tool to assess instrumental and basic activities of daily living based on a 23 item structured interview of the caregiver or qualified study partner.
Scores on the ADCS-ADL range from 0-78 with lower scores indicating greater impairment; hence decreases from baseline reflect potential functional deterioration.</description>
  </secondary_outcome>
  <secondary_outcome>
    <measure>Mini Mental State Examination (MMSE)</measure>
    <time_frame>6 months</time_frame>
    <description>The MMSE is a test for cognitive dysfunction. The test provides a 30-point composite rating for spatial and temporal orientation, verbal recall, simple attention, working memory, naming, repetition, comprehension, writing and constructional abilities. The total score can range from 0 to 30 with a higher score indicating better function.</description>
  </secondary_outcome>
  <secondary_outcome>
    <measure>Neuropsychiatric Inventory (NPI) Score</measure>
    <time_frame>6 months</time_frame>
    <description>The NPI is a validated instrument used to assess behavioral psychopathology in Alzheimer's Disease; it evaluates the frequency and severity of 12 neuropsychiatric features including delusions, hallucinations, dysphoria, anxiety, agitation/aggression, euphoria, disinhibition, irritability/lability, apathy, aberrant motor activity, sleep and night-time behavior change, and appetite and eating change. The NPI total score ranged 0-144, with higher scores indicating greater impairment.</description>
  </secondary_outcome>
  <secondary_outcome>
    <measure>Logsdon Quality of Life in Alzheimer's Disease (QOL-AD)</measure>
    <time_frame>6 months</time_frame>
    <description>The QOL-AD is a validated, 13-item instrument developed specifically for individuals with dementia. The assessment rates the participant's quality of life for physical, emotional, interpersonal, and environmental domains. The QOL-AD total score ranged 13-52. Lower scores on the QOL-AD are associated with a lower quality of life.</description>
  </secondary_outcome>
  <secondary_outcome>
    <measure>EQ-5D Questionnaire (Proxy Version)</measure>
    <time_frame>6 months</time_frame>
    <description>EQ-5D is a participant answered questionnaire scoring 5 dimensions - mobility, self-care, usual activities, pain/discomfort and anxiety/depression. The EQ-5D total score ranges from 0 (worst health state) to 1 (perfect health state) and 1 reflects the best outcome.
The EQ-5D also includes a standard vertical 20 cm visual analogue scale (VAS) ranging from best imaginable health state [100] to worst imaginable health state [0].
Caregivers are asked to describe how they believe a participant would rate his/her health state that day.</description>
  </secondary_outcome>
  <secondary_outcome>
    <measure>Healthcare Resource Utilization Questionnaire (HRUQ)</measure>
    <time_frame>6 months</time_frame>
    <description>The HRUQ determines if there is a difference in healthcare utilization and health-related expenditures, most notably nursing home (ie, skilled nursing facility) admissions, when subjects are treated with study product. This assessment is performed with the primary caregiver. This assessment is descriptive and does not contain specific scores.</description>
  </secondary_outcome>
  <secondary_outcome>
    <measure>Caregiver Burden Questionnaire</measure>
    <time_frame>6 months</time_frame>
    <description>The Caregiver burden questionnaires is a self-administered questionnaire that has been developed to measure the emotional, physical, and social impact of caregiving on Alzheimer's Disease caregivers. A Total score is calculated from this measure by summing the responses across the items. The Total score may range from 9-45, with higher scores indicating greater burden.</description>
  </secondary_outcome>
  <secondary_outcome>
    <measure>Time to Skilled Nursing Facility Placement</measure>
    <time_frame>6 months</time_frame>
    <description>Time to skilled nursing facility placement is defined as permanent admission to a skilled nursing facility. Time will be defined as the number of months between enrollment into this clinical study and placement in a skilled nursing facility placement.</description>
  </secondary_outcome>
  <secondary_outcome>
    <measure>Volumetric MRI</measure>
    <time_frame>6 months</time_frame>
    <description>Volumetric MRI measurements were obtained to assess rate of whole brain atrophy and ventricular enlargement. Additional volumetric measurements may be analyzed when specific hypotheses and methods are defined. Additional volumetric MRI analysis may include (but may not be limited to) one or more of the following: rate of hippocampal atrophy, entorhinal cortical thickness, and/or regional cortical thinning.</description>
  </secondary_outcome>
  <number_of_arms>2</number_of_arms>
  <enrollment type="Actual">6</enrollment>
  <condition>Alzheimer´s Disease</condition>
  <arm_group>
    <arm_group_label>IGIV, 10% at 0.2 g/kg body weight</arm_group_label>
    <arm_group_type>Experimental</arm_group_type>
    <description>IGIV, 10% at 0.2 g/kg body weight every 2 weeks for up to 3 years, 6 months.</description>
  </arm_group>
  <arm_group>
    <arm_group_label>IGIV, 10% at 0.4 g/kg body weight</arm_group_label>
    <arm_group_type>Experimental</arm_group_type>
    <description>IGIV, 10% at 0.4 g/kg body weight every 2 weeks for up to 3 years, 6 months</description>
  </arm_group>
  <intervention>
    <intervention_type>Drug</intervention_type>
    <intervention_name>Immune Globulin Intravenous (Human), 10% (IGIV, 10%)</intervention_name>
    <arm_group_label>IGIV, 10% at 0.4 g/kg body weight</arm_group_label>
    <arm_group_label>IGIV, 10% at 0.2 g/kg body weight</arm_group_label>
    <other_name>Gammagard Liquid</other_name>
  </intervention>
  <eligibility>
    <criteria>
      <textblock>
        Main Inclusion Criteria:

          -  Completed 18 months of study treatment and assessments in Baxter precursor study
             160701

          -  Diagnosis of probable Alzheimer´s Disease (AD)

          -  Able to comply with testing and infusion regimen (including adequate corrected visual
             acuity and hearing ability)

          -  Has a caregiver (study partner) who is willing and able to participate

        Main Exclusion Criteria:

          -  Significant neurological disease other than AD

          -  Clinically significant cardiac/cardiovascular problems (e.g. uncontrolled blood
             pressure, atrial fibrillation, heart disease, clotting disorders, strokes, or recent
             heart attack)

          -  Contraindication to undergoing MRI (e.g. pacemaker [with the exception of an
             MRI-compatible pacemaker], severe claustrophobia, ferromagnetic implants such as a
             metal plate)

          -  Specific findings on brain MRI (microhemorrhages, superficial siderosis, vasogenic
             edema, a macrohemorrhage, major stroke, or multiple lacunae)

          -  Active malignancy or history of malignancy within 5 years prior to screening with the
             exception of the following: adequately treated basal cell or squamous cell carcinoma
             of the skin, carcinoma in situ of the cervix, and stable prostate cancer not requiring
             treatment

          -  Uncontrolled major depression, psychosis, or other major psychiatric disorder(s)

          -  Poorly controlled diabetes

          -  Serious problems with liver or kidneys

          -  Known history of hypersensitivity following infusions of human blood or blood
             components (e.g. human immunoglobulins or human albumin)

          -  Current or recent treatment with immunomodulatory therapies (with the exception of
             immunoglobulin and non-systemic and low-dose systemic corticosteroids)

          -  Recent use of investigational drugs or biologics, including those aimed at altering AD
             progression (with the exception of immunoglobulin)

          -  Active immunization for the treatment of AD at any time

        There are reasons why it might not be appropriate to participate in this trial. Please
        contact Medical Information at medinfo@baxter.com for details.
      </textblock>
    </criteria>
    <gender>All</gender>
    <minimum_age>51 Years</minimum_age>
    <maximum_age>N/A</maximum_age>
    <healthy_volunteers>No</healthy_volunteers>
  </eligibility>
  <overall_official>
    <last_name>Baxalta Study Director , MD</last_name>
    <role>Study Director</role>
    <affiliation>Shire</affiliation>
  </overall_official>
  <location>
    <facility>
      <address>
        <city>Rochester</city>
        <state>New York</state>
        <country>United States</country>
      </address>
    </facility>
  </location>
  <location_countries>
    <country>United States</country>
  </location_countries>
  <verification_date>October 2016</verification_date>
  <!-- Old date names will be dropped in a few months (sometime in 2018)                        -->
  <lastchanged_date>October 19, 2017</lastchanged_date>
  <firstreceived_date>November 27, 2012</firstreceived_date>
  <firstreceived_results_date>July 13, 2016</firstreceived_results_date>
  <!-- New date names                                                                           -->
  <study_first_submitted>November 27, 2012</study_first_submitted>
  <study_first_submitted_qc>November 27, 2012</study_first_submitted_qc>
  <study_first_posted type="Estimate">November 29, 2012</study_first_posted>
  <results_first_submitted>July 13, 2016</results_first_submitted>
  <results_first_submitted_qc>July 13, 2016</results_first_submitted_qc>
  <results_first_posted type="Estimate">August 23, 2016</results_first_posted>
  <last_update_submitted>October 19, 2017</last_update_submitted>
  <last_update_submitted_qc>October 19, 2017</last_update_submitted_qc>
  <last_update_posted type="Actual">October 23, 2017</last_update_posted>
  <!-- End of dates                                                                             -->
  <responsible_party>
    <responsible_party_type>Sponsor</responsible_party_type>
  </responsible_party>
  <condition_browse>
    <!-- CAUTION:  The following MeSH terms are assigned with an imperfect algorithm            -->
    <mesh_term>Alzheimer Disease</mesh_term>
  </condition_browse>
  <intervention_browse>
    <!-- CAUTION:  The following MeSH terms are assigned with an imperfect algorithm            -->
    <mesh_term>Immunoglobulins</mesh_term>
    <mesh_term>Antibodies</mesh_term>
    <mesh_term>gamma-Globulins</mesh_term>
    <mesh_term>Immunoglobulins, Intravenous</mesh_term>
    <mesh_term>Rho(D) Immune Globulin</mesh_term>
  </intervention_browse>

  <clinical_results>

    <participant_flow>
      <recruitment_details>Enrollment was conducted at one clinical site in the US.</recruitment_details>
      <pre_assignment_details>Six participants were enrolled (i.e. signed informed consent form), of which 2 failed screening and 4 were treated with study product.</pre_assignment_details>
      <group_list>
        <group group_id="P1">
          <title>IGIV, 10% at 0.2 g/kg Body Weight</title>
          <description>IGIV, 10% at 0.2 g/kg body weight every 2 weeks</description>
        </group>
        <group group_id="P2">
          <title>IGIV, 10% at 0.4 g/kg Body Weight</title>
          <description>IGIV, 10% at 0.4 g/kg body weight every 2 weeks</description>
        </group>
      </group_list>
      <period_list>
        <period>
          <title>Overall Study</title>
          <milestone_list>
            <milestone>
              <title>STARTED</title>
              <participants_list>
                <participants group_id="P1" count="2"/>
                <participants group_id="P2" count="2"/>
              </participants_list>
            </milestone>
            <milestone>
              <title>COMPLETED</title>
              <participants_list>
                <participants group_id="P1" count="0"/>
                <participants group_id="P2" count="0"/>
              </participants_list>
            </milestone>
            <milestone>
              <title>NOT COMPLETED</title>
              <participants_list>
                <participants group_id="P1" count="2"/>
                <participants group_id="P2" count="2"/>
              </participants_list>
            </milestone>
          </milestone_list>
          <drop_withdraw_reason_list>
            <drop_withdraw_reason>
              <title>Termination of Study by Sponsor</title>
              <participants_list>
                <participants group_id="P1" count="2"/>
                <participants group_id="P2" count="2"/>
              </participants_list>
            </drop_withdraw_reason>
          </drop_withdraw_reason_list>
        </period>
      </period_list>
    </participant_flow>

    <baseline>
      <group_list>
        <group group_id="B1">
          <title>IGIV, 10% at 0.2 g/kg Body Weight</title>
          <description>IGIV, 10% at 0.2 g/kg body weight every 2 weeks</description>
        </group>
        <group group_id="B2">
          <title>IGIV, 10% at 0.4 g/kg Body Weight</title>
          <description>IGIV, 10% at 0.4 g/kg body weight every 2 weeks</description>
        </group>
        <group group_id="B3">
          <title>Total</title>
          <description>Total of all reporting groups</description>
        </group>
      </group_list>
      <analyzed_list>
        <analyzed>
          <units>Participants</units>
          <scope>Overall</scope>
          <count_list>
            <count group_id="B1" value="2"/>
            <count group_id="B2" value="2"/>
            <count group_id="B3" value="4"/>
          </count_list>
        </analyzed>
      </analyzed_list>
      <measure_list>
        <measure>
          <title>Age</title>
          <units>Participants</units>
          <param>Count of Participants</param>
          <class_list>
            <class>
              <category_list>
                <category>
                  <title>&lt;=18 years</title>
                  <measurement_list>
                    <measurement group_id="B1" value="0"/>
                    <measurement group_id="B2" value="0"/>
                    <measurement group_id="B3" value="0"/>
                  </measurement_list>
                </category>
                <category>
                  <title>Between 18 and 65 years</title>
                  <measurement_list>
                    <measurement group_id="B1" value="0"/>
                    <measurement group_id="B2" value="0"/>
                    <measurement group_id="B3" value="0"/>
                  </measurement_list>
                </category>
                <category>
                  <title>&gt;=65 years</title>
                  <measurement_list>
                    <measurement group_id="B1" value="2"/>
                    <measurement group_id="B2" value="2"/>
                    <measurement group_id="B3" value="4"/>
                  </measurement_list>
                </category>
              </category_list>
            </class>
          </class_list>
        </measure>
        <measure>
          <title>Sex: Female, Male</title>
          <units>Participants</units>
          <param>Count of Participants</param>
          <class_list>
            <class>
              <category_list>
                <category>
                  <title>Female</title>
                  <measurement_list>
                    <measurement group_id="B1" value="1"/>
                    <measurement group_id="B2" value="1"/>
                    <measurement group_id="B3" value="2"/>
                  </measurement_list>
                </category>
                <category>
                  <title>Male</title>
                  <measurement_list>
                    <measurement group_id="B1" value="1"/>
                    <measurement group_id="B2" value="1"/>
                    <measurement group_id="B3" value="2"/>
                  </measurement_list>
                </category>
              </category_list>
            </class>
          </class_list>
        </measure>
      </measure_list>
    </baseline>

    <outcome_list>
      <outcome>
        <type>Primary</type>
        <title>Number and Severity of Treatment-emergent Adverse Events (AEs) and Serious Adverse Events (SAEs)</title>
        <time_frame>6 months</time_frame>
        <group_list>
          <group group_id="O1">
            <title>IGIV, 10% at 0.2 g/kg Body Weight</title>
            <description>IGIV, 10% at 0.2 g/kg body weight every 2 weeks</description>
          </group>
          <group group_id="O2">
            <title>IGIV, 10% at 0.4 g/kg Body Weight</title>
            <description>IGIV, 10% at 0.4 g/kg body weight every 2 weeks</description>
          </group>
        </group_list>
        <measure>
          <title>Number and Severity of Treatment-emergent Adverse Events (AEs) and Serious Adverse Events (SAEs)</title>
          <units>adverse events</units>
          <param>Number</param>
          <analyzed_list>
            <analyzed>
              <units>Participants</units>
              <scope>Measure</scope>
              <count_list>
                <count group_id="O1" value="2"/>
                <count group_id="O2" value="2"/>
              </count_list>
            </analyzed>
          </analyzed_list>
          <class_list>
            <class>
              <title>Non-serious AEs-Mild</title>
              <category_list>
                <category>
                  <measurement_list>
                    <measurement group_id="O1" value="2"/>
                    <measurement group_id="O2" value="0"/>
                  </measurement_list>
                </category>
              </category_list>
            </class>
            <class>
              <title>Non-serious AEs-Moderate</title>
              <category_list>
                <category>
                  <measurement_list>
                    <measurement group_id="O1" value="1"/>
                    <measurement group_id="O2" value="1"/>
                  </measurement_list>
                </category>
              </category_list>
            </class>
            <class>
              <title>SAEs</title>
              <category_list>
                <category>
                  <measurement_list>
                    <measurement group_id="O1" value="0"/>
                    <measurement group_id="O2" value="0"/>
                  </measurement_list>
                </category>
              </category_list>
            </class>
          </class_list>
        </measure>
      </outcome>
      <outcome>
        <type>Primary</type>
        <title>Number of Infusions Temporally Associated With Adverse Events (AEs) and Serious Adverse Events (SAEs)</title>
        <time_frame>6 months</time_frame>
        <group_list>
          <group group_id="O1">
            <title>IGIV, 10% at 0.2 g/kg Body Weight</title>
            <description>IGIV, 10% at 0.2 g/kg body weight every 2 weeks</description>
          </group>
          <group group_id="O2">
            <title>IGIV, 10% at 0.4 g/kg Body Weight</title>
            <description>IGIV, 10% at 0.4 g/kg body weight every 2 weeks</description>
          </group>
        </group_list>
        <measure>
          <title>Number of Infusions Temporally Associated With Adverse Events (AEs) and Serious Adverse Events (SAEs)</title>
          <units>infusions</units>
          <param>Number</param>
          <units_analyzed>Infusions</units_analyzed>
          <analyzed_list>
            <analyzed>
              <units>Participants</units>
              <scope>Measure</scope>
              <count_list>
                <count group_id="O1" value="2"/>
                <count group_id="O2" value="2"/>
              </count_list>
            </analyzed>
            <analyzed>
              <units>Infusions</units>
              <scope>Measure</scope>
              <count_list>
                <count group_id="O1" value="10"/>
                <count group_id="O2" value="7"/>
              </count_list>
            </analyzed>
          </analyzed_list>
          <class_list>
            <class>
              <category_list>
                <category>
                  <measurement_list>
                    <measurement group_id="O1" value="1"/>
                    <measurement group_id="O2" value="0"/>
                  </measurement_list>
                </category>
              </category_list>
            </class>
          </class_list>
        </measure>
      </outcome>
      <outcome>
        <type>Primary</type>
        <title>Number of Infusions Causally Associated With Adverse Events (AEs) and Serious Adverse Events (SAEs)</title>
        <time_frame>6 months</time_frame>
        <group_list>
          <group group_id="O1">
            <title>IGIV, 10% at 0.2 g/kg Body Weight</title>
            <description>IGIV, 10% at 0.2 g/kg body weight every 2 weeks</description>
          </group>
          <group group_id="O2">
            <title>IGIV, 10% at 0.4 g/kg Body Weight</title>
            <description>IGIV, 10% at 0.4 g/kg body weight every 2 weeks</description>
          </group>
        </group_list>
        <measure>
          <title>Number of Infusions Causally Associated With Adverse Events (AEs) and Serious Adverse Events (SAEs)</title>
          <units>infusions</units>
          <param>Number</param>
          <units_analyzed>Infusions</units_analyzed>
          <analyzed_list>
            <analyzed>
              <units>Participants</units>
              <scope>Measure</scope>
              <count_list>
                <count group_id="O1" value="2"/>
                <count group_id="O2" value="2"/>
              </count_list>
            </analyzed>
            <analyzed>
              <units>Infusions</units>
              <scope>Measure</scope>
              <count_list>
                <count group_id="O1" value="10"/>
                <count group_id="O2" value="7"/>
              </count_list>
            </analyzed>
          </analyzed_list>
          <class_list>
            <class>
              <category_list>
                <category>
                  <measurement_list>
                    <measurement group_id="O1" value="1"/>
                    <measurement group_id="O2" value="1"/>
                  </measurement_list>
                </category>
              </category_list>
            </class>
          </class_list>
        </measure>
      </outcome>
      <outcome>
        <type>Primary</type>
        <title>Number of Infusions Discontinued, Slowed or Interrupted Due to an Adverse Event (AE) or Serious Adverse Event (SAE)</title>
        <time_frame>6 months</time_frame>
        <group_list>
          <group group_id="O1">
            <title>IGIV, 10% at 0.2 g/kg Body Weight</title>
            <description>IGIV, 10% at 0.2 g/kg body weight every 2 weeks</description>
          </group>
          <group group_id="O2">
            <title>IGIV, 10% at 0.4 g/kg Body Weight</title>
            <description>IGIV, 10% at 0.4 g/kg body weight every 2 weeks</description>
          </group>
        </group_list>
        <measure>
          <title>Number of Infusions Discontinued, Slowed or Interrupted Due to an Adverse Event (AE) or Serious Adverse Event (SAE)</title>
          <units>infusions</units>
          <param>Number</param>
          <units_analyzed>Infusions</units_analyzed>
          <analyzed_list>
            <analyzed>
              <units>Participants</units>
              <scope>Measure</scope>
              <count_list>
                <count group_id="O1" value="2"/>
                <count group_id="O2" value="2"/>
              </count_list>
            </analyzed>
            <analyzed>
              <units>Infusions</units>
              <scope>Measure</scope>
              <count_list>
                <count group_id="O1" value="10"/>
                <count group_id="O2" value="7"/>
              </count_list>
            </analyzed>
          </analyzed_list>
          <class_list>
            <class>
              <category_list>
                <category>
                  <measurement_list>
                    <measurement group_id="O1" value="0"/>
                    <measurement group_id="O2" value="0"/>
                  </measurement_list>
                </category>
              </category_list>
            </class>
          </class_list>
        </measure>
      </outcome>
      <outcome>
        <type>Secondary</type>
        <title>Total Score of the Cognitive Subscale of the Alzheimer's Disease Assessment Scale (ADAS-Cog)</title>
        <description>The ADAS-Cog is a validated psychometric instrument that evaluates memory (word recall, word recognition), attention, reasoning (following commands), language (naming, comprehension), orientation, ideational praxis (placing letter in envelope) and constructional praxis (copying geometric designs). This test was administered by experienced raters certified by Alzheimer’s Disease Cooperative Study (ADCS) at the site.
Scores on the ADAS-Cog range from 0-70 with higher scores indicating greater impairment.</description>
        <time_frame>6 months</time_frame>
        <population>This study was terminated early. Summary tables were not provided for this outcome measure due to the small number of participants (up to 2 participants per arm) because of concerns about patient confidentiality.</population>
        <group_list>
          <group group_id="O1">
            <title>IGIV, 10% at 0.2 g/kg Body Weight</title>
            <description>IGIV, 10% at 0.2 g/kg body weight every 2 weeks</description>
          </group>
          <group group_id="O2">
            <title>IGIV, 10% at 0.4 g/kg Body Weight</title>
            <description>IGIV, 10% at 0.4 g/kg body weight every 2 weeks</description>
          </group>
        </group_list>
        <measure>
          <title>Total Score of the Cognitive Subscale of the Alzheimer's Disease Assessment Scale (ADAS-Cog)</title>
          <description>The ADAS-Cog is a validated psychometric instrument that evaluates memory (word recall, word recognition), attention, reasoning (following commands), language (naming, comprehension), orientation, ideational praxis (placing letter in envelope) and constructional praxis (copying geometric designs). This test was administered by experienced raters certified by Alzheimer’s Disease Cooperative Study (ADCS) at the site.
Scores on the ADAS-Cog range from 0-70 with higher scores indicating greater impairment.</description>
          <population>This study was terminated early. Summary tables were not provided for this outcome measure due to the small number of participants (up to 2 participants per arm) because of concerns about patient confidentiality.</population>
          <analyzed_list>
            <analyzed>
              <units>Participants</units>
              <scope>Measure</scope>
              <count_list>
                <count group_id="O1" value="0"/>
                <count group_id="O2" value="0"/>
              </count_list>
            </analyzed>
          </analyzed_list>
        </measure>
      </outcome>
      <outcome>
        <type>Secondary</type>
        <title>Total Score of the Cognitive Subscale of the Severe Impairment Battery (SIB)</title>
        <description>The SIB is a 40-item psychometric assessment that is composed of simple one-step commands combined with gestures. The scoring range is from 0 to 100 with a lower score indicating greater cognitive impairment.</description>
        <time_frame>6 months</time_frame>
        <population>This study was terminated early. Summary tables were not provided for this outcome measure due to the small number of participants (up to 2 participants per arm) because of concerns about patient confidentiality.</population>
        <group_list>
          <group group_id="O1">
            <title>IGIV, 10% at 0.2 g/kg Body Weight</title>
            <description>IGIV, 10% at 0.2 g/kg body weight every 2 weeks</description>
          </group>
          <group group_id="O2">
            <title>IGIV, 10% at 0.4 g/kg Body Weight</title>
            <description>IGIV, 10% at 0.4 g/kg body weight every 2 weeks</description>
          </group>
        </group_list>
        <measure>
          <title>Total Score of the Cognitive Subscale of the Severe Impairment Battery (SIB)</title>
          <description>The SIB is a 40-item psychometric assessment that is composed of simple one-step commands combined with gestures. The scoring range is from 0 to 100 with a lower score indicating greater cognitive impairment.</description>
          <population>This study was terminated early. Summary tables were not provided for this outcome measure due to the small number of participants (up to 2 participants per arm) because of concerns about patient confidentiality.</population>
          <analyzed_list>
            <analyzed>
              <units>Participants</units>
              <scope>Measure</scope>
              <count_list>
                <count group_id="O1" value="0"/>
                <count group_id="O2" value="0"/>
              </count_list>
            </analyzed>
          </analyzed_list>
        </measure>
      </outcome>
      <outcome>
        <type>Secondary</type>
        <title>Alzheimer's Disease Cooperative Study (ADCS) - Activities of Daily Living (ADL) Inventory (ADCS-ADL/ ADCS-ADL-severe)</title>
        <description>The ADCS-ADL scale is a validated tool to assess instrumental and basic activities of daily living based on a 23 item structured interview of the caregiver or qualified study partner.
Scores on the ADCS-ADL range from 0-78 with lower scores indicating greater impairment; hence decreases from baseline reflect potential functional deterioration.</description>
        <time_frame>6 months</time_frame>
        <population>This study was terminated early. Summary tables were not provided for this outcome measure due to the small number of participants (up to 2 participants per arm) because of concerns about patient confidentiality.</population>
        <group_list>
          <group group_id="O1">
            <title>IGIV, 10% at 0.2 g/kg Body Weight</title>
            <description>IGIV, 10% at 0.2 g/kg body weight every 2 weeks</description>
          </group>
          <group group_id="O2">
            <title>IGIV, 10% at 0.4 g/kg Body Weight</title>
            <description>IGIV, 10% at 0.4 g/kg body weight every 2 weeks</description>
          </group>
        </group_list>
        <measure>
          <title>Alzheimer's Disease Cooperative Study (ADCS) - Activities of Daily Living (ADL) Inventory (ADCS-ADL/ ADCS-ADL-severe)</title>
          <description>The ADCS-ADL scale is a validated tool to assess instrumental and basic activities of daily living based on a 23 item structured interview of the caregiver or qualified study partner.
Scores on the ADCS-ADL range from 0-78 with lower scores indicating greater impairment; hence decreases from baseline reflect potential functional deterioration.</description>
          <population>This study was terminated early. Summary tables were not provided for this outcome measure due to the small number of participants (up to 2 participants per arm) because of concerns about patient confidentiality.</population>
          <analyzed_list>
            <analyzed>
              <units>Participants</units>
              <scope>Measure</scope>
              <count_list>
                <count group_id="O1" value="0"/>
                <count group_id="O2" value="0"/>
              </count_list>
            </analyzed>
          </analyzed_list>
        </measure>
      </outcome>
      <outcome>
        <type>Secondary</type>
        <title>Mini Mental State Examination (MMSE)</title>
        <description>The MMSE is a test for cognitive dysfunction. The test provides a 30-point composite rating for spatial and temporal orientation, verbal recall, simple attention, working memory, naming, repetition, comprehension, writing and constructional abilities. The total score can range from 0 to 30 with a higher score indicating better function.</description>
        <time_frame>6 months</time_frame>
        <population>This study was terminated early. Summary tables were not provided for this outcome measure due to the small number of participants (up to 2 participants per arm) because of concerns about patient confidentiality.</population>
        <group_list>
          <group group_id="O1">
            <title>IGIV, 10% at 0.2 g/kg Body Weight</title>
            <description>IGIV, 10% at 0.2 g/kg body weight every 2 weeks</description>
          </group>
          <group group_id="O2">
            <title>IGIV, 10% at 0.4 g/kg Body Weight</title>
            <description>IGIV, 10% at 0.4 g/kg body weight every 2 weeks</description>
          </group>
        </group_list>
        <measure>
          <title>Mini Mental State Examination (MMSE)</title>
          <description>The MMSE is a test for cognitive dysfunction. The test provides a 30-point composite rating for spatial and temporal orientation, verbal recall, simple attention, working memory, naming, repetition, comprehension, writing and constructional abilities. The total score can range from 0 to 30 with a higher score indicating better function.</description>
          <population>This study was terminated early. Summary tables were not provided for this outcome measure due to the small number of participants (up to 2 participants per arm) because of concerns about patient confidentiality.</population>
          <analyzed_list>
            <analyzed>
              <units>Participants</units>
              <scope>Measure</scope>
              <count_list>
                <count group_id="O1" value="0"/>
                <count group_id="O2" value="0"/>
              </count_list>
            </analyzed>
          </analyzed_list>
        </measure>
      </outcome>
      <outcome>
        <type>Secondary</type>
        <title>Neuropsychiatric Inventory (NPI) Score</title>
        <description>The NPI is a validated instrument used to assess behavioral psychopathology in Alzheimer's Disease; it evaluates the frequency and severity of 12 neuropsychiatric features including delusions, hallucinations, dysphoria, anxiety, agitation/aggression, euphoria, disinhibition, irritability/lability, apathy, aberrant motor activity, sleep and night-time behavior change, and appetite and eating change. The NPI total score ranged 0-144, with higher scores indicating greater impairment.</description>
        <time_frame>6 months</time_frame>
        <population>This study was terminated early. Summary tables were not provided for this outcome measure due to the small number of participants (up to 2 participants per arm) because of concerns about patient confidentiality.</population>
        <group_list>
          <group group_id="O1">
            <title>IGIV, 10% at 0.2 g/kg Body Weight</title>
            <description>IGIV, 10% at 0.2 g/kg body weight every 2 weeks</description>
          </group>
          <group group_id="O2">
            <title>IGIV, 10% at 0.4 g/kg Body Weight</title>
            <description>IGIV, 10% at 0.4 g/kg body weight every 2 weeks</description>
          </group>
        </group_list>
        <measure>
          <title>Neuropsychiatric Inventory (NPI) Score</title>
          <description>The NPI is a validated instrument used to assess behavioral psychopathology in Alzheimer's Disease; it evaluates the frequency and severity of 12 neuropsychiatric features including delusions, hallucinations, dysphoria, anxiety, agitation/aggression, euphoria, disinhibition, irritability/lability, apathy, aberrant motor activity, sleep and night-time behavior change, and appetite and eating change. The NPI total score ranged 0-144, with higher scores indicating greater impairment.</description>
          <population>This study was terminated early. Summary tables were not provided for this outcome measure due to the small number of participants (up to 2 participants per arm) because of concerns about patient confidentiality.</population>
          <analyzed_list>
            <analyzed>
              <units>Participants</units>
              <scope>Measure</scope>
              <count_list>
                <count group_id="O1" value="0"/>
                <count group_id="O2" value="0"/>
              </count_list>
            </analyzed>
          </analyzed_list>
        </measure>
      </outcome>
      <outcome>
        <type>Secondary</type>
        <title>Logsdon Quality of Life in Alzheimer's Disease (QOL-AD)</title>
        <description>The QOL-AD is a validated, 13-item instrument developed specifically for individuals with dementia. The assessment rates the participant’s quality of life for physical, emotional, interpersonal, and environmental domains. The QOL-AD total score ranged 13-52. Lower scores on the QOL-AD are associated with a lower quality of life.</description>
        <time_frame>6 months</time_frame>
        <population>This study was terminated early. Summary tables were not provided for this outcome measure due to the small number of participants (up to 2 participants per arm) because of concerns about patient confidentiality.</population>
        <group_list>
          <group group_id="O1">
            <title>IGIV, 10% at 0.2 g/kg Body Weight</title>
            <description>IGIV, 10% at 0.2 g/kg body weight every 2 weeks</description>
          </group>
          <group group_id="O2">
            <title>IGIV, 10% at 0.4 g/kg Body Weight</title>
            <description>IGIV, 10% at 0.4 g/kg body weight every 2 weeks</description>
          </group>
        </group_list>
        <measure>
          <title>Logsdon Quality of Life in Alzheimer's Disease (QOL-AD)</title>
          <description>The QOL-AD is a validated, 13-item instrument developed specifically for individuals with dementia. The assessment rates the participant’s quality of life for physical, emotional, interpersonal, and environmental domains. The QOL-AD total score ranged 13-52. Lower scores on the QOL-AD are associated with a lower quality of life.</description>
          <population>This study was terminated early. Summary tables were not provided for this outcome measure due to the small number of participants (up to 2 participants per arm) because of concerns about patient confidentiality.</population>
          <analyzed_list>
            <analyzed>
              <units>Participants</units>
              <scope>Measure</scope>
              <count_list>
                <count group_id="O1" value="0"/>
                <count group_id="O2" value="0"/>
              </count_list>
            </analyzed>
          </analyzed_list>
        </measure>
      </outcome>
      <outcome>
        <type>Secondary</type>
        <title>EQ-5D Questionnaire (Proxy Version)</title>
        <description>EQ-5D is a participant answered questionnaire scoring 5 dimensions - mobility, self-care, usual activities, pain/discomfort and anxiety/depression. The EQ-5D total score ranges from 0 (worst health state) to 1 (perfect health state) and 1 reflects the best outcome.
The EQ-5D also includes a standard vertical 20 cm visual analogue scale (VAS) ranging from best imaginable health state [100] to worst imaginable health state [0].
Caregivers are asked to describe how they believe a participant would rate his/her health state that day.</description>
        <time_frame>6 months</time_frame>
        <population>This study was terminated early. Summary tables were not provided for this outcome measure due to the small number of participants (up to 2 participants per arm) because of concerns about patient confidentiality.</population>
        <group_list>
          <group group_id="O1">
            <title>IGIV, 10% at 0.2 g/kg Body Weight</title>
            <description>IGIV, 10% at 0.2 g/kg body weight every 2 weeks</description>
          </group>
          <group group_id="O2">
            <title>IGIV, 10% at 0.4 g/kg Body Weight</title>
            <description>IGIV, 10% at 0.4 g/kg body weight every 2 weeks</description>
          </group>
        </group_list>
        <measure>
          <title>EQ-5D Questionnaire (Proxy Version)</title>
          <description>EQ-5D is a participant answered questionnaire scoring 5 dimensions - mobility, self-care, usual activities, pain/discomfort and anxiety/depression. The EQ-5D total score ranges from 0 (worst health state) to 1 (perfect health state) and 1 reflects the best outcome.
The EQ-5D also includes a standard vertical 20 cm visual analogue scale (VAS) ranging from best imaginable health state [100] to worst imaginable health state [0].
Caregivers are asked to describe how they believe a participant would rate his/her health state that day.</description>
          <population>This study was terminated early. Summary tables were not provided for this outcome measure due to the small number of participants (up to 2 participants per arm) because of concerns about patient confidentiality.</population>
          <analyzed_list>
            <analyzed>
              <units>Participants</units>
              <scope>Measure</scope>
              <count_list>
                <count group_id="O1" value="0"/>
                <count group_id="O2" value="0"/>
              </count_list>
            </analyzed>
          </analyzed_list>
        </measure>
      </outcome>
      <outcome>
        <type>Secondary</type>
        <title>Healthcare Resource Utilization Questionnaire (HRUQ)</title>
        <description>The HRUQ determines if there is a difference in healthcare utilization and health-related expenditures, most notably nursing home (ie, skilled nursing facility) admissions, when subjects are treated with study product. This assessment is performed with the primary caregiver. This assessment is descriptive and does not contain specific scores.</description>
        <time_frame>6 months</time_frame>
        <population>This study was terminated early. Summary tables were not provided for this outcome measure due to the small number of participants (up to 2 participants per arm) because of concerns about patient confidentiality.</population>
        <group_list>
          <group group_id="O1">
            <title>IGIV, 10% at 0.2 g/kg Body Weight</title>
            <description>IGIV, 10% at 0.2 g/kg body weight every 2 weeks</description>
          </group>
          <group group_id="O2">
            <title>IGIV, 10% at 0.4 g/kg Body Weight</title>
            <description>IGIV, 10% at 0.4 g/kg body weight every 2 weeks</description>
          </group>
        </group_list>
        <measure>
          <title>Healthcare Resource Utilization Questionnaire (HRUQ)</title>
          <description>The HRUQ determines if there is a difference in healthcare utilization and health-related expenditures, most notably nursing home (ie, skilled nursing facility) admissions, when subjects are treated with study product. This assessment is performed with the primary caregiver. This assessment is descriptive and does not contain specific scores.</description>
          <population>This study was terminated early. Summary tables were not provided for this outcome measure due to the small number of participants (up to 2 participants per arm) because of concerns about patient confidentiality.</population>
          <analyzed_list>
            <analyzed>
              <units>Participants</units>
              <scope>Measure</scope>
              <count_list>
                <count group_id="O1" value="0"/>
                <count group_id="O2" value="0"/>
              </count_list>
            </analyzed>
          </analyzed_list>
        </measure>
      </outcome>
      <outcome>
        <type>Secondary</type>
        <title>Caregiver Burden Questionnaire</title>
        <description>The Caregiver burden questionnaires is a self-administered questionnaire that has been developed to measure the emotional, physical, and social impact of caregiving on Alzheimer's Disease caregivers. A Total score is calculated from this measure by summing the responses across the items. The Total score may range from 9-45, with higher scores indicating greater burden.</description>
        <time_frame>6 months</time_frame>
        <population>This study was terminated early. Summary tables were not provided for this outcome measure due to the small number of participants (up to 2 participants per arm) because of concerns about patient confidentiality.</population>
        <group_list>
          <group group_id="O1">
            <title>IGIV, 10% at 0.2 g/kg Body Weight</title>
            <description>IGIV, 10% at 0.2 g/kg body weight every 2 weeks</description>
          </group>
          <group group_id="O2">
            <title>IGIV, 10% at 0.4 g/kg Body Weight</title>
            <description>IGIV, 10% at 0.4 g/kg body weight every 2 weeks</description>
          </group>
        </group_list>
        <measure>
          <title>Caregiver Burden Questionnaire</title>
          <description>The Caregiver burden questionnaires is a self-administered questionnaire that has been developed to measure the emotional, physical, and social impact of caregiving on Alzheimer's Disease caregivers. A Total score is calculated from this measure by summing the responses across the items. The Total score may range from 9-45, with higher scores indicating greater burden.</description>
          <population>This study was terminated early. Summary tables were not provided for this outcome measure due to the small number of participants (up to 2 participants per arm) because of concerns about patient confidentiality.</population>
          <analyzed_list>
            <analyzed>
              <units>Participants</units>
              <scope>Measure</scope>
              <count_list>
                <count group_id="O1" value="0"/>
                <count group_id="O2" value="0"/>
              </count_list>
            </analyzed>
          </analyzed_list>
        </measure>
      </outcome>
      <outcome>
        <type>Secondary</type>
        <title>Time to Skilled Nursing Facility Placement</title>
        <description>Time to skilled nursing facility placement is defined as permanent admission to a skilled nursing facility. Time will be defined as the number of months between enrollment into this clinical study and placement in a skilled nursing facility placement.</description>
        <time_frame>6 months</time_frame>
        <population>This study was terminated early. Summary tables were not provided for this outcome measure due to the small number of participants (up to 2 participants per arm) because of concerns about patient confidentiality.</population>
        <group_list>
          <group group_id="O1">
            <title>IGIV, 10% at 0.2 g/kg Body Weight</title>
            <description>IGIV, 10% at 0.2 g/kg body weight every 2 weeks</description>
          </group>
          <group group_id="O2">
            <title>IGIV, 10% at 0.4 g/kg Body Weight</title>
            <description>IGIV, 10% at 0.4 g/kg body weight every 2 weeks</description>
          </group>
        </group_list>
        <measure>
          <title>Time to Skilled Nursing Facility Placement</title>
          <description>Time to skilled nursing facility placement is defined as permanent admission to a skilled nursing facility. Time will be defined as the number of months between enrollment into this clinical study and placement in a skilled nursing facility placement.</description>
          <population>This study was terminated early. Summary tables were not provided for this outcome measure due to the small number of participants (up to 2 participants per arm) because of concerns about patient confidentiality.</population>
          <analyzed_list>
            <analyzed>
              <units>Participants</units>
              <scope>Measure</scope>
              <count_list>
                <count group_id="O1" value="0"/>
                <count group_id="O2" value="0"/>
              </count_list>
            </analyzed>
          </analyzed_list>
        </measure>
      </outcome>
      <outcome>
        <type>Secondary</type>
        <title>Volumetric MRI</title>
        <description>Volumetric MRI measurements were obtained to assess rate of whole brain atrophy and ventricular enlargement. Additional volumetric measurements may be analyzed when specific hypotheses and methods are defined. Additional volumetric MRI analysis may include (but may not be limited to) one or more of the following: rate of hippocampal atrophy, entorhinal cortical thickness, and/or regional cortical thinning.</description>
        <time_frame>6 months</time_frame>
        <population>This study was terminated early. Summary tables were not provided for this outcome measure due to the small number of participants (up to 2 participants per arm) because of concerns about patient confidentiality.</population>
        <group_list>
          <group group_id="O1">
            <title>IGIV, 10% at 0.2 g/kg Body Weight</title>
            <description>IGIV, 10% at 0.2 g/kg body weight every 2 weeks</description>
          </group>
          <group group_id="O2">
            <title>IGIV, 10% at 0.4 g/kg Body Weight</title>
            <description>IGIV, 10% at 0.4 g/kg body weight every 2 weeks</description>
          </group>
        </group_list>
        <measure>
          <title>Volumetric MRI</title>
          <description>Volumetric MRI measurements were obtained to assess rate of whole brain atrophy and ventricular enlargement. Additional volumetric measurements may be analyzed when specific hypotheses and methods are defined. Additional volumetric MRI analysis may include (but may not be limited to) one or more of the following: rate of hippocampal atrophy, entorhinal cortical thickness, and/or regional cortical thinning.</description>
          <population>This study was terminated early. Summary tables were not provided for this outcome measure due to the small number of participants (up to 2 participants per arm) because of concerns about patient confidentiality.</population>
          <analyzed_list>
            <analyzed>
              <units>Participants</units>
              <scope>Measure</scope>
              <count_list>
                <count group_id="O1" value="0"/>
                <count group_id="O2" value="0"/>
              </count_list>
            </analyzed>
          </analyzed_list>
        </measure>
      </outcome>
    </outcome_list>

    <reported_events>
      <time_frame>Throughout the study period (6 months)</time_frame>
      <group_list>
        <group group_id="E1">
          <title>IGIV, 10% at 0.2 g/kg Body Weight</title>
          <description>IGIV, 10% at 0.2 g/kg body weight every 2 weeks.</description>
        </group>
        <group group_id="E2">
          <title>IGIV, 10% at 0.4 g/kg Body Weight</title>
          <description>IGIV, 10% at 0.4 g/kg body weight every 2 weeks.</description>
        </group>
      </group_list>
      <serious_events>
        <category_list>
          <category>
            <title>Total</title>
            <event_list>
              <event>
                <sub_title>Total, serious adverse events</sub_title>
                <counts group_id="E1" subjects_affected="0" subjects_at_risk="2"/>
                <counts group_id="E2" subjects_affected="0" subjects_at_risk="2"/>
              </event>
            </event_list>
          </category>
        </category_list>
      </serious_events>
      <other_events>
        <frequency_threshold>5</frequency_threshold>
        <default_vocab>MedDRA</default_vocab>
        <default_assessment>Non-systematic Assessment</default_assessment>
        <category_list>
          <category>
            <title>Total</title>
            <event_list>
              <event>
                <sub_title>Total, other adverse events</sub_title>
                <counts group_id="E1" subjects_affected="1" subjects_at_risk="2"/>
                <counts group_id="E2" subjects_affected="1" subjects_at_risk="2"/>
              </event>
            </event_list>
          </category>
          <category>
            <title>General disorders</title>
            <event_list>
              <event>
                <sub_title>Infusion Site Pain</sub_title>
                <counts group_id="E1" subjects_affected="1" subjects_at_risk="2"/>
                <counts group_id="E2" subjects_affected="0" subjects_at_risk="2"/>
              </event>
            </event_list>
          </category>
          <category>
            <title>Infections and infestations</title>
            <event_list>
              <event>
                <sub_title>Tooth Infection</sub_title>
                <counts group_id="E1" subjects_affected="1" subjects_at_risk="2"/>
                <counts group_id="E2" subjects_affected="0" subjects_at_risk="2"/>
              </event>
            </event_list>
          </category>
          <category>
            <title>Investigations</title>
            <event_list>
              <event>
                <sub_title>Blood Pressure Increased</sub_title>
                <counts group_id="E1" subjects_affected="1" subjects_at_risk="2"/>
                <counts group_id="E2" subjects_affected="0" subjects_at_risk="2"/>
              </event>
            </event_list>
          </category>
          <category>
            <title>Skin and subcutaneous tissue disorders</title>
            <event_list>
              <event>
                <sub_title>Urticaria</sub_title>
                <counts group_id="E1" subjects_affected="0" subjects_at_risk="2"/>
                <counts group_id="E2" subjects_affected="1" subjects_at_risk="2"/>
              </event>
            </event_list>
          </category>
        </category_list>
      </other_events>
    </reported_events>

    <certain_agreements>
      <pi_employee>Principal Investigators are NOT employed by the organization sponsoring the study.</pi_employee>
      <restrictive_agreement>Baxalta's agreements with PIs may vary per requirements of individual PI, but contain common elements. For this study, PIs are restricted from independently publishing results until the earlier of the primary multicenter publication or 12 months after study completion. Baxalta requires a review of results communications (eg, for confidential information) ≥30 days prior to submission or communication. Baxalta may request an additional delay of ≤60 days eg, for intellectual property protection.</restrictive_agreement>
    </certain_agreements>
    <limitations_and_caveats>This study was an extension of study 160701 and was stopped early due to lack of evidence of clinical benefit of IGIV treatment in Alzheimer's Disease patients in Baxalta study 160701. Summary tables available for safety data only.</limitations_and_caveats>
    <point_of_contact>
      <name_or_title>Clinical Trial Registries and Results Disclosure</name_or_title>
      <organization>Baxalta US Inc</organization>
      <email>ClinicalTrialsDisclosure@baxalta.com</email>
    </point_of_contact>
  </clinical_results>
</clinical_study>

