<?xml version="1.0" encoding="UTF-8"?>
<clinical_study rank="197">
  <!-- This xml conforms to an XML Schema at:
    https://clinicaltrials.gov/ct2/html/images/info/public.xsd -->
  <required_header>
    <download_date>ClinicalTrials.gov processed this data on November 07, 2017</download_date>
    <link_text>Link to the current ClinicalTrials.gov record.</link_text>
    <url>https://clinicaltrials.gov/show/NCT00165724</url>
  </required_header>
  <id_info>
    <org_study_id>EKI-1002</org_study_id>
    <nct_id>NCT00165724</nct_id>
  </id_info>
  <brief_title>Alzheimer's Disease Long-term Follow-up Study (ALF Study)</brief_title>
  <official_title>Alzheimer's Disease Long-term Follow-up Study (ALF Study)</official_title>
  <sponsors>
    <lead_sponsor>
      <agency>Eisai Korea Inc.</agency>
      <agency_class>Industry</agency_class>
    </lead_sponsor>
  </sponsors>
  <source>Eisai Inc.</source>
  <brief_summary>
    <textblock>
      Open study for efficacy and safety of donepezil treatment during 48 weeks
    </textblock>
  </brief_summary>
  <overall_status>Completed</overall_status>
  <start_date>June 2004</start_date>
  <completion_date type="Actual">December 2006</completion_date>
  <primary_completion_date type="Actual">July 2006</primary_completion_date>
  <phase>Phase 4</phase>
  <study_type>Interventional</study_type>
  <has_expanded_access>No</has_expanded_access>
  <study_design_info>
    <allocation>Non-Randomized</allocation>
    <intervention_model>Single Group Assignment</intervention_model>
    <primary_purpose>Treatment</primary_purpose>
    <masking>None (Open Label)</masking>
  </study_design_info>
  <primary_outcome>
    <measure>ADAS-cog</measure>
  </primary_outcome>
  <secondary_outcome>
    <measure>MMSE, CDR, GDS, NPI, ADL, SSDQ</measure>
  </secondary_outcome>
  <enrollment type="Actual">114</enrollment>
  <condition>Alzheimer's Disease</condition>
  <intervention>
    <intervention_type>Drug</intervention_type>
    <intervention_name>Donepezil Hydrochloride</intervention_name>
  </intervention>
  <eligibility>
    <criteria>
      <textblock>
        Inclusion criteria

          -  Men or women aged 40 to 90

          -  Diagnosis of dementia according to DSM-IV

          -  Diagnosis of probable AD as defined by NINCDS-ADRDA criteria

          -  Mild to moderate AD at baseline, as defined by MMSE score of 10 to 26

          -  Patients were generally healthy and ambulatory or ambulatory aided

          -  Patients did not take acetylcholinesterase inhibitor 4 weeks before screening

          -  Patients have useful MRI results 3 months before screening

        Exclusion

          -  If they have evidence of TIA or major infarction

          -  Epilepsy patients

          -  If they have evidence of other degenerative or psychiatric disorder, other serious
             disorder, alcoholism or drug abuse

          -  If they sensitive to acetylcholinesterase

          -  If they taken concomitant medication which were not allowed
      </textblock>
    </criteria>
    <gender>All</gender>
    <minimum_age>40 Years</minimum_age>
    <maximum_age>90 Years</maximum_age>
  </eligibility>
  <overall_official>
    <last_name>Jiheed Mun</last_name>
    <role>Study Director</role>
    <affiliation>Eisai Korea Inc.</affiliation>
  </overall_official>
  <location>
    <facility>
      <name>Bobath Memorial Hospital</name>
      <address>
        <city>Bundang</city>
        <country>Korea, Republic of</country>
      </address>
    </facility>
  </location>
  <location>
    <facility>
      <name>Bundang Seoul National University Hospital</name>
      <address>
        <city>Bundang</city>
        <country>Korea, Republic of</country>
      </address>
    </facility>
  </location>
  <location>
    <facility>
      <name>Changwon Fatima Hospital</name>
      <address>
        <city>Changwon</city>
        <country>Korea, Republic of</country>
      </address>
    </facility>
  </location>
  <location>
    <facility>
      <name>Yeungnam University Hospital</name>
      <address>
        <city>Daegu</city>
        <country>Korea, Republic of</country>
      </address>
    </facility>
  </location>
  <location>
    <facility>
      <name>Inha University Hospital</name>
      <address>
        <city>Incheon</city>
        <country>Korea, Republic of</country>
      </address>
    </facility>
  </location>
  <location>
    <facility>
      <name>Catholic University Hospital</name>
      <address>
        <city>Seoul</city>
        <country>Korea, Republic of</country>
      </address>
    </facility>
  </location>
  <location>
    <facility>
      <name>Eulji University Hospital</name>
      <address>
        <city>Seoul</city>
        <country>Korea, Republic of</country>
      </address>
    </facility>
  </location>
  <location_countries>
    <country>Korea, Republic of</country>
  </location_countries>
  <verification_date>July 2010</verification_date>
  <!-- Old date names will be dropped in a few months (sometime in 2018)                        -->
  <lastchanged_date>May 2, 2012</lastchanged_date>
  <firstreceived_date>September 12, 2005</firstreceived_date>
  <!-- New date names                                                                           -->
  <study_first_submitted>September 12, 2005</study_first_submitted>
  <study_first_submitted_qc>September 12, 2005</study_first_submitted_qc>
  <study_first_posted type="Estimate">September 14, 2005</study_first_posted>
  <last_update_submitted>May 2, 2012</last_update_submitted>
  <last_update_submitted_qc>May 2, 2012</last_update_submitted_qc>
  <last_update_posted type="Estimate">May 4, 2012</last_update_posted>
  <!-- End of dates                                                                             -->
  <condition_browse>
    <!-- CAUTION:  The following MeSH terms are assigned with an imperfect algorithm            -->
    <mesh_term>Alzheimer Disease</mesh_term>
  </condition_browse>
  <intervention_browse>
    <!-- CAUTION:  The following MeSH terms are assigned with an imperfect algorithm            -->
    <mesh_term>Donepezil</mesh_term>
  </intervention_browse>
  <!-- Results have not yet been posted for this study                                          -->
</clinical_study>

