<?xml version="1.0" encoding="UTF-8"?>
<clinical_study rank="396">
  <!-- This xml conforms to an XML Schema at:
    https://clinicaltrials.gov/ct2/html/images/info/public.xsd -->
  <required_header>
    <download_date>ClinicalTrials.gov processed this data on November 07, 2017</download_date>
    <link_text>Link to the current ClinicalTrials.gov record.</link_text>
    <url>https://clinicaltrials.gov/show/NCT03307993</url>
  </required_header>
  <id_info>
    <org_study_id>17475A</org_study_id>
    <nct_id>NCT03307993</nct_id>
  </id_info>
  <brief_title>Positron Emission Tomography (PET) Study in Patients With Alzheimer's Disease</brief_title>
  <official_title>Interventional, Open-label, Positron Emission Tomography (PET) Study Investigating the Brain Receptor Occupancy of Idalopirdine in Patients With Alzheimer's Disease</official_title>
  <sponsors>
    <lead_sponsor>
      <agency>H. Lundbeck A/S</agency>
      <agency_class>Industry</agency_class>
    </lead_sponsor>
  </sponsors>
  <source>H. Lundbeck A/S</source>
  <oversight_info>
    <has_dmc>No</has_dmc>
    <is_fda_regulated_drug>Yes</is_fda_regulated_drug>
    <is_fda_regulated_device>No</is_fda_regulated_device>
  </oversight_info>
  <brief_summary>
    <textblock>
      To investigate the brain receptor occupancy of idalopirdine in patients with Alzheimer's
      disease (AD)
    </textblock>
  </brief_summary>
  <overall_status>Recruiting</overall_status>
  <start_date type="Actual">September 22, 2017</start_date>
  <completion_date type="Anticipated">November 2017</completion_date>
  <primary_completion_date type="Anticipated">November 2017</primary_completion_date>
  <phase>Phase 1</phase>
  <study_type>Interventional</study_type>
  <has_expanded_access>No</has_expanded_access>
  <study_design_info>
    <intervention_model>Single Group Assignment</intervention_model>
    <primary_purpose>Treatment</primary_purpose>
    <masking>None (Open Label)</masking>
  </study_design_info>
  <primary_outcome>
    <measure>5-HT6 Receptor Occupancy (RO)</measure>
    <time_frame>Treatment day 10 (24 hours post dose)</time_frame>
    <description>RO in the region of interest will be calculated as 100 × (1 - BPND(treatment) / BPND(baseline)) where BPND is the binding potential</description>
  </primary_outcome>
  <primary_outcome>
    <measure>Idalopirdine plasma concentration (CPET)</measure>
    <time_frame>Prior to and after PET scan on treatment day 10</time_frame>
    <description>CPET is the concentration at the time of PET scan, defined as (CprePET + CpostPET) / 2 (average of the pre- and post-PET scanning measurements).</description>
  </primary_outcome>
  <number_of_arms>1</number_of_arms>
  <enrollment type="Anticipated">8</enrollment>
  <condition>Alzheimer's Disease</condition>
  <arm_group>
    <arm_group_label>Idalopirdine</arm_group_label>
    <arm_group_type>Experimental</arm_group_type>
    <description>Idalopirdine 60 mg once daily for 10 day (up to 14 days possible), adjunct to donezepil (patients individualized maintenance dose)
If high receptor occupancy cannot be verified, the receptor occupancy following a higher dose (up to 60 mg twice daily for 10-14 days) will be assessed in Cohort 2.</description>
  </arm_group>
  <intervention>
    <intervention_type>Drug</intervention_type>
    <intervention_name>Idalopirdine</intervention_name>
    <description>Idalopirdine 60-120 mg daily dose</description>
    <arm_group_label>Idalopirdine</arm_group_label>
    <other_name>Lu AE58054</other_name>
  </intervention>
  <eligibility>
    <criteria>
      <textblock>
        Inclusion Criteria:

          -  The patient has probable AD diagnosed according to National Institute of Neurological
             and Communicative Disorders and Stroke and the Alzheimer's disease and Related
             Disorders Association (NINCDS-ADRDA) criteria.

          -  The patient has had a positive amyloid PET scan, which in the opinion of the principal
             investigator is consistent with a diagnosis of AD.

          -  The patient has a Mini Mental State Examination (MMSE) score at screening of at least
             15 and no greater than 22.

          -  The patient has a knowledgeable and reliable caregiver who will accompany the patient
             to all clinic visits during the study and answer questions about the patient.

          -  The patient is a man or woman of at least 50 years of age and has a body mass index
             (BMI) ≥ 18.5 kg/m2.

        Exclusion Criteria:

          -  The patient has evidence of any clinically significant neurodegenerative disease, or
             other serious neurological disorders other than AD including but not limited to Lewy
             body dementia, fronto-temporal dementia, Parkinson's disease, Huntington's disease,
             major cortical stroke, major head trauma, primary or secondary cerebral neoplasia or
             systemic medical diseases that are, in the investigator's opinion, likely to affect
             central nervous system functioning and may influence the outcome or analysis of the
             scan results.

          -  The patient is, in the investigator's opinion, unlikely to comply with the protocol or
             is unsuitable for any reason.
      </textblock>
    </criteria>
    <gender>All</gender>
    <minimum_age>50 Years</minimum_age>
    <maximum_age>N/A</maximum_age>
    <healthy_volunteers>No</healthy_volunteers>
  </eligibility>
  <overall_official>
    <last_name>Email contact via H. Lundbeck A/S</last_name>
    <role>Study Director</role>
    <affiliation>H. Lundbeck A/S</affiliation>
  </overall_official>
  <overall_contact>
    <last_name>Email contact via H. Lundbeck A/S</last_name>
    <phone>+4536301311</phone>
    <email>LundbeckClinicalTrials@Lundbeck.com</email>
  </overall_contact>
  <location>
    <facility>
      <name>Johns Hopkins Hospital</name>
      <address>
        <city>Baltimore</city>
        <state>Maryland</state>
        <zip>21287</zip>
        <country>United States</country>
      </address>
    </facility>
    <status>Recruiting</status>
  </location>
  <location_countries>
    <country>United States</country>
  </location_countries>
  <verification_date>October 2017</verification_date>
  <!-- Old date names will be dropped in a few months (sometime in 2018)                        -->
  <lastchanged_date>October 11, 2017</lastchanged_date>
  <firstreceived_date>September 26, 2017</firstreceived_date>
  <!-- New date names                                                                           -->
  <study_first_submitted>September 26, 2017</study_first_submitted>
  <study_first_submitted_qc>October 11, 2017</study_first_submitted_qc>
  <study_first_posted type="Actual">October 12, 2017</study_first_posted>
  <last_update_submitted>October 11, 2017</last_update_submitted>
  <last_update_submitted_qc>October 11, 2017</last_update_submitted_qc>
  <last_update_posted type="Actual">October 12, 2017</last_update_posted>
  <!-- End of dates                                                                             -->
  <responsible_party>
    <responsible_party_type>Sponsor</responsible_party_type>
  </responsible_party>
  <keyword>Lu AE58054</keyword>
  <condition_browse>
    <!-- CAUTION:  The following MeSH terms are assigned with an imperfect algorithm            -->
    <mesh_term>Alzheimer Disease</mesh_term>
  </condition_browse>
  <!-- Results have not yet been posted for this study                                          -->
</clinical_study>

