<?xml version="1.0" encoding="UTF-8"?>
<clinical_study rank="381">
  <!-- This xml conforms to an XML Schema at:
    https://clinicaltrials.gov/ct2/html/images/info/public.xsd -->
  <required_header>
    <download_date>ClinicalTrials.gov processed this data on November 07, 2017</download_date>
    <link_text>Link to the current ClinicalTrials.gov record.</link_text>
    <url>https://clinicaltrials.gov/show/NCT00605059</url>
  </required_header>
  <id_info>
    <org_study_id>AV94</org_study_id>
    <nct_id>NCT00605059</nct_id>
  </id_info>
  <brief_title>Evaluation of [123I] AV94 and SPECT in Subjects With Alzheimer Disease in Comparison to Healthy Subjects</brief_title>
  <acronym>AV94</acronym>
  <official_title>Evaluation of [123I] AV94 and SPECT as a Marker of Beta-amyloid Protein Deposition in Subjects With Alzheimer Disease in Comparison to Healthy Subjects</official_title>
  <sponsors>
    <lead_sponsor>
      <agency>Institute for Neurodegenerative Disorders</agency>
      <agency_class>Other</agency_class>
    </lead_sponsor>
  </sponsors>
  <source>Institute for Neurodegenerative Disorders</source>
  <oversight_info>
    <has_dmc>No</has_dmc>
  </oversight_info>
  <brief_summary>
    <textblock>
      The main objectives of this proposal are as follows:

      To assess the dynamic uptake and washout of 123-I AV94, a potential imaging biomarker for
      β-amyloid burden in brain, using single photon emission computed tomography (SPECT) in
      similarly aged healthy controls and Alzheimer's (AD) subjects

      To perform blood metabolite characterization of 123-I AV94 in healthy and AD subjects to
      determine the metabolic fate and nature of metabolites in assessment of 123-I AV94 as a
      single photon computed tomography (SPECT) brain imaging agent

      Evaluate the test/retest reproducibility of 123-I AV94 and SPECT in AD subjects and healthy
      controls
    </textblock>
  </brief_summary>
  <detailed_description>
    <textblock>
      General Design and Methods. The underlying goal of this study is to assess 123-I AV94 SPECT
      imaging as a tool to detect ß-amyloid deposition in the brain of AD research participants and
      age- and gender-matched healthy subjects. All study procedures will be conducted at the
      Institute for Neurodegenerative Disorders (IND) and Molecular NeuroImaging (MNI) in New
      Haven, CT. Approximately 20 patients with Alzheimers disease (AD) and 10 healthy controls
      will be recruited to participate in this study. Healthy controls will be examined to ensure
      that there is no evidence of neurodegenerative changes including cognitive decline. Informed
      consent will be obtained for all. All subjects will undergo a screening evaluation including
      baseline clinical laboratory testing, a baseline physical and neurological evaluation and
      baseline cognitive evaluations. Subjects will be asked to undergo a bolus injection of 123-I
      AV94. Subjects will undergo serial SPECT imaging scans and serial venous plasma sampling for
      measurement of 123-I AV94 in plasma (both protein bound and free) over a period of up to 6
      hours. Subjects may be asked to undergo a second imaging visit between 2 and 6 weeks
      following the initial imaging visit following similar procedures to the initial imaging visit
      to evaluate the reproducibility of the imaging measure using this procedure. The imaging
      analyses will be performed by an image-processing specialist who will remain masked to the
      procedures employed with each imaging acquisition. The primary imaging outcome measure will
      be the brain regional distribution volumes expressed as a brain tissue to plasma ratio of the
      radioligand, 123-I AV94. Time to the peak uptake and amplitude of the peak uptake will be
      evaluated for all brain regions and the results for the AD patients and controls will be
      compared. For those subjects undergoing repeat imaging visits, the data from the initial scan
      will be compared to the second scan to determine which offers the reproducibility of the
      imaging outcome measure.
    </textblock>
  </detailed_description>
  <overall_status>Terminated</overall_status>
  <why_stopped>
    Scans showed no visual difference between affected subjects &amp; healthy volunteers
  </why_stopped>
  <start_date>August 2007</start_date>
  <completion_date type="Actual">June 2008</completion_date>
  <primary_completion_date type="Actual">June 2008</primary_completion_date>
  <phase>Phase 1</phase>
  <study_type>Interventional</study_type>
  <has_expanded_access>No</has_expanded_access>
  <study_design_info>
    <allocation>Non-Randomized</allocation>
    <intervention_model>Single Group Assignment</intervention_model>
    <primary_purpose>Diagnostic</primary_purpose>
    <masking>None (Open Label)</masking>
  </study_design_info>
  <primary_outcome>
    <measure>To assess the dynamic uptake and washout of 123-I AV94, a potential imaging biomarker for β-amyloid burden in brain, using single photon emission computed tomography (SPECT) in similarly aged healthy controls and Alzheimer's (AD) subjects</measure>
    <time_frame>1 year</time_frame>
  </primary_outcome>
  <secondary_outcome>
    <measure>To perform blood metabolite characterization of 123-I AV94 in healthy and AD subjects to determine the metabolic fate and nature of metabolites in assessment of 123-I AV94 as a single photon computed tomography (SPECT) brain imaging agent</measure>
    <time_frame>1 year</time_frame>
  </secondary_outcome>
  <secondary_outcome>
    <measure>Evaluate the test/retest reproducibility of 123-I AV94 and SPECT in AD subjects and healthy controls</measure>
    <time_frame>1 year</time_frame>
  </secondary_outcome>
  <number_of_arms>1</number_of_arms>
  <enrollment type="Actual">3</enrollment>
  <condition>Alzheimer Disease</condition>
  <arm_group>
    <arm_group_label>Assess [123I] AV94 and SPECT imaging</arm_group_label>
    <arm_group_type>Experimental</arm_group_type>
  </arm_group>
  <intervention>
    <intervention_type>Drug</intervention_type>
    <intervention_name>[123I]AV94</intervention_name>
    <description>Evaluation of [123I] AV94 and SPECT as a Marker of Beta-amyloid Protein Deposition in Subjects With Alzheimer Disease in Comparison to Healthy Subjects</description>
    <arm_group_label>Assess [123I] AV94 and SPECT imaging</arm_group_label>
  </intervention>
  <eligibility>
    <criteria>
      <textblock>
        INCLUSION CRITERIA: ALZHEIMER DISEASE

          -  The participant is 50 years or older.

          -  Written informed consent is obtained.

          -  Participants have a clinical diagnosis of Alzheimer's disease based on National
             Institute of Neurological and Communicative Disorders and Stroke/Alzheimer's Disease
             and Related Disorders Association (NINCDS/ADRDA) criteria.

          -  Mini-Mental Status Exam score &lt; 25.

          -  Modified Hachinski Ischemia Scale score of ≤ 4.

          -  Geriatric Depression Scales (GDS) ≤ 10.

          -  For females, non-child bearing potential or negative urine or blood pregnancy test on
             day of 123-I AV94 injection.

        EXCLUSION CRITERIA: ALZHEIMER DISEASE

          -  The subject has signs or symptoms of another neurodegenerative disease including
             Parkinson's disease, diffuse Lewy body dementia, or history of significant
             cerebrovascular disease.

          -  The subject has a clinically significant abnormal laboratory value and/or clinically
             significant unstable medical or psychiatric illness

          -  The subject has any disorder that may interfere with drug absorption distribution,
             metabolism, or excretion (including gastrointestinal surgery).

          -  The subject has evidence of clinically significant gastrointestinal, cardiovascular,
             hepatic, renal, hematological, neoplastic, endocrine, neurological, immunodeficiency,
             pulmonary, or other disorder or disease.

          -  Pregnancy

        Concomitant therapy Patients may remain on a stable dose of anticholinesterase medication
        during the study. Use of donepezil (Aricept®), rivastigmine (Exelon®), galantamine
        (Razadyne®), tacrine (Cognex®), and memantine (Namenda®) are permitted during the study.
        Doses of these compounds must be stable for 2 months prior to the study. At each visit
        after the screening visit, the investigator will ask the patient whether any medications
        including OTC medications, were taken since the previous visit.

        Use of antipsychotics for agitation and benzodiazepines for insomnia or anxiety is
        permitted. However, the use of these agents is not permitted within the 8 hours prior to
        administration of cognitive testing.

        INCLUSION CRITERIA: HEALTHY VOLUNTEERS

          -  The participant is 50 years or older.

          -  Written informed consent is obtained.

          -  Negative history of neurological or psychiatric illness based on evaluation by a
             research physician.

          -  Mini-Mental Status Exam score ≥28.

          -  For females, non-child bearing potential or negative urine or blood pregnancy test on
             day of 123-I AV94 injection.

        EXCLUSION CRITERIA: HEALTHY VOLUNTEERS

          -  The subject has a clinically significant abnormal laboratory value and/or clinically
             significant unstable medical or psychiatric illness.

          -  The subject has any disorder that may interfere with drug absorption distribution,
             metabolism, or excretion (including gastrointestinal surgery).

          -  The subject has evidence of clinically significant gastrointestinal, cardiovascular,
             hepatic, renal, hematological, neoplastic, endocrine, neurological, immunodeficiency,
             pulmonary, or other disorder or disease.

          -  Pregnancy
      </textblock>
    </criteria>
    <gender>All</gender>
    <minimum_age>50 Years</minimum_age>
    <maximum_age>N/A</maximum_age>
    <healthy_volunteers>Accepts Healthy Volunteers</healthy_volunteers>
  </eligibility>
  <overall_official>
    <last_name>Danna L Jennings, MD</last_name>
    <role>Principal Investigator</role>
    <affiliation>Institute for Neurodegenerative Disorders</affiliation>
  </overall_official>
  <location>
    <facility>
      <name>Institute for Neurodegenerative Disorders</name>
      <address>
        <city>New Haven</city>
        <state>Connecticut</state>
        <zip>06510</zip>
        <country>United States</country>
      </address>
    </facility>
  </location>
  <location>
    <facility>
      <name>Molecular NeuroImaging, LLC</name>
      <address>
        <city>New Haven</city>
        <state>Connecticut</state>
        <zip>06510</zip>
        <country>United States</country>
      </address>
    </facility>
  </location>
  <location_countries>
    <country>United States</country>
  </location_countries>
  <verification_date>October 2010</verification_date>
  <!-- Old date names will be dropped in a few months (sometime in 2018)                        -->
  <lastchanged_date>October 5, 2010</lastchanged_date>
  <firstreceived_date>January 16, 2008</firstreceived_date>
  <!-- New date names                                                                           -->
  <study_first_submitted>January 16, 2008</study_first_submitted>
  <study_first_submitted_qc>January 28, 2008</study_first_submitted_qc>
  <study_first_posted type="Estimate">January 30, 2008</study_first_posted>
  <last_update_submitted>October 5, 2010</last_update_submitted>
  <last_update_submitted_qc>October 5, 2010</last_update_submitted_qc>
  <last_update_posted type="Estimate">October 6, 2010</last_update_posted>
  <!-- End of dates                                                                             -->
  <responsible_party>
    <name_title>Danna Jennings, MD</name_title>
    <organization>Institute for Neurodegenerative Disorders</organization>
  </responsible_party>
  <keyword>Alzheimer</keyword>
  <keyword>SPECT</keyword>
  <condition_browse>
    <!-- CAUTION:  The following MeSH terms are assigned with an imperfect algorithm            -->
    <mesh_term>Alzheimer Disease</mesh_term>
  </condition_browse>
  <!-- Results have not yet been posted for this study                                          -->
</clinical_study>

