<?xml version="1.0" encoding="UTF-8"?>
<clinical_study rank="339">
  <!-- This xml conforms to an XML Schema at:
    https://clinicaltrials.gov/ct2/html/images/info/public.xsd -->
  <required_header>
    <download_date>ClinicalTrials.gov processed this data on November 07, 2017</download_date>
    <link_text>Link to the current ClinicalTrials.gov record.</link_text>
    <url>https://clinicaltrials.gov/show/NCT03249688</url>
  </required_header>
  <id_info>
    <org_study_id>E0750301</org_study_id>
    <nct_id>NCT03249688</nct_id>
  </id_info>
  <brief_title>Multimodal Preventive Trial for Alzheimer's Disease</brief_title>
  <acronym>MIND-ADmini</acronym>
  <official_title>Multimodal Preventive Trial for Alzheimer's Disease (MIND-ADmini Pilot Trial)</official_title>
  <sponsors>
    <lead_sponsor>
      <agency>Karolinska Institutet</agency>
      <agency_class>Other</agency_class>
    </lead_sponsor>
    <collaborator>
      <agency>University of Eastern Finland</agency>
      <agency_class>Other</agency_class>
    </collaborator>
    <collaborator>
      <agency>INSERM-University of Toulouse</agency>
      <agency_class>Other</agency_class>
    </collaborator>
    <collaborator>
      <agency>Saarland University</agency>
      <agency_class>Other</agency_class>
    </collaborator>
  </sponsors>
  <source>Karolinska Institutet</source>
  <oversight_info>
    <has_dmc>Yes</has_dmc>
    <is_fda_regulated_drug>No</is_fda_regulated_drug>
    <is_fda_regulated_device>No</is_fda_regulated_device>
  </oversight_info>
  <brief_summary>
    <textblock>
      The main aim of the MIND-ADmini pilot trial is to evaluate the feasibility of a multimodal
      lifestyle intervention among patients with prodromal AD.
    </textblock>
  </brief_summary>
  <detailed_description>
    <textblock>
      Given the multifactorial etiology of Alzheimer's disease (AD), multimodal interventions
      targeting several risk factors and disease mechanisms simultaneously are most likely to be
      effective for preventing dementia. Multimodal lifestyle interventions have so far been tested
      in at-risk older adults from the general population, but not in patients with prodromal AD.

      The main aim of the MIND-ADmini pilot trial is to evaluate the feasibility of a multimodal
      lifestyle intervention among individuals with prodromal AD.

      This 6-month pilot trial is planned to include 150 participants randomized into 3 arms:

        1. Control (regular health advice)

        2. Multidomain lifestyle intervention (nutritional guidance, exercise, cognitive training
           and monitoring and management of vascular and metabolic risk factors)

        3. Multidomain lifestyle intervention + medical food. The multidomain lifestyle
           intervention is adapted from the Finnish Geriatric Intervention Study to Prevent
           Cognitive Impairment and Disability (FINGER, NCT01041989). The medical food product
           includes the specific multi-nutrient combination Fortasyn Connect (containing the
           omega-3 fatty acids docosahexaenoic acid (DHA) and eicosapentaenoic acid (EPA), uridine
           monophosphate, choline, vitamins B12, B6, C, E, and folic acid, phospholipids, and
           selenium). The rationale for combining a multidomain lifestyle intervention with medical
           food is evidence indicating synergistic effects between different intervention
           components (e.g. omega-3 fatty acids and physical activity). Nutrient deficiencies have
           been described in AD, and medical food may be needed in addition to dietary guidance for
           optimal effect. The use of Fortasyn Connect alone in prodromal AD has been investigated
           in another clinical trial (www.lipididiet.eu), and thus this arm is not included in
           MIND-ADmini.

      The 6-month MIND-ADmini pilot trial will be conducted in Sweden, Finland, Germany and France.
      An additional 6-month optional extension of the pilot trial will also be considered.

      Primary outcome is feasibility of the multimodal intervention. Secondary outcomes include
      adherence to intervention components (intervention arms), and adherence to healthy lifestyle
      changes (all arms). Detailed cognitive assessments (Neuropsychological Test Battery, NTB) and
      functional assessments (Clinical Dementia Rating, CDR; and Alzheimer's Disease Cooperative
      Study-Activities of Daily Living, ADCS-ADL) will also be conducted at baseline and 6-month
      visit for the purpose of obtaining reliable estimates of change over time for power
      calculations for a future larger multimodal intervention trial (MIND-ADmaxi).
    </textblock>
  </detailed_description>
  <overall_status>Not yet recruiting</overall_status>
  <start_date type="Anticipated">September 1, 2017</start_date>
  <completion_date type="Anticipated">September 1, 2019</completion_date>
  <primary_completion_date type="Anticipated">September 1, 2019</primary_completion_date>
  <phase>N/A</phase>
  <study_type>Interventional</study_type>
  <has_expanded_access>No</has_expanded_access>
  <study_design_info>
    <allocation>Randomized</allocation>
    <intervention_model>Parallel Assignment</intervention_model>
    <primary_purpose>Prevention</primary_purpose>
    <masking>Double (Investigator, Outcomes Assessor)</masking>
  </study_design_info>
  <primary_outcome>
    <measure>Recruitment rate</measure>
    <time_frame>6 months</time_frame>
    <description>Recruitment rate of participants within a 6 months period</description>
  </primary_outcome>
  <primary_outcome>
    <measure>Overall adherence to the intervention</measure>
    <time_frame>6 months</time_frame>
    <description>Overall adherence to the intervention during 6 months</description>
  </primary_outcome>
  <primary_outcome>
    <measure>Retention rate</measure>
    <time_frame>6 months</time_frame>
    <description>Retention rate of participants during 6 months</description>
  </primary_outcome>
  <secondary_outcome>
    <measure>Adherence to intervention components</measure>
    <time_frame>6 months</time_frame>
    <description>Intervention arms only</description>
  </secondary_outcome>
  <secondary_outcome>
    <measure>Adherence to healthy lifestyle changes</measure>
    <time_frame>6 months</time_frame>
    <description>All arms</description>
  </secondary_outcome>
  <other_outcome>
    <measure>Change in Body Mass Index</measure>
    <time_frame>6 months</time_frame>
    <description>Height (cm) and weight (kg) are used to calculate Body Mass Index</description>
  </other_outcome>
  <other_outcome>
    <measure>Change in Hip-waist ratio</measure>
    <time_frame>6 months</time_frame>
    <description>Hip and waist measurements (cm) are used for hip-waist ratio calculations</description>
  </other_outcome>
  <other_outcome>
    <measure>Change in blood pressure</measure>
    <time_frame>6 months</time_frame>
    <description>Including measurements of systolic blood pressure, diastolic blood pressure, and pulse pressure</description>
  </other_outcome>
  <other_outcome>
    <measure>Change in blood lipids</measure>
    <time_frame>6 months</time_frame>
    <description>Including measurements of serum total cholesterol, HDL cholesterol, LDL cholesterol and triglycerides</description>
  </other_outcome>
  <other_outcome>
    <measure>Change in glucose metabolism markers</measure>
    <time_frame>6 months</time_frame>
    <description>Including measures of glucose, insulin, HbA1c</description>
  </other_outcome>
  <other_outcome>
    <measure>Change in inflammation</measure>
    <time_frame>6 months</time_frame>
    <description>CRP measures</description>
  </other_outcome>
  <other_outcome>
    <measure>Depressive symptoms</measure>
    <time_frame>6 months</time_frame>
    <description>Geriatric Depression Scale</description>
  </other_outcome>
  <other_outcome>
    <measure>Stress-related symptoms</measure>
    <time_frame>6 months</time_frame>
    <description>Perceived Stress Scale</description>
  </other_outcome>
  <other_outcome>
    <measure>Physical performance</measure>
    <time_frame>6 months</time_frame>
    <description>Timed 10-meter dual-task test &amp; Short Physical Performance Battery (SPPB)</description>
  </other_outcome>
  <other_outcome>
    <measure>Health-related quality of life</measure>
    <time_frame>6 months</time_frame>
    <description>RAND36</description>
  </other_outcome>
  <other_outcome>
    <measure>Blood biomarkers</measure>
    <time_frame>6 months</time_frame>
    <description>e.g lipid metabolism, inflammation, vitamins (e.g D &amp; B)</description>
  </other_outcome>
  <other_outcome>
    <measure>Self-reported adherence to each intervention component</measure>
    <time_frame>6 months</time_frame>
    <description>The following intervention components: nutrition, exercise, cognitive training, monitoring of vascular factors</description>
  </other_outcome>
  <number_of_arms>3</number_of_arms>
  <enrollment type="Anticipated">150</enrollment>
  <condition>Alzheimer Disease; Prodromal</condition>
  <arm_group>
    <arm_group_label>Control</arm_group_label>
    <arm_group_type>Other</arm_group_type>
    <description>Regular health advice</description>
  </arm_group>
  <arm_group>
    <arm_group_label>Multidomain 1</arm_group_label>
    <arm_group_type>Experimental</arm_group_type>
    <description>Multidomain lifestyle</description>
  </arm_group>
  <arm_group>
    <arm_group_label>Multidomain 2</arm_group_label>
    <arm_group_type>Experimental</arm_group_type>
    <description>Multidomain lifestyle + medical food</description>
  </arm_group>
  <intervention>
    <intervention_type>Other</intervention_type>
    <intervention_name>Regular health advice</intervention_name>
    <description>Routine healthy lifestyle counseling</description>
    <arm_group_label>Control</arm_group_label>
  </intervention>
  <intervention>
    <intervention_type>Behavioral</intervention_type>
    <intervention_name>Multidomain lifestyle</intervention_name>
    <description>Nutritional guidance, exercise, cognitive training, vascular risk monitoring</description>
    <arm_group_label>Multidomain 1</arm_group_label>
    <arm_group_label>Multidomain 2</arm_group_label>
  </intervention>
  <intervention>
    <intervention_type>Dietary Supplement</intervention_type>
    <intervention_name>Medical food</intervention_name>
    <description>Medical food product (Fortasyn Connect)</description>
    <arm_group_label>Multidomain 2</arm_group_label>
  </intervention>
  <eligibility>
    <criteria>
      <textblock>
        Inclusion criteria:

        A) Prodromal AD as defined as -1 SD on 2 out of 8 tests, at least 1 memory:

        Memory FCSRT - delayed free recall* ≤ 8 FCSRT free recall - learning ≤ 22 WMS-R story
        delayed recall (%) ≤75% WMS-R delayed recall of figures (%) ≤ 75% *Free and Cued Selective
        reminding test

        Non-memory TMT A ≥ 60 TMT B ≥ 150 Symbol Digit Substitution Test ≤ 35 (120 sec.) Category
        Fluency ≤ 16 (60 sec.)

          -  Evidence for underlying AD pathology within 1 year prior to screening by either:

               1. CSF beta amyloid 1-42/1-40x10 ratio&lt;1 and/or elevated T-tau and/or elevated
                  phospho-tau and/or low beta amyloid 42 based on local lab cut-offs OR

               2. MRI evidence for medial temporal lobe atrophy (MTA score 1 or higher) OR

               3. Abnormal FDG PET and/or PiB PET compatible with AD type change

                  B) Potential for lifestyle improvement, defined according to a Lifestyle Index.

                  Lifestyle index. Participants with a score of 3 or above are included in the
                  study.

                  The lifestyle index identifies individuals who do not already have very healthy
                  lifestyles, and thus have a margin for improving their lifestyle based on the
                  MIND-AD intervention. The score is calculated by adding 1 point for each of the
                  following factors:

          -  Physical activity less than 2.5 hours a week (defined as physical activity intensive
             enough to lead to sweating and some breathlessness)

          -  Diet - less than 5 portions of fruits and vegetables per day

          -  Diet - less than 2 portions of fish per week

          -  Hypertension (diagnosed by physician or current antihypertensive treatment or

          -  SBP&gt;140mmHg or DBP&gt;90 mmHg)

          -  Diabetes (type 1 or 2 diagnosed by physician; or current diabetes medication; or
             recorded elevated fasting blood glucose or HbA1C as per local guidelines within the
             past 6 months)

          -  Ongoing symptoms of sleep problems, depressive symptoms or psychological stress
             symptoms for at least 1 month, judged by the clinician as having some impact on
             everyday life

        C) Age 60-80 D) MMSE ≥ 24 E) Availability of a responsible study partner. F) Written
        informed consent from participant as well as study partner G) Putative prescription
        cognitive enhancers (e.g. ginkgo, cholinesterase inhibitors) and statins are not excluded
        but the dosage should be stable prior to randomization. Doses should be kept stable during
        the study if possible.

        Exclusion criteria

          -  Dementia according to Diagnostic and Statistical Manual of Mental Disorders, Fourth
             Edition (DSM-IV)

          -  Use of omega-3 preparations &gt; 500mg EPA+DHA per day

          -  Alcohol or drug abuse

          -  A concomitant serious disease

          -  Major depressive disorder (DSM-IV)

          -  Regular intake of supplements for vitamin B6, B12, folic acid, vitamin C and/or E &gt;
             200% RDI, unless prescribed by physician

          -  Participation in any other clinical trial in the last 30 days

          -  Subjects with MRI (or CT) scan consistent with a diagnosis of stroke, intracranial
             bleeding, mass lesion or NPH. Those subjects with a MRI scan demonstrating minimal
             white matter changes (Fazekas scale for white matter lesions classification of 2 or
             below) and up to 1-2 lacunar infarcts which are judged to be clinically insignificant
             are allowed

          -  Severe loss of vision or communicative ability

          -  Conditions preventing cooperation as judged by the study physician

          -  Concomitant participation in any intervention trial
      </textblock>
    </criteria>
    <gender>All</gender>
    <minimum_age>60 Years</minimum_age>
    <maximum_age>80 Years</maximum_age>
    <healthy_volunteers>No</healthy_volunteers>
  </eligibility>
  <overall_official>
    <last_name>Miia Kivipelto, MD, PhD</last_name>
    <role>Principal Investigator</role>
    <affiliation>Karolinska Institutet</affiliation>
  </overall_official>
  <overall_contact>
    <last_name>Miia Kivipelto, MD, PhD</last_name>
    <phone>+46 8 585 838 85</phone>
    <email>miia.kivipelto@ki.se</email>
  </overall_contact>
  <link>
    <url>http://www.mind-ad.eu</url>
    <description>Project website</description>
  </link>
  <reference>
    <citation>Ngandu T, Lehtisalo J, Solomon A, Levälahti E, Ahtiluoto S, Antikainen R, Bäckman L, Hänninen T, Jula A, Laatikainen T, Lindström J, Mangialasche F, Paajanen T, Pajala S, Peltonen M, Rauramaa R, Stigsdotter-Neely A, Strandberg T, Tuomilehto J, Soininen H, Kivipelto M. A 2 year multidomain intervention of diet, exercise, cognitive training, and vascular risk monitoring versus control to prevent cognitive decline in at-risk elderly people (FINGER): a randomised controlled trial. Lancet. 2015 Jun 6;385(9984):2255-63. doi: 10.1016/S0140-6736(15)60461-5. Epub 2015 Mar 12.</citation>
    <PMID>25771249</PMID>
  </reference>
  <reference>
    <citation>Cummings J, Scheltens P, McKeith I, Blesa R, Harrison JE, Bertolucci PH, Rockwood K, Wilkinson D, Wijker W, Bennett DA, Shah RC. Effect Size Analyses of Souvenaid in Patients with Alzheimer's Disease. J Alzheimers Dis. 2017;55(3):1131-1139.</citation>
    <PMID>27767993</PMID>
  </reference>
  <reference>
    <citation>Dubois B, Feldman HH, Jacova C, Dekosky ST, Barberger-Gateau P, Cummings J, Delacourte A, Galasko D, Gauthier S, Jicha G, Meguro K, O'brien J, Pasquier F, Robert P, Rossor M, Salloway S, Stern Y, Visser PJ, Scheltens P. Research criteria for the diagnosis of Alzheimer's disease: revising the NINCDS-ADRDA criteria. Lancet Neurol. 2007 Aug;6(8):734-46. Review.</citation>
    <PMID>17616482</PMID>
  </reference>
  <reference>
    <citation>van Wijk N, Broersen LM, de Wilde MC, Hageman RJ, Groenendijk M, Sijben JW, Kamphuis PJ. Targeting synaptic dysfunction in Alzheimer's disease by administering a specific nutrient combination. J Alzheimers Dis. 2014;38(3):459-79. doi: 10.3233/JAD-130998. Review.</citation>
    <PMID>23985420</PMID>
  </reference>
  <verification_date>August 2017</verification_date>
  <!-- Old date names will be dropped in a few months (sometime in 2018)                        -->
  <lastchanged_date>August 10, 2017</lastchanged_date>
  <firstreceived_date>July 8, 2017</firstreceived_date>
  <!-- New date names                                                                           -->
  <study_first_submitted>July 8, 2017</study_first_submitted>
  <study_first_submitted_qc>August 10, 2017</study_first_submitted_qc>
  <study_first_posted type="Actual">August 15, 2017</study_first_posted>
  <last_update_submitted>August 10, 2017</last_update_submitted>
  <last_update_submitted_qc>August 10, 2017</last_update_submitted_qc>
  <last_update_posted type="Actual">August 15, 2017</last_update_posted>
  <!-- End of dates                                                                             -->
  <responsible_party>
    <responsible_party_type>Principal Investigator</responsible_party_type>
    <investigator_affiliation>Karolinska Institutet</investigator_affiliation>
    <investigator_full_name>Miia Kivipelto</investigator_full_name>
    <investigator_title>Professor</investigator_title>
  </responsible_party>
  <keyword>Lifestyle intervention</keyword>
  <keyword>Medical food</keyword>
  <keyword>Randomized controlled trial</keyword>
  <keyword>Prodromal Alzheimer's disease</keyword>
  <keyword>Prevention</keyword>
  <keyword>Intervention</keyword>
  <keyword>Multidomain</keyword>
  <keyword>Multimodal</keyword>
  <condition_browse>
    <!-- CAUTION:  The following MeSH terms are assigned with an imperfect algorithm            -->
    <mesh_term>Alzheimer Disease</mesh_term>
  </condition_browse>
  <!-- Results have not yet been posted for this study                                          -->
</clinical_study>

