<?xml version="1.0" encoding="UTF-8"?>
<clinical_study rank="105">
  <!-- This xml conforms to an XML Schema at:
    https://clinicaltrials.gov/ct2/html/images/info/public.xsd -->
  <required_header>
    <download_date>ClinicalTrials.gov processed this data on November 07, 2017</download_date>
    <link_text>Link to the current ClinicalTrials.gov record.</link_text>
    <url>https://clinicaltrials.gov/show/NCT00857233</url>
  </required_header>
  <id_info>
    <org_study_id>10252</org_study_id>
    <nct_id>NCT00857233</nct_id>
  </id_info>
  <brief_title>Safety and Tolerability of Memantine in Moderate to Severe Alzheimer's Disease</brief_title>
  <official_title>An Open-label Extension Study Examining the Safety and Tolerability of Memantine in Patients With Moderate to Severe Dementia of the Alzheimer's Type Having Completed Study 10158</official_title>
  <sponsors>
    <lead_sponsor>
      <agency>H. Lundbeck A/S</agency>
      <agency_class>Industry</agency_class>
    </lead_sponsor>
  </sponsors>
  <source>H. Lundbeck A/S</source>
  <oversight_info>
    <has_dmc>No</has_dmc>
  </oversight_info>
  <brief_summary>
    <textblock>
      The primary objective of the study was to examine the safety and tolerability of memantine in
      outpatients with moderate to severe Alzheimer's Disease.
    </textblock>
  </brief_summary>
  <detailed_description>
    <textblock>
      Memantine is a moderate affinity, uncompetitive N-methyl-D-aspartate (NMDA) receptor
      antagonist. Pre-clinical studies have demonstrated that memantine can decrease the neuronal
      toxicity associated with excessive glutamate release and calcium overload in neurons. Results
      from clinical trials in patients with moderate to severe Alzheimer's Disease (AD) have
      demonstrated memantine's efficacy and safety by showing positive treatment effects on
      cognitive, global and functional decline.

      The purpose of this 24-week open-label extension study was to collect additional long-term
      safety and tolerability data on memantine in patients who completed the lead-in double-blind
      placebo-controlled Study 10158.

      In agreement with Health Canada the study was prematurely terminated due to recruitment
      difficulties in the lead-in Study 10158. Patients ongoing in the study when the decision to
      terminate was taken were allowed to complete it.
    </textblock>
  </detailed_description>
  <overall_status>Terminated</overall_status>
  <why_stopped>
    Please see explanation in the Detailed Description field.
  </why_stopped>
  <start_date>June 2004</start_date>
  <completion_date type="Actual">October 2010</completion_date>
  <primary_completion_date type="Actual">July 2010</primary_completion_date>
  <phase>Phase 3</phase>
  <study_type>Interventional</study_type>
  <has_expanded_access>No</has_expanded_access>
  <study_design_info>
    <intervention_model>Single Group Assignment</intervention_model>
    <primary_purpose>Treatment</primary_purpose>
    <masking>None (Open Label)</masking>
  </study_design_info>
  <primary_outcome>
    <measure>Number of Patients With Adverse Events (AEs)</measure>
    <time_frame>Baseline to Week 24</time_frame>
    <description>Overview of AEs</description>
  </primary_outcome>
  <primary_outcome>
    <measure>Percentage of Patients Who Withdrew Due to Intolerance to Treatment</measure>
    <time_frame>Baseline to Week 24</time_frame>
  </primary_outcome>
  <secondary_outcome>
    <measure>Long-term Efficacy of Memantine on Behavioural Symptoms Using the Neuropsychiatric Inventory (NPI) - 12 Items Version Total Score.</measure>
    <time_frame>Baseline and Week 24</time_frame>
    <description>Change from Baseline in the NPI total score. Analysed by descriptive methods only.
NPI is a validated scale that assesses behavioural disturbances in patients with dementia. The 12 item version consists of 10 behavioural and 2 neurovegetative areas. It provides both a total score as well as scores for a number of sub-scales. The frequency, severity and caregiver distress for each domain are measured. The NPI is based upon responses obtained from the caregiver. The total score is from 0 to 144. A higher score reflects more frequency and severity of the disturbances.</description>
  </secondary_outcome>
  <secondary_outcome>
    <measure>Long-term Efficacy of Memantine on Cognition Using the Severe Impairment Battery (SIB) Total Score.</measure>
    <time_frame>Baseline and Week 24</time_frame>
    <description>Change from Baseline in the SIB total score. Analysed by descriptive methods only.
SIB is a validated scale used to assess cognitive function in patients with moderate to severe dementia. Items are single words or one-step commands combined with gestures. Nine domains are assessed, and the total score is between 0 and 100. A lower total score reflects the loss of cognitive function.</description>
  </secondary_outcome>
  <secondary_outcome>
    <measure>Long-term Efficacy of Memantine on Global Condition Using the Clinician's Interview-Based Impression of Change-Plus Version (CIBIC-plus).</measure>
    <time_frame>Week 24</time_frame>
    <description>CIBIC-plus. Improvement evaluated with reference to Baseline. Analysed by descriptive methods only.
CIBIC-plus is a global rating that is derived through an independent, comprehensive interview with the patient and caregiver by a rater who is barred from knowledge of all other psychometric test scores conducted as part of this protocol as well as from reported safety data. The rating is made on a 7-point scale ranging from &quot;1 = marked improvement&quot; to &quot;7 = marked worsening&quot;. A score of &quot;4&quot; indicates no change.</description>
  </secondary_outcome>
  <secondary_outcome>
    <measure>Long-term Efficacy of Memantine on Functioning Using the Alzheimer's Disease Cooperative Study - Activities of Daily Living Inventory (ADCS-ADL) 19-item Version Total Score</measure>
    <time_frame>Baseline and Week 24</time_frame>
    <description>Change from Baseline on the ADCS-ADL 19-item version total score. Analysed by descriptive methods only.
ADCS-ADL- 19 items version for moderate to severe AD will measure patient's functioning. This battery of ADL questions is used here to measure the functional capabilities of patients with dementia. The inventory is done by interviewing a person in close contact with the patient and covers the most usual and consistent performance of the patient over the preceding 4 weeks. Total score is from 0 to 54. The higher score, the lower impairment.</description>
  </secondary_outcome>
  <number_of_arms>1</number_of_arms>
  <enrollment type="Actual">297</enrollment>
  <condition>Alzheimer's Disease</condition>
  <arm_group>
    <arm_group_label>Memantine</arm_group_label>
    <arm_group_type>Experimental</arm_group_type>
  </arm_group>
  <intervention>
    <intervention_type>Drug</intervention_type>
    <intervention_name>Memantine</intervention_name>
    <description>20 mg oral tablets once daily</description>
    <arm_group_label>Memantine</arm_group_label>
    <other_name>Ebixa®</other_name>
  </intervention>
  <eligibility>
    <criteria>
      <textblock>
        Inclusion Criteria:

          -  Ambulatory outpatients with moderate to severe dementia of the Alzheimer's type who
             have completed the 24-week Study 10158 and who have a knowledgeable and reliable
             caregiver who will accompany the patient to all clinic visits during the course of the
             study.

        Exclusion Criteria:

          -  Diseases/medication which judged by the investigator could interfere with the
             assessments of safety, tolerability or efficacy.
      </textblock>
    </criteria>
    <gender>All</gender>
    <minimum_age>50 Years</minimum_age>
    <maximum_age>N/A</maximum_age>
    <healthy_volunteers>No</healthy_volunteers>
  </eligibility>
  <overall_official>
    <last_name>Email contact via H. Lundbeck A/S</last_name>
    <role>Study Director</role>
    <affiliation>LundbeckClinicalTrials@lundbeck.com</affiliation>
  </overall_official>
  <location>
    <facility>
      <name>CA019</name>
      <address>
        <city>Edmonton</city>
        <state>Alberta</state>
        <zip>T5G 0B7</zip>
        <country>Canada</country>
      </address>
    </facility>
  </location>
  <location>
    <facility>
      <name>CA033</name>
      <address>
        <city>Kelowna</city>
        <state>British Columbia</state>
        <zip>V1W 4V5</zip>
        <country>Canada</country>
      </address>
    </facility>
  </location>
  <location>
    <facility>
      <name>CA043</name>
      <address>
        <city>Kelowna</city>
        <state>British Columbia</state>
        <zip>V1Y 3G8</zip>
        <country>Canada</country>
      </address>
    </facility>
  </location>
  <location>
    <facility>
      <name>CA042</name>
      <address>
        <city>Penticton</city>
        <state>British Columbia</state>
        <zip>V2A 5C8</zip>
        <country>Canada</country>
      </address>
    </facility>
  </location>
  <location>
    <facility>
      <name>CA034</name>
      <address>
        <city>Winnipeg</city>
        <state>Manitoba</state>
        <zip>R3M 0X9</zip>
        <country>Canada</country>
      </address>
    </facility>
  </location>
  <location>
    <facility>
      <name>CA022</name>
      <address>
        <city>St. John</city>
        <state>New Brunswick</state>
        <country>Canada</country>
      </address>
    </facility>
  </location>
  <location>
    <facility>
      <name>CA045</name>
      <address>
        <city>Pictou</city>
        <state>Nova Scotia</state>
        <zip>B0K 1H0</zip>
        <country>Canada</country>
      </address>
    </facility>
  </location>
  <location>
    <facility>
      <name>CA032</name>
      <address>
        <city>Burlington</city>
        <state>Ontario</state>
        <zip>L7M 4Y1</zip>
        <country>Canada</country>
      </address>
    </facility>
  </location>
  <location>
    <facility>
      <name>CA029</name>
      <address>
        <city>Orangeville</city>
        <state>Ontario</state>
        <zip>L9W 2E1</zip>
        <country>Canada</country>
      </address>
    </facility>
  </location>
  <location>
    <facility>
      <name>CA004</name>
      <address>
        <city>Ottawa</city>
        <state>Ontario</state>
        <zip>K1N 5C8</zip>
        <country>Canada</country>
      </address>
    </facility>
  </location>
  <location>
    <facility>
      <name>CA038</name>
      <address>
        <city>Peterborough</city>
        <state>Ontario</state>
        <zip>K9H 2P4</zip>
        <country>Canada</country>
      </address>
    </facility>
  </location>
  <location>
    <facility>
      <name>CA009</name>
      <address>
        <city>Toronto</city>
        <state>Ontario</state>
        <zip>M3B 2W7</zip>
        <country>Canada</country>
      </address>
    </facility>
  </location>
  <location>
    <facility>
      <name>CA005</name>
      <address>
        <city>Beauport</city>
        <state>Quebec</state>
        <zip>G1J 2G3</zip>
        <country>Canada</country>
      </address>
    </facility>
  </location>
  <location>
    <facility>
      <name>CA023</name>
      <address>
        <city>Greenfield Park</city>
        <state>Quebec</state>
        <zip>J4V 2J2</zip>
        <country>Canada</country>
      </address>
    </facility>
  </location>
  <location>
    <facility>
      <name>CA013</name>
      <address>
        <city>Montreal</city>
        <state>Quebec</state>
        <zip>H1T 2M4</zip>
        <country>Canada</country>
      </address>
    </facility>
  </location>
  <location>
    <facility>
      <name>CA012</name>
      <address>
        <city>Sherbrooke</city>
        <state>Quebec</state>
        <zip>J1J 3H5</zip>
        <country>Canada</country>
      </address>
    </facility>
  </location>
  <location>
    <facility>
      <name>CA030</name>
      <address>
        <city>Vanier</city>
        <state>Quebec</state>
        <zip>G1M 2R9</zip>
        <country>Canada</country>
      </address>
    </facility>
  </location>
  <location>
    <facility>
      <name>CA017</name>
      <address>
        <city>Verdun</city>
        <state>Quebec</state>
        <zip>H4H 1R3</zip>
        <country>Canada</country>
      </address>
    </facility>
  </location>
  <location>
    <facility>
      <name>CA015</name>
      <address>
        <city>Regina</city>
        <state>Saskatchewan</state>
        <zip>S4T 1A5</zip>
        <country>Canada</country>
      </address>
    </facility>
  </location>
  <location>
    <facility>
      <name>CA040</name>
      <address>
        <city>Saskatoon</city>
        <state>Saskatchewan</state>
        <zip>S7N 0W8</zip>
        <country>Canada</country>
      </address>
    </facility>
  </location>
  <location>
    <facility>
      <name>CA044</name>
      <address>
        <city>Chatham</city>
        <zip>N7L 1B7</zip>
        <country>Canada</country>
      </address>
    </facility>
  </location>
  <location>
    <facility>
      <name>CA007</name>
      <address>
        <city>Kentville</city>
        <zip>B4N 4K9</zip>
        <country>Canada</country>
      </address>
    </facility>
  </location>
  <location>
    <facility>
      <name>CA046</name>
      <address>
        <city>Kentville</city>
        <zip>B4N 4K9</zip>
        <country>Canada</country>
      </address>
    </facility>
  </location>
  <location>
    <facility>
      <name>CA001</name>
      <address>
        <city>Kingston</city>
        <zip>K7L 2V7</zip>
        <country>Canada</country>
      </address>
    </facility>
  </location>
  <location>
    <facility>
      <name>CA003</name>
      <address>
        <city>London</city>
        <zip>N6A 4V2</zip>
        <country>Canada</country>
      </address>
    </facility>
  </location>
  <location>
    <facility>
      <name>CA002</name>
      <address>
        <city>London</city>
        <zip>N6C5J1</zip>
        <country>Canada</country>
      </address>
    </facility>
  </location>
  <location>
    <facility>
      <name>CA016</name>
      <address>
        <city>Moncton</city>
        <zip>E1C 4B7</zip>
        <country>Canada</country>
      </address>
    </facility>
  </location>
  <location>
    <facility>
      <name>CA024</name>
      <address>
        <city>Montreal</city>
        <zip>H2X 3J4</zip>
        <country>Canada</country>
      </address>
    </facility>
  </location>
  <location>
    <facility>
      <name>CA014</name>
      <address>
        <city>Montreal</city>
        <zip>H3T 1E2</zip>
        <country>Canada</country>
      </address>
    </facility>
  </location>
  <location>
    <facility>
      <name>CA011</name>
      <address>
        <city>Montreal</city>
        <zip>H4H 1R3</zip>
        <country>Canada</country>
      </address>
    </facility>
  </location>
  <location>
    <facility>
      <name>CA031</name>
      <address>
        <city>Sherbrooke</city>
        <zip>J1J 2B8</zip>
        <country>Canada</country>
      </address>
    </facility>
  </location>
  <location>
    <facility>
      <name>CA006</name>
      <address>
        <city>Toronto</city>
        <zip>M6M 3Z5</zip>
        <country>Canada</country>
      </address>
    </facility>
  </location>
  <location>
    <facility>
      <name>CA037</name>
      <address>
        <city>Windsor</city>
        <zip>N8X 5A6</zip>
        <country>Canada</country>
      </address>
    </facility>
  </location>
  <location_countries>
    <country>Canada</country>
  </location_countries>
  <verification_date>July 2012</verification_date>
  <!-- Old date names will be dropped in a few months (sometime in 2018)                        -->
  <lastchanged_date>July 26, 2012</lastchanged_date>
  <firstreceived_date>March 5, 2009</firstreceived_date>
  <firstreceived_results_date>July 26, 2012</firstreceived_results_date>
  <!-- New date names                                                                           -->
  <study_first_submitted>March 5, 2009</study_first_submitted>
  <study_first_submitted_qc>March 5, 2009</study_first_submitted_qc>
  <study_first_posted type="Estimate">March 6, 2009</study_first_posted>
  <results_first_submitted>July 26, 2012</results_first_submitted>
  <results_first_submitted_qc>July 26, 2012</results_first_submitted_qc>
  <results_first_posted type="Estimate">August 29, 2012</results_first_posted>
  <last_update_submitted>July 26, 2012</last_update_submitted>
  <last_update_submitted_qc>July 26, 2012</last_update_submitted_qc>
  <last_update_posted type="Estimate">August 29, 2012</last_update_posted>
  <!-- End of dates                                                                             -->
  <responsible_party>
    <responsible_party_type>Sponsor</responsible_party_type>
  </responsible_party>
  <keyword>Alzheimer's Disease</keyword>
  <condition_browse>
    <!-- CAUTION:  The following MeSH terms are assigned with an imperfect algorithm            -->
    <mesh_term>Alzheimer Disease</mesh_term>
  </condition_browse>
  <intervention_browse>
    <!-- CAUTION:  The following MeSH terms are assigned with an imperfect algorithm            -->
    <mesh_term>Memantine</mesh_term>
  </intervention_browse>

  <clinical_results>

    <participant_flow>
      <recruitment_details>This was an interventional, multi-centre, open-label, fixed-dose extension study to Study 10158. The Baseline visit in Study 10252 was scheduled to occur at the same time as the Week 24 Visit in Study 10158.</recruitment_details>
      <pre_assignment_details>Placebo patients from Study 10158 were uptitrated in weekly increments of 5 mg over a 4-week, double-blind period. Target dose of 20 mg/day was reached at the start of the 4th week and maintained for the rest of the study. Memantine patients in Study 10158 continued on 20 mg/day. From the end of Week 4, the study was open-label.</pre_assignment_details>
      <group_list>
        <group group_id="P1">
          <title>Memantine</title>
          <description>20 mg Oral Tablets Once Daily</description>
        </group>
      </group_list>
      <period_list>
        <period>
          <title>Overall Study</title>
          <milestone_list>
            <milestone>
              <title>STARTED</title>
              <participants_list>
                <participants group_id="P1" count="297"/>
              </participants_list>
            </milestone>
            <milestone>
              <title>COMPLETED</title>
              <participants_list>
                <participants group_id="P1" count="242"/>
              </participants_list>
            </milestone>
            <milestone>
              <title>NOT COMPLETED</title>
              <participants_list>
                <participants group_id="P1" count="55"/>
              </participants_list>
            </milestone>
          </milestone_list>
          <drop_withdraw_reason_list>
            <drop_withdraw_reason>
              <title>Adverse Event</title>
              <participants_list>
                <participants group_id="P1" count="24"/>
              </participants_list>
            </drop_withdraw_reason>
            <drop_withdraw_reason>
              <title>Lack of Efficacy</title>
              <participants_list>
                <participants group_id="P1" count="1"/>
              </participants_list>
            </drop_withdraw_reason>
            <drop_withdraw_reason>
              <title>Non-compliance</title>
              <participants_list>
                <participants group_id="P1" count="1"/>
              </participants_list>
            </drop_withdraw_reason>
            <drop_withdraw_reason>
              <title>Withdrawal of Consent</title>
              <participants_list>
                <participants group_id="P1" count="9"/>
              </participants_list>
            </drop_withdraw_reason>
            <drop_withdraw_reason>
              <title>Lost to Follow-up</title>
              <participants_list>
                <participants group_id="P1" count="4"/>
              </participants_list>
            </drop_withdraw_reason>
            <drop_withdraw_reason>
              <title>Nursing Home Placement</title>
              <participants_list>
                <participants group_id="P1" count="14"/>
              </participants_list>
            </drop_withdraw_reason>
            <drop_withdraw_reason>
              <title>Other Reasons</title>
              <participants_list>
                <participants group_id="P1" count="2"/>
              </participants_list>
            </drop_withdraw_reason>
          </drop_withdraw_reason_list>
        </period>
      </period_list>
    </participant_flow>

    <baseline>
      <group_list>
        <group group_id="B1">
          <title>Memantine</title>
          <description>20 mg Oral Tablets Once Daily</description>
        </group>
      </group_list>
      <analyzed_list>
        <analyzed>
          <units>Participants</units>
          <scope>Overall</scope>
          <count_list>
            <count group_id="B1" value="297"/>
          </count_list>
        </analyzed>
      </analyzed_list>
      <measure_list>
        <measure>
          <title>Age</title>
          <units>years</units>
          <param>Mean</param>
          <dispersion>Standard Deviation</dispersion>
          <class_list>
            <class>
              <category_list>
                <category>
                  <measurement_list>
                    <measurement group_id="B1" value="75" spread="7.3"/>
                  </measurement_list>
                </category>
              </category_list>
            </class>
          </class_list>
        </measure>
        <measure>
          <title>Gender</title>
          <units>participants</units>
          <param>Number</param>
          <class_list>
            <class>
              <title>Female</title>
              <category_list>
                <category>
                  <measurement_list>
                    <measurement group_id="B1" value="172"/>
                  </measurement_list>
                </category>
              </category_list>
            </class>
            <class>
              <title>Male</title>
              <category_list>
                <category>
                  <measurement_list>
                    <measurement group_id="B1" value="125"/>
                  </measurement_list>
                </category>
              </category_list>
            </class>
          </class_list>
        </measure>
        <measure>
          <title>NPI: Baseline Total Score</title>
          <description>The Neuropsychiatric Inventory (NPI) is a validated scale that assesses behavioural disturbances in patients with dementia. The 12 item version consists of 10 behavioural and 2 neurovegetative areas. It provides both a total score as well as scores for a number of sub-scales. The frequency, severity and caregiver distress for each domain are measured. The NPI is based upon responses obtained from the caregiver. The total score is from 0 to 144. A higher score reflects more frequency and severity of the disturbances.</description>
          <units>Scores on a scale</units>
          <param>Mean</param>
          <dispersion>Standard Deviation</dispersion>
          <class_list>
            <class>
              <category_list>
                <category>
                  <measurement_list>
                    <measurement group_id="B1" value="22.32" spread="15.41"/>
                  </measurement_list>
                </category>
              </category_list>
            </class>
          </class_list>
        </measure>
        <measure>
          <title>SIB: Baseline Total Score</title>
          <description>The Severe Impairment Battery (SIB) is a validated scale used to assess cognitive function in patients with moderate to severe dementia. Items are single words or one-step commands combined with gestures. Nine domains are assessed, and the total score is between 0 and 100. A lower total score reflects the loss of cognitive function.</description>
          <units>Scores on a Scale</units>
          <param>Mean</param>
          <dispersion>Standard Deviation</dispersion>
          <class_list>
            <class>
              <category_list>
                <category>
                  <measurement_list>
                    <measurement group_id="B1" value="79.99" spread="16.36"/>
                  </measurement_list>
                </category>
              </category_list>
            </class>
          </class_list>
        </measure>
        <measure>
          <title>CIBIC-plus: Baseline Severity Score</title>
          <description>Clinician's Interview-Based Impression of Change-Plus Version (CIBIC-plus) is a global rating that is derived through an independent, comprehensive interview with the patient and caregiver by a rater who is barred from knowledge of all other psychometric test scores conducted as part of this protocol as well as from reported safety data. The rating is made on a 7-point scale ranging from &quot;1 = marked improvement&quot; to &quot;7 = marked worsening&quot;. A score of &quot;4&quot; indicates no change.</description>
          <units>Scores on a scale</units>
          <param>Mean</param>
          <dispersion>Standard Deviation</dispersion>
          <class_list>
            <class>
              <category_list>
                <category>
                  <measurement_list>
                    <measurement group_id="B1" value="4.52" spread="0.85"/>
                  </measurement_list>
                </category>
              </category_list>
            </class>
          </class_list>
        </measure>
        <measure>
          <title>ADCS-ADL - 19 items: Baseline Total Score</title>
          <description>The Alzheimer's Disease Cooperative Study - Activities of Daily Living Inventory (ADCS-ADL) 19-item version total score for moderate to severe AD will measure patient's functioning. This battery of ADL questions is used here to measure the functional capabilities of patients with dementia. The inventory is done by interviewing a person in close contact with the patient and covers the most usual and consistent performance of the patient over the preceding 4 weeks. Total score is from 0 to 54. The higher score, the lower impairment.</description>
          <units>Scores on a scale</units>
          <param>Mean</param>
          <dispersion>Standard Deviation</dispersion>
          <class_list>
            <class>
              <category_list>
                <category>
                  <measurement_list>
                    <measurement group_id="B1" value="33.43" spread="10.06"/>
                  </measurement_list>
                </category>
              </category_list>
            </class>
          </class_list>
        </measure>
      </measure_list>
    </baseline>

    <outcome_list>
      <outcome>
        <type>Primary</type>
        <title>Number of Patients With Adverse Events (AEs)</title>
        <description>Overview of AEs</description>
        <time_frame>Baseline to Week 24</time_frame>
        <population>Completers from lead-in study 10158 were eligible for this open-label extension study. We analysed the All-patients-treated Set (APTS) - all patients who took at least one dose of investigational medicinal product (IMP)</population>
        <group_list>
          <group group_id="O1">
            <title>Memantine</title>
            <description>20 mg Oral Tablets Once Daily</description>
          </group>
        </group_list>
        <measure>
          <title>Number of Patients With Adverse Events (AEs)</title>
          <description>Overview of AEs</description>
          <population>Completers from lead-in study 10158 were eligible for this open-label extension study. We analysed the All-patients-treated Set (APTS) - all patients who took at least one dose of investigational medicinal product (IMP)</population>
          <units>participants</units>
          <param>Number</param>
          <analyzed_list>
            <analyzed>
              <units>Participants</units>
              <scope>Measure</scope>
              <count_list>
                <count group_id="O1" value="297"/>
              </count_list>
            </analyzed>
          </analyzed_list>
          <class_list>
            <class>
              <title>Patients with AEs</title>
              <category_list>
                <category>
                  <measurement_list>
                    <measurement group_id="O1" value="191"/>
                  </measurement_list>
                </category>
              </category_list>
            </class>
            <class>
              <title>Patients with serious AEs (SAEs)</title>
              <category_list>
                <category>
                  <measurement_list>
                    <measurement group_id="O1" value="27"/>
                  </measurement_list>
                </category>
              </category_list>
            </class>
            <class>
              <title>Patients with AEs Leading to Withdrawal</title>
              <category_list>
                <category>
                  <measurement_list>
                    <measurement group_id="O1" value="24"/>
                  </measurement_list>
                </category>
              </category_list>
            </class>
            <class>
              <title>Patients with Baseline Events</title>
              <category_list>
                <category>
                  <measurement_list>
                    <measurement group_id="O1" value="1"/>
                  </measurement_list>
                </category>
              </category_list>
            </class>
          </class_list>
        </measure>
      </outcome>
      <outcome>
        <type>Secondary</type>
        <title>Long-term Efficacy of Memantine on Behavioural Symptoms Using the Neuropsychiatric Inventory (NPI) - 12 Items Version Total Score.</title>
        <description>Change from Baseline in the NPI total score. Analysed by descriptive methods only.
NPI is a validated scale that assesses behavioural disturbances in patients with dementia. The 12 item version consists of 10 behavioural and 2 neurovegetative areas. It provides both a total score as well as scores for a number of sub-scales. The frequency, severity and caregiver distress for each domain are measured. The NPI is based upon responses obtained from the caregiver. The total score is from 0 to 144. A higher score reflects more frequency and severity of the disturbances.</description>
        <time_frame>Baseline and Week 24</time_frame>
        <population>APTS; Observed cases (OC)</population>
        <group_list>
          <group group_id="O1">
            <title>Memantine</title>
            <description>20 mg Oral Tablets Once Daily</description>
          </group>
        </group_list>
        <measure>
          <title>Long-term Efficacy of Memantine on Behavioural Symptoms Using the Neuropsychiatric Inventory (NPI) - 12 Items Version Total Score.</title>
          <description>Change from Baseline in the NPI total score. Analysed by descriptive methods only.
NPI is a validated scale that assesses behavioural disturbances in patients with dementia. The 12 item version consists of 10 behavioural and 2 neurovegetative areas. It provides both a total score as well as scores for a number of sub-scales. The frequency, severity and caregiver distress for each domain are measured. The NPI is based upon responses obtained from the caregiver. The total score is from 0 to 144. A higher score reflects more frequency and severity of the disturbances.</description>
          <population>APTS; Observed cases (OC)</population>
          <units>Scores on a scale</units>
          <param>Mean</param>
          <dispersion>Standard Deviation</dispersion>
          <analyzed_list>
            <analyzed>
              <units>Participants</units>
              <scope>Measure</scope>
              <count_list>
                <count group_id="O1" value="247"/>
              </count_list>
            </analyzed>
          </analyzed_list>
          <class_list>
            <class>
              <category_list>
                <category>
                  <measurement_list>
                    <measurement group_id="O1" value="2.11" spread="16.12"/>
                  </measurement_list>
                </category>
              </category_list>
            </class>
          </class_list>
        </measure>
      </outcome>
      <outcome>
        <type>Secondary</type>
        <title>Long-term Efficacy of Memantine on Cognition Using the Severe Impairment Battery (SIB) Total Score.</title>
        <description>Change from Baseline in the SIB total score. Analysed by descriptive methods only.
SIB is a validated scale used to assess cognitive function in patients with moderate to severe dementia. Items are single words or one-step commands combined with gestures. Nine domains are assessed, and the total score is between 0 and 100. A lower total score reflects the loss of cognitive function.</description>
        <time_frame>Baseline and Week 24</time_frame>
        <population>APTS; OC</population>
        <group_list>
          <group group_id="O1">
            <title>Memantine</title>
            <description>20 mg Oral Tablets Once Daily</description>
          </group>
        </group_list>
        <measure>
          <title>Long-term Efficacy of Memantine on Cognition Using the Severe Impairment Battery (SIB) Total Score.</title>
          <description>Change from Baseline in the SIB total score. Analysed by descriptive methods only.
SIB is a validated scale used to assess cognitive function in patients with moderate to severe dementia. Items are single words or one-step commands combined with gestures. Nine domains are assessed, and the total score is between 0 and 100. A lower total score reflects the loss of cognitive function.</description>
          <population>APTS; OC</population>
          <units>Scores on a scale</units>
          <param>Mean</param>
          <dispersion>Standard Deviation</dispersion>
          <analyzed_list>
            <analyzed>
              <units>Participants</units>
              <scope>Measure</scope>
              <count_list>
                <count group_id="O1" value="244"/>
              </count_list>
            </analyzed>
          </analyzed_list>
          <class_list>
            <class>
              <category_list>
                <category>
                  <measurement_list>
                    <measurement group_id="O1" value="-5.60" spread="9.81"/>
                  </measurement_list>
                </category>
              </category_list>
            </class>
          </class_list>
        </measure>
      </outcome>
      <outcome>
        <type>Secondary</type>
        <title>Long-term Efficacy of Memantine on Global Condition Using the Clinician's Interview-Based Impression of Change-Plus Version (CIBIC-plus).</title>
        <description>CIBIC-plus. Improvement evaluated with reference to Baseline. Analysed by descriptive methods only.
CIBIC-plus is a global rating that is derived through an independent, comprehensive interview with the patient and caregiver by a rater who is barred from knowledge of all other psychometric test scores conducted as part of this protocol as well as from reported safety data. The rating is made on a 7-point scale ranging from &quot;1 = marked improvement&quot; to &quot;7 = marked worsening&quot;. A score of &quot;4&quot; indicates no change.</description>
        <time_frame>Week 24</time_frame>
        <population>APTS; OC</population>
        <group_list>
          <group group_id="O1">
            <title>Memantine</title>
            <description>20 mg Oral Tablets Once Daily</description>
          </group>
        </group_list>
        <measure>
          <title>Long-term Efficacy of Memantine on Global Condition Using the Clinician's Interview-Based Impression of Change-Plus Version (CIBIC-plus).</title>
          <description>CIBIC-plus. Improvement evaluated with reference to Baseline. Analysed by descriptive methods only.
CIBIC-plus is a global rating that is derived through an independent, comprehensive interview with the patient and caregiver by a rater who is barred from knowledge of all other psychometric test scores conducted as part of this protocol as well as from reported safety data. The rating is made on a 7-point scale ranging from &quot;1 = marked improvement&quot; to &quot;7 = marked worsening&quot;. A score of &quot;4&quot; indicates no change.</description>
          <population>APTS; OC</population>
          <units>Scores on a scale</units>
          <param>Mean</param>
          <dispersion>Standard Deviation</dispersion>
          <analyzed_list>
            <analyzed>
              <units>Participants</units>
              <scope>Measure</scope>
              <count_list>
                <count group_id="O1" value="243"/>
              </count_list>
            </analyzed>
          </analyzed_list>
          <class_list>
            <class>
              <category_list>
                <category>
                  <measurement_list>
                    <measurement group_id="O1" value="4.75" spread="1.14"/>
                  </measurement_list>
                </category>
              </category_list>
            </class>
          </class_list>
        </measure>
      </outcome>
      <outcome>
        <type>Secondary</type>
        <title>Long-term Efficacy of Memantine on Functioning Using the Alzheimer's Disease Cooperative Study - Activities of Daily Living Inventory (ADCS-ADL) 19-item Version Total Score</title>
        <description>Change from Baseline on the ADCS-ADL 19-item version total score. Analysed by descriptive methods only.
ADCS-ADL- 19 items version for moderate to severe AD will measure patient's functioning. This battery of ADL questions is used here to measure the functional capabilities of patients with dementia. The inventory is done by interviewing a person in close contact with the patient and covers the most usual and consistent performance of the patient over the preceding 4 weeks. Total score is from 0 to 54. The higher score, the lower impairment.</description>
        <time_frame>Baseline and Week 24</time_frame>
        <population>APTS; OC</population>
        <group_list>
          <group group_id="O1">
            <title>Memantine</title>
            <description>20 mg Oral Tablets Once Daily</description>
          </group>
        </group_list>
        <measure>
          <title>Long-term Efficacy of Memantine on Functioning Using the Alzheimer's Disease Cooperative Study - Activities of Daily Living Inventory (ADCS-ADL) 19-item Version Total Score</title>
          <description>Change from Baseline on the ADCS-ADL 19-item version total score. Analysed by descriptive methods only.
ADCS-ADL- 19 items version for moderate to severe AD will measure patient's functioning. This battery of ADL questions is used here to measure the functional capabilities of patients with dementia. The inventory is done by interviewing a person in close contact with the patient and covers the most usual and consistent performance of the patient over the preceding 4 weeks. Total score is from 0 to 54. The higher score, the lower impairment.</description>
          <population>APTS; OC</population>
          <units>Scores on a scale</units>
          <param>Mean</param>
          <dispersion>Standard Deviation</dispersion>
          <analyzed_list>
            <analyzed>
              <units>Participants</units>
              <scope>Measure</scope>
              <count_list>
                <count group_id="O1" value="247"/>
              </count_list>
            </analyzed>
          </analyzed_list>
          <class_list>
            <class>
              <category_list>
                <category>
                  <measurement_list>
                    <measurement group_id="O1" value="-4.16" spread="6.45"/>
                  </measurement_list>
                </category>
              </category_list>
            </class>
          </class_list>
        </measure>
      </outcome>
      <outcome>
        <type>Primary</type>
        <title>Percentage of Patients Who Withdrew Due to Intolerance to Treatment</title>
        <time_frame>Baseline to Week 24</time_frame>
        <population>APTS</population>
        <group_list>
          <group group_id="O1">
            <title>Memantine</title>
            <description>20 mg Oral Tablets Once Daily</description>
          </group>
        </group_list>
        <measure>
          <title>Percentage of Patients Who Withdrew Due to Intolerance to Treatment</title>
          <population>APTS</population>
          <units>percentage of participants</units>
          <param>Number</param>
          <analyzed_list>
            <analyzed>
              <units>Participants</units>
              <scope>Measure</scope>
              <count_list>
                <count group_id="O1" value="297"/>
              </count_list>
            </analyzed>
          </analyzed_list>
          <class_list>
            <class>
              <category_list>
                <category>
                  <measurement_list>
                    <measurement group_id="O1" value="8.1"/>
                  </measurement_list>
                </category>
              </category_list>
            </class>
          </class_list>
        </measure>
      </outcome>
    </outcome_list>

    <reported_events>
      <time_frame>24 weeks plus 30 days safety follow-up period</time_frame>
      <group_list>
        <group group_id="E1">
          <title>Memantine</title>
          <description>20 mg Oral Tablets Once Daily</description>
        </group>
      </group_list>
      <serious_events>
        <default_vocab>MedDRA 12.1</default_vocab>
        <default_assessment>Non-systematic Assessment</default_assessment>
        <category_list>
          <category>
            <title>Total</title>
            <event_list>
              <event>
                <sub_title>Total, serious adverse events</sub_title>
                <counts group_id="E1" subjects_affected="27" subjects_at_risk="297"/>
              </event>
            </event_list>
          </category>
          <category>
            <title>Blood and lymphatic system disorders</title>
            <event_list>
              <event>
                <sub_title>Anaemia</sub_title>
                <counts group_id="E1" subjects_affected="1" subjects_at_risk="297"/>
              </event>
            </event_list>
          </category>
          <category>
            <title>Cardiac disorders</title>
            <event_list>
              <event>
                <sub_title>Acute myocardial infarction</sub_title>
                <counts group_id="E1" subjects_affected="1" subjects_at_risk="297"/>
              </event>
              <event>
                <sub_title>Bradycardia</sub_title>
                <counts group_id="E1" subjects_affected="1" subjects_at_risk="297"/>
              </event>
              <event>
                <sub_title>Cardiac failure</sub_title>
                <counts group_id="E1" subjects_affected="1" subjects_at_risk="297"/>
              </event>
              <event>
                <sub_title>Supraventricular tachycardia</sub_title>
                <counts group_id="E1" subjects_affected="1" subjects_at_risk="297"/>
              </event>
            </event_list>
          </category>
          <category>
            <title>General disorders</title>
            <event_list>
              <event>
                <sub_title>Asthenia</sub_title>
                <counts group_id="E1" subjects_affected="1" subjects_at_risk="297"/>
              </event>
            </event_list>
          </category>
          <category>
            <title>Hepatobiliary disorders</title>
            <event_list>
              <event>
                <sub_title>Bile duct stone</sub_title>
                <counts group_id="E1" subjects_affected="1" subjects_at_risk="297"/>
              </event>
            </event_list>
          </category>
          <category>
            <title>Infections and infestations</title>
            <event_list>
              <event>
                <sub_title>Gastroenteritis</sub_title>
                <counts group_id="E1" subjects_affected="1" subjects_at_risk="297"/>
              </event>
              <event>
                <sub_title>Pneumonia</sub_title>
                <counts group_id="E1" subjects_affected="1" subjects_at_risk="297"/>
              </event>
              <event>
                <sub_title>Scrotal infection</sub_title>
                <counts group_id="E1" subjects_affected="1" subjects_at_risk="297"/>
              </event>
              <event>
                <sub_title>Urinary tract infection bacterial</sub_title>
                <counts group_id="E1" subjects_affected="1" subjects_at_risk="297"/>
              </event>
            </event_list>
          </category>
          <category>
            <title>Injury, poisoning and procedural complications</title>
            <event_list>
              <event>
                <sub_title>Acetabulum fracture</sub_title>
                <counts group_id="E1" subjects_affected="1" subjects_at_risk="297"/>
              </event>
              <event>
                <sub_title>Fall</sub_title>
                <counts group_id="E1" subjects_affected="5" subjects_at_risk="297"/>
              </event>
              <event>
                <sub_title>Hip fracture</sub_title>
                <counts group_id="E1" subjects_affected="2" subjects_at_risk="297"/>
              </event>
              <event>
                <sub_title>Lumbar vertebral fracture</sub_title>
                <counts group_id="E1" subjects_affected="1" subjects_at_risk="297"/>
              </event>
              <event>
                <sub_title>Upper limb fracture</sub_title>
                <counts group_id="E1" subjects_affected="1" subjects_at_risk="297"/>
              </event>
            </event_list>
          </category>
          <category>
            <title>Musculoskeletal and connective tissue disorders</title>
            <event_list>
              <event>
                <sub_title>Muscular weakness</sub_title>
                <counts group_id="E1" subjects_affected="1" subjects_at_risk="297"/>
              </event>
            </event_list>
          </category>
          <category>
            <title>Neoplasms benign, malignant and unspecified (incl cysts and polyps)</title>
            <event_list>
              <event>
                <sub_title>Oesophageal carcinoma</sub_title>
                <counts group_id="E1" subjects_affected="1" subjects_at_risk="297"/>
              </event>
              <event>
                <sub_title>Prostate cancer</sub_title>
                <counts group_id="E1" subjects_affected="1" subjects_at_risk="297"/>
              </event>
            </event_list>
          </category>
          <category>
            <title>Nervous system disorders</title>
            <event_list>
              <event>
                <sub_title>Dementia Alzheimer's type</sub_title>
                <counts group_id="E1" subjects_affected="2" subjects_at_risk="297"/>
              </event>
              <event>
                <sub_title>Dizziness</sub_title>
                <counts group_id="E1" subjects_affected="2" subjects_at_risk="297"/>
              </event>
              <event>
                <sub_title>Syncope</sub_title>
                <counts group_id="E1" subjects_affected="1" subjects_at_risk="297"/>
              </event>
            </event_list>
          </category>
          <category>
            <title>Psychiatric disorders</title>
            <event_list>
              <event>
                <sub_title>Abnormal behaviour</sub_title>
                <counts group_id="E1" subjects_affected="1" subjects_at_risk="297"/>
              </event>
              <event>
                <sub_title>Aggression</sub_title>
                <counts group_id="E1" subjects_affected="1" subjects_at_risk="297"/>
              </event>
              <event>
                <sub_title>Hallucination</sub_title>
                <counts group_id="E1" subjects_affected="1" subjects_at_risk="297"/>
              </event>
              <event>
                <sub_title>Restlessness</sub_title>
                <counts group_id="E1" subjects_affected="1" subjects_at_risk="297"/>
              </event>
            </event_list>
          </category>
          <category>
            <title>Respiratory, thoracic and mediastinal disorders</title>
            <event_list>
              <event>
                <sub_title>Pneumonia aspiration</sub_title>
                <counts group_id="E1" subjects_affected="1" subjects_at_risk="297"/>
              </event>
              <event>
                <sub_title>Pulmonary embolism</sub_title>
                <counts group_id="E1" subjects_affected="1" subjects_at_risk="297"/>
              </event>
            </event_list>
          </category>
          <category>
            <title>Social circumstances</title>
            <event_list>
              <event>
                <sub_title>Social stay hospitalisation</sub_title>
                <counts group_id="E1" subjects_affected="3" subjects_at_risk="297"/>
              </event>
            </event_list>
          </category>
        </category_list>
      </serious_events>
      <other_events>
        <frequency_threshold>3</frequency_threshold>
        <category_list>
          <category>
            <title>Total</title>
            <event_list>
              <event>
                <sub_title>Total, other adverse events</sub_title>
                <counts group_id="E1" subjects_affected="85" subjects_at_risk="297"/>
              </event>
            </event_list>
          </category>
          <category>
            <title>Gastrointestinal disorders</title>
            <event_list>
              <event>
                <sub_title>Constipation</sub_title>
                <counts group_id="E1" subjects_affected="9" subjects_at_risk="297"/>
              </event>
              <event>
                <sub_title>Diarrhoea</sub_title>
                <counts group_id="E1" subjects_affected="12" subjects_at_risk="297"/>
              </event>
              <event>
                <sub_title>Nausea</sub_title>
                <counts group_id="E1" subjects_affected="10" subjects_at_risk="297"/>
              </event>
            </event_list>
          </category>
          <category>
            <title>General disorders</title>
            <event_list>
              <event>
                <sub_title>Gait disturbance</sub_title>
                <counts group_id="E1" subjects_affected="9" subjects_at_risk="297"/>
              </event>
            </event_list>
          </category>
          <category>
            <title>Injury, poisoning and procedural complications</title>
            <event_list>
              <event>
                <sub_title>Fall</sub_title>
                <counts group_id="E1" subjects_affected="15" subjects_at_risk="297"/>
              </event>
            </event_list>
          </category>
          <category>
            <title>Nervous system disorders</title>
            <event_list>
              <event>
                <sub_title>Dizziness</sub_title>
                <counts group_id="E1" subjects_affected="15" subjects_at_risk="297"/>
              </event>
              <event>
                <sub_title>Headache</sub_title>
                <counts group_id="E1" subjects_affected="10" subjects_at_risk="297"/>
              </event>
            </event_list>
          </category>
          <category>
            <title>Psychiatric disorders</title>
            <event_list>
              <event>
                <sub_title>Agitation</sub_title>
                <counts group_id="E1" subjects_affected="18" subjects_at_risk="297"/>
              </event>
              <event>
                <sub_title>Confusional state</sub_title>
                <counts group_id="E1" subjects_affected="10" subjects_at_risk="297"/>
              </event>
            </event_list>
          </category>
        </category_list>
      </other_events>
    </reported_events>

    <certain_agreements>
      <pi_employee>Principal Investigators are NOT employed by the organization sponsoring the study.</pi_employee>
      <restrictive_agreement>The main publication has to be published before any sub-publications. Order of authors has to be established. Publication of the results by the investigator will be subject to mutual agreement between the investigator and H. Lundbeck A/S. Manuscripts and abstracts must be sent to H. Lundbeck A/S at least one month prior to submission for publication or presentation.</restrictive_agreement>
    </certain_agreements>
    <limitations_and_caveats>Long recruitment, premature termination.</limitations_and_caveats>
    <point_of_contact>
      <name_or_title>H. Lundbeck A/S</name_or_title>
      <organization>H. Lundbeck A/S</organization>
      <phone>+45 3630 1311</phone>
      <email>LundbeckClinicalTrials@lundbeck.com</email>
    </point_of_contact>
  </clinical_results>
</clinical_study>

