<?xml version="1.0" encoding="UTF-8"?>
<clinical_study rank="316">
  <!-- This xml conforms to an XML Schema at:
    https://clinicaltrials.gov/ct2/html/images/info/public.xsd -->
  <required_header>
    <download_date>ClinicalTrials.gov processed this data on November 07, 2017</download_date>
    <link_text>Link to the current ClinicalTrials.gov record.</link_text>
    <url>https://clinicaltrials.gov/show/NCT02560753</url>
  </required_header>
  <id_info>
    <org_study_id>T3D959-201</org_study_id>
    <nct_id>NCT02560753</nct_id>
  </id_info>
  <brief_title>Feasibility Study in Subjects With Mild to Moderate Alzheimer's Disease</brief_title>
  <official_title>Phase 2a Feasibility Study of T3D-959 in Subjects With Mild to Moderate Alzheimer's Disease</official_title>
  <sponsors>
    <lead_sponsor>
      <agency>T3D Therapeutics, Inc.</agency>
      <agency_class>Industry</agency_class>
    </lead_sponsor>
  </sponsors>
  <source>T3D Therapeutics, Inc.</source>
  <oversight_info>
    <has_dmc>No</has_dmc>
  </oversight_info>
  <brief_summary>
    <textblock>
      The study is a randomized, parallel, 4-dose design in subjects with mild-to-moderate
      Alzheimer's Disease. Subjects will be randomized to one of 4 doses of T3D-959. Subjects will
      be evaluated for changes from baseline in cerebral metabolic rate of glucose (FDG-PET
      imaging), functional connectivity of the hippocampus (BOLD-fMRI), and cognitive function
      (ADAS-Cog11 and DSST) as well as assessed for safety and tolerability to T3D-959.

      An expanded access extension is planed to provide access to study medication to subjects who
      have completed the main study and requested continued use.
    </textblock>
  </brief_summary>
  <detailed_description>
    <textblock>
      T3D-959 is an orally-delivered, once-a-day administered, small molecule dual nuclear receptor
      agonist that has been shown in animal and Phase 1 studies in normal human subjects to be safe
      and well tolerated. The purpose of this clinical study in AD patients is to demonstrate
      mechanistic proof of concept that T3D-959, can produce desired changes in cerebral glucose
      metabolism and functional connectivity that may indicate potential for cognitive improvement.
      The therapeutic approach to be tested is based on two suppositions; (A) ameliorating multiple
      pathologies in the disease with a single therapy may provide a superior clinical benefit than
      therapeutic approaches which target a single pathology and (B) correcting insulin resistance
      in the brain, (highly correlated with AD and potential key driver of AD pathophysiology) and
      peripherally may be disease remedial.

      The brain requires integral insulin signaling for metabolic homeostasis and neuronal
      plasticity. Insulin resistance disrupts energy balance and signaling networks needed for a
      broad range of functions. Impaired insulin signaling in neurons enhances apoptosis, promotes
      oxidative cell death induced by Abeta1-42, increases secretion of Abeta1-42, blocks removal
      of extracellular Abeta oligomers and increases plaque loads. A growing body of evidence
      suggests that brain insulin resistance promotes or possibly is the trigger of key pathologies
      in AD and is supported by observed changes in levels of insulin signaling molecules in AD
      forebrains and associated changes in memory. Pre-clinical studies in animals have
      demonstrated the insulin sensitizing activity of T3D-959 and ability to improve multiple
      pathologies of AD in a rat model of disease.

      This non-placebo controlled trial will be conducted in one to three clinical centers. Thirty
      six (36) patients with mild-to-moderate Alzheimer's disease will be randomly assigned to once
      daily, orally administered treatment with 3mg, 10mg, 30mg or 90mg doses of T3D-959.
      Participants will be treated for two weeks and will undergo at baseline and at two weeks;
      FDG-PET scans to measure brain glucose metabolism, BOLD fMRI scans to measure functional
      connectivity of the hippocampus, venous blood draws for biomarker analysis and ApoE
      genotyping, and ADAS-Cog11 and DSST cognitive testing. For monitoring potential toxicities of
      the drug subjects will undergo physical examination, neurological examination, adverse event
      review, blood chemistries, and pharmacokinetic (PK) analyses for T3D-959 plasma levels.

      Expanded Access Extension: This is an open label 10 visit extension for up to 5 subjects who
      have completed the T3D959-201 protocol and whose caregivers and physician requested their
      continued treatment in an expanded access protocol. All subjects enrolled in this study will
      be treated with a 15mg q.d. dose of T3D959 for six months, regardless of their assigned dose
      level from the main study. A continued risk/benefit assessment by the investigator will be
      conducted at each visit to determine the need for treatment continuation. Subjects will be
      assessed for safety and tolerability to T3D-959 and evaluated for changes from baseline
      cognitive function via ADAS-Cog11 and DSST testing and global change via CIBIC-plus testing.
    </textblock>
  </detailed_description>
  <overall_status>Active, not recruiting</overall_status>
  <start_date>July 2015</start_date>
  <completion_date type="Anticipated">January 2017</completion_date>
  <primary_completion_date type="Actual">May 2016</primary_completion_date>
  <phase>Phase 1/Phase 2</phase>
  <study_type>Interventional</study_type>
  <has_expanded_access>No</has_expanded_access>
  <study_design_info>
    <allocation>Randomized</allocation>
    <intervention_model>Parallel Assignment</intervention_model>
    <primary_purpose>Treatment</primary_purpose>
    <masking>None (Open Label)</masking>
  </study_design_info>
  <primary_outcome>
    <measure>The effect of treatment with T3D-959 on changes in 18F-FDG-PET measurements of the cerebral metabolic rate for glucose (CMRgl) in an empirically pre-specified statistical region of interest (sROI) that is preferentially affected by AD.</measure>
    <time_frame>after 14 days of treatment</time_frame>
    <description>Two-week potential changes in regional cerebral metabolic rate of glucose in an empirically pre-specified statistical region of interest (sROI) that is preferentially affected by AD, normalized for the absolute variation in an empirically pre-specified statistic ROI that is relatively spared. For additional exploratory purposes, we will also assess longitudinal changes in a priori regions of interest (ROI) including bilateral regions: posterior cingulate, parietal cortex (angular gyrus), lateral temporal cortex, medial temporal cortex, and anterior cingulate-medial frontal cortex, and using statistical brain maps of regional CMRgl change, with and without correction for multiple comparisons in AD-affected search regions. The imaging protocol developed for the AD Neuroimaging Initiative (ADNI2) will be used.</description>
  </primary_outcome>
  <primary_outcome>
    <measure>The effect of treatment with T3D-959 on changes in resting state Blood Oxygen Level Dependent (BOLD) signal in functional Magnetic Resonance Imaging (fMRI) of the brain areas associated with cognitive tasks.</measure>
    <time_frame>after 14 days of treatment</time_frame>
    <description>The baseline default mode network (DMN) connectivity pre-drug scan will be compared to that for the scan obtained after 2 weeks of drug therapy. The connectivity between a priori regions of interest (ROI) the precuneus/posterior cingulate and left hippocampus will be our primary interest. The resting state functional connectivity protocol developed for ADNI2 will be used.</description>
  </primary_outcome>
  <secondary_outcome>
    <measure>Change from Baseline in the score of the Digit Symbol Substitution Test</measure>
    <time_frame>after 14 days of treatment</time_frame>
    <description>The digit symbol substitution test assesses attention, psychomotor speed, complex scanning, visual tracking, and immediate memory. This test consists of 4 rows each with 25 small blank squares; above each square is a number between 1 and 9. At the top is a 'key,' which pairs each number (1 through 9) with an unfamiliar symbol. The participant has 90 seconds to work as quickly as possible (left to right across the rows) to fill in each blank square with the appropriate symbol based on the number above the square. Results are presented as total number correct; therefore, lower numbers indicate greater impairment. Scores on the DSST range from 0-93.</description>
  </secondary_outcome>
  <secondary_outcome>
    <measure>Comparison of the response to treatment of T3D-959 based on ApoE genotype</measure>
    <time_frame>after 14 days of treatment</time_frame>
    <description>The results from the primary outcome with FDG-PET and BOLD fMRI will be segregated in this secondary analysis by ApoE genotype.</description>
  </secondary_outcome>
  <secondary_outcome>
    <measure>Change from Baseline in the plasma metabolome profile after 2 week treatment with T3D-959 using mass spectrometry.</measure>
    <time_frame>after 14 days of treatment</time_frame>
    <description>Analyze the plasma metabolome to assess the hypothesis that AD is associated with a unique metabolome and that subsets of this metabolome change in response to treatment with T3D-959.</description>
  </secondary_outcome>
  <secondary_outcome>
    <measure>Change from Baseline in the total score of the 11-item Alzheimer's Disease Assessment Scale - Cognitive Subscale</measure>
    <time_frame>after 14 days of treatment</time_frame>
    <description>The ADAScog is a psychometric instrument that evaluates memory, attention, reasoning, language, orientation, and praxis. A higher score indicates more impairment and the maximum severity score is 70. A positive change indicates cognitive worsening.</description>
  </secondary_outcome>
  <other_outcome>
    <measure>Safety and tolerability of treatment with T3D-959 over a 2-week period in subjects with mild-to-moderate AD.</measure>
    <time_frame>during and after 14 days of treatment</time_frame>
    <description>Number of participants with treatment related adverse events as assessed by analysis of adverse events, including symptoms, and abnormal findings on physical and neurological examinations, and standard labs.</description>
  </other_outcome>
  <number_of_arms>4</number_of_arms>
  <enrollment type="Anticipated">36</enrollment>
  <condition>Alzheimer's Disease</condition>
  <arm_group>
    <arm_group_label>T3D-959 3mg</arm_group_label>
    <arm_group_type>Experimental</arm_group_type>
    <description>Nine subjects will take 3mg by mouth once daily for two weeks, with or without food.</description>
  </arm_group>
  <arm_group>
    <arm_group_label>T3D-959 10mg</arm_group_label>
    <arm_group_type>Experimental</arm_group_type>
    <description>Nine subjects will take 10mg by mouth once daily for two weeks, with or without food.</description>
  </arm_group>
  <arm_group>
    <arm_group_label>T3D-959 30mg</arm_group_label>
    <arm_group_type>Experimental</arm_group_type>
    <description>Nine subjects will take 30mg by mouth once daily for two weeks, with or without food.</description>
  </arm_group>
  <arm_group>
    <arm_group_label>T3D-959 90mg</arm_group_label>
    <arm_group_type>Experimental</arm_group_type>
    <description>Nine subjects will take 90mg by mouth once daily for two weeks, with or without food.</description>
  </arm_group>
  <intervention>
    <intervention_type>Drug</intervention_type>
    <intervention_name>T3D-959</intervention_name>
    <description>The 3mg dosage is supplied as 1mg capsules (three capsules, taken once daily by mouth) The 10mg dosage is supplied as 5mg capsules (two capsules, taken once daily by mouth) The 30mg dosage is supplied as either 5mg or 15mg capsules (six 5mg capsules or two 15mg capsules taken once daily by mouth) The 90mg dosage is supplied as 15mg capsules (six capsules, taken once daily by mouth)</description>
    <arm_group_label>T3D-959 3mg</arm_group_label>
    <arm_group_label>T3D-959 10mg</arm_group_label>
    <arm_group_label>T3D-959 30mg</arm_group_label>
    <arm_group_label>T3D-959 90mg</arm_group_label>
  </intervention>
  <eligibility>
    <criteria>
      <textblock>
        Inclusion Criteria:

          -  Meets criteria for mild-to-moderate AD with Mini-Mental State Examination (MMSE) score
             of 14 through 26

          -  Clinical Dementia Rating = 0.5 to 2.0

          -  Modified Hachinski less than or equal to 4

          -  A clinical diagnosis of AD per NINCDS-ADRDA criteria

          -  Washout of psychoactive medication (other than anti-depressants): at least 4 weeks
             prior to baseline

          -  Stability of all permitted medications for 4-12 weeks prior to baseline

          -  Visual and auditory acuity adequate for neuropsychological testing

          -  Home monitoring available for supervision of medications

        Exclusion Criteria:

          -  Unstable diabetes or insulin use

          -  Unable to participate in FDG-PET scanning

          -  Inability to undergo a clinical MRI of the brain

          -  Diagnosis of significant neurological/psychiatric disease other than AD

          -  History of moderate or severe congestive heart failure, NYHA class III or IV, within
             12 months prior to baseline.

          -  Previous cardiovascular event within the past 6 months prior to baseline

          -  Subject is pregnant, or lactating.

          -  ALT and/or AST levels that are twice the upper limit of normal; bilirubin levels that
             exceed 2 mg/dL; serum creatinine &gt;1.5 mg/dL in men or &gt; 1.4 mg/dL in women.

          -  Current or history of severe or unstable disorder (medical or psychiatric) requiring
             treatment that may make the subject unlikely to complete the study.

          -  Current use of fluvoxamine.

          -  Current unstable use of warfarin.

          -  Current use (within 30 days of baseline, visit 2) of certain highly protein-bound
             medications

          -  Malignancy within the last 5 years (other than non-melanoma skin cancer, stable,
             non-progressive prostate cancer not requiring treatment or in situ cervical cancer).

          -  Known history of HIV, hepatitis B, or hepatitis C.

          -  Blood pressure greater than 160/100 mmHg.

          -  Known or suspected intolerance or hypersensitivity to the study drugs, closely related
             compounds, or any of their stated ingredients.

          -  History of alcohol, drug abuse or dependence (except nicotine dependence) within 2
             years.

          -  Investigational amyloid lowering therapies use within two months prior to baseline

          -  Have participated in any other investigational study or received an investigational
             drug within 30 days or 5 half-lives (whichever is longer) prior to baseline

          -  Any surgical or medical condition which may significantly alter the absorption of any
             drug substance

          -  Resides in hospital or moderate to high dependency continuous care facility.

          -  Non ambulatory, or wheelchair-bound

          -  History of swallowing difficulties.

          -  Evidence of clinically relevant pathology that in the investigator's opinion could
             interfere with the study results or put the subject's safety at risk.

        Expanded Access Extension :

        Subjects must continue to meet the main study inclusion/exclusion criteria to insure
        continued safety to continue on a 6 months study extension
      </textblock>
    </criteria>
    <gender>All</gender>
    <minimum_age>50 Years</minimum_age>
    <maximum_age>90 Years</maximum_age>
    <healthy_volunteers>No</healthy_volunteers>
  </eligibility>
  <overall_official>
    <last_name>John Didsbury, Ph.D.</last_name>
    <role>Study Chair</role>
    <affiliation>T3DTherapeutics, Inc.</affiliation>
  </overall_official>
  <location>
    <facility>
      <name>Brain Matters Research</name>
      <address>
        <city>Delray Beach</city>
        <state>Florida</state>
        <zip>33445</zip>
        <country>United States</country>
      </address>
    </facility>
  </location>
  <location>
    <facility>
      <name>Miami Jewish Health Systems</name>
      <address>
        <city>Miami</city>
        <state>Florida</state>
        <zip>33137</zip>
        <country>United States</country>
      </address>
    </facility>
  </location>
  <location>
    <facility>
      <name>New Hope Clinical Research</name>
      <address>
        <city>Charlotte</city>
        <state>North Carolina</state>
        <zip>28204</zip>
        <country>United States</country>
      </address>
    </facility>
  </location>
  <location_countries>
    <country>United States</country>
  </location_countries>
  <verification_date>June 2016</verification_date>
  <!-- Old date names will be dropped in a few months (sometime in 2018)                        -->
  <lastchanged_date>June 6, 2016</lastchanged_date>
  <firstreceived_date>July 28, 2015</firstreceived_date>
  <!-- New date names                                                                           -->
  <study_first_submitted>July 28, 2015</study_first_submitted>
  <study_first_submitted_qc>September 23, 2015</study_first_submitted_qc>
  <study_first_posted type="Estimate">September 25, 2015</study_first_posted>
  <last_update_submitted>June 6, 2016</last_update_submitted>
  <last_update_submitted_qc>June 6, 2016</last_update_submitted_qc>
  <last_update_posted type="Estimate">June 8, 2016</last_update_posted>
  <!-- End of dates                                                                             -->
  <responsible_party>
    <responsible_party_type>Sponsor</responsible_party_type>
  </responsible_party>
  <condition_browse>
    <!-- CAUTION:  The following MeSH terms are assigned with an imperfect algorithm            -->
    <mesh_term>Alzheimer Disease</mesh_term>
  </condition_browse>
  <patient_data>
    <sharing_ipd>Undecided</sharing_ipd>
  </patient_data>
  <!-- Results have not yet been posted for this study                                          -->
</clinical_study>

