<?xml version="1.0" encoding="UTF-8"?>
<clinical_study rank="117">
  <!-- This xml conforms to an XML Schema at:
    https://clinicaltrials.gov/ct2/html/images/info/public.xsd -->
  <required_header>
    <download_date>ClinicalTrials.gov processed this data on November 07, 2017</download_date>
    <link_text>Link to the current ClinicalTrials.gov record.</link_text>
    <url>https://clinicaltrials.gov/show/NCT01380288</url>
  </required_header>
  <id_info>
    <org_study_id>neuropark</org_study_id>
    <nct_id>NCT01380288</nct_id>
  </id_info>
  <brief_title>Cognitive Changes in Alzheimer's Disease Patients Associated With or Without White Matter Changes After Rivastigmine</brief_title>
  <acronym>CAREER</acronym>
  <official_title>Changes of Cognitive Function in Patients With Mild to Moderate Alzheimer's Disease Associated With or Without White Matter Changes After Rivastigmine Patch Therapy - Multi-center, Prospective, Open-label Clinical Trial</official_title>
  <sponsors>
    <lead_sponsor>
      <agency>Dong-A University</agency>
      <agency_class>Other</agency_class>
    </lead_sponsor>
    <collaborator>
      <agency>Novartis Korea Ltd.</agency>
      <agency_class>Industry</agency_class>
    </collaborator>
  </sponsors>
  <source>Dong-A University</source>
  <oversight_info>
    <has_dmc>Yes</has_dmc>
  </oversight_info>
  <brief_summary>
    <textblock>
      The purpose of this study is to evaluate and compare the changes of cognitive function (as
      measured by ADAS-Cog) in the two group of patients with Alzheimer's disease (AD) associated
      with and without white matter changes after rivastigmine patch therapy.
    </textblock>
  </brief_summary>
  <detailed_description>
    <textblock>
      Acetylcholinesterase inhibitors (AChEIs) increase the amount acetylcholine at ACh receptors
      within the brain, and are the primary medications used to treat AD. Alzheimer's disease
      patients are frequently associated with mild or moderate white matter changes on MR imaging.
      The impact of whiter matter changes on the efficacy of cognition, functional abilities,
      behavioral and psychiatric symptoms and caregiver burden for probable Alzheimer's disease is
      not well known. There are very few studies for the efficacy of rivastigmine between the
      patients with mild to moderate Alzheimer's disease associated with or without vascular risk
      factors.

      Recently, the rivastigmine patch demonstrated efficacy comparable to the highest doses of
      rivastigmine capsules, with markedly improved tolerability profile. The investigators
      hypothesized that rivastigmine patch will provide benefits to AD patients with white matter
      changes compared to those without any white matter changes. Possible explanation about
      favorable benefits for AD with white matter changes is that rivastigmine may act on both
      Alzheimer's and vascular pathologies contributing to dementia, providing additive treatment
      effects in patients suffering from both conditions concurrently. To our Knowledge, there was
      no study or clinical trial to compare the changes of cognitive function, ADL, BPSD and
      caregiver burden in two groups of patient with Alzheimer's disease associated with or without
      white matter changes after rivastigmine transdermal patch therapy.
    </textblock>
  </detailed_description>
  <overall_status>Unknown status</overall_status>
  <last_known_status>Active, not recruiting</last_known_status>
  <start_date>June 2011</start_date>
  <completion_date type="Anticipated">December 2012</completion_date>
  <primary_completion_date type="Anticipated">December 2012</primary_completion_date>
  <phase>N/A</phase>
  <study_type>Interventional</study_type>
  <has_expanded_access>No</has_expanded_access>
  <study_design_info>
    <allocation>Non-Randomized</allocation>
    <intervention_model>Parallel Assignment</intervention_model>
    <primary_purpose>Treatment</primary_purpose>
    <masking>None (Open Label)</masking>
  </study_design_info>
  <primary_outcome>
    <measure>The changes of cognitive function as measured by ADAS-Cog</measure>
    <time_frame>24 weeks</time_frame>
  </primary_outcome>
  <secondary_outcome>
    <measure>MMSE (Mini-Mental State Examination)</measure>
    <time_frame>24 weeks</time_frame>
  </secondary_outcome>
  <secondary_outcome>
    <measure>Clinical Dementia Rating Scale-Sum of Boxes (CDR-SB)</measure>
    <time_frame>24 weeks</time_frame>
  </secondary_outcome>
  <secondary_outcome>
    <measure>Alzheimer's Disease Cooperative Study - Activities of Daily Living (ADCS-ADL)</measure>
    <time_frame>24 weeks</time_frame>
  </secondary_outcome>
  <secondary_outcome>
    <measure>Caregiver-Administered Neuropsychiatric Inventory (CGA-NPI)</measure>
    <time_frame>24 weeks</time_frame>
  </secondary_outcome>
  <secondary_outcome>
    <measure>Caregiver burden scale</measure>
    <time_frame>24 weeks</time_frame>
  </secondary_outcome>
  <secondary_outcome>
    <measure>Adverse events</measure>
    <time_frame>24 weeks</time_frame>
  </secondary_outcome>
  <number_of_arms>2</number_of_arms>
  <enrollment type="Anticipated">300</enrollment>
  <condition>Alzheimer's Disease</condition>
  <arm_group>
    <arm_group_label>without white matter change</arm_group_label>
    <arm_group_type>Active Comparator</arm_group_type>
  </arm_group>
  <arm_group>
    <arm_group_label>with white matter change group</arm_group_label>
    <arm_group_type>Active Comparator</arm_group_type>
  </arm_group>
  <intervention>
    <intervention_type>Drug</intervention_type>
    <intervention_name>rivastigmine patch</intervention_name>
    <description>rivastigmine patch 5cm2 for 4 weeks and then augmented to 10cm2 for 20 weeks</description>
    <arm_group_label>without white matter change</arm_group_label>
    <arm_group_label>with white matter change group</arm_group_label>
    <other_name>Exelon patch</other_name>
  </intervention>
  <eligibility>
    <criteria>
      <textblock>
        Inclusion Criteria:

          -  AD in NINCDS-ADRDA criteria, mild to moderate

          -  probable AD with or without mild to moderate whiter matter lesions, excluding multiple
             large vessel infarcts or a single, strategically placed infarct (angular gyrus,
             thalamus, basal forebrain, territory of the posterior or anterior cerebral artery) on
             MRI scan (within 12 months)

          -  MMSE score : 10 to 26 at screening

          -  Hachinski scores ≤ 4

          -  No clinically significant laboratory abnormalities, such as thyroid disease, vitamine
             B12 deficiency or folic acid deficiency

        Exclusion Criteria:

          -  Current evidence of history of neurological, psychiatric and other illness that could
             contribute to dementia

          -  Subjects with clinical significant cardiovascular disease, stroke, pulmonary disease
             or any other medical disease in the past 6 months

          -  History of cancer within the last 5 years

          -  Subjects with evidence or history of clinically significant allergic reaction to AchEI
             or drugs

          -  Subjects who had significant visual or hearing difficulties
      </textblock>
    </criteria>
    <gender>All</gender>
    <minimum_age>50 Years</minimum_age>
    <maximum_age>90 Years</maximum_age>
    <healthy_volunteers>No</healthy_volunteers>
  </eligibility>
  <overall_official>
    <last_name>Kyung Won Park, MD, PhD</last_name>
    <role>Principal Investigator</role>
    <affiliation>Dong-A University</affiliation>
  </overall_official>
  <location>
    <facility>
      <name>Holy Family Hospital, The Catholic Univerisy of Korea, School of Medicine</name>
      <address>
        <city>Bucheon</city>
        <country>Korea, Republic of</country>
      </address>
    </facility>
  </location>
  <location>
    <facility>
      <name>Busan National University Hospital</name>
      <address>
        <city>Busan</city>
        <country>Korea, Republic of</country>
      </address>
    </facility>
  </location>
  <location>
    <facility>
      <name>Busan Paik Hospital, Inje University College of Medicine</name>
      <address>
        <city>Busan</city>
        <country>Korea, Republic of</country>
      </address>
    </facility>
  </location>
  <location>
    <facility>
      <name>Changwon Fatima Hospital</name>
      <address>
        <city>Changwon</city>
        <country>Korea, Republic of</country>
      </address>
    </facility>
  </location>
  <location>
    <facility>
      <name>Daegu Fatima Hospital</name>
      <address>
        <city>Daegu</city>
        <country>Korea, Republic of</country>
      </address>
    </facility>
  </location>
  <location>
    <facility>
      <name>Keimyung University School of Medicine</name>
      <address>
        <city>Daegu</city>
        <country>Korea, Republic of</country>
      </address>
    </facility>
  </location>
  <location>
    <facility>
      <name>Kyungpook National University School of Medicine</name>
      <address>
        <city>Daegu</city>
        <country>Korea, Republic of</country>
      </address>
    </facility>
  </location>
  <location>
    <facility>
      <name>Myongji Hospital, Kwandong University College of Medicine</name>
      <address>
        <city>Goyang</city>
        <country>Korea, Republic of</country>
      </address>
    </facility>
  </location>
  <location>
    <facility>
      <name>Dongguk University International Hospital</name>
      <address>
        <city>Ilsan</city>
        <country>Korea, Republic of</country>
      </address>
    </facility>
  </location>
  <location>
    <facility>
      <name>National Health Insurance Corporation Ilsan Hospital</name>
      <address>
        <city>Ilsan</city>
        <country>Korea, Republic of</country>
      </address>
    </facility>
  </location>
  <location>
    <facility>
      <name>Inha University College of Medicine</name>
      <address>
        <city>Incheon</city>
        <country>Korea, Republic of</country>
      </address>
    </facility>
  </location>
  <location>
    <facility>
      <name>Gyeongsang National University College of Medicine</name>
      <address>
        <city>Jinju</city>
        <country>Korea, Republic of</country>
      </address>
    </facility>
  </location>
  <location>
    <facility>
      <name>Chonnam National University, Medical School</name>
      <address>
        <city>Kwangju</city>
        <country>Korea, Republic of</country>
      </address>
    </facility>
  </location>
  <location>
    <facility>
      <name>Seoul National Unviersity College of Medicine, Clinical neuroscience center, Seoul National Unviersity Bundang Hospital</name>
      <address>
        <city>Seongnam</city>
        <country>Korea, Republic of</country>
      </address>
    </facility>
  </location>
  <location>
    <facility>
      <name>The Catholic Univerisy of Korea, School of Medicine</name>
      <address>
        <city>Seoul</city>
        <country>Korea, Republic of</country>
      </address>
    </facility>
  </location>
  <location>
    <facility>
      <name>Pusan National University Yangsan Hospital</name>
      <address>
        <city>Yangsan</city>
        <country>Korea, Republic of</country>
      </address>
    </facility>
  </location>
  <location_countries>
    <country>Korea, Republic of</country>
  </location_countries>
  <verification_date>April 2011</verification_date>
  <!-- Old date names will be dropped in a few months (sometime in 2018)                        -->
  <lastchanged_date>August 14, 2012</lastchanged_date>
  <firstreceived_date>June 21, 2011</firstreceived_date>
  <!-- New date names                                                                           -->
  <study_first_submitted>June 21, 2011</study_first_submitted>
  <study_first_submitted_qc>June 23, 2011</study_first_submitted_qc>
  <study_first_posted type="Estimate">June 27, 2011</study_first_posted>
  <last_update_submitted>August 14, 2012</last_update_submitted>
  <last_update_submitted_qc>August 14, 2012</last_update_submitted_qc>
  <last_update_posted type="Estimate">August 16, 2012</last_update_posted>
  <!-- End of dates                                                                             -->
  <responsible_party>
    <responsible_party_type>Principal Investigator</responsible_party_type>
    <investigator_affiliation>Dong-A University</investigator_affiliation>
    <investigator_full_name>Kyungil Park</investigator_full_name>
    <investigator_title>Assistant professor</investigator_title>
  </responsible_party>
  <keyword>Alzheimer's disease</keyword>
  <keyword>rivastigmine patch</keyword>
  <keyword>white matter change</keyword>
  <condition_browse>
    <!-- CAUTION:  The following MeSH terms are assigned with an imperfect algorithm            -->
    <mesh_term>Alzheimer Disease</mesh_term>
  </condition_browse>
  <intervention_browse>
    <!-- CAUTION:  The following MeSH terms are assigned with an imperfect algorithm            -->
    <mesh_term>Rivastigmine</mesh_term>
  </intervention_browse>
  <!-- Results have not yet been posted for this study                                          -->
</clinical_study>

