<?xml version="1.0" encoding="UTF-8"?>
<clinical_study rank="239">
  <!-- This xml conforms to an XML Schema at:
    https://clinicaltrials.gov/ct2/html/images/info/public.xsd -->
  <required_header>
    <download_date>ClinicalTrials.gov processed this data on November 07, 2017</download_date>
    <link_text>Link to the current ClinicalTrials.gov record.</link_text>
    <url>https://clinicaltrials.gov/show/NCT02537496</url>
  </required_header>
  <id_info>
    <org_study_id>005/2015</org_study_id>
    <nct_id>NCT02537496</nct_id>
  </id_info>
  <brief_title>Enhancing Working Memory in Patients With Early Alzheimer's Disease Through the Use of rTMS</brief_title>
  <acronym>rTMS-AD</acronym>
  <official_title>Enhancing Working Memory in Patients With Early Alzheimer's Disease Through the Enhancement of Dorsolateral Prefrontal Cortex Neuroplasticity: A TMS-EEG Study</official_title>
  <sponsors>
    <lead_sponsor>
      <agency>Centre for Addiction and Mental Health</agency>
      <agency_class>Other</agency_class>
    </lead_sponsor>
    <collaborator>
      <agency>Brain &amp; Behavior Research Foundation</agency>
      <agency_class>Other</agency_class>
    </collaborator>
    <collaborator>
      <agency>University of Toronto</agency>
      <agency_class>Other</agency_class>
    </collaborator>
  </sponsors>
  <source>Centre for Addiction and Mental Health</source>
  <oversight_info>
    <has_dmc>Yes</has_dmc>
  </oversight_info>
  <brief_summary>
    <textblock>
      In this study the investigators aim at assessing and then enhancing neuroplasticity in the
      dorsolateral prefrontal cortex (DLPFC) and working memory - a key function of DLPFC - in
      patients with mild Alzheimer's disease (AD). The investigators will use Paired Associative
      Stimulation (PAS) paradigm to measure neuroplasticity and then a 4-week course of
      high-frequency repetitive Transcranial Magnetic Stimulation (rTMS) to the DLPFC to enhance
      cognitive function. Clinical and cognitive assessments will be done at baseline, one week,
      one month and 6 months after the rTMS course. Healthy controls will also be enrolled to carry
      out baseline cognitive assessments and a baseline measurement of neuroplasticity.
    </textblock>
  </brief_summary>
  <detailed_description>
    <textblock>
      Specific aim 1: To assess working memory in participants with Alzheimer's disease (AD) and
      its change in response to a 4-week course of bilateral rTMS of DLPFC.

      Hypothesis 1a: Compared to healthy individuals, participants with AD will be impaired on the
      N-back task.

      Hypothesis 1b: Compared to sham rTMS, active rTMS will result in improvement on the N-back
      task in participants with AD at 1 week and 4 weeks after the treatment.

      Specific aim 2: To assess DLPFC theta-gamma coupling during working memory performance in AD
      and its change in response to a 4-week course of bilateral rTMS of DLPFC.

      Hypothesis 2a: Compared to healthy individuals, participants with AD will be impaired on
      DLPFC theta-gamma coupling during the N-back task.

      Hypothesis 2b &amp; 2c: Compared to sham rTMS, active rTMS will result in improvement in DLPFC
      theta-gamma coupling during the N-back task in participants with AD at 1 week and 4 weeks
      after the treatment.

      Specific aim 3: To assess DLPFC neuroplasticity using PAS in participants with AD and its
      change in response to a 4-week course of bilateral rTMS.

      Hypothesis 3a: Compared to healthy individuals, participants with AD will be impaired on
      PAS-induced neuroplasticity.

      Hypothesis 3b: Compared to sham rTMS, active rTMS will result in improvement on PAS-induced
      neuroplasticity in participants with AD at 1 week and 4 weeks after the treatment.

      Specific aim 4: To assess change in working memory, theta gamma coupling and DLPFC
      neuroplasticity at 6 months after the course of bilateral rTMS.

      Hypothesis 4: Compared to sham rTMS, active rTMS group will perform better on measures of
      working memory, theta gamma coupling and PAS- induced DLPFC neuroplasticity 6 months after
      the course of rTMS.

      Specific aim 5: To assess the change in general cognitive function at 4 weeks and 6 months
      after the course of bilateral rTMS.

      Hypothesis 5: Compared to sham rTMS, active rTMS group will perform better on measures of
      general cognitive function at 4 weeks and 6 months after the course of rTMS.

      Specific Aim 6: To assess insight in AD at baseline and any change in insight at 4 week and 6
      month post rTMS follow up. H6: Participants with AD will have impaired insight into illness
      and cognitive function and they will experience improved insight at 4 week and 6 month follow
      up points.

      Specific Aim 7: To validate a new scale for insight in AD , 'The Scale to Assess Anosognosia
      in Neurocognitive Disorders' (SAND) for its ability to assess insight at baseline and any
      change at 4 weeks and 6 month follow up points. H7: In participants with AD, SAND will be
      able to assess insight into illness and cognitive function at baseline, and will be able to
      detect change in insight at follow up points.
    </textblock>
  </detailed_description>
  <overall_status>Recruiting</overall_status>
  <start_date>August 2015</start_date>
  <completion_date type="Anticipated">May 2018</completion_date>
  <primary_completion_date type="Anticipated">May 2018</primary_completion_date>
  <phase>N/A</phase>
  <study_type>Interventional</study_type>
  <has_expanded_access>No</has_expanded_access>
  <study_design_info>
    <allocation>Randomized</allocation>
    <intervention_model>Parallel Assignment</intervention_model>
    <intervention_model_description>Participants will be assigned randomly to a 4-week repetitive course of either rTMS or control intervention (Sham rTMS) that is similar to rTMS but does not produce the same amount of brain stimulation.</intervention_model_description>
    <primary_purpose>Treatment</primary_purpose>
    <masking>Quadruple (Participant, Care Provider, Investigator, Outcomes Assessor)</masking>
    <masking_description>Active placebo coil will be used as a Sham condition. This coil effectively mimics the real stimulation producing somatic sensation and sound (contraction of scalp muscles) with minimal direct brain effects. Same stimulation parameters and site as active condition will be used.</masking_description>
  </study_design_info>
  <primary_outcome>
    <measure>Change in N-back Task Performance</measure>
    <time_frame>pre-intervention (baseline) and then 7 days, 4 weeks and 6 months after intervention</time_frame>
    <description>The N-Back is a working memory task where the subject is presented with a sequence of stimuli (letters).
The task consists of indicating when the current stimulus matches the one from N steps earlier in the sequence. By measuring the accuracy on the N-back task, the investigators will assess the working memory at baseline and compare the change at 7days, 4 weeks and 6 months post-intervention.
The investigators' pilot data suggests that this test is most discriminatory between AD participants and healthy controls. The N-back task will be administered while recording EEG online to assess theta-gamma coupling.</description>
  </primary_outcome>
  <secondary_outcome>
    <measure>Changes in Theta Phase-Gamma Amplitude Coupling</measure>
    <time_frame>Change from baseline at 7 days, 4 weeks and 6 months after intervention.</time_frame>
    <description>Theta gamma coupling may serve as a surrogate marker of neuroplasticity and underlie working memory performance. From EEG recordings, the investigators will assess the changes in this marker from baseline at 7 days, 4 weeks and 6 months after intervention.</description>
  </secondary_outcome>
  <secondary_outcome>
    <measure>Changes in DLPFC Neuroplasticity</measure>
    <time_frame>Change from baseline at 7 days, 4 weeks and 6 months after intervention.</time_frame>
    <description>The investigators will use a previously established protocol to administer PAS to assess DLPFC neuroplasticity at baseline and compare the changes at 7 days, 4 weeks and 6 months after intervention.
It involves stimulation on median nerve at wrist followed by TMS of DLPFC after 25 ms delay. PAS-induced neuroplasticity will be measured as the change in TMS-induced cortical evoked activity in response to PAS and as captured with EEG.</description>
  </secondary_outcome>
  <secondary_outcome>
    <measure>Changes in Cognitive Function Measures Scores</measure>
    <time_frame>Change from baseline at 7 days, 4 weeks and 6 months after intervention.</time_frame>
    <description>The investigators will use an array of neuropsychological (NP) tests to measure the general cognitive functions at baseline and the change from baseline at 7 days, 4 weeks and 6 months after intervention.
The NP tests include: Executive Interview (EXIT25), Montreal Cognitive Assessment (MOCA) and Cambridge Neuropsychological Test Automated Battery (CANTAB).</description>
  </secondary_outcome>
  <secondary_outcome>
    <measure>Validating a new scale for insight in Alzheimer's disease.</measure>
    <time_frame>Change from baseline at 7 days and 6 months after intervention.</time_frame>
    <description>The Scale to Assess Anosognosia in Neurocognitive Disorders' (SAND) is a new scale to assess insight in patients with Alzheimer's disease. It measures the core dimensions of clinical insight into AD, including general illness awareness, symptom attribution, awareness of need for treatment, and awareness of negative consequences attributable to the illness.</description>
  </secondary_outcome>
  <number_of_arms>3</number_of_arms>
  <enrollment type="Anticipated">45</enrollment>
  <condition>Alzheimer's Disease</condition>
  <arm_group>
    <arm_group_label>Alzheimer's disease rTMS</arm_group_label>
    <arm_group_type>Experimental</arm_group_type>
    <description>The intervention procedure done in this group is repetitive Transcranial Magnetic Stimulation.</description>
  </arm_group>
  <arm_group>
    <arm_group_label>Alzheimer's disease rTMS Sham</arm_group_label>
    <arm_group_type>Sham Comparator</arm_group_type>
    <description>The intervention procedure done in this group is Repetitive Transcranial Magnetic Stimulation - Sham</description>
  </arm_group>
  <arm_group>
    <arm_group_label>Healthy Control</arm_group_label>
    <arm_group_type>No Intervention</arm_group_type>
    <description>Healthy control group will only participate in baseline assessments which include baseline neuropsychological testing and baseline measurement of neuroplasticity. This will be used to standardize neuropsychological test scores and to compare the baseline neuroplasticity between healthy participants and Alzheimer's disease (AD) participants. Healthy control group will not get rTMS intervention.</description>
  </arm_group>
  <intervention>
    <intervention_type>Procedure</intervention_type>
    <intervention_name>Repetitive Transcranial Magnetic Stimulation</intervention_name>
    <description>Active treatment will be delivered at 90% resting motor threshold intensity. Stimulation will be administered at 20 Hz with 25 stimulation trains of 30 stimuli each with an inter-train interval of 30 sec. Treatment will be applied in sequential order bilaterally to the left and right DLPFC.</description>
    <arm_group_label>Alzheimer's disease rTMS</arm_group_label>
    <other_name>rTMS</other_name>
  </intervention>
  <intervention>
    <intervention_type>Procedure</intervention_type>
    <intervention_name>Repetitive Transcranial Magnetic Stimulation - Sham</intervention_name>
    <description>Same stimulation parameters and site as active condition will be used, but with placebo coil which will have minimal direct brain effects</description>
    <arm_group_label>Alzheimer's disease rTMS Sham</arm_group_label>
    <other_name>rTMS - Sham</other_name>
  </intervention>
  <eligibility>
    <criteria>
      <textblock>
        Inclusion Criteria for AD participants:

          1. Age 55 years or above.

          2. Ability to understand and speak English.

          3. Confirmed Diagnosis of Probable AD by NIA-AA criteria.

          4. Either not taking Cognitive enhancers or taking them at a stable dose for the last 3
             months.

          5. Willingness and ability to provide informed consent or an ability to assent and
             availability of a substitute decision maker willing to provide consent on
             participant's behalf.

          6. Corrected visual acuity enough to read newspaper headlines.

          7. Ability to hear a raised conversational voice, with hearing aids if needed.

        Inclusion criteria for healthy control participants:

          1. Age 55 or above.

          2. Willingness and ability to speak English.

          3. Willingness and ability to provide informed consent.

          4. Corrected visual acuity enough to read newspaper headlines.

          5. Ability to hear a raised conversational voice, with hearing aids if needed.

        Exclusion Criteria for AD participants:

          1. MOCA score &lt; 10.

          2. DSM IV - TR diagnosis of a current episode of mood disorder in the last 3 months.

          3. DSM IV - TR diagnosis of a current anxiety disorder in the last 3 months.

          4. DSM IV - TR diagnosis of a current substance use disorder in the last 3 months.

          5. DSM IV - TR diagnosis of a current or lifetime primary psychotic disorder.

          6. Diagnosis of intellectual disability or a neurodevelopmental disorder.

          7. Electroconvulsive Therapy treatment in the last 6 months.

          8. History of a seizure other than a febrile seizure in infancy.

          9. Currently taking Anticonvulsants or Benzodiazepines.

         10. Any contraindication for TMS or any other medical condition/circumstances that would
             make the study participation difficult for the participant.

        Exclusion criteria for healthy control participants:

          1. Meets criteria for a DSM IV - TR diagnosis other than simple phobias or Adjustment
             disorder.

          2. Any other neurological disorder affecting central nervous system.

          3. Psychotropic medication except for sedative /hypnotics at a stable dose for at least 4
             weeks.

          4. History of seizure other than a febrile seizure in infancy

          5. Currently taking Anticonvulsants or Benzodiazepines.

          6. Any contraindication for TMS or any other medical condition/circumstances that would
             make the study participation difficult for the participant.
      </textblock>
    </criteria>
    <gender>All</gender>
    <minimum_age>55 Years</minimum_age>
    <maximum_age>N/A</maximum_age>
    <healthy_volunteers>Accepts Healthy Volunteers</healthy_volunteers>
  </eligibility>
  <overall_official>
    <last_name>Sanjeev Kumar, MD, FRCPC</last_name>
    <role>Principal Investigator</role>
    <affiliation>Center for Addiction and Mental Health</affiliation>
  </overall_official>
  <overall_contact>
    <last_name>Sanjeev Kumar, MD, FRCPC</last_name>
    <phone>416 535 8501</phone>
    <phone_ext>39384</phone_ext>
    <email>sanjeev.kumar@camh.ca</email>
  </overall_contact>
  <overall_contact_backup>
    <last_name>Zaid Ghazala, MBBS</last_name>
    <phone>416 535 8501</phone>
    <phone_ext>30070</phone_ext>
    <email>zaid.ghazala@camh.ca</email>
  </overall_contact_backup>
  <location>
    <facility>
      <name>Center for Addiction and Mental Health</name>
      <address>
        <city>Toronto</city>
        <state>Ontario</state>
        <zip>M6J 1H1</zip>
        <country>Canada</country>
      </address>
    </facility>
    <status>Recruiting</status>
    <contact>
      <last_name>Sanjeev Kumar, MD, FRCPC</last_name>
      <phone>+1.416.535.8501</phone>
      <phone_ext>39384</phone_ext>
      <email>Sanjeev.Kumar@camh.ca</email>
    </contact>
    <contact_backup>
      <last_name>Zaid Ghazala, MBBS</last_name>
      <phone>+1.416.535.8501</phone>
      <phone_ext>30070</phone_ext>
      <email>Zaid.Ghazala@camh.ca</email>
    </contact_backup>
    <investigator>
      <last_name>Sanjeev Kumar, MD, FRCPC</last_name>
      <role>Principal Investigator</role>
    </investigator>
    <investigator>
      <last_name>Tarek K. Rajji, MD, FRCPC</last_name>
      <role>Sub-Investigator</role>
    </investigator>
    <investigator>
      <last_name>Daniel M. Blumberger, MD,MS,FRCPC</last_name>
      <role>Sub-Investigator</role>
    </investigator>
    <investigator>
      <last_name>Philip Gerretsen, MD,PhD,FRCPC</last_name>
      <role>Sub-Investigator</role>
    </investigator>
    <investigator>
      <last_name>Benoit H. Mulsant, MD,MS,FRCPC</last_name>
      <role>Sub-Investigator</role>
    </investigator>
    <investigator>
      <last_name>Bruce G. Pollock, MD,PhD,FRCPC</last_name>
      <role>Sub-Investigator</role>
    </investigator>
  </location>
  <location_countries>
    <country>Canada</country>
  </location_countries>
  <link>
    <url>http://www.camh.ca/en/research</url>
    <description>Description: The Centre for Addiction and Mental Health (CAMH) is the leading mental health and addictions research facility in Canada, and one of the largest in the world.</description>
  </link>
  <verification_date>July 2017</verification_date>
  <!-- Old date names will be dropped in a few months (sometime in 2018)                        -->
  <lastchanged_date>July 18, 2017</lastchanged_date>
  <firstreceived_date>July 30, 2015</firstreceived_date>
  <!-- New date names                                                                           -->
  <study_first_submitted>July 30, 2015</study_first_submitted>
  <study_first_submitted_qc>August 31, 2015</study_first_submitted_qc>
  <study_first_posted type="Estimate">September 1, 2015</study_first_posted>
  <last_update_submitted>July 18, 2017</last_update_submitted>
  <last_update_submitted_qc>July 18, 2017</last_update_submitted_qc>
  <last_update_posted type="Actual">July 19, 2017</last_update_posted>
  <!-- End of dates                                                                             -->
  <responsible_party>
    <responsible_party_type>Principal Investigator</responsible_party_type>
    <investigator_affiliation>Centre for Addiction and Mental Health</investigator_affiliation>
    <investigator_full_name>Sanjeev Kumar</investigator_full_name>
    <investigator_title>Sanjeev Kumar, MD, FRCPC</investigator_title>
  </responsible_party>
  <keyword>Alzheimer's Disease</keyword>
  <keyword>Brain stimulation</keyword>
  <keyword>Transcranial Magnetic Stimulation</keyword>
  <keyword>Neuroplasticity</keyword>
  <keyword>cognitive enhancement</keyword>
  <keyword>TMS-EEG</keyword>
  <keyword>rTMS</keyword>
  <keyword>PAS</keyword>
  <condition_browse>
    <!-- CAUTION:  The following MeSH terms are assigned with an imperfect algorithm            -->
    <mesh_term>Alzheimer Disease</mesh_term>
  </condition_browse>
  <!-- Results have not yet been posted for this study                                          -->
</clinical_study>

