<?xml version="1.0" encoding="UTF-8"?>
<clinical_study rank="377">
  <!-- This xml conforms to an XML Schema at:
    https://clinicaltrials.gov/ct2/html/images/info/public.xsd -->
  <required_header>
    <download_date>ClinicalTrials.gov processed this data on November 07, 2017</download_date>
    <link_text>Link to the current ClinicalTrials.gov record.</link_text>
    <url>https://clinicaltrials.gov/show/NCT02557464</url>
  </required_header>
  <id_info>
    <org_study_id>15-AOI-04</org_study_id>
    <nct_id>NCT02557464</nct_id>
  </id_info>
  <brief_title>Identification of Early Markers of Alzheimer's Disease by Using Eye Tracking in Reading.</brief_title>
  <acronym>ADAL</acronym>
  <official_title>Identification of Early Semantic Markers of Alzheimer's Disease by Using Eye Tracking in Reading Neutral and Predictable Sentences</official_title>
  <sponsors>
    <lead_sponsor>
      <agency>Centre Hospitalier Universitaire de Nice</agency>
      <agency_class>Other</agency_class>
    </lead_sponsor>
  </sponsors>
  <source>Centre Hospitalier Universitaire de Nice</source>
  <oversight_info>
    <has_dmc>No</has_dmc>
  </oversight_info>
  <brief_summary>
    <textblock>
      The objective of this study is to identify early and accurate semantics markers of
      Alzheimer's disease (AD) by using two types of methods. First, the investigator will evaluate
      semantic processing of patients with AD or related disorders which will be compared to age
      matched controls by taking neuropsychological tests. Then, the investigator will analyze the
      effect of contextual word predictability on eye movements in reading sentences with the help
      of the same participants by using an eye tracker. Both of these methods will be used twice
      with a time interval of 6 months.
    </textblock>
  </brief_summary>
  <detailed_description>
    <textblock>
      Scientific background:

      Identifying Alzheimer's disease (AD) as early as possible should enable to propose a
      re-education platform that would fit the early stage of neuronal loss in this pathology.
      Neuropsychological evaluations are currently one of the main tools for the early screening of
      AD. Among the tests proposed during those evaluations, the investigator find the Isaacs Set
      Test which evaluates the early degradation of semantic memory. Whereas eyes movement behavior
      during reading is sensitive to semantics factors and allows collecting accurate measurements
      (as precisely as one millisecond), no study has yet used this technique to precisely identify
      the precocious semantics troubles of AD.

      Goal:

      The objective of this study is to identify early and accurate markers of AD by associating
      semantic neuropsychological assessments and eye tracking during sentences reading.

      Method:

      The study will include 24 patients with AD or related disorders (Mini Mental State
      Examination between 20 and 27 ) and 24 age matched controls participants. The experiment will
      be divided in two steps. First, patients will take a standard neuropsychological evaluation.
      A specific semantic analysis will be performed on each participant using, for example, the
      Isaacs Set Test or the Weschler Similarities. The second step will ask the participants to
      read sentences while an eye tracker (the Eye Link 1000 remote) will record their eyes
      movements. In order to manipulate semantics factors, each sentence will contain a target
      word, either predictable or not. The experiment will last one hour and a half.
      Neuropsychological assessments and eye tracking will be done twice with a time interval of 6
      months. The two times will be called T1 and T2 and are required to estimate whether eye
      tracking is a better predictor of AD than neuropsychological tests or not.

      Evaluation criteria:

      The eye tracking technique enables to record different sorts of measures. More specifically,
      the investigator will evaluate gaze duration on the target word. Moreover, neuropsychological
      tests scores will be collected. It will be, for example, the number of good answers.

      Hypothesis and expected results:

      First, the investigator expect that the predictability effect on eye movements would be less
      pronounced for patients with AD or related disorders than for the control group. This effect
      would be even more diminished at T2. It could be explained by a progressive degradation of
      the semantic memory of patients. Then, and for the same reasons, the investigator expect that
      the scores collected from the neuropsychological tests would be pathological for patient
      suffering from AD or related disorders. The test scores would be even more in deficit at T2.
      Finally, the investigator predict a correlation between neuropsychological tests data and eye
      movements data. With an extrapolation, and because eye movements recording allow us to obtain
      more accurate information about the quality of semantic processes, the investigator formulate
      the hypothesis that this technique will help to predict earlier AD.
    </textblock>
  </detailed_description>
  <overall_status>Recruiting</overall_status>
  <start_date type="Actual">November 10, 2015</start_date>
  <completion_date type="Anticipated">November 2017</completion_date>
  <primary_completion_date type="Actual">December 10, 2015</primary_completion_date>
  <phase>N/A</phase>
  <study_type>Interventional</study_type>
  <has_expanded_access>No</has_expanded_access>
  <study_design_info>
    <allocation>Non-Randomized</allocation>
    <intervention_model>Parallel Assignment</intervention_model>
    <primary_purpose>Diagnostic</primary_purpose>
    <masking>None (Open Label)</masking>
  </study_design_info>
  <primary_outcome>
    <measure>Eye tracking</measure>
    <time_frame>at six months</time_frame>
    <description>Eye tracking (More specifically, the investigator will evaluate gaze duration on target words included in sentences while participant's eye movements will be recorded with the Eye link 1000 remote. Gaze duration is the sum of all fixations on a word prior to moving to another word)</description>
  </primary_outcome>
  <secondary_outcome>
    <measure>The probability that the eyes skip the target word</measure>
    <time_frame>at six months</time_frame>
    <description>The Visual Object and Space Perception Battery ( for the &quot;degraded letters&quot; test scores range from 0 to 20 and a score below 16 is considered as pathological; for the &quot;test of detection&quot; scores range from 0 to 20 and a score below 15 is considered as pathological). This test assesses neurovisual capacity</description>
  </secondary_outcome>
  <secondary_outcome>
    <measure>the initial landing position of the eye in the target word (in letters)</measure>
    <time_frame>at six months</time_frame>
    <description>An eye tracking experiment while participants read sentences on a computer screen</description>
  </secondary_outcome>
  <secondary_outcome>
    <measure>the percentage of refixation done on the target word</measure>
    <time_frame>at six months</time_frame>
  </secondary_outcome>
  <secondary_outcome>
    <measure>the first fixation duration in the target word</measure>
    <time_frame>at six months</time_frame>
    <description>(i.e. the duration of the first fixation on the target word, provided that the word wasn't skipped</description>
  </secondary_outcome>
  <secondary_outcome>
    <measure>the single fixation duration</measure>
    <time_frame>at six months</time_frame>
    <description>the fixation of the target word when only one fixation is made on that word</description>
  </secondary_outcome>
  <secondary_outcome>
    <measure>the percentage of regressive saccade on the target word and the total viewing time</measure>
    <time_frame>at six months</time_frame>
  </secondary_outcome>
  <secondary_outcome>
    <measure>Neuropsychological tests scores</measure>
    <time_frame>at six months</time_frame>
  </secondary_outcome>
  <number_of_arms>2</number_of_arms>
  <enrollment type="Anticipated">48</enrollment>
  <condition>Alzheimer's Disease</condition>
  <arm_group>
    <arm_group_label>Alzheimer's disease group</arm_group_label>
    <arm_group_type>Experimental</arm_group_type>
    <description>24 patients with an Alzheimer's disease or related disorders</description>
  </arm_group>
  <arm_group>
    <arm_group_label>control group</arm_group_label>
    <arm_group_type>Active Comparator</arm_group_type>
    <description>24 age matched controls participants</description>
  </arm_group>
  <intervention>
    <intervention_type>Behavioral</intervention_type>
    <intervention_name>An eye tracking experiment</intervention_name>
    <description>Neuropsychological assessments and eye tracking during reading will be practice twice with an interval of 6 months</description>
    <arm_group_label>Alzheimer's disease group</arm_group_label>
    <arm_group_label>control group</arm_group_label>
  </intervention>
  <intervention>
    <intervention_type>Behavioral</intervention_type>
    <intervention_name>A neuropsychological evaluation</intervention_name>
    <description>Neuropsychological assessments and eye tracking during reading will be practice twice with an interval of 6 months</description>
    <arm_group_label>Alzheimer's disease group</arm_group_label>
    <arm_group_label>control group</arm_group_label>
  </intervention>
  <eligibility>
    <criteria>
      <textblock>
        Inclusion Criteria:

        Pour le bras A :

        Inclusion criteria

          -  Mother tongue french participants

          -  Participants with a level of education = or &gt; to Junior Secondary School Diploma

          -  Participants with a normal or corrected vision

          -  Participants with good score at the neuro visual assessments (&gt; or = to 15 at the
             &quot;detection test&quot; ; &gt; or = to 16 at the &quot;degraded letters&quot; test

          -  Participants suffering from Alzheimer's or related disorders disease (ICD-10 criteria)

          -  Participants with an MMSE's score between 20 and 27

          -  Participants must sign the informed consent

          -  Participants must be affiliated to the social insurance. Non-inclusion criteria

          -  Impossibility to realize the experiment because of a blurred vision

          -  History of neurological or psychiatric disease, of alcoholism and of brain injury

          -  Participants under trusteeship, guardianship or placed under judicial protection

          -  Persons deprived of their liberty

        Pour le bras B :

        Inclusion criteria

          -  Mother tongue french participants

          -  Participants with a level of education = or &gt; to Junior Secondary School Diploma

          -  Participants with a normal or corrected vision

          -  Participants with no global cognitive impairment with a MMSE's score &gt; or = to 28 and
             with no difficulty to repeat and recall the 3 words

          -  Participants with good score at the neuro visual assessments (&gt; or = to 15 at the
             &quot;detection test&quot; ; &gt; or = to 16 at the &quot;degraded letters&quot; test

          -  Participants must sign the informed consent

          -  Participants must be affiliated to the social insurance. Non-inclusion criteria

          -  Impossibility to realize the experiment because of a blurred vision

          -  Prescription of psychotropic medication during the week preceding the experiment

          -  History of neurological or psychiatric disease, of alcoholism and of brain injury

          -  Evidence of cognitive decline

          -  Decline in the day-to-day operations

          -  Participants under trusteeship, guardianship or placed under judicial protection

          -  Persons deprived of their liberty
      </textblock>
    </criteria>
    <gender>All</gender>
    <minimum_age>60 Years</minimum_age>
    <maximum_age>N/A</maximum_age>
    <healthy_volunteers>No</healthy_volunteers>
  </eligibility>
  <overall_contact>
    <last_name>Philip ROBERT, PU-PH</last_name>
    <email>robert.p@chu-nice.fr</email>
  </overall_contact>
  <overall_contact_backup>
    <last_name>Vanina OLIVERI, CRA</last_name>
    <phone>0033492034254</phone>
    <email>oliveri.v@chu-nice.fr</email>
  </overall_contact_backup>
  <location>
    <facility>
      <name>Institut Claude Pompidou</name>
      <address>
        <city>Nice</city>
        <zip>06000</zip>
        <country>France</country>
      </address>
    </facility>
    <status>Recruiting</status>
    <contact>
      <last_name>Philippe ROBERT, PU-PH</last_name>
    </contact>
  </location>
  <location_countries>
    <country>France</country>
  </location_countries>
  <verification_date>August 2017</verification_date>
  <!-- Old date names will be dropped in a few months (sometime in 2018)                        -->
  <lastchanged_date>August 22, 2017</lastchanged_date>
  <firstreceived_date>September 10, 2015</firstreceived_date>
  <!-- New date names                                                                           -->
  <study_first_submitted>September 10, 2015</study_first_submitted>
  <study_first_submitted_qc>September 22, 2015</study_first_submitted_qc>
  <study_first_posted type="Estimate">September 23, 2015</study_first_posted>
  <last_update_submitted>August 22, 2017</last_update_submitted>
  <last_update_submitted_qc>August 22, 2017</last_update_submitted_qc>
  <last_update_posted type="Actual">August 23, 2017</last_update_posted>
  <!-- End of dates                                                                             -->
  <responsible_party>
    <responsible_party_type>Sponsor</responsible_party_type>
  </responsible_party>
  <keyword>semantic memory</keyword>
  <keyword>eye movements</keyword>
  <keyword>reading</keyword>
  <condition_browse>
    <!-- CAUTION:  The following MeSH terms are assigned with an imperfect algorithm            -->
    <mesh_term>Alzheimer Disease</mesh_term>
  </condition_browse>
  <!-- Results have not yet been posted for this study                                          -->
</clinical_study>

