<?xml version="1.0" encoding="UTF-8"?>
<clinical_study rank="343">
  <!-- This xml conforms to an XML Schema at:
    https://clinicaltrials.gov/ct2/html/images/info/public.xsd -->
  <required_header>
    <download_date>ClinicalTrials.gov processed this data on November 07, 2017</download_date>
    <link_text>Link to the current ClinicalTrials.gov record.</link_text>
    <url>https://clinicaltrials.gov/show/NCT03093519</url>
  </required_header>
  <id_info>
    <org_study_id>6640-003</org_study_id>
    <nct_id>NCT03093519</nct_id>
  </id_info>
  <brief_title>A Repeated Dose Study of KHK6640 in Japanese Patients With Alzheimer's Disease</brief_title>
  <official_title>A Phase 1 Randomized, Double-blind, Placebo-controlled, Repeated Dose Study of KHK6640 in Japanese Patients With Alzheimer's Disease</official_title>
  <sponsors>
    <lead_sponsor>
      <agency>Kyowa Hakko Kirin Co., Ltd</agency>
      <agency_class>Industry</agency_class>
    </lead_sponsor>
  </sponsors>
  <source>Kyowa Hakko Kirin Co., Ltd</source>
  <oversight_info>
    <has_dmc>No</has_dmc>
    <is_fda_regulated_drug>No</is_fda_regulated_drug>
    <is_fda_regulated_device>No</is_fda_regulated_device>
  </oversight_info>
  <brief_summary>
    <textblock>
      The purpose of this study is to evaluate the safety, tolerability and pharmacokinetics of
      KHK6640, given as a repeated dose in Japanese patients with Mild to Moderate Alzheimer's
      Disease.
    </textblock>
  </brief_summary>
  <overall_status>Active, not recruiting</overall_status>
  <start_date type="Actual">March 3, 2017</start_date>
  <completion_date type="Anticipated">June 2018</completion_date>
  <primary_completion_date type="Anticipated">June 2018</primary_completion_date>
  <phase>Phase 1</phase>
  <study_type>Interventional</study_type>
  <has_expanded_access>No</has_expanded_access>
  <study_design_info>
    <allocation>Randomized</allocation>
    <intervention_model>Parallel Assignment</intervention_model>
    <primary_purpose>Treatment</primary_purpose>
    <masking>Double (Participant, Investigator)</masking>
  </study_design_info>
  <primary_outcome>
    <measure>Number of Participants with Adverse Events</measure>
    <time_frame>Up to 197days after first dosing</time_frame>
    <description>Number of Participants with Adverse Events as a Measure of Safety and Tolerability</description>
  </primary_outcome>
  <number_of_arms>2</number_of_arms>
  <enrollment type="Anticipated">5</enrollment>
  <condition>Alzheimer Disease</condition>
  <arm_group>
    <arm_group_label>KHK6640</arm_group_label>
    <arm_group_type>Experimental</arm_group_type>
    <description>Intravenous administration</description>
  </arm_group>
  <arm_group>
    <arm_group_label>Placebo</arm_group_label>
    <arm_group_type>Placebo Comparator</arm_group_type>
    <description>Intravenous administration</description>
  </arm_group>
  <intervention>
    <intervention_type>Drug</intervention_type>
    <intervention_name>KHK6640</intervention_name>
    <description>Intravenous administration</description>
    <arm_group_label>KHK6640</arm_group_label>
  </intervention>
  <intervention>
    <intervention_type>Drug</intervention_type>
    <intervention_name>Placebo</intervention_name>
    <description>Intravenous administration</description>
    <arm_group_label>Placebo</arm_group_label>
  </intervention>
  <eligibility>
    <criteria>
      <textblock>
        Inclusion Criteria:

          -  Patients with mild to moderate Alzheimer's Disease

          -  Body weight ≥ 40 kg and &lt; 100 kg

          -  Clinical Dementia Rating (CDR) score of 1 or 2

          -  Mini Mental State Examination (MMSE) score of ≥ 17 amd ≤ 26

        Exclusion Criteria:

          -  Previous active treatment with an Alzheimer's Disease immunotherapy in an
             investigational study

          -  Use of another investigational drug within 16 weeks prior to the enrollment

          -  Subjects who meet National Institute of Neurological Disorders and Stroke/Association
             Internationale pour la Recherche et l'Enseignement en Neurosciences (NINDS/AIREN)
             criteria for vascular dementia

          -  Subjects with a history of presence of clinically significant seizures, brain trauma,
             transient ischemic attack, and/or cerebrovascular disease

          -  Subjects with a presence of a neurological condition that could be contributing to
             cognitive impairment above and beyond that caused by the subject's Alzheimer's Disease

          -  Subjects who have evidence of infection, tumor, or other clinically significant
             lesions that could indicate a dementia diagnosis other than Alzheimer's Disease
      </textblock>
    </criteria>
    <gender>All</gender>
    <minimum_age>55 Years</minimum_age>
    <maximum_age>84 Years</maximum_age>
    <healthy_volunteers>No</healthy_volunteers>
  </eligibility>
  <location>
    <facility>
      <name>Closed information</name>
      <address>
        <city>Saitama</city>
        <country>Japan</country>
      </address>
    </facility>
  </location>
  <location_countries>
    <country>Japan</country>
  </location_countries>
  <verification_date>July 2017</verification_date>
  <!-- Old date names will be dropped in a few months (sometime in 2018)                        -->
  <lastchanged_date>July 3, 2017</lastchanged_date>
  <firstreceived_date>March 22, 2017</firstreceived_date>
  <!-- New date names                                                                           -->
  <study_first_submitted>March 22, 2017</study_first_submitted>
  <study_first_submitted_qc>March 22, 2017</study_first_submitted_qc>
  <study_first_posted type="Actual">March 28, 2017</study_first_posted>
  <last_update_submitted>July 3, 2017</last_update_submitted>
  <last_update_submitted_qc>July 3, 2017</last_update_submitted_qc>
  <last_update_posted type="Actual">July 5, 2017</last_update_posted>
  <!-- End of dates                                                                             -->
  <responsible_party>
    <responsible_party_type>Sponsor</responsible_party_type>
  </responsible_party>
  <condition_browse>
    <!-- CAUTION:  The following MeSH terms are assigned with an imperfect algorithm            -->
    <mesh_term>Alzheimer Disease</mesh_term>
  </condition_browse>
  <!-- Results have not yet been posted for this study                                          -->
</clinical_study>

