<?xml version="1.0" encoding="UTF-8"?>
<clinical_study rank="198">
  <!-- This xml conforms to an XML Schema at:
    https://clinicaltrials.gov/ct2/html/images/info/public.xsd -->
  <required_header>
    <download_date>ClinicalTrials.gov processed this data on November 07, 2017</download_date>
    <link_text>Link to the current ClinicalTrials.gov record.</link_text>
    <url>https://clinicaltrials.gov/show/NCT00265148</url>
  </required_header>
  <id_info>
    <org_study_id>BRL-49653/461</org_study_id>
    <nct_id>NCT00265148</nct_id>
  </id_info>
  <brief_title>Brain Imaging Study Of Rosiglitazone Efficacy And Safety In Alzheimer's Disease</brief_title>
  <official_title>A Double-blind, Randomized, Placebo-controlled, Parallel-group Study to Investigate the Effects of Rosiglitazone (Extended Release Tablets) on Cerebral Glucose Utilization and Cognition in Subjects With Mild to Moderate Alzheimer's Disease (AD)</official_title>
  <sponsors>
    <lead_sponsor>
      <agency>GlaxoSmithKline</agency>
      <agency_class>Industry</agency_class>
    </lead_sponsor>
  </sponsors>
  <source>GlaxoSmithKline</source>
  <oversight_info>
    <has_dmc>No</has_dmc>
  </oversight_info>
  <brief_summary>
    <textblock>
      This is a placebo-controlled study evaluating the effects of rosiglitazone on functional
      brain activity and cognition in patients with mild to moderate Alzheimer's Disease (AD).
    </textblock>
  </brief_summary>
  <overall_status>Completed</overall_status>
  <start_date>May 2004</start_date>
  <completion_date type="Actual">July 2008</completion_date>
  <primary_completion_date type="Actual">July 2008</primary_completion_date>
  <phase>Phase 2</phase>
  <study_type>Interventional</study_type>
  <has_expanded_access>No</has_expanded_access>
  <study_design_info>
    <allocation>Randomized</allocation>
    <intervention_model>Parallel Assignment</intervention_model>
    <primary_purpose>Treatment</primary_purpose>
    <masking>Double (Participant, Investigator)</masking>
  </study_design_info>
  <primary_outcome>
    <measure>Change from baseline in global and regional functional brain activity at 12 months</measure>
  </primary_outcome>
  <secondary_outcome>
    <measure>Change in functional brain activity at other timepoints; changes in cognition and clinical scales of AD status; changes in brain structure; safety and tolerability; changes in blood biomarkers and insulin sensitivity; genetic (apolipoprotein E) status</measure>
  </secondary_outcome>
  <secondary_outcome>
    <measure>Changes in global and regional CMRglu between baseline and other scan time points as measured by [18F]FDG uptake.</measure>
  </secondary_outcome>
  <secondary_outcome>
    <measure>Changes in cognitive tests and clinical scales of AD status from baseline.</measure>
  </secondary_outcome>
  <secondary_outcome>
    <measure>Global changes in brain structure from baseline as measured by structural MRI from baseline.</measure>
  </secondary_outcome>
  <secondary_outcome>
    <measure>Changes in blood borne biomarkers from baseline: Markers of glucose metabolism (fasting plasma glucose; fasting plasma insulin: HbA1C); Lipid levels; Inflammatory markers; Immunology markers; Putative markers of disease burden.</measure>
  </secondary_outcome>
  <secondary_outcome>
    <measure>Changes in insulin sensitivity from baseline: Homeostasis Model Assessment; Body Mass Index</measure>
  </secondary_outcome>
  <secondary_outcome>
    <measure>Polymorphism status with respect to genetic markers: Apolipoprotein-E</measure>
  </secondary_outcome>
  <secondary_outcome>
    <measure>Measures of safety and tolerability: Vital signs, 12-Lead ECGs, Haematology and clinical chemistry evaluations, Adverse events, Measures of fluid retention: body weight; haematocrit; clinical examination</measure>
  </secondary_outcome>
  <number_of_arms>2</number_of_arms>
  <enrollment type="Actual">80</enrollment>
  <condition>Alzheimer's Disease</condition>
  <arm_group>
    <arm_group_label>Rosiglitazone</arm_group_label>
    <arm_group_type>Experimental</arm_group_type>
    <description>4 mg once a day for 1 month increasing to 8 mg once a day (Extended Released Tablets)</description>
  </arm_group>
  <arm_group>
    <arm_group_label>Placebo</arm_group_label>
    <arm_group_type>Other</arm_group_type>
    <description>Placebo dummy to match</description>
  </arm_group>
  <intervention>
    <intervention_type>Drug</intervention_type>
    <intervention_name>Rosiglitazone</intervention_name>
    <description>Extended Release Tablets</description>
    <arm_group_label>Rosiglitazone</arm_group_label>
  </intervention>
  <intervention>
    <intervention_type>Other</intervention_type>
    <intervention_name>Placebo</intervention_name>
    <description>Placebo dummy to match</description>
    <arm_group_label>Placebo</arm_group_label>
  </intervention>
  <eligibility>
    <criteria>
      <textblock>
        Inclusion criteria:

          -  Is male, or if female meets one or more of the following criteria:

          -  Post-menopausal females defined as menopause is defined as&gt;6months without menstrual
             period with an appropriate clinical profile, e.g. age appropriate, history of
             vasomotor symptoms. However if indicated this should be confirmed by oestradiol and
             FSH levels consistent with menopause (according to local laboratory ranges). Women who
             are on HRT treatment, and have not been confirmed as post-menopausal should be advised
             to use contraception.(See Appendix 4)Pre-menopausal females with a documented (medical
             report verification) hysterectomy and/or bilateral oophorectomy only when the
             reproductive status of the woman has been confirmed by follow up hormone level
             assessment.

          -  Meets the National Institute of Neurological and Communicative Diseases and
             Stroke/Alzheimer's Disease and Related Disorders Association (NINCDS-ADRDA) criteria
             for Alzheimer's disease, regardless of date of diagnosis relative to study entry date.
             (See Appendix 5) Has an Alzheimer's disease status of mild to moderate, as classified
             by a Mini Mental State Examination (MMSE) score of 16-26 inclusive at screening.

        Is aged &gt;/= 50 to &lt;/= 85 years Prior and current use of medication corresponds with
        criteria listed in Appendix 3.

          -  Has the ability to comply with requirements of cognitive and other testing.

          -  Has a permanent caregiver who is willing to attend all visits, oversee the subject's
             compliance with protocol-specified procedures and study medication, and report on
             subject's status. (Subjects living alone or in a nursing home are not eligible).

          -  Has provided full written informed consent prior to the performance of any
             protocol-specified procedure; or if unable to provide informed consent due to
             cognitive status, provision of informed consent by cognitively intact legally
             acceptable representative (Where this is in accordance with local laws, regulations
             and ethics committee policy.) Caregiver has provided full written informed consent
             prior to the performance of any protocol-specified procedure.

        Exclusion criteria:

          -  Is unsuitable for MRI scanning as assessed by local pre-MRI questionnaire (GSK to
             review.)

          -  Has a history of or suffers from claustrophobia.

          -  Is unable to lie comfortably on a bed inside a PET camera with their head in the field
             of view for at least 60 minutes as assessed by physical examination and medical
             history (e.g. back pain, arthritis).

          -  Has a history or presence of other neurological or other medical conditions that may
             influence the outcome or analysis of the PET scan results. Examples of such conditions
             include, but are not limited to stroke, traumatic brain injury, epilepsy or space
             occupying lesions.

          -  History of Type I or Type II diabetes mellitus.

          -  Fasting plasma glucose level&gt;126mg/dL (&gt;7.0mmol/L) or HbA1c&gt;6.2%.

          -  History or clinical/laboratory evidence of moderate congestive heart failure defined
             by the New York Heart Association criteria (class I-IV)(See Appendix 6).

        Ejection fraction&lt;/=40% determined by echocardiogram, or any other abnormality on
        echocardiography which in the view of the investigator required further investigation or
        intervention, or significant abnormalities on screening ECG (in accordance with the
        definitions below). Significant ECG abnormalities for the purposes of this study. Detection
        of any of the following abnormalities renders the subject ineligible for the study: 1. ECG
        heart rate &lt;50 and &gt;100 bpm 2. Any previously unrecognised sustained or paroxysmal
        arrhythmia requiring further intervention e.g. anticoagulation, cardioversion,
        anti-arrhythmic agent, further investigation etc. 3. PR interval &gt;0.3 s, 2nd or 3rd degree
        heart block, symptomatic bifascicular block, trifascicular block. 4. Multifocal ventricular
        ectopy. 5. Ventricular bigemini or couplets, triplets etc. ECG abnormalities permitted at
        entry to this study. A subject will not be rendered ineligible by the presence of any of
        the following abnormalities: 1. AF with a heart rate &lt;=90 in subjects receiving appropriate
        anti-platelet or anticoagulant therapy. 2. 1st degree heart block (PR&lt;=0.3 s). 3. Subjects
        with a paced rhythm (further information required if subject has an implantable Cardiac
        Defibrillator). 4. Atrial ectopic beats. 5. Unifocal ventricular ectopic beats. 6. Left or
        right bundle branch block. 7. Asymptomatice bifascicular block. 8. Left ventricular
        hypertrophy. 9. Q waves present suggesting previous MI. 10. Repolarisation abnormalities
        History of new cardiovascular event within the last 6 months (i.e. intervention,
        percutaneous coronary intervention, vascular surgery, acute coronary syndrome [non Q-wave
        myocardial infarction, Q-wave myocardial infarction, unstable angina) or significant
        arrhythmia; or major intervention (e.g. cardiac surgery or angiography plus stenting)
        scheduled.

          -  History or clinical laboratory evidence of cerebrovascular disease (stroke, transient
             ischaemic attack, haemorrhage), or diagnosis of possible, probable or definite
             vascular dementia in accordance with National Institute of Neurological Disorders and
             Stroke, and Association Internationale pour la Recherche et l'Enseignement en
             Neurosciences (NINDS-AIREN) criteria (See Appendix 8).

          -  History or evidence of any other CNS disorder that could be interpreted as a cause of
             dementia: e.g. structural abnormality, epilepsy, infectious or
             inflammatory/demyelinating CNS conditions, Parkinson's disease.

        Significant peripheral oedema at the time of screening as assessed by Clinical Evaluation
        of Oedema and/or Signs of Congestive Heart Failure (Appendix 14)

          -  History of major psychiatric illness such as schizophrenia or bipolar affective
             disorder, or current depression (score on Hospital Anxiety and Depression Scale (HADS)
             depression questions &gt;7, See Appendix 9).

        Systolic blood pressure &gt;165 mmHg or diastolic blood pressure &gt;95 mmHG whilst receiving
        optimal antihypertensive therapy according to local practice.

        Clinically significant anaemia (i.e.haemoglobin &lt;11g/dL for males or &lt;10 g/dL for females)
        or presence of haemoglobinopathies which would prevent accurate assessment of HbA1c.

        Renal dysfunction, defined as creatinine clearance &lt;30 ml/min (calculated from serum
        creatinine using the Cockcroft-Gault formula, See Appendix 10).

        ALT, AST, total bilirubin, or alkaline phosphatase &gt;2.5 times the upper limit of normal
        laboratory range, or history of severe hepatobiliary disease (e.g. hepatitis B or C, or
        cirrhosis (Childs-Pugh classes B/C)) without enzyme elevation.

          -  Fasting triglycerides &gt;12mmol/L Abnormal/positive result within the past 12 months or
             at screening for any of the following tests: vitamin B12 (&lt;/=200pg/mL), syphilis
             serology, thyroid stimulating hormone.

          -  History or presence of gastro-intestinal, hepatic or renal disease or other condition
             known to interfere with absorption, distribution, metabolism or excretion of drugs.

        any clinically relevant abnormality, medical or psychiatric condition, which, in the
        opinion of the investigator, makes the subject unsuitable for inclusion in the study.

          -  Has donated &gt;/= ml of blood within the past 2 months. Use of any other investigational
             agent within 30 days or 5 half-lives (whichever is longer) prior to the screening
             visit.

        History of alcohol abuse, or of drug abuse within the past 6 months (or has tested positive
        for drugs of abuse at screening).

        Subject is unable (with assistance, if appropriate) to take study medication as prescribed
        throughout the study.

          -  History of non-compliance with prescribed medication, or risk of non-compliance with
             study medication or procedures.

        Subject is an immediate family member or employee of the participating investigator or of
        any of the participating site staff.

        Shows any neurological abnormality by MRI, which in the opinion of the Principal
        Investigator would introduce additional risk factors, study procedures or effect endpoint
        data. MRI scanning will only be conducted on subjects who satisfy all other eligibility
        criteria.

          -  History of bone marrow transplant Exhibits screening/baseline results not consistent
             with AD e.g. radiological findings, or results on cognitive tests.

        Use of tacrine within 30 days prior to the screening visit.
      </textblock>
    </criteria>
    <gender>All</gender>
    <minimum_age>50 Years</minimum_age>
    <maximum_age>85 Years</maximum_age>
    <healthy_volunteers>No</healthy_volunteers>
  </eligibility>
  <overall_official>
    <last_name>GSK Clinical Trials</last_name>
    <role>Study Director</role>
    <affiliation>GlaxoSmithKline</affiliation>
  </overall_official>
  <location>
    <facility>
      <name>GSK Investigational Site</name>
      <address>
        <city>Litchfield Park</city>
        <state>Arizona</state>
        <zip>85340</zip>
        <country>United States</country>
      </address>
    </facility>
  </location>
  <location>
    <facility>
      <name>GSK Investigational Site</name>
      <address>
        <city>Phoenix</city>
        <state>Arizona</state>
        <zip>85006</zip>
        <country>United States</country>
      </address>
    </facility>
  </location>
  <location>
    <facility>
      <name>GSK Investigational Site</name>
      <address>
        <city>Scottsdale</city>
        <state>Arizona</state>
        <zip>85259</zip>
        <country>United States</country>
      </address>
    </facility>
  </location>
  <location>
    <facility>
      <name>GSK Investigational Site</name>
      <address>
        <city>Sun City</city>
        <state>Arizona</state>
        <zip>85351</zip>
        <country>United States</country>
      </address>
    </facility>
  </location>
  <location>
    <facility>
      <name>GSK Investigational Site</name>
      <address>
        <city>Tucson</city>
        <state>Arizona</state>
        <zip>85724</zip>
        <country>United States</country>
      </address>
    </facility>
  </location>
  <location>
    <facility>
      <name>GSK Investigational Site</name>
      <address>
        <city>Los Angeles</city>
        <state>California</state>
        <zip>90024</zip>
        <country>United States</country>
      </address>
    </facility>
  </location>
  <location>
    <facility>
      <name>GSK Investigational Site</name>
      <address>
        <city>Belmont</city>
        <state>Massachusetts</state>
        <zip>02478</zip>
        <country>United States</country>
      </address>
    </facility>
  </location>
  <location>
    <facility>
      <name>GSK Investigational Site</name>
      <address>
        <city>Ann Arbor</city>
        <state>Michigan</state>
        <zip>48109</zip>
        <country>United States</country>
      </address>
    </facility>
  </location>
  <location>
    <facility>
      <name>GSK Investigational Site</name>
      <address>
        <city>Durham</city>
        <state>North Carolina</state>
        <zip>27705</zip>
        <country>United States</country>
      </address>
    </facility>
  </location>
  <location>
    <facility>
      <name>GSK Investigational Site</name>
      <address>
        <city>Montreal</city>
        <state>Quebec</state>
        <zip>H3T 1E2</zip>
        <country>Canada</country>
      </address>
    </facility>
  </location>
  <location>
    <facility>
      <name>GSK Investigational Site</name>
      <address>
        <city>Montreal</city>
        <state>Quebec</state>
        <zip>H4H 1R3</zip>
        <country>Canada</country>
      </address>
    </facility>
  </location>
  <location>
    <facility>
      <name>GSK Investigational Site</name>
      <address>
        <city>Liverpool</city>
        <zip>L9 7LJ</zip>
        <country>United Kingdom</country>
      </address>
    </facility>
  </location>
  <location>
    <facility>
      <name>GSK Investigational Site</name>
      <address>
        <city>Manchester</city>
        <zip>M20 3LJ</zip>
        <country>United Kingdom</country>
      </address>
    </facility>
  </location>
  <location>
    <facility>
      <name>GSK Investigational Site</name>
      <address>
        <city>Swindon</city>
        <zip>SN1 4HZ</zip>
        <country>United Kingdom</country>
      </address>
    </facility>
  </location>
  <location>
    <facility>
      <name>GSK Investigational Site</name>
      <address>
        <city>West End, Southampton</city>
        <zip>SO30 3JB</zip>
        <country>United Kingdom</country>
      </address>
    </facility>
  </location>
  <location_countries>
    <country>Canada</country>
    <country>United Kingdom</country>
    <country>United States</country>
  </location_countries>
  <link>
    <url>https://www.clinicalstudydatarequest.com</url>
    <description>Researchers can use this site to request access to anonymised patient level data and/or supporting documents from clinical studies to conduct further research.</description>
  </link>
  <verification_date>November 2016</verification_date>
  <!-- Old date names will be dropped in a few months (sometime in 2018)                        -->
  <lastchanged_date>November 15, 2016</lastchanged_date>
  <firstreceived_date>December 12, 2005</firstreceived_date>
  <firstreceived_results_disposition_date>October 13, 2010</firstreceived_results_disposition_date>
  <!-- New date names                                                                           -->
  <study_first_submitted>December 12, 2005</study_first_submitted>
  <study_first_submitted_qc>December 13, 2005</study_first_submitted_qc>
  <study_first_posted type="Estimate">December 14, 2005</study_first_posted>
  <disposition_first_submitted>October 13, 2010</disposition_first_submitted>
  <disposition_first_submitted_qc>October 13, 2010</disposition_first_submitted_qc>
  <disposition_first_posted type="Estimate">November 18, 2010</disposition_first_posted>
  <last_update_submitted>November 15, 2016</last_update_submitted>
  <last_update_submitted_qc>November 15, 2016</last_update_submitted_qc>
  <last_update_posted type="Actual">October 12, 2017</last_update_posted>
  <!-- End of dates                                                                             -->
  <responsible_party>
    <responsible_party_type>Sponsor</responsible_party_type>
  </responsible_party>
  <keyword>rosiglitazone</keyword>
  <keyword>cognition</keyword>
  <keyword>cerebral glucose metabolism</keyword>
  <keyword>positron emission tomography (PET)</keyword>
  <keyword>Alzheimer's Disease</keyword>
  <condition_browse>
    <!-- CAUTION:  The following MeSH terms are assigned with an imperfect algorithm            -->
    <mesh_term>Alzheimer Disease</mesh_term>
  </condition_browse>
  <intervention_browse>
    <!-- CAUTION:  The following MeSH terms are assigned with an imperfect algorithm            -->
    <mesh_term>Rosiglitazone</mesh_term>
  </intervention_browse>
  <patient_data>
    <sharing_ipd>Yes</sharing_ipd>
    <ipd_description>Patient-level data for this study will be made available through www.clinicalstudydatarequest.com following the timelines and process described on this site.</ipd_description>
  </patient_data>
  <study_docs>
    <study_doc>
      <doc_id>BRL-49653/461</doc_id>
      <doc_type>Individual Participant Data Set</doc_type>
      <doc_url>https://www.clinicalstudydatarequest.com</doc_url>
      <doc_comment>For additional information about this study please refer to the GSK Clinical Study Register</doc_comment>
    </study_doc>
    <study_doc>
      <doc_id>BRL-49653/461</doc_id>
      <doc_type>Statistical Analysis Plan</doc_type>
      <doc_url>https://www.clinicalstudydatarequest.com</doc_url>
      <doc_comment>For additional information about this study please refer to the GSK Clinical Study Register</doc_comment>
    </study_doc>
    <study_doc>
      <doc_id>BRL-49653/461</doc_id>
      <doc_type>Informed Consent Form</doc_type>
      <doc_url>https://www.clinicalstudydatarequest.com</doc_url>
      <doc_comment>For additional information about this study please refer to the GSK Clinical Study Register</doc_comment>
    </study_doc>
    <study_doc>
      <doc_id>BRL-49653/461</doc_id>
      <doc_type>Annotated Case Report Form</doc_type>
      <doc_url>https://www.clinicalstudydatarequest.com</doc_url>
      <doc_comment>For additional information about this study please refer to the GSK Clinical Study Register</doc_comment>
    </study_doc>
    <study_doc>
      <doc_id>BRL-49653/461</doc_id>
      <doc_type>Dataset Specification</doc_type>
      <doc_url>https://www.clinicalstudydatarequest.com</doc_url>
      <doc_comment>For additional information about this study please refer to the GSK Clinical Study Register</doc_comment>
    </study_doc>
    <study_doc>
      <doc_id>BRL-49653/461</doc_id>
      <doc_type>Study Protocol</doc_type>
      <doc_url>https://www.clinicalstudydatarequest.com</doc_url>
      <doc_comment>For additional information about this study please refer to the GSK Clinical Study Register</doc_comment>
    </study_doc>
    <study_doc>
      <doc_id>BRL-49653/461</doc_id>
      <doc_type>Clinical Study Report</doc_type>
      <doc_url>https://www.clinicalstudydatarequest.com</doc_url>
      <doc_comment>For additional information about this study please refer to the GSK Clinical Study Register</doc_comment>
    </study_doc>
  </study_docs>
  <!-- Results have not yet been posted, but a results disposition has been submitted           -->
</clinical_study>

