<?xml version="1.0" encoding="UTF-8"?>
<clinical_study rank="128">
  <!-- This xml conforms to an XML Schema at:
    https://clinicaltrials.gov/ct2/html/images/info/public.xsd -->
  <required_header>
    <download_date>ClinicalTrials.gov processed this data on November 07, 2017</download_date>
    <link_text>Link to the current ClinicalTrials.gov record.</link_text>
    <url>https://clinicaltrials.gov/show/NCT00622713</url>
  </required_header>
  <id_info>
    <org_study_id>CENA713DFR08</org_study_id>
    <secondary_id>N° EudraCT : 2007-003405-27</secondary_id>
    <nct_id>NCT00622713</nct_id>
  </id_info>
  <brief_title>A 24 Week, Multicenter, Open, Evaluation of the Clinical Effectiveness of the Once-daily 10 cm^2 Rivastigmine Patch Formulation in Patients With Probable Alzheimer's Disease (EXTRA)</brief_title>
  <acronym>EXTRA</acronym>
  <official_title>A 24 Week, Multicenter, Open, Evaluation of the Clinical Effectiveness of the Once-daily 10 cm2 Rivastigmine Patch Formulation in Patients With Probable Alzheimer's Disease (MMSE 10-26)</official_title>
  <sponsors>
    <lead_sponsor>
      <agency>Novartis</agency>
      <agency_class>Industry</agency_class>
    </lead_sponsor>
  </sponsors>
  <source>Novartis</source>
  <brief_summary>
    <textblock>
      This study is designed to confirm the efficacy, the tolerability, the patient compliance and
      the caregiver satisfaction with rivastigmine target patch size 10 cm^2 in patients with
      probable Alzheimer's Disease (Mini-Mental State Examination 10-26) in the community setting
    </textblock>
  </brief_summary>
  <overall_status>Completed</overall_status>
  <start_date>January 2008</start_date>
  <completion_date type="Actual">January 2009</completion_date>
  <primary_completion_date type="Actual">January 2009</primary_completion_date>
  <phase>Phase 4</phase>
  <study_type>Interventional</study_type>
  <has_expanded_access>No</has_expanded_access>
  <study_design_info>
    <intervention_model>Single Group Assignment</intervention_model>
    <primary_purpose>Treatment</primary_purpose>
    <masking>None (Open Label)</masking>
  </study_design_info>
  <primary_outcome>
    <measure>Percentage of Patients Who Achieved and Maintained the Maximum Dose of 10 cm^2 Rivastigmine Patch for at Least 8 Weeks During 24 Weeks Study</measure>
    <time_frame>24 weeks</time_frame>
    <description>The primary endpoint was the percentage of patients who were able to tolerate (and stay on for at least 8 weeks) rivastigmine target patch size 10 cm^2.</description>
  </primary_outcome>
  <secondary_outcome>
    <measure>Clinical Global Impression of Change (CGI-C) by Physician</measure>
    <time_frame>Baseline and week 24</time_frame>
    <description>The CGIC is an assessment tool used by a clinician to make a judgment of the severity or a change of a patient's condition. The clinician relies solely on information obtained from the patient at the Baseline visit as well as clinical information obtained throughout the study period. The CGIC is rated on the following seven-point scale:&quot;very much improved&quot;, &quot;much improved&quot;, &quot;slightly improved&quot;, &quot;unchanged&quot;, &quot;slightly worsened&quot;, &quot;much worsened&quot; and &quot;very much worsened&quot;.</description>
  </secondary_outcome>
  <secondary_outcome>
    <measure>Mean Change From Baseline to Week 24 in the 4-item Instrumental Activities of Daily Living (4-IADL) Score</measure>
    <time_frame>Baseline to week 24</time_frame>
    <description>The 4-IADL assesses the ability of a patient to autonomously perform 4 activities of daily living: Use the telephone, take medications, use public transport, and manage their own budget. Each activity is assessed by a series of questions and rated on a scale of 1 to 4. Scores on the 4 activities are combined for a total score ranging from 1 to 16. A lower score indicates a more self-sufficient individual. A positive change from baseline score indicates worsening.</description>
  </secondary_outcome>
  <secondary_outcome>
    <measure>Mean Change From Baseline to Week 24 in the Mini-Mental State Examination (MMSE) Score</measure>
    <time_frame>Baseline to week 24</time_frame>
    <description>The MMSE is a brief, practical screening test for cognitive dysfunction. The test consists of five sections (orientation, registration, attention-calculation, recall, and language) and results in a total possible score from 0 to 30, with higher scores indicating better function. A positive change score indicates improvement from baseline.</description>
  </secondary_outcome>
  <secondary_outcome>
    <measure>Mean Change From Baseline to Week 24 in the Mini-Zarit Inventory Score</measure>
    <time_frame>Baseline to week 24</time_frame>
    <description>The Mini-Zarit Inventory assesses the burden of a caregiver in caring for a patient. The inventory is composed of 5 questions which are rated according to the following answers: 0 = never, ½ = sometimes, 1 = often. The ratings on the 5 questions are added together resulting in a total score of 0 to 7 with a higher score indicating greater caregiver burden.</description>
  </secondary_outcome>
  <number_of_arms>1</number_of_arms>
  <enrollment type="Actual">228</enrollment>
  <condition>Alzheimer's Disease</condition>
  <intervention>
    <intervention_type>Drug</intervention_type>
    <intervention_name>Rivastigmine transdermal patch</intervention_name>
    <description>The study treatment was delivered as a patch sizes 5 and 10 cm^2 containing respectively 9 and 18 mg of rivastigmine. During the first 4 weeks of the study, patients applied a new rivastigmine 5 cm^2 patch once daily. At the end of the 4 weeks, if tolerability was satisfactory, the dosage was increased and patients applied rivastigmine 10 cm^2 patch once daily for an additional 4 weeks. Thereafter, and until the end of the study, patients remained at the maximum tolerated dose, either 5 or 10 cm^2.</description>
    <other_name>Exelon, Prometax</other_name>
  </intervention>
  <eligibility>
    <criteria>
      <textblock>
        Inclusion Criteria:

          -  Males, and females of at least 50 years old with a primary caregiver

          -  Probable Alzheimer's disease

          -  Mini-Mental State Examination (MMSE) score of ≥ 10 and ≤ 26

          -  Patients initiating therapy for the first time with a Cholinesterase (ChE) inhibitor
             (patients prescribed both rivastigmine and memantine are allowed) or patients who
             failed to benefit from previous ChE inhibitor treatment

          -  Residing with someone in the community throughout the study or, if living alone, in
             contact with the responsible caregiver everyday

        Exclusion Criteria:

          -  Patients not treated according to the product monograph for capsules

          -  Current diagnosis of an active skin lesion/disorder that would prevent accurate
             assessment of the adhesion and potential skin irritation of the patch (e.g., atopic
             dermatitis, wounded or scratched skin in the area of the patch application)

          -  History of allergy to topical products containing any of the constituents of the
             patches

        Other protocol-defined inclusion/exclusion criteria may apply.
      </textblock>
    </criteria>
    <gender>All</gender>
    <minimum_age>50 Years</minimum_age>
    <maximum_age>N/A</maximum_age>
  </eligibility>
  <overall_official>
    <last_name>Novartis Pharma S.A.S.</last_name>
    <role>Principal Investigator</role>
    <affiliation>Novartis Pharmaceuticals</affiliation>
  </overall_official>
  <location>
    <facility>
      <name>Novartis Investigative Site</name>
      <address>
        <city>Rueil-Malmaison</city>
        <country>France</country>
      </address>
    </facility>
  </location>
  <location_countries>
    <country>France</country>
  </location_countries>
  <verification_date>June 2011</verification_date>
  <!-- Old date names will be dropped in a few months (sometime in 2018)                        -->
  <lastchanged_date>June 27, 2011</lastchanged_date>
  <firstreceived_date>February 14, 2008</firstreceived_date>
  <firstreceived_results_date>December 10, 2010</firstreceived_results_date>
  <!-- New date names                                                                           -->
  <study_first_submitted>February 14, 2008</study_first_submitted>
  <study_first_submitted_qc>February 22, 2008</study_first_submitted_qc>
  <study_first_posted type="Estimate">February 25, 2008</study_first_posted>
  <results_first_submitted>December 10, 2010</results_first_submitted>
  <results_first_submitted_qc>June 27, 2011</results_first_submitted_qc>
  <results_first_posted type="Estimate">July 26, 2011</results_first_posted>
  <last_update_submitted>June 27, 2011</last_update_submitted>
  <last_update_submitted_qc>June 27, 2011</last_update_submitted_qc>
  <last_update_posted type="Estimate">July 26, 2011</last_update_posted>
  <!-- End of dates                                                                             -->
  <responsible_party>
    <name_title>External Affairs</name_title>
    <organization>Novartis</organization>
  </responsible_party>
  <keyword>Alzheimer's disease</keyword>
  <keyword>cholinesterase inhibitor</keyword>
  <keyword>rivastigmine</keyword>
  <condition_browse>
    <!-- CAUTION:  The following MeSH terms are assigned with an imperfect algorithm            -->
    <mesh_term>Alzheimer Disease</mesh_term>
  </condition_browse>
  <intervention_browse>
    <!-- CAUTION:  The following MeSH terms are assigned with an imperfect algorithm            -->
    <mesh_term>Rivastigmine</mesh_term>
  </intervention_browse>

  <clinical_results>

    <participant_flow>
      <group_list>
        <group group_id="P1">
          <title>Rivastigmine Transdermal Patch</title>
          <description>During the first 4 weeks of the study, patients applied a new rivastigmine 5 cm^2 patch once daily. At the end of the 4 weeks, if tolerability was satisfactory, the dosage was increased and patients applied rivastigmine 10 cm^2 patch once daily for an additional 4 weeks. Thereafter, and until the end of the study, patients remained at the maximum tolerated dose, either 5 or 10 cm^2.</description>
        </group>
      </group_list>
      <period_list>
        <period>
          <title>Overall Study</title>
          <milestone_list>
            <milestone>
              <title>STARTED</title>
              <participants_list>
                <participants group_id="P1" count="228"/>
              </participants_list>
            </milestone>
            <milestone>
              <title>Exposed to Study Drug</title>
              <participants_list>
                <participants group_id="P1" count="226"/>
              </participants_list>
            </milestone>
            <milestone>
              <title>Intent to Treat (ITT) Population</title>
              <participants_list>
                <participants group_id="P1" count="218"/>
              </participants_list>
            </milestone>
            <milestone>
              <title>COMPLETED</title>
              <participants_list>
                <participants group_id="P1" count="169"/>
              </participants_list>
            </milestone>
            <milestone>
              <title>NOT COMPLETED</title>
              <participants_list>
                <participants group_id="P1" count="59"/>
              </participants_list>
            </milestone>
          </milestone_list>
          <drop_withdraw_reason_list>
            <drop_withdraw_reason>
              <title>Adverse Event</title>
              <participants_list>
                <participants group_id="P1" count="35"/>
              </participants_list>
            </drop_withdraw_reason>
            <drop_withdraw_reason>
              <title>Administrative problems</title>
              <participants_list>
                <participants group_id="P1" count="4"/>
              </participants_list>
            </drop_withdraw_reason>
            <drop_withdraw_reason>
              <title>Withdrawal by Subject</title>
              <participants_list>
                <participants group_id="P1" count="11"/>
              </participants_list>
            </drop_withdraw_reason>
            <drop_withdraw_reason>
              <title>Lost to Follow-up</title>
              <participants_list>
                <participants group_id="P1" count="5"/>
              </participants_list>
            </drop_withdraw_reason>
            <drop_withdraw_reason>
              <title>Death</title>
              <participants_list>
                <participants group_id="P1" count="2"/>
              </participants_list>
            </drop_withdraw_reason>
            <drop_withdraw_reason>
              <title>Subject no longer required study drug</title>
              <participants_list>
                <participants group_id="P1" count="1"/>
              </participants_list>
            </drop_withdraw_reason>
            <drop_withdraw_reason>
              <title>Did not meet eligibility criteria</title>
              <participants_list>
                <participants group_id="P1" count="1"/>
              </participants_list>
            </drop_withdraw_reason>
          </drop_withdraw_reason_list>
        </period>
      </period_list>
    </participant_flow>

    <baseline>
      <group_list>
        <group group_id="B1">
          <title>Rivastigmine Transdermal Patch</title>
          <description>During the first 4 weeks of the study, patients applied a new rivastigmine 5 cm^2 patch once daily. At the end of the 4 weeks, if tolerability was satisfactory, the dosage was increased and patients applied rivastigmine 10 cm^2 patch once daily for an additional 4 weeks. Thereafter, and until the end of the study, patients remained at the maximum tolerated dose, either 5 or 10 cm^2.</description>
        </group>
      </group_list>
      <analyzed_list>
        <analyzed>
          <units>Participants</units>
          <scope>Overall</scope>
          <count_list>
            <count group_id="B1" value="218"/>
          </count_list>
        </analyzed>
      </analyzed_list>
      <measure_list>
        <measure>
          <title>Age</title>
          <description>Baseline Measures are provided for the ITT population.</description>
          <units>years</units>
          <param>Mean</param>
          <dispersion>Standard Deviation</dispersion>
          <class_list>
            <class>
              <category_list>
                <category>
                  <measurement_list>
                    <measurement group_id="B1" value="78.7" spread="6.59"/>
                  </measurement_list>
                </category>
              </category_list>
            </class>
          </class_list>
        </measure>
        <measure>
          <title>Gender</title>
          <units>participants</units>
          <param>Number</param>
          <class_list>
            <class>
              <title>Female</title>
              <category_list>
                <category>
                  <measurement_list>
                    <measurement group_id="B1" value="131"/>
                  </measurement_list>
                </category>
              </category_list>
            </class>
            <class>
              <title>Male</title>
              <category_list>
                <category>
                  <measurement_list>
                    <measurement group_id="B1" value="87"/>
                  </measurement_list>
                </category>
              </category_list>
            </class>
          </class_list>
        </measure>
        <measure>
          <title>Region of Enrollment</title>
          <units>participants</units>
          <param>Number</param>
          <class_list>
            <class>
              <title>France</title>
              <category_list>
                <category>
                  <measurement_list>
                    <measurement group_id="B1" value="218"/>
                  </measurement_list>
                </category>
              </category_list>
            </class>
          </class_list>
        </measure>
      </measure_list>
    </baseline>

    <outcome_list>
      <outcome>
        <type>Primary</type>
        <title>Percentage of Patients Who Achieved and Maintained the Maximum Dose of 10 cm^2 Rivastigmine Patch for at Least 8 Weeks During 24 Weeks Study</title>
        <description>The primary endpoint was the percentage of patients who were able to tolerate (and stay on for at least 8 weeks) rivastigmine target patch size 10 cm^2.</description>
        <time_frame>24 weeks</time_frame>
        <population>The Intent-to-Treat (ITT) population was defined as all patients who were administered at least one dose of study medication and were assessed for efficacy at least 1 time.</population>
        <group_list>
          <group group_id="O1">
            <title>Rivastigmine Transdermal Patch</title>
            <description>During the first 4 weeks of the study, patients applied a new rivastigmine 5 cm^2 patch once daily. At the end of the 4 weeks, if tolerability was satisfactory, the dosage was increased and patients applied rivastigmine 10 cm^2 patch once daily for an additional 4 weeks. Thereafter, and until the end of the study, patients remained at the maximum tolerated dose, either 5 or 10 cm^2.</description>
          </group>
        </group_list>
        <measure>
          <title>Percentage of Patients Who Achieved and Maintained the Maximum Dose of 10 cm^2 Rivastigmine Patch for at Least 8 Weeks During 24 Weeks Study</title>
          <description>The primary endpoint was the percentage of patients who were able to tolerate (and stay on for at least 8 weeks) rivastigmine target patch size 10 cm^2.</description>
          <population>The Intent-to-Treat (ITT) population was defined as all patients who were administered at least one dose of study medication and were assessed for efficacy at least 1 time.</population>
          <units>Percentage of participants</units>
          <param>Number</param>
          <analyzed_list>
            <analyzed>
              <units>Participants</units>
              <scope>Measure</scope>
              <count_list>
                <count group_id="O1" value="218"/>
              </count_list>
            </analyzed>
          </analyzed_list>
          <class_list>
            <class>
              <category_list>
                <category>
                  <measurement_list>
                    <measurement group_id="O1" value="70.6"/>
                  </measurement_list>
                </category>
              </category_list>
            </class>
          </class_list>
        </measure>
      </outcome>
      <outcome>
        <type>Secondary</type>
        <title>Clinical Global Impression of Change (CGI-C) by Physician</title>
        <description>The CGIC is an assessment tool used by a clinician to make a judgment of the severity or a change of a patient's condition. The clinician relies solely on information obtained from the patient at the Baseline visit as well as clinical information obtained throughout the study period. The CGIC is rated on the following seven-point scale:&quot;very much improved&quot;, &quot;much improved&quot;, &quot;slightly improved&quot;, &quot;unchanged&quot;, &quot;slightly worsened&quot;, &quot;much worsened&quot; and &quot;very much worsened&quot;.</description>
        <time_frame>Baseline and week 24</time_frame>
        <population>The Intent-to-Treat (ITT) population was defined as all patients who were administered at least one dose of study medication and were assessed for efficacy at least 1 time. Last observation carried forward (LOCF) was used for missing values.</population>
        <group_list>
          <group group_id="O1">
            <title>Rivastigmine Transdermal Patch</title>
            <description>During the first 4 weeks of the study, patients applied a new rivastigmine 5 cm^2 patch once daily. At the end of the 4 weeks, if tolerability was satisfactory, the dosage was increased and patients applied rivastigmine 10 cm^2 patch once daily for an additional 4 weeks. Thereafter, and until the end of the study, patients remained at the maximum tolerated dose, either 5 or 10 cm^2.</description>
          </group>
        </group_list>
        <measure>
          <title>Clinical Global Impression of Change (CGI-C) by Physician</title>
          <description>The CGIC is an assessment tool used by a clinician to make a judgment of the severity or a change of a patient's condition. The clinician relies solely on information obtained from the patient at the Baseline visit as well as clinical information obtained throughout the study period. The CGIC is rated on the following seven-point scale:&quot;very much improved&quot;, &quot;much improved&quot;, &quot;slightly improved&quot;, &quot;unchanged&quot;, &quot;slightly worsened&quot;, &quot;much worsened&quot; and &quot;very much worsened&quot;.</description>
          <population>The Intent-to-Treat (ITT) population was defined as all patients who were administered at least one dose of study medication and were assessed for efficacy at least 1 time. Last observation carried forward (LOCF) was used for missing values.</population>
          <units>Percentage of participants</units>
          <param>Number</param>
          <analyzed_list>
            <analyzed>
              <units>Participants</units>
              <scope>Measure</scope>
              <count_list>
                <count group_id="O1" value="208"/>
              </count_list>
            </analyzed>
          </analyzed_list>
          <class_list>
            <class>
              <title>Very much improved</title>
              <category_list>
                <category>
                  <measurement_list>
                    <measurement group_id="O1" value="4.3" spread="5.2"/>
                  </measurement_list>
                </category>
              </category_list>
            </class>
            <class>
              <title>Much improved</title>
              <category_list>
                <category>
                  <measurement_list>
                    <measurement group_id="O1" value="13.0"/>
                  </measurement_list>
                </category>
              </category_list>
            </class>
            <class>
              <title>Slightly improved</title>
              <category_list>
                <category>
                  <measurement_list>
                    <measurement group_id="O1" value="23.1"/>
                  </measurement_list>
                </category>
              </category_list>
            </class>
            <class>
              <title>Unchanged</title>
              <category_list>
                <category>
                  <measurement_list>
                    <measurement group_id="O1" value="32.2"/>
                  </measurement_list>
                </category>
              </category_list>
            </class>
            <class>
              <title>Slightly worsened</title>
              <category_list>
                <category>
                  <measurement_list>
                    <measurement group_id="O1" value="19.2"/>
                  </measurement_list>
                </category>
              </category_list>
            </class>
            <class>
              <title>Much worsened</title>
              <category_list>
                <category>
                  <measurement_list>
                    <measurement group_id="O1" value="5.8"/>
                  </measurement_list>
                </category>
              </category_list>
            </class>
            <class>
              <title>Very much worsened</title>
              <category_list>
                <category>
                  <measurement_list>
                    <measurement group_id="O1" value="2.4"/>
                  </measurement_list>
                </category>
              </category_list>
            </class>
          </class_list>
        </measure>
      </outcome>
      <outcome>
        <type>Secondary</type>
        <title>Mean Change From Baseline to Week 24 in the 4-item Instrumental Activities of Daily Living (4-IADL) Score</title>
        <description>The 4-IADL assesses the ability of a patient to autonomously perform 4 activities of daily living: Use the telephone, take medications, use public transport, and manage their own budget. Each activity is assessed by a series of questions and rated on a scale of 1 to 4. Scores on the 4 activities are combined for a total score ranging from 1 to 16. A lower score indicates a more self-sufficient individual. A positive change from baseline score indicates worsening.</description>
        <time_frame>Baseline to week 24</time_frame>
        <population>The Intent-to-Treat (ITT) population was defined as all patients who were administered at least one dose of study medication and were assessed for efficacy at least 1 time.</population>
        <group_list>
          <group group_id="O1">
            <title>Rivastigmine Transdermal Patch</title>
            <description>During the first 4 weeks of the study, patients applied a new rivastigmine 5 cm^2 patch once daily. At the end of the 4 weeks, if tolerability was satisfactory, the dosage was increased and patients applied rivastigmine 10 cm^2 patch once daily for an additional 4 weeks. Thereafter, and until the end of the study, patients remained at the maximum tolerated dose, either 5 or 10 cm^2.</description>
          </group>
        </group_list>
        <measure>
          <title>Mean Change From Baseline to Week 24 in the 4-item Instrumental Activities of Daily Living (4-IADL) Score</title>
          <description>The 4-IADL assesses the ability of a patient to autonomously perform 4 activities of daily living: Use the telephone, take medications, use public transport, and manage their own budget. Each activity is assessed by a series of questions and rated on a scale of 1 to 4. Scores on the 4 activities are combined for a total score ranging from 1 to 16. A lower score indicates a more self-sufficient individual. A positive change from baseline score indicates worsening.</description>
          <population>The Intent-to-Treat (ITT) population was defined as all patients who were administered at least one dose of study medication and were assessed for efficacy at least 1 time.</population>
          <units>scores on a scale</units>
          <param>Mean</param>
          <dispersion>Standard Deviation</dispersion>
          <analyzed_list>
            <analyzed>
              <units>Participants</units>
              <scope>Measure</scope>
              <count_list>
                <count group_id="O1" value="218"/>
              </count_list>
            </analyzed>
          </analyzed_list>
          <class_list>
            <class>
              <title>Baseline (n= 198)</title>
              <category_list>
                <category>
                  <measurement_list>
                    <measurement group_id="O1" value="3.2" spread="1.18"/>
                  </measurement_list>
                </category>
              </category_list>
            </class>
            <class>
              <title>Week 24 (n= 181)</title>
              <category_list>
                <category>
                  <measurement_list>
                    <measurement group_id="O1" value="3.2" spread="1.16"/>
                  </measurement_list>
                </category>
              </category_list>
            </class>
            <class>
              <title>Change from Baseline to week 24 (n= 172)</title>
              <category_list>
                <category>
                  <measurement_list>
                    <measurement group_id="O1" value="0.1" spread="0.74"/>
                  </measurement_list>
                </category>
              </category_list>
            </class>
          </class_list>
        </measure>
      </outcome>
      <outcome>
        <type>Secondary</type>
        <title>Mean Change From Baseline to Week 24 in the Mini-Mental State Examination (MMSE) Score</title>
        <description>The MMSE is a brief, practical screening test for cognitive dysfunction. The test consists of five sections (orientation, registration, attention-calculation, recall, and language) and results in a total possible score from 0 to 30, with higher scores indicating better function. A positive change score indicates improvement from baseline.</description>
        <time_frame>Baseline to week 24</time_frame>
        <population>The Intent-to-Treat (ITT) population was defined as all patients who were administered at least one dose of study medication and were assessed for efficacy at least 1 time.</population>
        <group_list>
          <group group_id="O1">
            <title>Rivastigmine Transdermal Patch</title>
            <description>During the first 4 weeks of the study, patients applied a new rivastigmine 5 cm^2 patch once daily. At the end of the 4 weeks, if tolerability was satisfactory, the dosage was increased and patients applied rivastigmine 10 cm^2 patch once daily for an additional 4 weeks. Thereafter, and until the end of the study, patients remained at the maximum tolerated dose, either 5 or 10 cm^2.</description>
          </group>
        </group_list>
        <measure>
          <title>Mean Change From Baseline to Week 24 in the Mini-Mental State Examination (MMSE) Score</title>
          <description>The MMSE is a brief, practical screening test for cognitive dysfunction. The test consists of five sections (orientation, registration, attention-calculation, recall, and language) and results in a total possible score from 0 to 30, with higher scores indicating better function. A positive change score indicates improvement from baseline.</description>
          <population>The Intent-to-Treat (ITT) population was defined as all patients who were administered at least one dose of study medication and were assessed for efficacy at least 1 time.</population>
          <units>scores on a scale</units>
          <param>Mean</param>
          <dispersion>Standard Deviation</dispersion>
          <analyzed_list>
            <analyzed>
              <units>Participants</units>
              <scope>Measure</scope>
              <count_list>
                <count group_id="O1" value="218"/>
              </count_list>
            </analyzed>
          </analyzed_list>
          <class_list>
            <class>
              <title>Baseline (n = 216)</title>
              <category_list>
                <category>
                  <measurement_list>
                    <measurement group_id="O1" value="19.2" spread="4.11"/>
                  </measurement_list>
                </category>
              </category_list>
            </class>
            <class>
              <title>Week 24 (n = 203)</title>
              <category_list>
                <category>
                  <measurement_list>
                    <measurement group_id="O1" value="19.2" spread="5.19"/>
                  </measurement_list>
                </category>
              </category_list>
            </class>
            <class>
              <title>Change from baseline to week 24 (n = 203)</title>
              <category_list>
                <category>
                  <measurement_list>
                    <measurement group_id="O1" value="0.0" spread="3.18"/>
                  </measurement_list>
                </category>
              </category_list>
            </class>
          </class_list>
        </measure>
      </outcome>
      <outcome>
        <type>Secondary</type>
        <title>Mean Change From Baseline to Week 24 in the Mini-Zarit Inventory Score</title>
        <description>The Mini-Zarit Inventory assesses the burden of a caregiver in caring for a patient. The inventory is composed of 5 questions which are rated according to the following answers: 0 = never, ½ = sometimes, 1 = often. The ratings on the 5 questions are added together resulting in a total score of 0 to 7 with a higher score indicating greater caregiver burden.</description>
        <time_frame>Baseline to week 24</time_frame>
        <population>The Intent-to-Treat (ITT) population was defined as all patients who were administered at least one dose of study medication and were assessed for efficacy at least 1 time.</population>
        <group_list>
          <group group_id="O1">
            <title>Rivastigmine Transdermal Patch</title>
            <description>During the first 4 weeks of the study, patients applied a new rivastigmine 5 cm^2 patch once daily. At the end of the 4 weeks, if tolerability was satisfactory, the dosage was increased and patients applied rivastigmine 10 cm^2 patch once daily for an additional 4 weeks. Thereafter, and until the end of the study, patients remained at the maximum tolerated dose, either 5 or 10 cm^2.</description>
          </group>
        </group_list>
        <measure>
          <title>Mean Change From Baseline to Week 24 in the Mini-Zarit Inventory Score</title>
          <description>The Mini-Zarit Inventory assesses the burden of a caregiver in caring for a patient. The inventory is composed of 5 questions which are rated according to the following answers: 0 = never, ½ = sometimes, 1 = often. The ratings on the 5 questions are added together resulting in a total score of 0 to 7 with a higher score indicating greater caregiver burden.</description>
          <population>The Intent-to-Treat (ITT) population was defined as all patients who were administered at least one dose of study medication and were assessed for efficacy at least 1 time.</population>
          <units>Scores on a scale</units>
          <param>Mean</param>
          <dispersion>Standard Deviation</dispersion>
          <analyzed_list>
            <analyzed>
              <units>Participants</units>
              <scope>Measure</scope>
              <count_list>
                <count group_id="O1" value="218"/>
              </count_list>
            </analyzed>
          </analyzed_list>
          <class_list>
            <class>
              <title>Baseline (n= 211)</title>
              <category_list>
                <category>
                  <measurement_list>
                    <measurement group_id="O1" value="2.8" spread="1.76"/>
                  </measurement_list>
                </category>
              </category_list>
            </class>
            <class>
              <title>Week 24 (n= 199)</title>
              <category_list>
                <category>
                  <measurement_list>
                    <measurement group_id="O1" value="2.9" spread="1.85"/>
                  </measurement_list>
                </category>
              </category_list>
            </class>
            <class>
              <title>Change from baseline to week 24 (n= 197)</title>
              <category_list>
                <category>
                  <measurement_list>
                    <measurement group_id="O1" value="0.1" spread="1.35"/>
                  </measurement_list>
                </category>
              </category_list>
            </class>
          </class_list>
        </measure>
      </outcome>
    </outcome_list>

    <reported_events>
      <desc>Safety population.</desc>
      <group_list>
        <group group_id="E1">
          <title>Rivastigmine Transdermal Patch</title>
          <description>During the first 4 weeks of the study, patients applied a new rivastigmine 5 cm^2 patch once daily. At the end of the 4 weeks, if tolerability was satisfactory, the dosage was increased and patients applied rivastigmine 10 cm^2 patch once daily for an additional 4 weeks. Thereafter, and until the end of the study, patients remained at the maximum tolerated dose, either 5 or 10 cm^2.</description>
        </group>
      </group_list>
      <serious_events>
        <default_vocab>MedDRA</default_vocab>
        <default_assessment>Systematic Assessment</default_assessment>
        <category_list>
          <category>
            <title>Total</title>
            <event_list>
              <event>
                <sub_title>Total, serious adverse events</sub_title>
                <counts group_id="E1" subjects_affected="21" subjects_at_risk="218"/>
              </event>
            </event_list>
          </category>
          <category>
            <title>Blood and lymphatic system disorders</title>
            <event_list>
              <event>
                <sub_title>LYMPHADENOPATHY</sub_title>
                <counts group_id="E1" subjects_affected="1" subjects_at_risk="218"/>
              </event>
            </event_list>
          </category>
          <category>
            <title>Cardiac disorders</title>
            <event_list>
              <event>
                <sub_title>ACUTE CORONARY SYNDROME</sub_title>
                <counts group_id="E1" subjects_affected="1" subjects_at_risk="218"/>
              </event>
              <event>
                <sub_title>BRADYCARDIA</sub_title>
                <counts group_id="E1" subjects_affected="2" subjects_at_risk="218"/>
              </event>
              <event>
                <sub_title>CARDIAC ARREST</sub_title>
                <counts group_id="E1" subjects_affected="1" subjects_at_risk="218"/>
              </event>
            </event_list>
          </category>
          <category>
            <title>Gastrointestinal disorders</title>
            <event_list>
              <event>
                <sub_title>NAUSEA</sub_title>
                <counts group_id="E1" subjects_affected="1" subjects_at_risk="218"/>
              </event>
              <event>
                <sub_title>SIGMOIDITIS</sub_title>
                <counts group_id="E1" subjects_affected="1" subjects_at_risk="218"/>
              </event>
              <event>
                <sub_title>VOMITING</sub_title>
                <counts group_id="E1" subjects_affected="1" subjects_at_risk="218"/>
              </event>
            </event_list>
          </category>
          <category>
            <title>General disorders</title>
            <event_list>
              <event>
                <sub_title>MALAISE</sub_title>
                <counts group_id="E1" subjects_affected="1" subjects_at_risk="218"/>
              </event>
              <event>
                <sub_title>OEDEMA PERIPHERAL</sub_title>
                <counts group_id="E1" subjects_affected="1" subjects_at_risk="218"/>
              </event>
            </event_list>
          </category>
          <category>
            <title>Hepatobiliary disorders</title>
            <event_list>
              <event>
                <sub_title>CHOLECYSTITIS</sub_title>
                <counts group_id="E1" subjects_affected="1" subjects_at_risk="218"/>
              </event>
              <event>
                <sub_title>CHOLELITHIASIS</sub_title>
                <counts group_id="E1" subjects_affected="1" subjects_at_risk="218"/>
              </event>
              <event>
                <sub_title>HEPATOMEGALY</sub_title>
                <counts group_id="E1" subjects_affected="1" subjects_at_risk="218"/>
              </event>
            </event_list>
          </category>
          <category>
            <title>Immune system disorders</title>
            <event_list>
              <event>
                <sub_title>HYPERSENSITIVITY</sub_title>
                <counts group_id="E1" subjects_affected="1" subjects_at_risk="218"/>
              </event>
            </event_list>
          </category>
          <category>
            <title>Infections and infestations</title>
            <event_list>
              <event>
                <sub_title>BRONCHITIS</sub_title>
                <counts group_id="E1" subjects_affected="1" subjects_at_risk="218"/>
              </event>
              <event>
                <sub_title>LUNG INFECTION</sub_title>
                <counts group_id="E1" subjects_affected="1" subjects_at_risk="218"/>
              </event>
              <event>
                <sub_title>VIRAL INFECTION</sub_title>
                <counts group_id="E1" subjects_affected="1" subjects_at_risk="218"/>
              </event>
            </event_list>
          </category>
          <category>
            <title>Injury, poisoning and procedural complications</title>
            <event_list>
              <event>
                <sub_title>FALL</sub_title>
                <counts group_id="E1" subjects_affected="5" subjects_at_risk="218"/>
              </event>
              <event>
                <sub_title>FEMORAL NECK FRACTURE</sub_title>
                <counts group_id="E1" subjects_affected="1" subjects_at_risk="218"/>
              </event>
              <event>
                <sub_title>FOREARM FRACTURE</sub_title>
                <counts group_id="E1" subjects_affected="1" subjects_at_risk="218"/>
              </event>
              <event>
                <sub_title>WRIST FRACTURE</sub_title>
                <counts group_id="E1" subjects_affected="1" subjects_at_risk="218"/>
              </event>
            </event_list>
          </category>
          <category>
            <title>Investigations</title>
            <event_list>
              <event>
                <sub_title>BIOPSY PROSTATE</sub_title>
                <counts group_id="E1" subjects_affected="1" subjects_at_risk="218"/>
              </event>
            </event_list>
          </category>
          <category>
            <title>Metabolism and nutrition disorders</title>
            <event_list>
              <event>
                <sub_title>DIABETES MELLITUS</sub_title>
                <counts group_id="E1" subjects_affected="1" subjects_at_risk="218"/>
              </event>
            </event_list>
          </category>
          <category>
            <title>Musculoskeletal and connective tissue disorders</title>
            <event_list>
              <event>
                <sub_title>MUSCULOSKELETAL CHEST PAIN</sub_title>
                <counts group_id="E1" subjects_affected="1" subjects_at_risk="218"/>
              </event>
            </event_list>
          </category>
          <category>
            <title>Neoplasms benign, malignant and unspecified (incl cysts and polyps)</title>
            <event_list>
              <event>
                <sub_title>METASTATIC NEOPLASM</sub_title>
                <counts group_id="E1" subjects_affected="1" subjects_at_risk="218"/>
              </event>
              <event>
                <sub_title>PROSTATIC ADENOMA</sub_title>
                <counts group_id="E1" subjects_affected="1" subjects_at_risk="218"/>
              </event>
              <event>
                <sub_title>SQUAMOUS CELL CARCINOMA</sub_title>
                <counts group_id="E1" subjects_affected="1" subjects_at_risk="218"/>
              </event>
            </event_list>
          </category>
          <category>
            <title>Nervous system disorders</title>
            <event_list>
              <event>
                <sub_title>AUTONOMIC NERVOUS SYSTEM IMBALANCE</sub_title>
                <counts group_id="E1" subjects_affected="1" subjects_at_risk="218"/>
              </event>
              <event>
                <sub_title>DYSSTASIA</sub_title>
                <counts group_id="E1" subjects_affected="1" subjects_at_risk="218"/>
              </event>
              <event>
                <sub_title>EPILEPSY</sub_title>
                <counts group_id="E1" subjects_affected="1" subjects_at_risk="218"/>
              </event>
            </event_list>
          </category>
          <category>
            <title>Psychiatric disorders</title>
            <event_list>
              <event>
                <sub_title>APATHY</sub_title>
                <counts group_id="E1" subjects_affected="1" subjects_at_risk="218"/>
              </event>
            </event_list>
          </category>
          <category>
            <title>Respiratory, thoracic and mediastinal disorders</title>
            <event_list>
              <event>
                <sub_title>DYSPNOEA EXERTIONAL</sub_title>
                <counts group_id="E1" subjects_affected="1" subjects_at_risk="218"/>
              </event>
              <event>
                <sub_title>PULMONARY EMBOLISM</sub_title>
                <counts group_id="E1" subjects_affected="1" subjects_at_risk="218"/>
              </event>
            </event_list>
          </category>
          <category>
            <title>Skin and subcutaneous tissue disorders</title>
            <event_list>
              <event>
                <sub_title>DERMATITIS ALLERGIC</sub_title>
                <counts group_id="E1" subjects_affected="1" subjects_at_risk="218"/>
              </event>
              <event>
                <sub_title>PRURITUS</sub_title>
                <counts group_id="E1" subjects_affected="1" subjects_at_risk="218"/>
              </event>
              <event>
                <sub_title>RASH</sub_title>
                <counts group_id="E1" subjects_affected="1" subjects_at_risk="218"/>
              </event>
            </event_list>
          </category>
          <category>
            <title>Social circumstances</title>
            <event_list>
              <event>
                <sub_title>SOCIAL STAY HOSPITALISATION</sub_title>
                <counts group_id="E1" subjects_affected="1" subjects_at_risk="218"/>
              </event>
            </event_list>
          </category>
          <category>
            <title>Surgical and medical procedures</title>
            <event_list>
              <event>
                <sub_title>HIP ARTHROPLASTY</sub_title>
                <counts group_id="E1" subjects_affected="1" subjects_at_risk="218"/>
              </event>
              <event>
                <sub_title>MALIGNANT TUMOUR EXCISION</sub_title>
                <counts group_id="E1" subjects_affected="1" subjects_at_risk="218"/>
              </event>
            </event_list>
          </category>
        </category_list>
      </serious_events>
      <other_events>
        <frequency_threshold>5</frequency_threshold>
        <default_vocab>MedDRA</default_vocab>
        <default_assessment>Systematic Assessment</default_assessment>
        <category_list>
          <category>
            <title>Total</title>
            <event_list>
              <event>
                <sub_title>Total, other adverse events</sub_title>
                <counts group_id="E1" subjects_affected="13" subjects_at_risk="218"/>
              </event>
            </event_list>
          </category>
          <category>
            <title>Skin and subcutaneous tissue disorders</title>
            <event_list>
              <event>
                <sub_title>ERYTHEMA</sub_title>
                <counts group_id="E1" subjects_affected="13" subjects_at_risk="218"/>
              </event>
            </event_list>
          </category>
        </category_list>
      </other_events>
    </reported_events>

    <certain_agreements>
      <pi_employee>Principal Investigators are NOT employed by the organization sponsoring the study.</pi_employee>
      <restrictive_agreement>The terms and conditions of Novartis' agreements with its investigators may vary. However, Novartis does not prohibit any investigator from publishing. Any publications from a single-site are postponed until the publication of the pooled data (i.e., data from all sites) in the clinical trial.</restrictive_agreement>
    </certain_agreements>
    <point_of_contact>
      <name_or_title>Study Director</name_or_title>
      <organization>Novartis Pharmaceuticals</organization>
      <phone>862-778-8300</phone>
    </point_of_contact>
  </clinical_results>
</clinical_study>

