<?xml version="1.0" encoding="UTF-8"?>
<clinical_study rank="275">
  <!-- This xml conforms to an XML Schema at:
    https://clinicaltrials.gov/ct2/html/images/info/public.xsd -->
  <required_header>
    <download_date>ClinicalTrials.gov processed this data on November 07, 2017</download_date>
    <link_text>Link to the current ClinicalTrials.gov record.</link_text>
    <url>https://clinicaltrials.gov/show/NCT00117403</url>
  </required_header>
  <id_info>
    <org_study_id>IA0067</org_study_id>
    <nct_id>NCT00117403</nct_id>
  </id_info>
  <brief_title>Anti-Oxidant Treatment of Alzheimer's Disease</brief_title>
  <official_title>Evaluation of the Safety, Tolerability and Impact on Biomarkers of Anti-Oxidant Treatment of Mild to Moderate Alzheimer's Disease</official_title>
  <sponsors>
    <lead_sponsor>
      <agency>National Institute on Aging (NIA)</agency>
      <agency_class>NIH</agency_class>
    </lead_sponsor>
    <collaborator>
      <agency>Alzheimer's Disease Cooperative Study (ADCS)</agency>
      <agency_class>Other</agency_class>
    </collaborator>
  </sponsors>
  <source>National Institute on Aging (NIA)</source>
  <oversight_info>
    <has_dmc>Yes</has_dmc>
  </oversight_info>
  <brief_summary>
    <textblock>
      The purpose of this study is to examine the safety and effectiveness of two anti-oxidant
      treatment regimens in patients with mild to moderate Alzheimer's disease. The anti-oxidant
      treatments include vitamin E + C + alpha-lipoic acid, and Coenzyme Q (CoQ).
    </textblock>
  </brief_summary>
  <detailed_description>
    <textblock>
      Oxidative damage has been shown to be a factor in Alzheimer's disease (AD), and some studies
      have suggested that supplemental anti-oxidants can decrease the risk of AD or slow its
      progression. There are many candidate antioxidants, including combinations, which could be
      neuroprotective in established AD or could have efficacy in the prevention of AD. However,
      testing each of the possibilities in standard clinical trials is prohibitively expensive.
      This study will examine antioxidant supplements or vitamins which target specific cellular
      compartments, and look for evidence of biologically relevant effects in AD by measurement of
      biomarkers in CSF.

      Two general cellular compartments where antioxidant supplements may act are the cytosol and
      mitochondria. The study will examine a combination of antioxidants that act primarily at
      cytosolic sites (vitamin E + C + α-lipoic acid) and a single mitochondrial antioxidant,
      coenzyme Q10.

      This multicenter trial will recruit 75 participants who will be randomized into three groups:

        1. 25 participants will be given a combination of vitamin E 800 IU, vitamin C 200 mg, and
           alpha-lipoic acid 600 mg formulated into three capsules, one capsule given three times
           per day with meals, plus two placebo wafers three times per day with meals;

        2. 25 participants will be given CoQ 400 mg, compounded as a wafer, two wafers three times
           per day with meals, plus one placebo capsule three times per day with meals;

        3. 25 participants will be given both the placebo wafers, two wafers three times per day
           with meals, plus one placebo capsule three times per day with meals.

      The treatment period will last four months. The effects of the two anti-oxidant treatments
      will be evaluated by measuring biomarkers in blood and cerebrospinal fluid (CSF) at the
      beginning and end of the 4-month period.
    </textblock>
  </detailed_description>
  <overall_status>Completed</overall_status>
  <start_date>January 2006</start_date>
  <completion_date type="Actual">September 2007</completion_date>
  <primary_completion_date type="Actual">September 2007</primary_completion_date>
  <phase>Phase 1</phase>
  <study_type>Interventional</study_type>
  <has_expanded_access>No</has_expanded_access>
  <study_design_info>
    <allocation>Randomized</allocation>
    <intervention_model>Parallel Assignment</intervention_model>
    <primary_purpose>Treatment</primary_purpose>
    <masking>Double (Participant, Investigator)</masking>
  </study_design_info>
  <primary_outcome>
    <measure>effect on cerebrospinal fluid (CSF) biomarkers related to oxidative damage</measure>
    <time_frame>baseline and 4 months</time_frame>
  </primary_outcome>
  <secondary_outcome>
    <measure>change in plasma and CSF concentrations of a-beta42 and a-beta40</measure>
    <time_frame>baseline and 4 months</time_frame>
  </secondary_outcome>
  <number_of_arms>3</number_of_arms>
  <enrollment type="Anticipated">75</enrollment>
  <condition>Alzheimer's Disease</condition>
  <arm_group>
    <arm_group_label>1</arm_group_label>
    <arm_group_type>Experimental</arm_group_type>
    <description>vitamin E 800 IU, vitamin C 200 mg, and alpha-lipoic acid 600 mg formulated into three capsules, one capsule given three times per day with meals, plus two placebo wafers three times per day with meals</description>
  </arm_group>
  <arm_group>
    <arm_group_label>2</arm_group_label>
    <arm_group_type>Experimental</arm_group_type>
    <description>CoQ 400 mg, compounded as a wafer, two wafers three times per day with meals, plus one placebo capsule three times per day with meals</description>
  </arm_group>
  <arm_group>
    <arm_group_label>3</arm_group_label>
    <arm_group_type>Placebo Comparator</arm_group_type>
    <description>two placebo wafers three times per day with meals, plus one placebo capsule three times per day with meals</description>
  </arm_group>
  <intervention>
    <intervention_type>Drug</intervention_type>
    <intervention_name>Vitamin E, Vitamin C, and Alpha-lipoic Acid</intervention_name>
    <description>vitamin E 800 IU, vitamin C 200 mg, and alpha-lipoic acid 600 mg formulated into three capsules, one capsule given three times per day with meals</description>
    <arm_group_label>1</arm_group_label>
  </intervention>
  <intervention>
    <intervention_type>Drug</intervention_type>
    <intervention_name>Coenzyme Q</intervention_name>
    <description>400 mg, compounded as a wafer, two wafers three times per day with meals</description>
    <arm_group_label>2</arm_group_label>
  </intervention>
  <intervention>
    <intervention_type>Drug</intervention_type>
    <intervention_name>Placebo capsules</intervention_name>
    <description>one placebo capsule three times per day with meals</description>
    <arm_group_label>2</arm_group_label>
    <arm_group_label>3</arm_group_label>
  </intervention>
  <intervention>
    <intervention_type>Drug</intervention_type>
    <intervention_name>Placebo wafers</intervention_name>
    <description>two placebo wafers three times per day with meals</description>
    <arm_group_label>1</arm_group_label>
    <arm_group_label>3</arm_group_label>
  </intervention>
  <eligibility>
    <criteria>
      <textblock>
        Inclusion Criteria:

          -  Men or women aged 60-85, inclusive

          -  Diagnosis of probable Alzheimer's disease

          -  English-speaking; Spanish-speaking if individual site allows

          -  Study partner or caregiver to assure compliance

          -  Mini-Mental State Examination score at screening visit greater than 14

          -  Female participants either surgically sterile or postmenopausal for over 1 year

          -  Stable medical condition for 3 months prior to screening, with no significant abnormal
             liver, kidney, or blood studies

          -  Stable medications for 4 weeks prior to screening

          -  Able to take oral medications

          -  Modified Hachinski Ischemic Index less than or equal to 4

          -  CT or MRI since onset of memory impairment demonstrating the absence of a clinically
             significant focal lesion

          -  Physically acceptable for this study as confirmed by medical history, physical exam,
             neurological exam, and clinical tests

        Exclusion Criteria:

          -  Significant neurologic disease such as Parkinson's disease, stroke, brain tumor,
             multiple sclerosis, or seizure disorder

          -  Major depression in the past 12 months, major mental illness such as schizophrenia, or
             recent (in past 12 months) alcohol or substance abuse

          -  History of invasive cancer within the past two years (excluding non-melanoma skin
             cancer)

          -  Contra-indications to lumbar puncture

          -  Use of any investigational agents within 30 days prior to screening

          -  Major surgery within 8 weeks prior to the Baseline Visit

          -  Uncontrolled cardiac conditions or severe unstable medical illnesses

          -  Antiretroviral therapy for human immunodeficiency virus (HIV)

          -  Conditions that will contribute to oxidative stress: current cigarette or cigar
             smokers (within past month), diabetics on insulin or poorly controlled on oral
             hypoglycemics

          -  Residence in skilled nursing facility

          -  Blindness, deafness, language difficulties or any other disability which may prevent
             the participant from participating or cooperating in the protocol

        Note: Exceptions to these criteria may be considered on a case-by-case basis, at the
        discretion of the Project Director.

        Excluded Medications:

          -  Experimental drugs

          -  Coumadin

          -  Insulin

          -  Immunosuppressive agents: prednisone and other corticosteroids (taken orally or by
             injection), methotrexate, cyclophosphamide, cyclosporin, tacrolimus, etc.

          -  HIV protease inhibitors

          -  Neuroleptics and lithium

          -  Anti-cancer agents (exception: stable doses of hormonal therapy, e.g. Lupron,
             estrogen, are permitted)
      </textblock>
    </criteria>
    <gender>All</gender>
    <minimum_age>60 Years</minimum_age>
    <maximum_age>85 Years</maximum_age>
    <healthy_volunteers>No</healthy_volunteers>
  </eligibility>
  <overall_official>
    <last_name>Douglas Galasko, MD</last_name>
    <role>Principal Investigator</role>
    <affiliation>University of California, San Diego</affiliation>
  </overall_official>
  <location>
    <facility>
      <name>University of Arizona</name>
      <address>
        <city>Tucson</city>
        <state>Arizona</state>
        <zip>85724</zip>
        <country>United States</country>
      </address>
    </facility>
  </location>
  <location>
    <facility>
      <name>University of California- Irvine</name>
      <address>
        <city>Irvine</city>
        <state>California</state>
        <zip>92697</zip>
        <country>United States</country>
      </address>
    </facility>
  </location>
  <location>
    <facility>
      <name>University of California, San Diego</name>
      <address>
        <city>La Jolla</city>
        <state>California</state>
        <zip>92037</zip>
        <country>United States</country>
      </address>
    </facility>
  </location>
  <location>
    <facility>
      <name>University of California, Los Angeles</name>
      <address>
        <city>Los Angeles</city>
        <state>California</state>
        <zip>90095</zip>
        <country>United States</country>
      </address>
    </facility>
  </location>
  <location>
    <facility>
      <name>Wien Center, Mount Sinai Medical Center</name>
      <address>
        <city>Miami Beach</city>
        <state>Florida</state>
        <zip>33140</zip>
        <country>United States</country>
      </address>
    </facility>
  </location>
  <location>
    <facility>
      <name>University of Kentucky</name>
      <address>
        <city>Lexington</city>
        <state>Kentucky</state>
        <zip>40536</zip>
        <country>United States</country>
      </address>
    </facility>
  </location>
  <location>
    <facility>
      <name>University of Medicine and Dentistry of New Jersey</name>
      <address>
        <city>Piscataway</city>
        <state>New Jersey</state>
        <zip>08855</zip>
        <country>United States</country>
      </address>
    </facility>
  </location>
  <location>
    <facility>
      <name>Neurological Care of CNY</name>
      <address>
        <city>Syracuse</city>
        <state>New York</state>
        <zip>13210</zip>
        <country>United States</country>
      </address>
    </facility>
  </location>
  <location>
    <facility>
      <name>Case Western Reserve University</name>
      <address>
        <city>Cleveland</city>
        <state>Ohio</state>
        <zip>44120</zip>
        <country>United States</country>
      </address>
    </facility>
  </location>
  <location>
    <facility>
      <name>Oregon Health Sciences University</name>
      <address>
        <city>Portland</city>
        <state>Oregon</state>
        <zip>97239</zip>
        <country>United States</country>
      </address>
    </facility>
  </location>
  <location>
    <facility>
      <name>University of Pennsylvania</name>
      <address>
        <city>Philadelphia</city>
        <state>Pennsylvania</state>
        <zip>19104</zip>
        <country>United States</country>
      </address>
    </facility>
  </location>
  <location>
    <facility>
      <name>Medical University of South Carolina</name>
      <address>
        <city>North Charleston</city>
        <state>South Carolina</state>
        <zip>29406</zip>
        <country>United States</country>
      </address>
    </facility>
  </location>
  <location>
    <facility>
      <name>University of Washington</name>
      <address>
        <city>Seattle</city>
        <state>Washington</state>
        <zip>98108</zip>
        <country>United States</country>
      </address>
    </facility>
  </location>
  <location_countries>
    <country>United States</country>
  </location_countries>
  <reference>
    <citation>Sano M, Ernesto C, Thomas RG, Klauber MR, Schafer K, Grundman M, Woodbury P, Growdon J, Cotman CW, Pfeiffer E, Schneider LS, Thal LJ. A controlled trial of selegiline, alpha-tocopherol, or both as treatment for Alzheimer's disease. The Alzheimer's Disease Cooperative Study. N Engl J Med. 1997 Apr 24;336(17):1216-22.</citation>
    <PMID>9110909</PMID>
  </reference>
  <reference>
    <citation>Behl C. Alzheimer's disease and oxidative stress: implications for novel therapeutic approaches. Prog Neurobiol. 1999 Feb;57(3):301-23. Review.</citation>
    <PMID>10096843</PMID>
  </reference>
  <reference>
    <citation>Zandi PP, Anthony JC, Khachaturian AS, Stone SV, Gustafson D, Tschanz JT, Norton MC, Welsh-Bohmer KA, Breitner JC; Cache County Study Group. Reduced risk of Alzheimer disease in users of antioxidant vitamin supplements: the Cache County Study. Arch Neurol. 2004 Jan;61(1):82-8.</citation>
    <PMID>14732624</PMID>
  </reference>
  <verification_date>April 2008</verification_date>
  <!-- Old date names will be dropped in a few months (sometime in 2018)                        -->
  <lastchanged_date>April 1, 2009</lastchanged_date>
  <firstreceived_date>June 30, 2005</firstreceived_date>
  <!-- New date names                                                                           -->
  <study_first_submitted>June 30, 2005</study_first_submitted>
  <study_first_submitted_qc>June 30, 2005</study_first_submitted_qc>
  <study_first_posted type="Estimate">July 6, 2005</study_first_posted>
  <last_update_submitted>April 1, 2009</last_update_submitted>
  <last_update_submitted_qc>April 1, 2009</last_update_submitted_qc>
  <last_update_posted type="Estimate">April 3, 2009</last_update_posted>
  <!-- End of dates                                                                             -->
  <responsible_party>
    <name_title>Paul Aisen, MD</name_title>
    <organization>Alzheimer's Disease Cooperative Study</organization>
  </responsible_party>
  <keyword>dementia</keyword>
  <keyword>anti-oxidant</keyword>
  <keyword>biomarkers</keyword>
  <keyword>alpha-tocopherol</keyword>
  <keyword>CoQ</keyword>
  <condition_browse>
    <!-- CAUTION:  The following MeSH terms are assigned with an imperfect algorithm            -->
    <mesh_term>Alzheimer Disease</mesh_term>
  </condition_browse>
  <intervention_browse>
    <!-- CAUTION:  The following MeSH terms are assigned with an imperfect algorithm            -->
    <mesh_term>Vitamins</mesh_term>
    <mesh_term>Ascorbic Acid</mesh_term>
    <mesh_term>Vitamin E</mesh_term>
    <mesh_term>Tocopherols</mesh_term>
    <mesh_term>Tocotrienols</mesh_term>
    <mesh_term>alpha-Tocopherol</mesh_term>
    <mesh_term>Thioctic Acid</mesh_term>
    <mesh_term>Antioxidants</mesh_term>
    <mesh_term>Ubiquinone</mesh_term>
  </intervention_browse>
  <!-- Results have not yet been posted for this study                                          -->
</clinical_study>

