<?xml version="1.0" encoding="UTF-8"?>
<clinical_study rank="306">
  <!-- This xml conforms to an XML Schema at:
    https://clinicaltrials.gov/ct2/html/images/info/public.xsd -->
  <required_header>
    <download_date>ClinicalTrials.gov processed this data on November 07, 2017</download_date>
    <link_text>Link to the current ClinicalTrials.gov record.</link_text>
    <url>https://clinicaltrials.gov/show/NCT02912936</url>
  </required_header>
  <id_info>
    <org_study_id>H15-02537</org_study_id>
    <nct_id>NCT02912936</nct_id>
  </id_info>
  <brief_title>A Medium Chain Triglyceride Intervention for Patients With Alzheimer Disease</brief_title>
  <acronym>MINT-01</acronym>
  <official_title>A Medium Chain Triglyceride INTervention for Alzheimer Disease (A MINT for AD)</official_title>
  <sponsors>
    <lead_sponsor>
      <agency>University of British Columbia</agency>
      <agency_class>Other</agency_class>
    </lead_sponsor>
    <collaborator>
      <agency>Université de Sherbrooke</agency>
      <agency_class>Other</agency_class>
    </collaborator>
  </sponsors>
  <source>University of British Columbia</source>
  <brief_summary>
    <textblock>
      The purpose of this study is to determine safety, tolerability, and pharmacokinetics/dynamics
      of a ketogenic dietary supplement containing medium chain triglycerides (MCTs) in patients
      with Alzheimer disease (AD). Novel imaging and laboratory biomarkers in response to this
      intervention will also be explored.
    </textblock>
  </brief_summary>
  <overall_status>Recruiting</overall_status>
  <start_date>September 2016</start_date>
  <completion_date type="Anticipated">August 2018</completion_date>
  <primary_completion_date type="Anticipated">February 2018</primary_completion_date>
  <phase>Phase 1</phase>
  <study_type>Interventional</study_type>
  <has_expanded_access>No</has_expanded_access>
  <study_design_info>
    <allocation>Randomized</allocation>
    <intervention_model>Parallel Assignment</intervention_model>
    <primary_purpose>Treatment</primary_purpose>
    <masking>Quadruple (Participant, Care Provider, Investigator, Outcomes Assessor)</masking>
  </study_design_info>
  <primary_outcome>
    <measure>Number of participants with adverse events, serious adverse events</measure>
    <time_frame>From baseline to day 10 of intervention</time_frame>
  </primary_outcome>
  <primary_outcome>
    <measure>Plasma ketone concentrations in response to ascending dose of MCT</measure>
    <time_frame>Day 10 of intervention at 30, 60, 90, 120, 150, 180, 240 minutes post MCT dose</time_frame>
    <description>Plasma ketone concentrations of betahydroxybutyrate (BHB) and acetoacetate (AcAc) will be measured in response to MCT dosing from 10-50 grams daily.</description>
  </primary_outcome>
  <secondary_outcome>
    <measure>Area under the plasma concentration versus time curve (AUC) of MCT</measure>
    <time_frame>Day 10 of intervention at 30, 60, 90, 120, 150, 180, 240 minutes post MCT dose</time_frame>
    <description>To determine the MCT plasma concentration at stated time points in response to MCT dosing from 10-50 grams daily.</description>
  </secondary_outcome>
  <other_outcome>
    <measure>Cerebral metabolic rate of glucose in response to a ketogenic MCT drink</measure>
    <time_frame>Baseline and day 10 of intervention</time_frame>
    <description>Assess changes in metabolic rate of glucose by 18F fludeoxyglucose positron emission tomography (FDG-PET) in response to escalating doses of MCT (10-50grams daily) in patients with Alzheimer's disease</description>
  </other_outcome>
  <other_outcome>
    <measure>Cerebral blood flow in response to a ketogenic MCT drink</measure>
    <time_frame>Baseline and day 10 of intervention</time_frame>
    <description>Assess changes in brain blood flow using MRI (Arterial Spin Labeling) in response to escalating doses of MCT (10-50 grams daily) in patients with Alzheimer's disease</description>
  </other_outcome>
  <other_outcome>
    <measure>Changes in MR Spectroscopy (N-acetylaspartate, glutamate, glutamine) in response to a ketogenic MCT drink</measure>
    <time_frame>Baseline and day 10 of intervention</time_frame>
    <description>Assess changes in brain chemistry (measuring (N-acetylaspartate, glutamate, glutamine) in response to MCT treatment across a dose range of 10-50grams daily</description>
  </other_outcome>
  <other_outcome>
    <measure>Changes in daily physical activity in response to a ketogenic MCT drink</measure>
    <time_frame>Baseline and day 10 of intervention</time_frame>
    <description>Changes in behavior rhythms (activity level and sleep/rest) in response to MCT treatment across a dose range of 10-50grams daily, using an actigraphy watch.</description>
  </other_outcome>
  <number_of_arms>2</number_of_arms>
  <enrollment type="Anticipated">40</enrollment>
  <condition>Alzheimer's Disease</condition>
  <arm_group>
    <arm_group_label>Ketogenic medium chain triglyceride drink</arm_group_label>
    <arm_group_type>Experimental</arm_group_type>
    <description>Lactose-free skim milk drink containing 25 g of MCT oil per 250 ml.</description>
  </arm_group>
  <arm_group>
    <arm_group_label>Placebo</arm_group_label>
    <arm_group_type>Placebo Comparator</arm_group_type>
    <description>Lactose-free skim milk drink containing high-oleic sunflower oil in the equivalent amount of energy as the active arm.</description>
  </arm_group>
  <intervention>
    <intervention_type>Dietary Supplement</intervention_type>
    <intervention_name>Ketogenic medium chain triglyceride drink (MCT drink)</intervention_name>
    <description>10 days supplementation with the MCT drink. Participants in dose group 1 will be assigned to 10 g per day, those in dose group 2 will be assigned 20 g per day, those in dose group 3 will be assigned 30 g per day, those in dose group 4 will be assigned 40 g per day, and those in dose group 5 will be assigned 50 g per day. The drink will be taken in the morning and evening. Participants will be enrolled 8 per group in ascending order.</description>
    <arm_group_label>Ketogenic medium chain triglyceride drink</arm_group_label>
  </intervention>
  <intervention>
    <intervention_type>Dietary Supplement</intervention_type>
    <intervention_name>Placebo</intervention_name>
    <description>10 days supplementation with the placebo drink. Participants in dose group 1 will be assigned to 10 g per day, those in dose group 2 will be assigned 20 g per day, those in dose group 3 will be assigned 30 g per day, those in dose group 4 will be assigned 40 g per day, and those in dose group 5 will be assigned 50 g per day. The drink will be taken in the morning and evening. Participants will be enrolled 8 per group in ascending order.</description>
    <arm_group_label>Placebo</arm_group_label>
  </intervention>
  <eligibility>
    <criteria>
      <textblock>
        Inclusion Criteria:

          -  Diagnosis of mild-moderate Alzheimer disease (AD)

          -  Mini-Mental State Examination (MMSE) 16-26

          -  Study partner available who has frequent contact with the participant

          -  Good visual and auditory acuity for neuropsychological testing

          -  Education including completion of at least six grades

          -  Must read and speak English fluently

          -  Antidepressants permitted, if stable for 4 weeks prior to screening (and participant
             is not currently depressed and does not have a history of major depression within the
             past 1 year)

          -  Cholinesterase inhibitors permitted, if stable for 12 weeks prior to screening

        Exclusion Criteria:

          -  Any significant neurologic disease other than AD

          -  History of Diabetes Mellitus type I or II

          -  Any contraindications to MRI or PET studies

          -  Major depression, bipolar disorder as described within the past 1 year.

          -  History of schizophrenia

          -  History of alcohol or substance abuse or dependence within the past 2 years

          -  Any significant systemic illness or unstable medical condition, which could lead to
             difficulty complying with the protocol

          -  Current use of specific psychoactive medications

          -  Investigational amyloid lowering therapies are prohibited two months prior to
             screening and for the duration of the trial. Other investigational agents are
             prohibited one month prior to screening and for the duration of the trial.

          -  Cancer in the last 5 years
      </textblock>
    </criteria>
    <gender>All</gender>
    <minimum_age>50 Years</minimum_age>
    <maximum_age>90 Years</maximum_age>
    <healthy_volunteers>No</healthy_volunteers>
  </eligibility>
  <overall_official>
    <last_name>Haakon Nygaard, MD, PhD</last_name>
    <role>Principal Investigator</role>
    <affiliation>University of British Columbia</affiliation>
  </overall_official>
  <overall_contact>
    <last_name>Penny Slack, MSc</last_name>
    <phone>604-822-6379</phone>
    <email>pslack@mail.ubc.ca</email>
  </overall_contact>
  <location>
    <facility>
      <name>Djavad Mowafaghian Centre for Brain Health</name>
      <address>
        <city>Vancouver</city>
        <state>British Columbia</state>
        <zip>V6T 1Z3</zip>
        <country>Canada</country>
      </address>
    </facility>
    <status>Recruiting</status>
    <contact>
      <last_name>Penny Slack, MSc</last_name>
      <phone>604-822-6379</phone>
      <email>pslack@mail.ubc.ca</email>
    </contact>
    <investigator>
      <last_name>Haakon Nygaard, MD, PhD</last_name>
      <role>Principal Investigator</role>
    </investigator>
  </location>
  <location_countries>
    <country>Canada</country>
  </location_countries>
  <verification_date>September 2016</verification_date>
  <!-- Old date names will be dropped in a few months (sometime in 2018)                        -->
  <lastchanged_date>September 22, 2016</lastchanged_date>
  <firstreceived_date>July 13, 2016</firstreceived_date>
  <!-- New date names                                                                           -->
  <study_first_submitted>July 13, 2016</study_first_submitted>
  <study_first_submitted_qc>September 22, 2016</study_first_submitted_qc>
  <study_first_posted type="Estimate">September 23, 2016</study_first_posted>
  <last_update_submitted>September 22, 2016</last_update_submitted>
  <last_update_submitted_qc>September 22, 2016</last_update_submitted_qc>
  <last_update_posted type="Estimate">September 23, 2016</last_update_posted>
  <!-- End of dates                                                                             -->
  <responsible_party>
    <responsible_party_type>Sponsor</responsible_party_type>
  </responsible_party>
  <keyword>medium chain triglyceride</keyword>
  <keyword>MCT</keyword>
  <keyword>coconut oil</keyword>
  <keyword>MRI</keyword>
  <keyword>PET</keyword>
  <keyword>ketones</keyword>
  <condition_browse>
    <!-- CAUTION:  The following MeSH terms are assigned with an imperfect algorithm            -->
    <mesh_term>Alzheimer Disease</mesh_term>
  </condition_browse>
  <!-- Results have not yet been posted for this study                                          -->
</clinical_study>

