<?xml version="1.0" encoding="UTF-8"?>
<clinical_study rank="94">
  <!-- This xml conforms to an XML Schema at:
    https://clinicaltrials.gov/ct2/html/images/info/public.xsd -->
  <required_header>
    <download_date>ClinicalTrials.gov processed this data on November 07, 2017</download_date>
    <link_text>Link to the current ClinicalTrials.gov record.</link_text>
    <url>https://clinicaltrials.gov/show/NCT02292238</url>
  </required_header>
  <id_info>
    <org_study_id>BRC-451</org_study_id>
    <secondary_id>1R01AG043679-01A1</secondary_id>
    <nct_id>NCT02292238</nct_id>
  </id_info>
  <brief_title>Benfotiamine in Alzheimer's Disease: A Pilot Study</brief_title>
  <acronym>Benfotiamine</acronym>
  <official_title>Benfotiamine in Alzheimer's Disease: A Pilot Study</official_title>
  <sponsors>
    <lead_sponsor>
      <agency>Burke Medical Research Institute</agency>
      <agency_class>Other</agency_class>
    </lead_sponsor>
    <collaborator>
      <agency>Burke Rehabilitation Hospital</agency>
      <agency_class>Other</agency_class>
    </collaborator>
    <collaborator>
      <agency>Columbia University</agency>
      <agency_class>Other</agency_class>
    </collaborator>
    <collaborator>
      <agency>National Institute on Aging (NIA)</agency>
      <agency_class>NIH</agency_class>
    </collaborator>
    <collaborator>
      <agency>Alzheimer’s Drug Discovery Foundation</agency>
      <agency_class>Other</agency_class>
    </collaborator>
  </sponsors>
  <source>Burke Medical Research Institute</source>
  <oversight_info>
    <has_dmc>Yes</has_dmc>
  </oversight_info>
  <brief_summary>
    <textblock>
      General Investigational Plan

      Study Objectives The goal of this proposal is to determine whether enhancing brain glucose
      utilization minimizes cognitive decline in patients with Amnestic Mild Cognitive Impairment
      (AMCI) or mild Alzheimer's disease (AD) dementia. We propose a proof of concept double-blind,
      placebo controlled pilot study to determine if increasing brain thiamine availability with
      the investigational new drug benfotiamine, will minimize the decline in glucose utilization
      and slow the cognitive decline associated with the progression AMCI/AD dementia.

      Specifically, our objectives are two-fold:

        -  To test whether increasing brain thiamine by administering 600 mg per day (300
           mg/morning and 300 mg/evening) of benfotiamine for one year can slow cognitive decline
           in these patients as measured with the Alzheimer's Disease Assessment Scale (ADAS-COG).

        -  To determine whether increasing brain thiamine availability with 600 mg (300 mg/morning
           and 300 mg/evening) per day of benfotiamine for one year can slow the decline in brain
           glucose metabolism in these patients as measured with Fluorodeoxyglucose Positron
           Emission Tomography(FGPET) in the posterior cingulate.

      We will also carry out the following secondary objectives:

        -  Assess if there are differences in secondary clinical outcome measures (NPI, ADCSADL,
           CDR, Buschke) between benfotiamine and placebo groups and whether specific cognitive
           domains (ie: activities of daily living, learning and memory verbal memory, behavioral,
           etc.) are driving these changes.

        -  Compare ADAS-COG change scores in the benfotiamine and placebo groups within and between
           strata that were defined by initial cognitive impairment, to attempt to identified the
           population that most benefits from benfotiamine.

        -  Compare changes in glucose utilization between the benfotiamine and placebo groups in
           secondary Regions of Interest (ROIs) including the hippocampus, prefrontal regions and
           entorhinal cortex.

        -  Compare changes in whole brain glucose utilization between the benfotiamine and placebo
           groups using statistical parametric mapping (SPM).

        -  Assess the correlation between changes in glucose utilization with changes in ADAS Cog.

        -  Determine if ApoE4 genotype alters the response to benfotiamine.
    </textblock>
  </brief_summary>
  <detailed_description>
    <textblock>
      Study Design

      This study will be conducted at the Burke Rehabilitation Hospital under an IRB protocol.
      Wplan to accrue a total of 76 male and/or female patients (&gt; 65 years) with a diagnosis of
      AMCI/AD dementia that are also amyloid positive by PET scan. Patients will be randomized and
      blinded to either a benfotiamine or placebo group. Because it is unknown whether there will
      be differential responses to treatment according to initial cognitive impairment,
      participants will be stratified according to the median MMSE cut-off score of our historical
      METS population who are &gt; 65 years old and have an MMSE &gt;21.

      In this double-blind study, patients and their caregivers, as well as all physicians,
      clinicians, coordinators and investigators interacting with the patients, will be unaware of
      the treatment assignments. Treatment assignments will be available to the safety-monitoring
      physician, Dr. Michael Reding, who will have no unnecessary subject contact. If necessary,
      the code will be revealed to Dr. Reding by the pharmacist, Dr. Thomas Grandville.

      Each patient will make six visits to the Memory Evaluation and Treatment Service (METS)
      clinic at Burke Rehabilitation Hospital. Information on medication use, vital signs, outcome
      measures, compliance and safety/tolerability will be collected at each time point. The
      screening visit (visit 1) will take place within 30 days prior to baseline visit (visit 2).
      Informed consent/assent will be obtained from each subject or his/her caregiver prior to
      conducting any study related procedures. During the screening visit a review of
      inclusion/exclusion criteria will be completed along with the collection of demographic data,
      disease history, and information about prior and concomitant medications. A complete medical
      history, physical examination, neurological examination, including the MMSE, CDR, CSDD and
      vital signs, will be collected. Blood will be drawn to assess blood glucose Patients that are
      diagnosed as likely Alzheimer patients that are not hyperglycemic will then have an amyloid
      PET scan. Only patients with a diagnosis of AD and a positive amyloid scan will be included.
      Prior to baseline (visit 2), FDGPET studies will be completed for each subject. At the
      baseline visit (visit 2) blood will be drawn to determine APOE and thiamine (vitamin B1
      status). At visits 2-6, information on concomitant medications will be updated, vitals will
      be taken, medication compliance will be assessed and the following study measures will be
      administered: Alzheimer's Disease Assessment Scale (ADASCog), Buschke SRT, Neuropsychological
      Inventory (NPI), Clinical Dementia Rating Scale (CDR) and Alzheimer's Disease Cooperative
      Study-Activities of Daily Living (ADCS-ADLs). The final PET scan will be conducted
      approximately one week prior to the last visit. In addition to safety assessments at time of
      each visit, each patient will receive a call from the clinical coordinator at weeks 2 and 6
      to assess for adverse events.

      The benfotiamine and placebo will be dispensed by the pharmacy at Burke under the direction
      of Thomas Grandville, D. Pharm. The caregiver will administer the drug since patients with
      memory problems may forget to take it on a regular basis. In the placebo group, the active
      compound benfotiamine will be replaced with microcrystalline cellulose. The other components,
      shape and color are identical to the treatment. Caregivers will be instructed to oversee the
      administration of the study medication as prescribed to ensure compliance. A record of the
      number of capsules dispensed, number returned, and actual number taken will be recorded at
      scheduled visits. Each patient will be treated for 12 months.

      The study cognitive measures include: the ADAS-Cog (our primary outcome measure), Alzheimer's
      Disease Cooperative Study-Activities of Daily Living, Neuropsychiatric Inventory, Clinical
      Dementia Rating Scale, Buschke Selective Reminding Test (SRT). is a standard diagnostic tool
      in the assessment of verbal memory. The Biological/Mechanistic Outcome Measures will be
      FDG-PET Scanning Procedures

      Data Analysis Preliminary analyses will be conducted to describe the study sample and to
      confirm the relationship between level of glucose utilization and severity of cognitive
      impairment. For continuous variables (eg cognitive function, glucose utilization), we will
      first examine distributions to assess normality assumptions. We will perform transformations
      as needed to stabilize the variance, and to reduce skewness and kurtosis. We will use means
      (sd) and proportions n (%) to characterize the study sample. T-tests and Chi-square, or
      Wilcoxon rank sum test and Fisher, where appropriate, will be used to assess for any
      differences in patient characteristics according to treatment group. We will use spearman
      correlation coefficients and linear regression, unadjusted and adjusted for covariates, to
      assess the relationship between FDG-PET and MMSE in the whole population as well as in MMSE
      stratified groups to examine the relationship between initial MMSE score and glucose uptake.

      All analyses to test study hypotheses will be run as intention to treat (ITT). Missing
      observations will be addressed by using the method of last observation carried forward
      (LOCF).
    </textblock>
  </detailed_description>
  <overall_status>Recruiting</overall_status>
  <start_date>November 2014</start_date>
  <completion_date type="Anticipated">November 2019</completion_date>
  <primary_completion_date type="Anticipated">November 2018</primary_completion_date>
  <phase>Phase 2</phase>
  <study_type>Interventional</study_type>
  <has_expanded_access>No</has_expanded_access>
  <study_design_info>
    <allocation>Randomized</allocation>
    <intervention_model>Parallel Assignment</intervention_model>
    <primary_purpose>Treatment</primary_purpose>
    <masking>Quadruple (Participant, Care Provider, Investigator, Outcomes Assessor)</masking>
  </study_design_info>
  <primary_outcome>
    <measure>ADAS-cog as the primary clinical outcome</measure>
    <time_frame>Trial is for one year</time_frame>
    <description>The ADAS-Cog, our primary outcome measures a 70-point scale designed to measure the severity of cognitive impairment; higher numbers represent greater impairments.It consists of 11 tasks assessing learning and memory, language production and comprehension, constructional and ideational praxis, and orientation. We will conduct sub-analyses looking at domain-specific changes. The ADAS-Cog has been proven to clearly distinguish clinically diagnosed AD dementia patients from non-dementia control subjects. The ADAS-Cog total score and its items are sensitive to the severity and degree of AD. Alternate word lists are available to reduce the incidence of learning effects in repeated measures and we will use these in our study. Longitudinal studies indicate that AD patients show an increase in the ADAS-Cog total score of 7 to 11 points per year. After being successfully introduced as a primary evaluation instrument in the first double-blind multicenter study with tacrine, the ADAS-Cog has</description>
  </primary_outcome>
  <secondary_outcome>
    <measure>Brain glucose utilization</measure>
    <time_frame>Trial is for one year</time_frame>
    <description>Biological/mechanistic outcome measures and FDG-PET scanning procedures. The second AIM for this pilot clinical trial is to detect whether there is a differential change in neuro-degeneration as assessed by glucose utilization that is measured by FDG-PET in the posterior cingulate region of the brain among the treatment and control groups. In addition to the primary region of interest, and as part of the Secondary Aims, glucose utilization will also be analyzed in the following regions: precuneus, parietotemporal and frontal cortices. Once patients are consented and enrolled, they will receive initial PET. At completion of the benfotiamine trial, patients will receive follow-up scans to determine if the decline in glucose utilization is less in those receiving benfotiamine than in those receiving placebo. A single value will be used to compare glucose utilization.</description>
  </secondary_outcome>
  <secondary_outcome>
    <measure>Alzheimer's Disease Cooperative Study-Activities of Daily Living (ADCS-ADL)</measure>
    <time_frame>Trial is for one year</time_frame>
    <description>. The ADCS-ADL-SIV is a caregiver-based ADL scale composed of 19 items developed for use in dementia clinical studies. The scores for the multiple items are summarized in one score.</description>
  </secondary_outcome>
  <secondary_outcome>
    <measure>Neuropsychiatric Inventory (NPI).</measure>
    <time_frame>Trial is for one year</time_frame>
    <description>The NPI assesses a wide range of behaviors encountered in dementia patients to provide a means of distinguishing frequency and severity of behavioral changes. Ten behavioral and two neuro-vegetative domains are evaluated through an interview with the caregiver. The scores for the multiple items are summarized in one score.</description>
  </secondary_outcome>
  <secondary_outcome>
    <measure>Clinical Dementia Rating Scale (CDR).</measure>
    <time_frame>Trial is for one year</time_frame>
    <description>The CDR was developed primarily for use in persons with dementia of the Alzheimer type (the equivalent of probable Alzheimer's Disease) and can also be used to stage dementia in other illnesses as well. The scores for the multiple items are summarized in one score.</description>
  </secondary_outcome>
  <secondary_outcome>
    <measure>Buschke Selective Reminding Test (SRT).</measure>
    <time_frame>Trial is for one year</time_frame>
    <description>Buschke Selective Reminding Test (SRT). The SRT [64] is a standard diagnostic tool in the assessment of verbal memory. Several studies attest to its predictive value for dementia. The scores for the multiple items are summarized in one score.</description>
  </secondary_outcome>
  <number_of_arms>2</number_of_arms>
  <enrollment type="Anticipated">76</enrollment>
  <condition>Alzheimer's Disease</condition>
  <arm_group>
    <arm_group_label>Benfotiamine</arm_group_label>
    <arm_group_type>Experimental</arm_group_type>
    <description>The patients in this arm will be treated with benfotiamine</description>
  </arm_group>
  <arm_group>
    <arm_group_label>Placebo</arm_group_label>
    <arm_group_type>Placebo Comparator</arm_group_type>
    <description>The patients in this arm will be treated with placebo</description>
  </arm_group>
  <intervention>
    <intervention_type>Drug</intervention_type>
    <intervention_name>Benfotiamine</intervention_name>
    <description>To test whether increasing brain thiamine by administering 600 mg per day (300 mg/morning and 300 mg/evening) of benfotiamine for one year can slow cognitive decline in these patients as measured with the Alzheimer's Disease Assessment Scale (ADAS-COG).
To determine whether increasing brain thiamine availability with 600 mg (300 mg/morning and 300 mg/evening) per day of benfotiamine for one year can slow the decline in brain glucose metabolism in these patients as measured with Fluorodeoxyglucose Positron Emission Tomography(FGPET) in the posterior cingulate.</description>
    <arm_group_label>Benfotiamine</arm_group_label>
    <arm_group_label>Placebo</arm_group_label>
    <other_name>S-[2-{[(4-amino-2- methylpyrimidin-5-yl)methyl] (formyl)amino}-5-(phosphonooxy)pent-2-en-3-yl] benzenecarbothioate</other_name>
  </intervention>
  <eligibility>
    <criteria>
      <textblock>
        Inclusion Criteria:

          -  60 years of age or older

          -  Clinical diagnosis of AMCI by the Peterson criteria or probable AD dementia according
             to the National Institute of Neurological Disorders and stroke and the Alzheimer's
             Disease related Disorders Association (NINCDS/ADRDA)

          -  MMSE score &gt; or equal to 21

          -  CDR score &gt; or equal to 0.5 and &lt; or equal to1

          -  Cornell Scale for Depression in Dementia(CSDD) score &lt;10.

          -  Ambulatory or ambulatory with aide

          -  Have a caregiver willing to accompany the patient to each visit, accept responsibility
             for supervising treatment and provided input to clinical outcome assessments

          -  Reside at home

          -  Speak English

          -  Amyloid positive PET-scan

          -  If they are on AD medications they must be stable on AD medications for at least three
             months prior to baseline

          -  Subjects ore willing/able to provide informed consent.

        Exclusion Criteria:

          -  Patients with significant neurological disorder other than AD including hypoxia,
             stroke, traumatic brain injury

          -  A current psychiatric disorder according the DSM-IV diagnosis of major depression
             unless successfully treated on a stable dose of an antidepressant for at least 4 weeks
             and continues on stable dose throughout the study

          -  Any other DSM-IV Axis l diagnosis including other primary neurodegenerative dementia
             schizophrenia or bipolar depression

          -  A current diagnosis of uncontrolled diabetes mellitus (glucose values &gt; 200 mg/ml).

          -  Patients with uncontrolled diabetes will be excluded because high glucose will alter
             the FDG-PET studies. The clinic that does PET (Columbia University Medical Center)
             excludes patients if glucose values exceed 200 mg/ml.

          -  A current diagnosis of active, uncontrolled seizure disorder

          -  A current diagnosis of probable or possible vascular dementia according to NINDS-AIREN

          -  An investigational drug during the previous 4 weeks

          -  A current diagnosis of severe unstable cardiovascular disease

          -  A current diagnosis of acute severe, or unstable asthmatic condition (e.g., severe
             chronic obstructive pulmonary disease (COPD),

          -  A current diagnosis of cardiac, renal or hepatic disease

          -  History of alcoholism, current or within past 5 years

          -  A disability that may prevent the patient from completing all study requirements
             (e.g., blindness, deafness, severe language difficulty)

          -  A1C less than or equal to 8

          -  Current diagnosis of cancer/active treatments
      </textblock>
    </criteria>
    <gender>All</gender>
    <minimum_age>65 Years</minimum_age>
    <maximum_age>95 Years</maximum_age>
    <healthy_volunteers>No</healthy_volunteers>
  </eligibility>
  <overall_official>
    <last_name>Gary E Gibson, Ph.D.</last_name>
    <role>Principal Investigator</role>
    <affiliation>Burke Medical Research Institute</affiliation>
  </overall_official>
  <overall_official>
    <last_name>Barry D Jordan, MD, MPH</last_name>
    <role>Principal Investigator</role>
    <affiliation>Burke Rehabilitation Hospital</affiliation>
  </overall_official>
  <overall_contact>
    <last_name>Rosanna Cirio, MA, CRC</last_name>
    <phone>914-597-2476</phone>
    <email>RCIRIO@BURKE.ORG</email>
  </overall_contact>
  <overall_contact_backup>
    <last_name>Pasquale Fonzetti, PhD, MD</last_name>
    <phone>914-597-2502</phone>
    <email>pfonzett@burke.org</email>
  </overall_contact_backup>
  <location>
    <facility>
      <name>Burke</name>
      <address>
        <city>White Plains</city>
        <state>New York</state>
        <zip>10605</zip>
        <country>United States</country>
      </address>
    </facility>
    <status>Recruiting</status>
    <contact>
      <last_name>Nancy Geibel, MS</last_name>
      <phone>914-368-3159</phone>
      <email>grants@burke.org</email>
    </contact>
  </location>
  <location_countries>
    <country>United States</country>
  </location_countries>
  <verification_date>July 2016</verification_date>
  <!-- Old date names will be dropped in a few months (sometime in 2018)                        -->
  <lastchanged_date>July 18, 2016</lastchanged_date>
  <firstreceived_date>November 10, 2014</firstreceived_date>
  <!-- New date names                                                                           -->
  <study_first_submitted>November 10, 2014</study_first_submitted>
  <study_first_submitted_qc>November 14, 2014</study_first_submitted_qc>
  <study_first_posted type="Estimate">November 17, 2014</study_first_posted>
  <last_update_submitted>July 18, 2016</last_update_submitted>
  <last_update_submitted_qc>July 18, 2016</last_update_submitted_qc>
  <last_update_posted type="Estimate">July 19, 2016</last_update_posted>
  <!-- End of dates                                                                             -->
  <responsible_party>
    <responsible_party_type>Principal Investigator</responsible_party_type>
    <investigator_affiliation>Burke Medical Research Institute</investigator_affiliation>
    <investigator_full_name>Gary E. Gibson</investigator_full_name>
    <investigator_title>Professor of Neuroscience; Brain and Mind Institute; Weill Cornell Med College</investigator_title>
  </responsible_party>
  <keyword>Alzheimer's disease</keyword>
  <keyword>benfotiamine</keyword>
  <keyword>glucose</keyword>
  <keyword>Amyloid</keyword>
  <condition_browse>
    <!-- CAUTION:  The following MeSH terms are assigned with an imperfect algorithm            -->
    <mesh_term>Alzheimer Disease</mesh_term>
  </condition_browse>
  <intervention_browse>
    <!-- CAUTION:  The following MeSH terms are assigned with an imperfect algorithm            -->
    <mesh_term>Benphothiamine</mesh_term>
    <mesh_term>Thiamine</mesh_term>
  </intervention_browse>
  <!-- Results have not yet been posted for this study                                          -->
</clinical_study>

