<?xml version="1.0" encoding="UTF-8"?>
<clinical_study rank="35">
  <!-- This xml conforms to an XML Schema at:
    https://clinicaltrials.gov/ct2/html/images/info/public.xsd -->
  <required_header>
    <download_date>ClinicalTrials.gov processed this data on November 07, 2017</download_date>
    <link_text>Link to the current ClinicalTrials.gov record.</link_text>
    <url>https://clinicaltrials.gov/show/NCT00024531</url>
  </required_header>
  <id_info>
    <org_study_id>IA0031</org_study_id>
    <nct_id>NCT00024531</nct_id>
  </id_info>
  <brief_title>Lipitor as a Treatment for Alzheimer's Disease</brief_title>
  <official_title>Effect of the HMG-CoA Reductase Inhibitor Atorvastatin Calcium, Lipitor, in the Treatment of Alzheimer's Disease</official_title>
  <sponsors>
    <lead_sponsor>
      <agency>Institute for the Study of Aging (ISOA)</agency>
      <agency_class>Other</agency_class>
    </lead_sponsor>
    <collaborator>
      <agency>Pfizer</agency>
      <agency_class>Industry</agency_class>
    </collaborator>
  </sponsors>
  <source>National Institute on Aging (NIA)</source>
  <brief_summary>
    <textblock>
      The purpose of this study is to assess the clinical benefit of Lipitor, a
      cholesterol-lowering drug, in the treatment of Alzheimer's disease.
    </textblock>
  </brief_summary>
  <detailed_description>
    <textblock>
      This study is a phase II, placebo controlled, double-blind, one year trial investigating the
      effect of HmG-CoA reductase inhibitor atorvastatin calcium in the treatment of persons with
      possible or probable Alzheimer's disease. Subjects may continue to take stable doses of
      Aricept and Exelon. Following enrollment, participants will make visits to the study center
      every three months for blood tests and neuropsychological testing.
    </textblock>
  </detailed_description>
  <overall_status>Completed</overall_status>
  <start_date>October 2000</start_date>
  <completion_date>August 2004</completion_date>
  <phase>Phase 2</phase>
  <study_type>Interventional</study_type>
  <has_expanded_access>No</has_expanded_access>
  <study_design_info>
    <allocation>Randomized</allocation>
    <primary_purpose>Treatment</primary_purpose>
    <masking>Double</masking>
  </study_design_info>
  <enrollment>98</enrollment>
  <condition>Alzheimer Disease</condition>
  <intervention>
    <intervention_type>Drug</intervention_type>
    <intervention_name>Atorvastatin calcium</intervention_name>
  </intervention>
  <eligibility>
    <criteria>
      <textblock>
        Inclusion Criteria:

          -  Prior to participation in this study, each prospective study individual must sign an
             informed consent form.

          -  Diagnosis of probable or possible Alzheimer's disease according to NINDS-ADRDA and
             DSM-IV criteria.

          -  Not actively participating in another clinical drug trial.

          -  MMSE range 12-28 at entry.

          -  Hachinski Modified Ischemic score &lt; or =4.

          -  Accompanied by appropriate caregiver who can aid in administration of medication and
             make assessments.

          -  Good general health as evidenced by physical, neurological and clinical laboratory
             examination.

          -  Education level &gt; or = 9th grade or equivalent.

          -  Fluent in the English language.

          -  Reliable caregiver.

          -  Able to complete neuropsychological tests.

          -  Ambulatory.

          -  On stable doses of medications for the treatment of non-excluded medical conditions
             for four weeks prior to screening.

          -  Able to participate in all scheduled evaluations.

          -  Geriatric Depression Scale &lt; or = 20.

          -  Not exceeding 400 IU of Vitamin E for 30 days.

          -  For patients currently taking donepezil, they must remain on a stable dose for at
             least three months. Individuals taking stable doses of other cholinesterase inhibitors
             can be included, but no study subject may initiate use of any cholinesterase inhibitor
             after entrance to trial.

          -  Individuals of both sexes over 50 years of age will be eligible.

        Exclusion criteria:

          -  Significant neurological or psychiatric disease other than Alzheimer's disease.

          -  Patients with known or suspected Parkinsons's disease or dementia with Lewy bodies.

          -  Significant systemic illness (including uncontrolled hypertension) or organ failure.

          -  History of mental illness within one year or history of significant untreated cardiac
             or thromboembolic vascular disease (arrythmias, unstable angina, CVA, deep venous
             thrombosis, or pulmonary embolus).

          -  Current chronic use of anti-cholinergic medications (anti-histamines, and Artane or
             Cogentin). Stable doses of anxiolytics, sedatives, hypnotics, antipsychotics and SSRI
             antidepressants are acceptable. The use of any antipsychotics or tricyclic
             anti-depressants must be reviewed prior to entry.

          -  Diagnosis of major depression according to DSM-IV criteria in the last two years.

          -  Allergies to atorvastatin or HMG CoA reductase inhibitors.

          -  Pregnant women.

          -  History of head injury.

          -  On a cholesterol lowering drug at time of enrollment.

          -  History of significant liver disease and or elevated transaminases.

          -  Cholesterol level lower than 90 mg% at initial screening
      </textblock>
    </criteria>
    <gender>All</gender>
    <minimum_age>50 Years</minimum_age>
    <maximum_age>N/A</maximum_age>
    <healthy_volunteers>No</healthy_volunteers>
  </eligibility>
  <overall_official>
    <last_name>David L Sparks, PhD</last_name>
    <role>Principal Investigator</role>
    <affiliation>Sun Health Research Institute</affiliation>
  </overall_official>
  <location>
    <facility>
      <name>Sun Health Research Institute</name>
      <address>
        <city>Sun City</city>
        <state>Arizona</state>
        <zip>85351</zip>
        <country>United States</country>
      </address>
    </facility>
  </location>
  <location_countries>
    <country>United States</country>
  </location_countries>
  <link>
    <url>http://www.shri.org</url>
    <description>Sun Health Research Institute</description>
  </link>
  <reference>
    <citation>Sparks DL. Intraneuronal beta-amyloid immunoreactivity in the CNS. Neurobiol Aging. 1996 Mar-Apr;17(2):291-9.</citation>
    <PMID>8744411</PMID>
  </reference>
  <reference>
    <citation>Sparks DL. Coronary artery disease, hypertension, ApoE, and cholesterol: a link to Alzheimer's disease? Ann N Y Acad Sci. 1997 Sep 26;826:128-46.</citation>
    <PMID>9329686</PMID>
  </reference>
  <reference>
    <citation>Sparks DL, Martin TA, Gross DR, Hunsaker JC 3rd. Link between heart disease, cholesterol, and Alzheimer's disease: a review. Microsc Res Tech. 2000 Aug 15;50(4):287-90. Review.</citation>
    <PMID>10936882</PMID>
  </reference>
  <reference>
    <citation>Sparks DL, Lopez J, Connor D, Sabbagh M, Seward J, Browne P; Alzheimer's Disease Cholesterol-Lowering Treatment Team. A position paper: based on observational data indicating an increased rate of altered blood chemistry requiring withdrawal from the Alzheimer's Disease Cholesterol-Lowering Treatment Trial (ADCLT). J Mol Neurosci. 2003;20(3):407-10.</citation>
    <PMID>14501025</PMID>
  </reference>
  <reference>
    <citation>Sparks DL, Connor DJ, Browne P, Sabbagh MN; AD Cholesterol-Lowering Treatment Trial Team. Should the guidelines for monitoring serum cholesterol levels in the elderly be re-evaluated? J Mol Neurosci. 2002 Aug-Oct;19(1-2):209-12.</citation>
    <PMID>12212783</PMID>
  </reference>
  <results_reference>
    <citation>Sparks DL, Sabbagh MN, Connor DJ, Lopez J, Launer LJ, Browne P, Wasser D, Johnson-Traver S, Lochhead J, Ziolwolski C. Atorvastatin for the treatment of mild to moderate Alzheimer disease: preliminary results. Arch Neurol. 2005 May;62(5):753-7.</citation>
    <PMID>15883262</PMID>
  </results_reference>
  <verification_date>November 2006</verification_date>
  <!-- Old date names will be dropped in a few months (sometime in 2018)                        -->
  <lastchanged_date>November 8, 2006</lastchanged_date>
  <firstreceived_date>September 19, 2001</firstreceived_date>
  <!-- New date names                                                                           -->
  <study_first_submitted>September 19, 2001</study_first_submitted>
  <study_first_submitted_qc>September 19, 2001</study_first_submitted_qc>
  <study_first_posted type="Estimate">September 20, 2001</study_first_posted>
  <last_update_submitted>November 8, 2006</last_update_submitted>
  <last_update_submitted_qc>November 8, 2006</last_update_submitted_qc>
  <last_update_posted type="Estimate">November 9, 2006</last_update_posted>
  <!-- End of dates                                                                             -->
  <keyword>Alzheimer disease</keyword>
  <keyword>Cholesterol-lowering drugs</keyword>
  <condition_browse>
    <!-- CAUTION:  The following MeSH terms are assigned with an imperfect algorithm            -->
    <mesh_term>Alzheimer Disease</mesh_term>
  </condition_browse>
  <intervention_browse>
    <!-- CAUTION:  The following MeSH terms are assigned with an imperfect algorithm            -->
    <mesh_term>Calcium, Dietary</mesh_term>
    <mesh_term>Atorvastatin Calcium</mesh_term>
  </intervention_browse>
  <!-- Results have not yet been posted for this study                                          -->
</clinical_study>

