<?xml version="1.0" encoding="UTF-8"?>
<clinical_study rank="467">
  <!-- This xml conforms to an XML Schema at:
    https://clinicaltrials.gov/ct2/html/images/info/public.xsd -->
  <required_header>
    <download_date>ClinicalTrials.gov processed this data on November 07, 2017</download_date>
    <link_text>Link to the current ClinicalTrials.gov record.</link_text>
    <url>https://clinicaltrials.gov/show/NCT00602680</url>
  </required_header>
  <id_info>
    <org_study_id>PDY10400</org_study_id>
    <secondary_id>SSR180711</secondary_id>
    <secondary_id>EudraCT 2007-001639-80</secondary_id>
    <nct_id>NCT00602680</nct_id>
  </id_info>
  <brief_title>Effect on Cognitive Performance and Safety/Tolerability of SSR180711C in Mild Alzheimer's Disease</brief_title>
  <official_title>A Multicenter, Double-blind, Parallel-group, Placebo-controlled Study of the Effect on Cognitive Performance and Safety/Tolerability of SSR180711C for 4 Weeks, Using Donepezil as Calibrator, in Patients With Mild Alzheimer's Disease</official_title>
  <sponsors>
    <lead_sponsor>
      <agency>Sanofi</agency>
      <agency_class>Industry</agency_class>
    </lead_sponsor>
  </sponsors>
  <source>Sanofi</source>
  <oversight_info>
    <has_dmc>Yes</has_dmc>
  </oversight_info>
  <brief_summary>
    <textblock>
      The primary objective of the study is to assess the effect of 3 doses of SSR180711C on
      cognitive performance in patients with mild Alzheimer's Disease (AD). Other objectives are to
      assess the safety/tolerability of SSR180711C in patients with mild AD.
    </textblock>
  </brief_summary>
  <overall_status>Terminated</overall_status>
  <why_stopped>
    Insufficient expected benefit risk
  </why_stopped>
  <start_date>January 2008</start_date>
  <completion_date type="Actual">July 2008</completion_date>
  <primary_completion_date type="Actual">July 2008</primary_completion_date>
  <phase>Phase 2</phase>
  <study_type>Interventional</study_type>
  <has_expanded_access>No</has_expanded_access>
  <study_design_info>
    <allocation>Randomized</allocation>
    <intervention_model>Parallel Assignment</intervention_model>
    <primary_purpose>Treatment</primary_purpose>
    <masking>Quadruple (Participant, Care Provider, Investigator, Outcomes Assessor)</masking>
  </study_design_info>
  <primary_outcome>
    <measure>Change in cognitive performance</measure>
    <time_frame>4 weeks</time_frame>
  </primary_outcome>
  <secondary_outcome>
    <measure>Cognitive, global, functional and behaviorial assessments</measure>
    <time_frame>4 weeks</time_frame>
  </secondary_outcome>
  <number_of_arms>5</number_of_arms>
  <enrollment type="Actual">1</enrollment>
  <condition>Alzheimer's Disease</condition>
  <arm_group>
    <arm_group_label>1</arm_group_label>
    <arm_group_type>Experimental</arm_group_type>
    <description>dose 1</description>
  </arm_group>
  <arm_group>
    <arm_group_label>2</arm_group_label>
    <arm_group_type>Experimental</arm_group_type>
    <description>dose 2</description>
  </arm_group>
  <arm_group>
    <arm_group_label>3</arm_group_label>
    <arm_group_type>Experimental</arm_group_type>
    <description>dose 3</description>
  </arm_group>
  <arm_group>
    <arm_group_label>4</arm_group_label>
    <arm_group_type>Placebo Comparator</arm_group_type>
  </arm_group>
  <arm_group>
    <arm_group_label>5</arm_group_label>
    <arm_group_type>Active Comparator</arm_group_type>
  </arm_group>
  <intervention>
    <intervention_type>Drug</intervention_type>
    <intervention_name>SSR180711C</intervention_name>
    <description>duration of treatment: 4 weeks</description>
    <arm_group_label>1</arm_group_label>
    <arm_group_label>2</arm_group_label>
    <arm_group_label>3</arm_group_label>
  </intervention>
  <intervention>
    <intervention_type>Drug</intervention_type>
    <intervention_name>donepezil</intervention_name>
    <description>duration of treatment: 4 weeks</description>
    <arm_group_label>5</arm_group_label>
  </intervention>
  <intervention>
    <intervention_type>Drug</intervention_type>
    <intervention_name>placebo</intervention_name>
    <description>duration of treatment: 4 weeks</description>
    <arm_group_label>4</arm_group_label>
  </intervention>
  <eligibility>
    <criteria>
      <textblock>
        Inclusion Criteria:

          -  Outpatients with diagnosis of mild AD

        Exclusion Criteria:

          -  Concomitant or previous treatment by acetylcholinesterase inhibitors and/or memantine

          -  Medical condition which may interfere with the study

          -  History of epileptic seizures

          -  Lens opacity

          -  Lack of reliable caregiver

        The above information is not intended to contain all considerations relevant to a patient's
        potential participation in a clinical trial.
      </textblock>
    </criteria>
    <gender>All</gender>
    <minimum_age>55 Years</minimum_age>
    <maximum_age>90 Years</maximum_age>
    <healthy_volunteers>No</healthy_volunteers>
  </eligibility>
  <overall_official>
    <last_name>Bruno DUBOIS, MD</last_name>
    <role>Study Chair</role>
    <affiliation>Scientific Advisory Committee</affiliation>
  </overall_official>
  <location>
    <facility>
      <name>Sanofi-Aventis Administrative Office</name>
      <address>
        <city>Paris</city>
        <country>France</country>
      </address>
    </facility>
  </location>
  <location_countries>
    <country>France</country>
  </location_countries>
  <verification_date>July 2009</verification_date>
  <!-- Old date names will be dropped in a few months (sometime in 2018)                        -->
  <lastchanged_date>July 17, 2009</lastchanged_date>
  <firstreceived_date>January 16, 2008</firstreceived_date>
  <!-- New date names                                                                           -->
  <study_first_submitted>January 16, 2008</study_first_submitted>
  <study_first_submitted_qc>January 16, 2008</study_first_submitted_qc>
  <study_first_posted type="Estimate">January 28, 2008</study_first_posted>
  <last_update_submitted>July 17, 2009</last_update_submitted>
  <last_update_submitted_qc>July 17, 2009</last_update_submitted_qc>
  <last_update_posted type="Estimate">July 20, 2009</last_update_posted>
  <!-- End of dates                                                                             -->
  <responsible_party>
    <name_title>ICD study director</name_title>
    <organization>sanofi-aventis</organization>
  </responsible_party>
  <keyword>Alzheimer</keyword>
  <keyword>cognitive</keyword>
  <condition_browse>
    <!-- CAUTION:  The following MeSH terms are assigned with an imperfect algorithm            -->
    <mesh_term>Alzheimer Disease</mesh_term>
  </condition_browse>
  <intervention_browse>
    <!-- CAUTION:  The following MeSH terms are assigned with an imperfect algorithm            -->
    <mesh_term>Donepezil</mesh_term>
  </intervention_browse>
  <!-- Results have not yet been posted for this study                                          -->
</clinical_study>

