<?xml version="1.0" encoding="UTF-8"?>
<clinical_study rank="315">
  <!-- This xml conforms to an XML Schema at:
    https://clinicaltrials.gov/ct2/html/images/info/public.xsd -->
  <required_header>
    <download_date>ClinicalTrials.gov processed this data on November 07, 2017</download_date>
    <link_text>Link to the current ClinicalTrials.gov record.</link_text>
    <url>https://clinicaltrials.gov/show/NCT00202124</url>
  </required_header>
  <id_info>
    <org_study_id>DFW-TRP01</org_study_id>
    <nct_id>NCT00202124</nct_id>
  </id_info>
  <brief_title>Double Blind Study of Trp01 in Patients With Alzheimer's Disease</brief_title>
  <official_title>Double Blind Medium Term Efficacy Study of Trp01 in Patients With Mild to Moderate Alzheimer's Disease</official_title>
  <sponsors>
    <lead_sponsor>
      <agency>Queen's University</agency>
      <agency_class>Other</agency_class>
    </lead_sponsor>
  </sponsors>
  <source>Queen's University</source>
  <brief_summary>
    <textblock>
      The purpose of this study is to determine whether tryptophan is effective in the treatment of
      mild to moderate Alzheimer's Disease (AD).
    </textblock>
  </brief_summary>
  <detailed_description>
    <textblock>
      The clinical trial will be a double-blind, placebo-controlled study with patients being
      randomized in a 2:1 ratio into groups A and B, respectively:

      Group A: TRP01 1g b.i.d. for 26 weeks

      Group B: placebo capsules b.i.d. for 26 weeks

      After the initial screening, clinic visits will take place at 0, 13 and 26 weeks. The
      blinding will be maintained until all patients have completed the 26-week trial. Any patients
      wishing to continue taking the medication upon completion of the trial will be provided a
      prescription for the drug and may purchase it at their own expense.
    </textblock>
  </detailed_description>
  <overall_status>Completed</overall_status>
  <start_date>April 2001</start_date>
  <completion_date>March 2002</completion_date>
  <phase>Phase 4</phase>
  <study_type>Interventional</study_type>
  <has_expanded_access>No</has_expanded_access>
  <study_design_info>
    <allocation>Randomized</allocation>
    <intervention_model>Parallel Assignment</intervention_model>
    <primary_purpose>Treatment</primary_purpose>
    <masking>Double</masking>
  </study_design_info>
  <primary_outcome>
    <measure>1. MMSE score</measure>
  </primary_outcome>
  <primary_outcome>
    <measure>2. Alzheimer’s Disease Assessment Scale, cognitive subpart (ADAS-Cog) as an evaluation of cognitive functioning</measure>
  </primary_outcome>
  <secondary_outcome>
    <measure>1. Alzheimer’s Disease Cooperative Study – Clinical Global Impression of Change (ADCS-CGIC)</measure>
  </secondary_outcome>
  <secondary_outcome>
    <measure>2. Neuropsychiatric Inventory (NPI)</measure>
  </secondary_outcome>
  <secondary_outcome>
    <measure>3. Disability Assessment for Dementia (DAD)</measure>
  </secondary_outcome>
  <secondary_outcome>
    <measure>4. Physical Self-Maintenance Scale (PSMS)</measure>
  </secondary_outcome>
  <secondary_outcome>
    <measure>5. Functional Activities Questionnaire (FAQ)</measure>
  </secondary_outcome>
  <enrollment>12</enrollment>
  <condition>Alzheimer's Disease</condition>
  <intervention>
    <intervention_type>Drug</intervention_type>
    <intervention_name>Tryptophan</intervention_name>
  </intervention>
  <eligibility>
    <criteria>
      <textblock>
        Inclusion Criteria:

        Patients will be selected in order to fulfill both of the following definitions:

          -  Dementia according to DSM-IV criteria :

               -  development of multiple cognitive deficits manifested by both memory impairment
                  and one or more of the following cognitive disturbances: aphasia, apraxia,
                  agnosia, disturbance in executive functioning

               -  the above-mentioned deficits cause significant impairment in social or
                  occupational functioning

               -  they do not occur exclusively during the course of delirium

          -  Dementia according to communicative disorders and stroke criteria (NINCDS-ADRDA)

               -  dementia established clinically and documented by a Folstein Mini-Mental State
                  Examination (MMSE)

               -  deficits in two or more areas of cognition

               -  progressive worsening of memory and other cognitive functions

               -  no disturbance of consciousness

               -  absence of systematic disorders or other brain diseases that in and of themselves
                  can account for progressive deficit in memory and cognition

        Furthermore, patients must fulfill the following criteria:

          -  men, or postmenopausal or surgically sterilized women

          -  with severity of dementia of mild to moderate degree as reflected by a score of
             greater than 14 but less than 26 on the MMSE

          -  with a minimum one-year duration of the symptomatology (progressive worsening of
             memory and other cognitive functions)

          -  living at home or in an institution provided that they have reliable caregivers

          -  able to perform the required psychometric tests and evaluations. Visual and auditory
             acuity (with glasses or hearing aid if required) must be sufficient to complete the
             protocol-specified procedures.

          -  Clinical laboratory battery (see section 7.2.2) must yield results within normal
             limits or determined as not clinically significant by the study physician for the
             patient’s sex and age

          -  Patients and their substitute decision-makers must have signed the written informed
             consent form

        Exclusion Criteria:

        Patients with any of the following will not be included in the study:

          -  Patients with any other cause of dementia as evidenced by medical history, general
             physical and neurological examination, laboratory tests, and neuroradiological
             findings:

               -  Vascular dementia, as evidenced by Modified Hachinski Ischemia Scale

               -  Depressive pseudementia, as evidenced by cognitive disturbances concomitant to a
                  major depressive episode according to DSM-IV and/or a history of more than one
                  major depressive episode

               -  DSM-IV criteria for any major psychiatric disorder including schizophrenia,
                  alcohol or substance abuse

               -  Huntington’s chorea or Parkinson’s disease, evidenced by neurological
                  examination, with an onset prior to or concurrent with dementia

               -  Creutzfeldt-Jakob disease

               -  Intracranial mass lesion

               -  Clinically important head injury

               -  History or current evidence of stroke

               -  Onset of dementia following cardiac arrest or heart surgery

               -  Neurosyphilis

               -  Seropositivity for HIV

               -  Vitamin B12 deficiency

               -  Uncorrected hypothyroidism (i.e. abnormal free T4, ultrasensitive TSH)

          -  Patients with other relevant concomitant diseases:

               -  Patients with history or current evidence of a sleep disorder

               -  Patients with a clinically significant cardiovascular, renal, hepatic, pulmonary,
                  gastrointestinal, endocrine, metabolic, opthalmologic, or hematologic condition

               -  Current evidence or history within the past year of myocardial infarction (MI),
                  congestive heart failure

               -  Blood pressure at screening of &gt; 180 mm Hg systolic or 100 mm Hg diastolic

               -  Impaired renal, hepatic, or gastrointestinal function, which could interfere with
                  drug absorption, metabolism or excretion

               -  Seizure disorder

               -  Diabetes

               -  Earlier diagnosis or current evidence of cataracts

               -  Progressive fatal disease (other than AD)

               -  Treatment with any other investigational drug in the last 8 weeks prior to
                  screening

               -  Previous administration of TRP01
      </textblock>
    </criteria>
    <gender>All</gender>
    <minimum_age>N/A</minimum_age>
    <maximum_age>N/A</maximum_age>
    <healthy_volunteers>No</healthy_volunteers>
  </eligibility>
  <overall_official>
    <last_name>Donald F Weaver, MD, PhD</last_name>
    <role>Study Chair</role>
    <affiliation>Queen's University</affiliation>
  </overall_official>
  <location>
    <facility>
      <name>Queen's University</name>
      <address>
        <city>Kingston</city>
        <state>Ontario</state>
        <zip>K7L 3N6</zip>
        <country>Canada</country>
      </address>
    </facility>
  </location>
  <location_countries>
    <country>Canada</country>
  </location_countries>
  <verification_date>November 2002</verification_date>
  <!-- Old date names will be dropped in a few months (sometime in 2018)                        -->
  <lastchanged_date>September 13, 2005</lastchanged_date>
  <firstreceived_date>September 13, 2005</firstreceived_date>
  <!-- New date names                                                                           -->
  <study_first_submitted>September 13, 2005</study_first_submitted>
  <study_first_submitted_qc>September 13, 2005</study_first_submitted_qc>
  <study_first_posted type="Estimate">September 20, 2005</study_first_posted>
  <last_update_submitted>September 13, 2005</last_update_submitted>
  <last_update_submitted_qc>September 13, 2005</last_update_submitted_qc>
  <last_update_posted type="Estimate">December 9, 2005</last_update_posted>
  <!-- End of dates                                                                             -->
  <condition_browse>
    <!-- CAUTION:  The following MeSH terms are assigned with an imperfect algorithm            -->
    <mesh_term>Alzheimer Disease</mesh_term>
  </condition_browse>
  <intervention_browse>
    <!-- CAUTION:  The following MeSH terms are assigned with an imperfect algorithm            -->
    <mesh_term>Tryptophan</mesh_term>
  </intervention_browse>
  <!-- Results have not yet been posted for this study                                          -->
</clinical_study>

