<?xml version="1.0" encoding="UTF-8"?>
<clinical_study rank="401">
  <!-- This xml conforms to an XML Schema at:
    https://clinicaltrials.gov/ct2/html/images/info/public.xsd -->
  <required_header>
    <download_date>ClinicalTrials.gov processed this data on November 07, 2017</download_date>
    <link_text>Link to the current ClinicalTrials.gov record.</link_text>
    <url>https://clinicaltrials.gov/show/NCT01716637</url>
  </required_header>
  <id_info>
    <org_study_id>CL025</org_study_id>
    <nct_id>NCT01716637</nct_id>
  </id_info>
  <brief_title>Short Term Efficacy and Safety of Perispinal Administration of Etanercept in Mild to Moderate Alzheimer's Disease</brief_title>
  <official_title>Open Label,Crossover,Pilot Study to Assess the Efficacy &amp; Safety of Perispinal Admin.of Etanercept(Enbrel®) in Comb.w/Nutritional Supplements vs. Nutritional Supplements Alone in Subj. w/Mild to Mod. Alzheimer's Disease Receiving Std. Care.</official_title>
  <sponsors>
    <lead_sponsor>
      <agency>Life Extension Foundation Inc.</agency>
      <agency_class>Other</agency_class>
    </lead_sponsor>
  </sponsors>
  <source>Life Extension Foundation Inc.</source>
  <oversight_info>
    <has_dmc>No</has_dmc>
  </oversight_info>
  <brief_summary>
    <textblock>
      While the cause of AD is still unknown, evidence suggests it develops because of a complex
      series of events in the brain that occur over time. Two pathways possibly involved in
      development of AD are inflammation and oxidative stress. Scientists have linked chronic
      inflammatory events in the brain with the onset and progression of Alzheimer's Disease.
      Oxidative stress has also been implicated in the pathogenesis of a number of neurological
      disorders including Alzheimer's Disease.

      Etanercept (Enbrel®) is an approved drug for the treatment of several forms of arthritis when
      administered by injection. Some research suggests that etanercept, when administered by
      injection into the tissues close to the spinal column (perispinally), may modulate certain
      aspects of the immune system and provide some beneficial effect for people with Alzheimer's
      disease. Studies suggest that supplementation with specific nutrients may also have a
      positive effect in support of cognitive function.

      This study will be conducted at one research office with volunteers who have been diagnosed
      with mild to moderate Alzheimer's disease. Each qualifying participant will be randomly
      assigned to receive an etanercept injection plus nutritional supplements for 6 weeks followed
      by a crossover and a washout period of 4 weeks to then receiving nutritional supplements
      alone or vice versa for another 6 weeks.

      Participants will undergo blood and urine safety assessments at the beginning and end of each
      6 week treatment period. During 4 of the 6 weekly visits in the treatment period with the
      injections, you will complete the cognitive tests twice; once before and once 2 hours after
      the injection. During 4 of the 6 weekly visits in the treatment period without the
      injections, you will also complete the cognitive tests twice; once before and once 2 hours
      after being asked to lie down onto a table for 5 minutes. You will be allowed to continue
      your standard of care for Alzheimer's disease throughout your participation in the study.
    </textblock>
  </brief_summary>
  <overall_status>Completed</overall_status>
  <start_date>February 2010</start_date>
  <completion_date type="Actual">May 2016</completion_date>
  <primary_completion_date type="Actual">October 2015</primary_completion_date>
  <phase>Phase 1</phase>
  <study_type>Interventional</study_type>
  <has_expanded_access>No</has_expanded_access>
  <study_design_info>
    <allocation>Randomized</allocation>
    <intervention_model>Crossover Assignment</intervention_model>
    <primary_purpose>Health Services Research</primary_purpose>
    <masking>None (Open Label)</masking>
  </study_design_info>
  <primary_outcome>
    <measure>Difference in effects of treatment for 6 weeks with etanercept + nutritional supplements versus nutritional supplements alone on the Mini-Mental Status Examination (MMSE) score.</measure>
    <time_frame>16 weeks</time_frame>
  </primary_outcome>
  <secondary_outcome>
    <measure>Difference in the effects of treatment for 6 weeks with etanercept + nutritional supplements versus nutritional supplements alone on the Alzheimer's Disease Assessment Scale-Cognitive Subscale (ADAS-cog) score.</measure>
    <time_frame>16 weeks</time_frame>
  </secondary_outcome>
  <secondary_outcome>
    <measure>Difference in the effects of treatment for 6 weeks with etanercept + nutritional supplements versus nutritional supplements alone on the Montreal Cognitive Assessment (MoCA) score.</measure>
    <time_frame>16 weeks</time_frame>
  </secondary_outcome>
  <other_outcome>
    <measure>Difference in the effects of treatment for 6 weeks as well as an additional 12 weeks following visit 15 with nutritional supplementation alone on the MMSE score.</measure>
    <time_frame>28 weeks</time_frame>
  </other_outcome>
  <other_outcome>
    <measure>Difference in short term effects of etanercept on the MMSE score before and two hours after perispinal administration of etanercept.</measure>
    <time_frame>16 weeks</time_frame>
  </other_outcome>
  <other_outcome>
    <measure>To determine the safety and tolerability of nutritional supplements with perispinal adminstration of etanercept, as measured by various laboratory markers, vital signs (blood pressure and heart rate), and adverse events.</measure>
    <time_frame>16 weeks</time_frame>
  </other_outcome>
  <other_outcome>
    <measure>Difference in the effects of treatment for 6 weeks as well as an additional 12 weeks following visit 15 with nutritional supplementation alone on the ADAS-cog score.</measure>
    <time_frame>28 weeks</time_frame>
  </other_outcome>
  <other_outcome>
    <measure>Difference in the effects of treatment for 6 weeks as well as an additional 12 weeks following visit 15 with nutritional supplementation alone on the MoCA score.</measure>
    <time_frame>28 weeks</time_frame>
  </other_outcome>
  <other_outcome>
    <measure>Difference in short term effects of etanercept on the ADAS-cog score before and two hours after perispinal administration of etanercept.</measure>
    <time_frame>16 weeks</time_frame>
  </other_outcome>
  <other_outcome>
    <measure>Difference in short term effects of etanercept on the MoCA score before and two hours after perispinal administration of etanercept.</measure>
    <time_frame>16 weeks</time_frame>
  </other_outcome>
  <other_outcome>
    <measure>To determine the safety and tolerability of nutritional supplements without perispinal adminstration of etanercept, as measured by various laboratory markers, vital signs (blood pressure and heart rate), and adverse events.</measure>
    <time_frame>16 weeks</time_frame>
  </other_outcome>
  <number_of_arms>2</number_of_arms>
  <enrollment type="Anticipated">12</enrollment>
  <condition>Alzheimer's Disease</condition>
  <arm_group>
    <arm_group_label>Etanercept</arm_group_label>
    <arm_group_type>Active Comparator</arm_group_type>
    <description>25 mg administered weekly for 6 weeks</description>
  </arm_group>
  <arm_group>
    <arm_group_label>Nutritional Supplements</arm_group_label>
    <arm_group_type>Active Comparator</arm_group_type>
    <description>Nutritional supplements administered daily for 6 weeks in each period as well as an additional 12 weeks following visit 15.</description>
  </arm_group>
  <intervention>
    <intervention_type>Biological</intervention_type>
    <intervention_name>Etanercept</intervention_name>
    <arm_group_label>Etanercept</arm_group_label>
    <other_name>Enbrel®</other_name>
  </intervention>
  <intervention>
    <intervention_type>Dietary Supplement</intervention_type>
    <intervention_name>Curcum.Luteol.Theaflav.Lip.Acid,FishOil,Quercet.,Resveratr.</intervention_name>
    <arm_group_label>Etanercept</arm_group_label>
    <arm_group_label>Nutritional Supplements</arm_group_label>
    <other_name>Super Bio-Curcumin</other_name>
    <other_name>Super Omega-3</other_name>
    <other_name>Optimized Quercetin</other_name>
    <other_name>Optimized Resveratrol</other_name>
  </intervention>
  <eligibility>
    <criteria>
      <textblock>
        Inclusion Criteria:

          -  Subject is aged 60-85 years

          -  Subject has a diagnosis of Alzheimer's disease according to the NINCDS- ADRDA criteria
             (National Institute of Neurological and Communicative Disorders and Stroke NINCDS] and
             Alzheimer's Disease and Related Disorders Association [ADRDA]).

          -  Subject is not institutionalized (for example, lives independently, lives
             independently in a residential home for the elderly, or is a day patient at a care
             center)

          -  Subject has a Hachinski Ischemia Score of ≤ 4.

          -  Subject has a total MoCA score of &lt; 26 at screening.

          -  Subject has an MMSE score of 11 to 24 at screening.

          -  Subject has an ADAS-cog score of 12 to 25 at screening.

          -  Subject has experienced a gradual and progressive cognitive decline in the 6 months
             before the screening visit.

          -  Subject provides informed consent to participate in the study or has a legally
             acceptable representative who provides consent.

          -  Subject has a responsible caregiver who consents to supporting the subject in his/her
             study participation (for example, by accompanying the subject on each study visit).

          -  Subject is surgically sterile, agrees to use an acceptable method of birth control as
             defined in section 5.4 or, for females, is post- menopausal.

          -  Subject agrees to stop taking any vitamin, mineral, or dietary supplements he/she is
             currently taking that have any components of the nutritional supplements utilized in
             the study at least 7 days before randomization (Visit 2) and agrees to not use any new
             vitamin, mineral, or dietary supplement product other than those provided by the
             investigator until after the subject is discharged from the study.

        Exclusion Criteria:

          -  A neurologic disorder, such as seizures, multiple sclerosis, neurodegenerative
             disorders (eg, Parkinson's disease), or dementia other than Alzheimer's type
             (including that caused by small strokes or cerebrovascular disease)

          -  Cognitive impairment from any condition other than Alzheimer's disease, such as that
             resulting from acute cerebral trauma, cerebral damage due to a lack of oxygen,
             infections such as meningitis or AIDS, significant endocrine or metabolic disease,
             mental retardation, or a brain tumor

          -  Cardiovascular or cerebrovascular disease, such as congestive heart failure,
             uncontrolled hypertension (BP ≥ 140/90 mmHg at screening), and a history of stroke

          -  Renal impairment/disease, defined as serum creatinine &gt; 1.5 mg/dL

          -  Hepatic impairment, defined as Alanine Aminotransferase (ALT) or Aspartate
             Aminotransferase (AST) &gt; 3 times the upper limit of normal OR has a history of a
             positive blood screen for hepatitis B surface antigen or hepatitis C antibody.

          -  Type I or II diabetes mellitus

          -  Significant or uncontrolled psychiatric disease

          -  Gastrointestinal disease, such as active peptic ulcer, gallstones, gallbladder
             disease, or biliary tract obstruction, or a history of cholecystectomy

          -  Hematologic disorders

          -  Pulmonary or lung disorders

          -  Immune system disorder, such as HIV/AIDS

          -  History of cancer within 10 years before screening (except localized skin cancer
             without metastases or in situ cervical cancer)

          -  History of chronic or recurrent infection (including tuberculosis) OR, in the 7 days
             before Visit 2 (randomization), any known infection or body temperature &gt; 38.6º C
             (101.5º F)

          -  Subject is pregnant or breastfeeding at screening.

          -  Subject has intolerance or allergy to Enbrel®, latex, or any of Enbrel's components.

          -  Subject is currently consuming more than 6 standard alcoholic beverages a week. A
             standard alcoholic beverage is defined as 12 ounces of beer, 5 ounces of wine, or 1.5
             ounces of liquor.

          -  Subject is currently taking and unable or unwilling to stop taking anticoagulant or
             antiplatelet herbs and supplements such as angelica, clove, danshen, garlic, ginger,
             ginkgo, Panax ginseng, red clover, or willow for at least 7 days before the
             randomization visit (Visit 2) and throughout the study.

          -  Subject is currently taking and unable or unwilling to stop taking any of the
             prohibited medications in protocol section 5.3.2 for at least 7 days before the
             randomization visit (Visit 2) and throughout the study.

          -  Subject had major surgery within the 4 weeks before screening.

          -  Subject has any condition or abnormality that, in the opinion of the investigator,
             would compromise the safety of the subject or the quality of the study data.

          -  Subject is participating or has participated in another research study within 30 days
             before the screening visit

          -  Subject or subject's caregiver is unable or unwilling to comply with the study
             procedures.
      </textblock>
    </criteria>
    <gender>All</gender>
    <minimum_age>60 Years</minimum_age>
    <maximum_age>85 Years</maximum_age>
    <healthy_volunteers>No</healthy_volunteers>
  </eligibility>
  <overall_official>
    <last_name>Paul H. Wand, M.D.</last_name>
    <role>Principal Investigator</role>
    <affiliation>Paul H. Wand M.D., P.A.</affiliation>
  </overall_official>
  <overall_official>
    <last_name>Mark L. Brody, M.D.</last_name>
    <role>Principal Investigator</role>
    <affiliation>Brain Matters Research Inc.</affiliation>
  </overall_official>
  <location>
    <facility>
      <name>Paul H. Wand M.D., P.A.</name>
      <address>
        <city>Coral Springs</city>
        <state>Florida</state>
        <zip>33065</zip>
        <country>United States</country>
      </address>
    </facility>
  </location>
  <location>
    <facility>
      <name>Brain Matters Research</name>
      <address>
        <city>Delray Beach</city>
        <state>Florida</state>
        <zip>33445</zip>
        <country>United States</country>
      </address>
    </facility>
  </location>
  <location_countries>
    <country>United States</country>
  </location_countries>
  <reference>
    <citation>Centers for Disease Control and Prevention website. CDC Features: Alzheimer's Disease. http://www.cdc.gov/Features/Alzheimers/. 12-15-2008. 6-23-2009.</citation>
  </reference>
  <reference>
    <citation>Mrak RE, Griffin WS. Interleukin-1, neuroinflammation, and Alzheimer's disease. Neurobiol Aging. 2001 Nov-Dec;22(6):903-8. Review.</citation>
    <PMID>11754997</PMID>
  </reference>
  <reference>
    <citation>Alzheimer's Disease Education &amp; Referral (ADEAR) Center, National Institutes of Health. Alzheimer's Disease Fact Sheet. 2008.</citation>
  </reference>
  <reference>
    <citation>Mrak RE, Griffin WS. Glia and their cytokines in progression of neurodegeneration. Neurobiol Aging. 2005 Mar;26(3):349-54. Review.</citation>
    <PMID>15639313</PMID>
  </reference>
  <reference>
    <citation>Tarkowski E, Andreasen N, Tarkowski A, Blennow K. Intrathecal inflammation precedes development of Alzheimer's disease. J Neurol Neurosurg Psychiatry. 2003 Sep;74(9):1200-5.</citation>
    <PMID>12933918</PMID>
  </reference>
  <reference>
    <citation>McGeer PL, McGeer EG. Local neuroinflammation and the progression of Alzheimer's disease. J Neurovirol. 2002 Dec;8(6):529-38. Review.</citation>
    <PMID>12476347</PMID>
  </reference>
  <reference>
    <citation>Kaur C, Ling EA. Antioxidants and neuroprotection in the adult and developing central nervous system. Curr Med Chem. 2008;15(29):3068-80. Review.</citation>
    <PMID>19075654</PMID>
  </reference>
  <reference>
    <citation>Tobinick E, Gross H, Weinberger A, Cohen H. TNF-alpha modulation for treatment of Alzheimer's disease: a 6-month pilot study. MedGenMed. 2006 Apr 26;8(2):25.</citation>
    <PMID>16926764</PMID>
  </reference>
  <reference>
    <citation>Tarkowski E, Liljeroth AM, Minthon L, Tarkowski A, Wallin A, Blennow K. Cerebral pattern of pro- and anti-inflammatory cytokines in dementias. Brain Res Bull. 2003 Aug 15;61(3):255-60. Review.</citation>
    <PMID>12909295</PMID>
  </reference>
  <reference>
    <citation>Laws SM, Perneczky R, Wagenpfeil S, Müller U, Förstl H, Martins RN, Kurz A, Riemenschneider M. TNF polymorphisms in Alzheimer disease and functional implications on CSF beta-amyloid levels. Hum Mutat. 2005 Jul;26(1):29-35.</citation>
    <PMID>15895461</PMID>
  </reference>
  <reference>
    <citation>Tobinick EL, Gross H. Rapid improvement in verbal fluency and aphasia following perispinal etanercept in Alzheimer's disease. BMC Neurol. 2008 Jul 21;8:27. doi: 10.1186/1471-2377-8-27.</citation>
    <PMID>18644112</PMID>
  </reference>
  <reference>
    <citation>Becker RE. Modifying clinical trial designs to test treatments for clinical significance in individual patients. Clin Drug Invest 2001:21:727-733.</citation>
  </reference>
  <reference>
    <citation>Griffin WS. Perispinal etanercept: potential as an Alzheimer therapeutic. J Neuroinflammation. 2008 Jan 10;5:3. doi: 10.1186/1742-2094-5-3.</citation>
    <PMID>18186919</PMID>
  </reference>
  <reference>
    <citation>Tobinick E. Perispinal etanercept for neuroinflammatory disorders. Drug Discov Today. 2009 Feb;14(3-4):168-77. doi: 10.1016/j.drudis.2008.10.005. Epub 2008 Dec 6. Review.</citation>
    <PMID>19027875</PMID>
  </reference>
  <reference>
    <citation>Tobinick E. Perispinal etanercept for treatment of Alzheimer's disease. Curr Alzheimer Res. 2007 Dec;4(5):550-2. Review.</citation>
    <PMID>18220520</PMID>
  </reference>
  <reference>
    <citation>Tobinick EL. A critique of intradiscal administration for treatment of radiculopathy. Anesthesiology. 2008 Feb;108(2):334; author reply 335. doi: 10.1097/01.anes.0000300072.56020.10.</citation>
    <PMID>18212586</PMID>
  </reference>
  <reference>
    <citation>Tobinick E. Perispinal etanercept produces rapid improvement in primary progressive aphasia: identification of a novel, rapidly reversible TNF-mediated pathophysiologic mechanism. Medscape J Med. 2008 Jun 10;10(6):135.</citation>
    <PMID>18679537</PMID>
  </reference>
  <reference>
    <citation>Chainani-Wu N. Safety and anti-inflammatory activity of curcumin: a component of tumeric (Curcuma longa). J Altern Complement Med. 2003 Feb;9(1):161-8. Review.</citation>
    <PMID>12676044</PMID>
  </reference>
  <reference>
    <citation>Pendurthi UR, Williams JT, Rao LV. Inhibition of tissue factor gene activation in cultured endothelial cells by curcumin. Suppression of activation of transcription factors Egr-1, AP-1, and NF-kappa B. Arterioscler Thromb Vasc Biol. 1997 Dec;17(12):3406-13.</citation>
    <PMID>9437186</PMID>
  </reference>
  <reference>
    <citation>Antony S, Kuttan R, Kuttan G. Immunomodulatory activity of curcumin. Immunol Invest. 1999 Sep-Dec;28(5-6):291-303.</citation>
    <PMID>10574627</PMID>
  </reference>
  <reference>
    <citation>Jobin C, Bradham CA, Russo MP, Juma B, Narula AS, Brenner DA, Sartor RB. Curcumin blocks cytokine-mediated NF-kappa B activation and proinflammatory gene expression by inhibiting inhibitory factor I-kappa B kinase activity. J Immunol. 1999 Sep 15;163(6):3474-83.</citation>
    <PMID>10477620</PMID>
  </reference>
  <reference>
    <citation>Lim GP, Chu T, Yang F, Beech W, Frautschy SA, Cole GM. The curry spice curcumin reduces oxidative damage and amyloid pathology in an Alzheimer transgenic mouse. J Neurosci. 2001 Nov 1;21(21):8370-7.</citation>
    <PMID>11606625</PMID>
  </reference>
  <reference>
    <citation>Yang F, Lim GP, Begum AN, Ubeda OJ, Simmons MR, Ambegaokar SS, Chen PP, Kayed R, Glabe CG, Frautschy SA, Cole GM. Curcumin inhibits formation of amyloid beta oligomers and fibrils, binds plaques, and reduces amyloid in vivo. J Biol Chem. 2005 Feb 18;280(7):5892-901. Epub 2004 Dec 7.</citation>
    <PMID>15590663</PMID>
  </reference>
  <reference>
    <citation>Ueda H, Yamazaki C, Yamazaki M. Luteolin as an anti-inflammatory and anti-allergic constituent of Perilla frutescens. Biol Pharm Bull. 2002 Sep;25(9):1197-202.</citation>
    <PMID>12230117</PMID>
  </reference>
  <reference>
    <citation>Xagorari A, Papapetropoulos A, Mauromatis A, Economou M, Fotsis T, Roussos C. Luteolin inhibits an endotoxin-stimulated phosphorylation cascade and proinflammatory cytokine production in macrophages. J Pharmacol Exp Ther. 2001 Jan;296(1):181-7.</citation>
    <PMID>11123379</PMID>
  </reference>
  <reference>
    <citation>Rezai-Zadeh K, Douglas Shytle R, Bai Y, Tian J, Hou H, Mori T, Zeng J, Obregon D, Town T, Tan J. Flavonoid-mediated presenilin-1 phosphorylation reduces Alzheimer's disease beta-amyloid production. J Cell Mol Med. 2009 Mar;13(3):574-88. doi: 10.1111/j.1582-4934.2008.00344.x. Epub 2008 Apr 9. Erratum in: J Cell Mol Med. 2009 May;13(5):1001.</citation>
    <PMID>18410522</PMID>
  </reference>
  <reference>
    <citation>Borchers AT, Sakai S, Henderson GL, Harkey MR, Keen CL, Stern JS, Terasawa K, Gershwin ME. Shosaiko-to and other Kampo (Japanese herbal) medicines: a review of their immunomodulatory activities. J Ethnopharmacol. 2000 Nov;73(1-2):1-13. Review.</citation>
    <PMID>11025134</PMID>
  </reference>
  <reference>
    <citation>Lo CJ, Chiu KC, Fu M, Lo R, Helton S. Fish oil decreases macrophage tumor necrosis factor gene transcription by altering the NF kappa B activity. J Surg Res. 1999 Apr;82(2):216-21.</citation>
    <PMID>10090832</PMID>
  </reference>
  <reference>
    <citation>Lukiw WJ, Cui JG, Marcheselli VL, Bodker M, Botkjaer A, Gotlinger K, Serhan CN, Bazan NG. A role for docosahexaenoic acid-derived neuroprotectin D1 in neural cell survival and Alzheimer disease. J Clin Invest. 2005 Oct;115(10):2774-83.</citation>
    <PMID>16151530</PMID>
  </reference>
  <reference>
    <citation>Yano M, Kishida E, Iwasaki M, Kojo S, Masuzawa Y. Docosahexaenoic acid and vitamin E can reduce human monocytic U937 cell apoptosis induced by tumor necrosis factor. J Nutr. 2000 May;130(5):1095-101.</citation>
    <PMID>10801904</PMID>
  </reference>
  <reference>
    <citation>Calder PC. Immunomodulation by omega-3 fatty acids. Prostaglandins Leukot Essent Fatty Acids. 2007 Nov-Dec;77(5-6):327-35. Epub 2007 Nov 26. Review.</citation>
    <PMID>18032006</PMID>
  </reference>
  <reference>
    <citation>Venkatraman JT, Chu WC. Effects of dietary omega-3 and omega-6 lipids and vitamin E on serum cytokines, lipid mediators and anti-DNA antibodies in a mouse model for rheumatoid arthritis. J Am Coll Nutr. 1999 Dec;18(6):602-13.</citation>
    <PMID>10613412</PMID>
  </reference>
  <reference>
    <citation>Caughey GE, Mantzioris E, Gibson RA, Cleland LG, James MJ. The effect on human tumor necrosis factor alpha and interleukin 1 beta production of diets enriched in n-3 fatty acids from vegetable oil or fish oil. Am J Clin Nutr. 1996 Jan;63(1):116-22.</citation>
    <PMID>8604658</PMID>
  </reference>
  <reference>
    <citation>James MJ, Gibson RA, Cleland LG. Dietary polyunsaturated fatty acids and inflammatory mediator production. Am J Clin Nutr. 2000 Jan;71(1 Suppl):343S-8S. Review.</citation>
    <PMID>10617994</PMID>
  </reference>
  <reference>
    <citation>Kotani S, Sakaguchi E, Warashina S, Matsukawa N, Ishikura Y, Kiso Y, Sakakibara M, Yoshimoto T, Guo J, Yamashima T. Dietary supplementation of arachidonic and docosahexaenoic acids improves cognitive dysfunction. Neurosci Res. 2006 Oct;56(2):159-64. Epub 2006 Aug 14.</citation>
    <PMID>16905216</PMID>
  </reference>
  <reference>
    <citation>Freund-Levi Y, Eriksdotter-Jönhagen M, Cederholm T, Basun H, Faxén-Irving G, Garlind A, Vedin I, Vessby B, Wahlund LO, Palmblad J. Omega-3 fatty acid treatment in 174 patients with mild to moderate Alzheimer disease: OmegAD study: a randomized double-blind trial. Arch Neurol. 2006 Oct;63(10):1402-8.</citation>
    <PMID>17030655</PMID>
  </reference>
  <reference>
    <citation>Rosen WG, Terry RD, Fuld PA, Katzman R, Peck A. Pathological verification of ischemic score in differentiation of dementias. Ann Neurol. 1980 May;7(5):486-8.</citation>
    <PMID>7396427</PMID>
  </reference>
  <verification_date>May 2016</verification_date>
  <!-- Old date names will be dropped in a few months (sometime in 2018)                        -->
  <lastchanged_date>May 10, 2016</lastchanged_date>
  <firstreceived_date>October 5, 2012</firstreceived_date>
  <!-- New date names                                                                           -->
  <study_first_submitted>October 5, 2012</study_first_submitted>
  <study_first_submitted_qc>October 25, 2012</study_first_submitted_qc>
  <study_first_posted type="Estimate">October 30, 2012</study_first_posted>
  <last_update_submitted>May 10, 2016</last_update_submitted>
  <last_update_submitted_qc>May 10, 2016</last_update_submitted_qc>
  <last_update_posted type="Estimate">May 12, 2016</last_update_posted>
  <!-- End of dates                                                                             -->
  <responsible_party>
    <responsible_party_type>Sponsor</responsible_party_type>
  </responsible_party>
  <keyword>Alzheimer's Disease</keyword>
  <keyword>Dementia</keyword>
  <keyword>Cognitive decline</keyword>
  <keyword>Cognitive disorder</keyword>
  <keyword>Degenerative brain disease</keyword>
  <keyword>Cognitive impairment</keyword>
  <keyword>Memory loss</keyword>
  <keyword>TNF-alpha</keyword>
  <condition_browse>
    <!-- CAUTION:  The following MeSH terms are assigned with an imperfect algorithm            -->
    <mesh_term>Alzheimer Disease</mesh_term>
  </condition_browse>
  <intervention_browse>
    <!-- CAUTION:  The following MeSH terms are assigned with an imperfect algorithm            -->
    <mesh_term>Etanercept</mesh_term>
  </intervention_browse>
  <!-- Results have not yet been posted for this study                                          -->
</clinical_study>

