<?xml version="1.0" encoding="UTF-8"?>
<clinical_study rank="68">
  <!-- This xml conforms to an XML Schema at:
    https://clinicaltrials.gov/ct2/html/images/info/public.xsd -->
  <required_header>
    <download_date>ClinicalTrials.gov processed this data on November 07, 2017</download_date>
    <link_text>Link to the current ClinicalTrials.gov record.</link_text>
    <url>https://clinicaltrials.gov/show/NCT00040378</url>
  </required_header>
  <id_info>
    <org_study_id>IA0033</org_study_id>
    <secondary_id>5R01AG019241</secondary_id>
    <nct_id>NCT00040378</nct_id>
    <nct_alias>NCT00780689</nct_alias>
  </id_info>
  <brief_title>Prevention of Alzheimer's Disease by Vitamin E and Selenium (PREADVISE)</brief_title>
  <official_title>Prevention of Alzheimer's Disease by Vitamin E and Selenium (PREADVISE)</official_title>
  <sponsors>
    <lead_sponsor>
      <agency>University of Kentucky</agency>
      <agency_class>Other</agency_class>
    </lead_sponsor>
    <collaborator>
      <agency>National Institute on Aging (NIA)</agency>
      <agency_class>NIH</agency_class>
    </collaborator>
    <collaborator>
      <agency>National Cancer Institute (NCI)</agency>
      <agency_class>NIH</agency_class>
    </collaborator>
  </sponsors>
  <source>University of Kentucky</source>
  <oversight_info>
    <has_dmc>Yes</has_dmc>
  </oversight_info>
  <brief_summary>
    <textblock>
      The Prevention of Alzheimer's Disease by Vitamin E and Selenium (PREADVISE) prevention trial
      is an important addition to the Selenium and Vitamin E Cancer Prevention Trial (SELECT). As a
      prevention trial, PREADVISE is trying to find out if taking selenium and/or Vitamin E
      supplements can help to prevent memory loss and dementia such as Alzheimer's disease.
    </textblock>
  </brief_summary>
  <detailed_description>
    <textblock>
      Studies show that increased oxidative stress (from excess free radicals) may damage brain
      cells and is linked with Alzheimer's disease (AD). Many studies show increased oxidation of
      brain lipids (fats), proteins, carbohydrates (sugars) and DNA in AD. Although the causes of
      AD are not known, it is believed that oxidative stress is part of what damages brain cells in
      AD and probably other brain diseases. Animal and tissue culture studies of vitamin E and
      selenium suggest that they can protect brain cells from damage. This research study is being
      done to see how safe and effective vitamin E and selenium may be in preventing AD and other
      brain illnesses. These illnesses are more common in people over the age of 60 to 65. A
      potential benefit of participating in the PREADVISE study is that early detection of memory
      changes can lead to early diagnosis and treatment. Also, some participants may decrease their
      risk of getting AD if the supplements are effective. The findings of this study may also help
      in the research and understanding of AD.

      Only participants who are taking part in the SELECT study (a study that looks at the use of
      vitamin E and selenium for preventing prostate cancer) may apply to participate in the
      PREADVISE study about how useful vitamin E and selenium might be for preventing memory
      changes with age (including Alzheimer's disease and other disease that can affect the brain).
      African American and Hispanic men who are age 60 or older may take part. Men of other ethnic
      groups aged 62 or older may take part. The SELECT doctors or staff will review the
      applicant's medical history and drugs to verify that they have no conditions that would
      exclude them from this study. About 10,000 men will take part in this study.

      The PREADVISE study examinations will be done during the participant's annual SELECT visit at
      the clinic where the SELECT studies are being conducted. There will be one study visit for
      each year the participants are in SELECT (7 to 12 visits). Each visit for PREADVISE will
      consist of a brief screening of the participant's memory, and an update (if any) of the
      participant's family history of dementia and medications. If memory changes are suggested by
      the brief memory screen, the participant will be asked to take a longer memory screen to
      further evaluate the potential for memory changes. If the longer memory screen also suggests
      problems with the participant's memory, the participant will be asked to see his family
      doctor or a PREADVISE doctor for a more complete medical exam to find the possible causes of
      the memory change. Results of the doctor's medical exam, with the consent of the participant,
      will be sent to the PREADVISE doctors for their review to help with the diagnosis. Results of
      the memory checks will not be given to the participants. However, if the participant does
      have a medical workup for memory changes, this information will be given to the family doctor
      after the medical workup is completed. A portion of the blood sample that was taken when the
      participant entered SELECT might be analyzed and tested for a genetic risk factor associated
      with Alzheimer's disease, called Apolipoprotein E (ApoE). The results of this test will be
      used for research purposes only.
    </textblock>
  </detailed_description>
  <overall_status>Unknown status</overall_status>
  <last_known_status>Active, not recruiting</last_known_status>
  <start_date>May 2002</start_date>
  <completion_date type="Anticipated">August 2014</completion_date>
  <primary_completion_date type="Anticipated">January 2014</primary_completion_date>
  <phase>Phase 3</phase>
  <study_type>Interventional</study_type>
  <has_expanded_access>No</has_expanded_access>
  <study_design_info>
    <allocation>Randomized</allocation>
    <intervention_model>Factorial Assignment</intervention_model>
    <primary_purpose>Prevention</primary_purpose>
    <masking>Triple (Participant, Care Provider, Investigator)</masking>
  </study_design_info>
  <primary_outcome>
    <measure>Effect on the incidence of dementia (including Alzheimer's disease) over time</measure>
    <time_frame>7 to 12 years (depending on enrollment date)</time_frame>
  </primary_outcome>
  <number_of_arms>4</number_of_arms>
  <enrollment type="Anticipated">10400</enrollment>
  <condition>Alzheimer Disease</condition>
  <arm_group>
    <arm_group_label>1</arm_group_label>
    <arm_group_type>Experimental</arm_group_type>
    <description>vitamin E and selenium</description>
  </arm_group>
  <arm_group>
    <arm_group_label>2</arm_group_label>
    <arm_group_type>Experimental</arm_group_type>
    <description>vitamine E and placebo</description>
  </arm_group>
  <arm_group>
    <arm_group_label>3</arm_group_label>
    <arm_group_type>Experimental</arm_group_type>
    <description>selenium and placebo</description>
  </arm_group>
  <arm_group>
    <arm_group_label>4</arm_group_label>
    <arm_group_type>Placebo Comparator</arm_group_type>
    <description>placebo and placebo</description>
  </arm_group>
  <intervention>
    <intervention_type>Drug</intervention_type>
    <intervention_name>alphatocopherol</intervention_name>
    <description>400 IU daily</description>
    <arm_group_label>1</arm_group_label>
    <arm_group_label>2</arm_group_label>
    <other_name>Vitamin E</other_name>
  </intervention>
  <intervention>
    <intervention_type>Drug</intervention_type>
    <intervention_name>Selenium</intervention_name>
    <description>200mcg daily</description>
    <arm_group_label>1</arm_group_label>
    <arm_group_label>3</arm_group_label>
  </intervention>
  <intervention>
    <intervention_type>Drug</intervention_type>
    <intervention_name>Placebo replacement for vitamin E</intervention_name>
    <description>1 placebo pill daily</description>
    <arm_group_label>3</arm_group_label>
    <arm_group_label>4</arm_group_label>
  </intervention>
  <intervention>
    <intervention_type>Drug</intervention_type>
    <intervention_name>Placebo replacement for Selenium</intervention_name>
    <description>1 placebo pill daily</description>
    <arm_group_label>2</arm_group_label>
    <arm_group_label>4</arm_group_label>
  </intervention>
  <eligibility>
    <criteria>
      <textblock>
        Inclusion Criteria:

          -  Participating in SELECT Prevention study;

          -  62 years or older if other ethnic origin, or 60 years or older if African-American or
             Hispanic;

          -  General good health with no neurological or psychiatric illness.

        Exclusion Criteria:

        The SELECT doctors or staff will review the PREADVISE applicants' medical history and drugs
        to verify that they have no condition(s) that would exclude them from this study. The
        participant must not have any of the following neurological conditions based on self report
        (were told by a physician):

          -  Alzheimer's disease, or any other form of dementia such as Pick's disease, dementia
             with Lewy bodies, frontotemporal dementia, vascular dementia, significant cognitive
             and motor impairment from a stroke or corticobasal degeneration;

          -  Huntington's disease, epilepsy, Parkinson's disease, brain tumor, multiple sclerosis,
             manic-depressive disorder, or schizophrenia;

          -  The participant must not have had a head injury with prolonged loss of consciousness
             (over 30 minutes) within the past five years;

          -  The participant must not have a current alcohol or substance abuse diagnosis, or must
             have been treatment free for the past 24 months;

          -  The participant must not have had a diagnosis of depression or anxiety disorder in the
             past 4 months and must not currently be under treatment for depression or anxiety
             disorder. [A participant who was previously diagnosed with depression or anxiety
             disorder but completed treatment more than four months ago is eligible.];

          -  The participant must not currently use of any of the following medications: Aricept,
             Cognex, Exelon, Reminyl, or Hydergine;

          -  The participant must not have blindness, deafness, language difficulties or any other
             disability that may prevent completion of the memory screen.
      </textblock>
    </criteria>
    <gender>Male</gender>
    <minimum_age>60 Years</minimum_age>
    <maximum_age>90 Years</maximum_age>
    <healthy_volunteers>Accepts Healthy Volunteers</healthy_volunteers>
  </eligibility>
  <overall_official>
    <last_name>Frederick Schmitt, PhD</last_name>
    <role>Principal Investigator</role>
    <affiliation>Sanders-Brown Center on Aging</affiliation>
  </overall_official>
  <overall_official>
    <last_name>Richard Kryscio, PhD</last_name>
    <role>Principal Investigator</role>
    <affiliation>Sanders-Brown Center on Aging</affiliation>
  </overall_official>
  <location>
    <facility>
      <name>University of Alabama at Birmingham Preventive Medicine</name>
      <address>
        <city>Birmingham</city>
        <state>Alabama</state>
        <zip>35294-4410</zip>
        <country>United States</country>
      </address>
    </facility>
  </location>
  <location>
    <facility>
      <name>Alaska Regional Hospital</name>
      <address>
        <city>Anchorage</city>
        <state>Alaska</state>
        <zip>99508</zip>
        <country>United States</country>
      </address>
    </facility>
  </location>
  <location>
    <facility>
      <name>Providence Alaska Medical Center</name>
      <address>
        <city>Anchorage</city>
        <state>Alaska</state>
        <zip>99508</zip>
        <country>United States</country>
      </address>
    </facility>
  </location>
  <location>
    <facility>
      <name>University of California, San Diego - Chula Vista</name>
      <address>
        <city>Chula Vista</city>
        <state>California</state>
        <zip>91910</zip>
        <country>United States</country>
      </address>
    </facility>
  </location>
  <location>
    <facility>
      <name>Glendale Memorial Hospital</name>
      <address>
        <city>Glendale</city>
        <state>California</state>
        <zip>91204</zip>
        <country>United States</country>
      </address>
    </facility>
  </location>
  <location>
    <facility>
      <name>University of California, San Diego</name>
      <address>
        <city>La Jolla</city>
        <state>California</state>
        <zip>92037-1709</zip>
        <country>United States</country>
      </address>
    </facility>
  </location>
  <location>
    <facility>
      <name>VA Medical Center</name>
      <address>
        <city>Loma Linda</city>
        <state>California</state>
        <zip>92354-3866</zip>
        <country>United States</country>
      </address>
    </facility>
  </location>
  <location>
    <facility>
      <name>VAMC Long Beach</name>
      <address>
        <city>Long Beach</city>
        <state>California</state>
        <zip>90822</zip>
        <country>United States</country>
      </address>
    </facility>
  </location>
  <location>
    <facility>
      <name>Northridge Hospital Medical Center</name>
      <address>
        <city>Northridge</city>
        <state>California</state>
        <zip>91328</zip>
        <country>United States</country>
      </address>
    </facility>
  </location>
  <location>
    <facility>
      <name>Santa Rosa Memorial Hospital Regional CCOP</name>
      <address>
        <city>Santa Rosa</city>
        <state>California</state>
        <zip>95403</zip>
        <country>United States</country>
      </address>
    </facility>
  </location>
  <location>
    <facility>
      <name>LABIOMED (Los Angeles Biomedical) Research Institute at Harbor-UCLA Medical Center</name>
      <address>
        <city>Torrance</city>
        <state>California</state>
        <zip>90502-2064</zip>
        <country>United States</country>
      </address>
    </facility>
  </location>
  <location>
    <facility>
      <name>Lionel B. Katchem</name>
      <address>
        <city>Upland</city>
        <state>California</state>
        <zip>91786</zip>
        <country>United States</country>
      </address>
    </facility>
  </location>
  <location>
    <facility>
      <name>Rocky Mountain CC/Poudre Valley Hospital</name>
      <address>
        <city>Fort Collins</city>
        <state>Colorado</state>
        <zip>80524</zip>
        <country>United States</country>
      </address>
    </facility>
  </location>
  <location>
    <facility>
      <name>Sibley Memorial Hospital</name>
      <address>
        <city>Washington, DC</city>
        <state>District of Columbia</state>
        <zip>20016</zip>
        <country>United States</country>
      </address>
    </facility>
  </location>
  <location>
    <facility>
      <name>George Washington University Medical Center</name>
      <address>
        <city>Washington, DC</city>
        <state>District of Columbia</state>
        <zip>20037</zip>
        <country>United States</country>
      </address>
    </facility>
  </location>
  <location>
    <facility>
      <name>DC United MBCCOP</name>
      <address>
        <city>Washington, DC</city>
        <state>District of Columbia</state>
        <zip>20060-0001</zip>
        <country>United States</country>
      </address>
    </facility>
  </location>
  <location>
    <facility>
      <name>Baptist Medical Center</name>
      <address>
        <city>Jacksonville</city>
        <state>Florida</state>
        <zip>32207-8560</zip>
        <country>United States</country>
      </address>
    </facility>
  </location>
  <location>
    <facility>
      <name>Kaiser Southeast Permanente Medical Group</name>
      <address>
        <city>Tucker</city>
        <state>Georgia</state>
        <zip>30084</zip>
        <country>United States</country>
      </address>
    </facility>
  </location>
  <location>
    <facility>
      <name>Bliss Cancer Center/McFarland Clinic/Mary Greely MC</name>
      <address>
        <city>Ames</city>
        <state>Iowa</state>
        <zip>50010</zip>
        <country>United States</country>
      </address>
    </facility>
  </location>
  <location>
    <facility>
      <name>Cedar Rapids CCOP</name>
      <address>
        <city>Cedar Rapids</city>
        <state>Iowa</state>
        <zip>52403</zip>
        <country>United States</country>
      </address>
    </facility>
  </location>
  <location>
    <facility>
      <name>Genesis Medical Center</name>
      <address>
        <city>Davenport</city>
        <state>Iowa</state>
        <zip>52804</zip>
        <country>United States</country>
      </address>
    </facility>
  </location>
  <location>
    <facility>
      <name>Iowa Oncology Research Association</name>
      <address>
        <city>Des Moines</city>
        <state>Iowa</state>
        <zip>50309-1016</zip>
        <country>United States</country>
      </address>
    </facility>
  </location>
  <location>
    <facility>
      <name>Siouxland Hematology-Oncology Associates</name>
      <address>
        <city>Sioux City</city>
        <state>Iowa</state>
        <zip>51101</zip>
        <country>United States</country>
      </address>
    </facility>
  </location>
  <location>
    <facility>
      <name>University of Kansas Medical Center</name>
      <address>
        <city>Kansas City</city>
        <state>Kansas</state>
        <zip>66160</zip>
        <country>United States</country>
      </address>
    </facility>
  </location>
  <location>
    <facility>
      <name>Stormont-Vail Health Care/Cotton O'Neil Clinic</name>
      <address>
        <city>Topeka</city>
        <state>Kansas</state>
        <zip>66606</zip>
        <country>United States</country>
      </address>
    </facility>
  </location>
  <location>
    <facility>
      <name>Wichita CCOP</name>
      <address>
        <city>Wichita</city>
        <state>Kansas</state>
        <zip>67214-3882</zip>
        <country>United States</country>
      </address>
    </facility>
  </location>
  <location>
    <facility>
      <name>Our Lady of Bellefonte Hospital Inc.</name>
      <address>
        <city>Ashland</city>
        <state>Kentucky</state>
        <zip>41101</zip>
        <country>United States</country>
      </address>
    </facility>
  </location>
  <location>
    <facility>
      <name>University of Kentucky Medical Center</name>
      <address>
        <city>Lexington</city>
        <state>Kentucky</state>
        <zip>40536-0093</zip>
        <country>United States</country>
      </address>
    </facility>
  </location>
  <location>
    <facility>
      <name>Louisville VA Medical Center</name>
      <address>
        <city>Louisville</city>
        <state>Kentucky</state>
        <zip>40206-1499</zip>
        <country>United States</country>
      </address>
    </facility>
  </location>
  <location>
    <facility>
      <name>Anne Arundel Medical Center</name>
      <address>
        <city>Annapolis</city>
        <state>Maryland</state>
        <zip>21401-2777</zip>
        <country>United States</country>
      </address>
    </facility>
  </location>
  <location>
    <facility>
      <name>Berkshire Hematology Oncology/Bershire Medical Center</name>
      <address>
        <city>Pittsfield</city>
        <state>Massachusetts</state>
        <zip>01201</zip>
        <country>United States</country>
      </address>
    </facility>
  </location>
  <location>
    <facility>
      <name>Bixby Oncology Center</name>
      <address>
        <city>Adrian</city>
        <state>Michigan</state>
        <zip>49221</zip>
        <country>United States</country>
      </address>
    </facility>
  </location>
  <location>
    <facility>
      <name>Henry Ford Hospital</name>
      <address>
        <city>Detroit</city>
        <state>Michigan</state>
        <zip>48202</zip>
        <country>United States</country>
      </address>
    </facility>
  </location>
  <location>
    <facility>
      <name>Grand Rapids Clinical Oncology Program CCOP</name>
      <address>
        <city>Grand Rapids</city>
        <state>Michigan</state>
        <zip>49503-2560</zip>
        <country>United States</country>
      </address>
    </facility>
  </location>
  <location>
    <facility>
      <name>Monroe Clinic</name>
      <address>
        <city>Monroe</city>
        <state>Michigan</state>
        <zip>48162</zip>
        <country>United States</country>
      </address>
    </facility>
  </location>
  <location>
    <facility>
      <name>St. Joseph Mercy Oakland</name>
      <address>
        <city>Pontiac</city>
        <state>Michigan</state>
        <zip>48341</zip>
        <country>United States</country>
      </address>
    </facility>
  </location>
  <location>
    <facility>
      <name>Munson Medical Center</name>
      <address>
        <city>Traverse City</city>
        <state>Michigan</state>
        <zip>49684-2386</zip>
        <country>United States</country>
      </address>
    </facility>
  </location>
  <location>
    <facility>
      <name>Duluth CCOP</name>
      <address>
        <city>Duluth</city>
        <state>Minnesota</state>
        <zip>55805</zip>
        <country>United States</country>
      </address>
    </facility>
  </location>
  <location>
    <facility>
      <name>St. John's Regional Medical Center</name>
      <address>
        <city>Joplin</city>
        <state>Missouri</state>
        <zip>64804</zip>
        <country>United States</country>
      </address>
    </facility>
  </location>
  <location>
    <facility>
      <name>St. John's Health System</name>
      <address>
        <city>Springfield</city>
        <state>Missouri</state>
        <zip>65804</zip>
        <country>United States</country>
      </address>
    </facility>
  </location>
  <location>
    <facility>
      <name>Cancer Research for the Ozarks</name>
      <address>
        <city>Springfield</city>
        <state>Missouri</state>
        <zip>65807</zip>
        <country>United States</country>
      </address>
    </facility>
  </location>
  <location>
    <facility>
      <name>Montana Cancer Consortium CCOP</name>
      <address>
        <city>Billings</city>
        <state>Montana</state>
        <zip>59101</zip>
        <country>United States</country>
      </address>
    </facility>
  </location>
  <location>
    <facility>
      <name>Benefis Health Care</name>
      <address>
        <city>Great Falls</city>
        <state>Montana</state>
        <zip>59405</zip>
        <country>United States</country>
      </address>
    </facility>
  </location>
  <location>
    <facility>
      <name>Good Samaritan Health Systems - Cancer Center</name>
      <address>
        <city>Kearney</city>
        <state>Nebraska</state>
        <zip>68847</zip>
        <country>United States</country>
      </address>
    </facility>
  </location>
  <location>
    <facility>
      <name>Cancer Resource Center</name>
      <address>
        <city>Lincoln</city>
        <state>Nebraska</state>
        <zip>68510-4844</zip>
        <country>United States</country>
      </address>
    </facility>
  </location>
  <location>
    <facility>
      <name>Alegent Health Immanuel Medical Center</name>
      <address>
        <city>Omaha</city>
        <state>Nebraska</state>
        <zip>68122</zip>
        <country>United States</country>
      </address>
    </facility>
  </location>
  <location>
    <facility>
      <name>Alegent Health Bergan Mercy Medical Center</name>
      <address>
        <city>Omaha</city>
        <state>Nebraska</state>
        <zip>68124</zip>
        <country>United States</country>
      </address>
    </facility>
  </location>
  <location>
    <facility>
      <name>Missouri Valley Cancer Cons CCOP/Creighton University</name>
      <address>
        <city>Omaha</city>
        <state>Nebraska</state>
        <zip>68131</zip>
        <country>United States</country>
      </address>
    </facility>
  </location>
  <location>
    <facility>
      <name>Washoe Medical Center</name>
      <address>
        <city>Reno</city>
        <state>Nevada</state>
        <zip>89520</zip>
        <country>United States</country>
      </address>
    </facility>
  </location>
  <location>
    <facility>
      <name>VAMC New Jersey Health Care System</name>
      <address>
        <city>East Orange</city>
        <state>New Jersey</state>
        <zip>07018-1095</zip>
        <country>United States</country>
      </address>
    </facility>
  </location>
  <location>
    <facility>
      <name>Warren Hospital</name>
      <address>
        <city>Phillipsburg</city>
        <state>New Jersey</state>
        <zip>08865</zip>
        <country>United States</country>
      </address>
    </facility>
  </location>
  <location>
    <facility>
      <name>Riverview Medical Center</name>
      <address>
        <city>Red Bank</city>
        <state>New Jersey</state>
        <zip>07701</zip>
        <country>United States</country>
      </address>
    </facility>
  </location>
  <location>
    <facility>
      <name>Stratton Veterans Affairs Medical Center</name>
      <address>
        <city>Albany</city>
        <state>New York</state>
        <zip>12208</zip>
        <country>United States</country>
      </address>
    </facility>
  </location>
  <location>
    <facility>
      <name>Bassett Research Institute</name>
      <address>
        <city>Cooperstown</city>
        <state>New York</state>
        <zip>13326-1394</zip>
        <country>United States</country>
      </address>
    </facility>
  </location>
  <location>
    <facility>
      <name>Glens Falls Hospital</name>
      <address>
        <city>Glens Falls</city>
        <state>New York</state>
        <zip>12801</zip>
        <country>United States</country>
      </address>
    </facility>
  </location>
  <location>
    <facility>
      <name>Good Samaritan Hospital</name>
      <address>
        <city>Cincinnati</city>
        <state>Ohio</state>
        <zip>45220-2489</zip>
        <country>United States</country>
      </address>
    </facility>
  </location>
  <location>
    <facility>
      <name>Columbus CCOP</name>
      <address>
        <city>Columbus</city>
        <state>Ohio</state>
        <zip>43206</zip>
        <country>United States</country>
      </address>
    </facility>
  </location>
  <location>
    <facility>
      <name>Fremont Memorial Hospital</name>
      <address>
        <city>Fremont</city>
        <state>Ohio</state>
        <zip>43420</zip>
        <country>United States</country>
      </address>
    </facility>
  </location>
  <location>
    <facility>
      <name>NW Ohio Oncology Center/St. Luke's Hospital</name>
      <address>
        <city>Maumee</city>
        <state>Ohio</state>
        <zip>43537</zip>
        <country>United States</country>
      </address>
    </facility>
  </location>
  <location>
    <facility>
      <name>St. Charles Hospital</name>
      <address>
        <city>Oregon</city>
        <state>Ohio</state>
        <zip>43616</zip>
        <country>United States</country>
      </address>
    </facility>
  </location>
  <location>
    <facility>
      <name>Flower Hospital</name>
      <address>
        <city>Sylvania</city>
        <state>Ohio</state>
        <zip>43560-2197</zip>
        <country>United States</country>
      </address>
    </facility>
  </location>
  <location>
    <facility>
      <name>Toledo Hospital</name>
      <address>
        <city>Toledo</city>
        <state>Ohio</state>
        <zip>43606</zip>
        <country>United States</country>
      </address>
    </facility>
  </location>
  <location>
    <facility>
      <name>St. Vincent Medical Center</name>
      <address>
        <city>Toledo</city>
        <state>Ohio</state>
        <zip>43608</zip>
        <country>United States</country>
      </address>
    </facility>
  </location>
  <location>
    <facility>
      <name>Toledo CCOP</name>
      <address>
        <city>Toledo</city>
        <state>Ohio</state>
        <zip>43623</zip>
        <country>United States</country>
      </address>
    </facility>
  </location>
  <location>
    <facility>
      <name>Toledo Clinic Inc.</name>
      <address>
        <city>Toledo</city>
        <state>Ohio</state>
        <zip>43623</zip>
        <country>United States</country>
      </address>
    </facility>
  </location>
  <location>
    <facility>
      <name>Muskogee Regional Medical Center</name>
      <address>
        <city>Muskogee</city>
        <state>Oklahoma</state>
        <zip>74401-5075</zip>
        <country>United States</country>
      </address>
    </facility>
  </location>
  <location>
    <facility>
      <name>Abington Memorial Hospital</name>
      <address>
        <city>Abington</city>
        <state>Pennsylvania</state>
        <zip>19001-3788</zip>
        <country>United States</country>
      </address>
    </facility>
  </location>
  <location>
    <facility>
      <name>Lehigh Valley Hospital</name>
      <address>
        <city>Allentown</city>
        <state>Pennsylvania</state>
        <zip>18103</zip>
        <country>United States</country>
      </address>
    </facility>
  </location>
  <location>
    <facility>
      <name>St. Luke's Hospital and Health Network</name>
      <address>
        <city>Bethlehem</city>
        <state>Pennsylvania</state>
        <zip>18015</zip>
        <country>United States</country>
      </address>
    </facility>
  </location>
  <location>
    <facility>
      <name>Doylestown Hospital</name>
      <address>
        <city>Doylestown</city>
        <state>Pennsylvania</state>
        <zip>18901</zip>
        <country>United States</country>
      </address>
    </facility>
  </location>
  <location>
    <facility>
      <name>York Cancer Center/Wellspan Health</name>
      <address>
        <city>York</city>
        <state>Pennsylvania</state>
        <zip>17403-5049</zip>
        <country>United States</country>
      </address>
    </facility>
  </location>
  <location>
    <facility>
      <name>Sioux Community Cancer Consortium</name>
      <address>
        <city>Sioux Falls</city>
        <state>South Dakota</state>
        <zip>57105</zip>
        <country>United States</country>
      </address>
    </facility>
  </location>
  <location>
    <facility>
      <name>Thompson Cancer Survival Center</name>
      <address>
        <city>Knoxville</city>
        <state>Tennessee</state>
        <zip>37916</zip>
        <country>United States</country>
      </address>
    </facility>
  </location>
  <location>
    <facility>
      <name>Baptist Memorial Hospital - Memphis</name>
      <address>
        <city>Memphis</city>
        <state>Tennessee</state>
        <zip>38120</zip>
        <country>United States</country>
      </address>
    </facility>
  </location>
  <location>
    <facility>
      <name>Meharry Medical College</name>
      <address>
        <city>Nashville</city>
        <state>Tennessee</state>
        <zip>37208-3599</zip>
        <country>United States</country>
      </address>
    </facility>
  </location>
  <location>
    <facility>
      <name>Methodist Regional Cancer Center</name>
      <address>
        <city>Oak Ridge</city>
        <state>Tennessee</state>
        <zip>37830</zip>
        <country>United States</country>
      </address>
    </facility>
  </location>
  <location>
    <facility>
      <name>Methodist Hospitals of Dallas</name>
      <address>
        <city>Dallas</city>
        <state>Texas</state>
        <zip>75203</zip>
        <country>United States</country>
      </address>
    </facility>
  </location>
  <location>
    <facility>
      <name>Scott &amp; White CCOP</name>
      <address>
        <city>Temple</city>
        <state>Texas</state>
        <zip>76508</zip>
        <country>United States</country>
      </address>
    </facility>
  </location>
  <location>
    <facility>
      <name>Cascadia Clinical Trials at St. Joseph Hospital</name>
      <address>
        <city>Bellingham</city>
        <state>Washington</state>
        <zip>98225-1898</zip>
        <country>United States</country>
      </address>
    </facility>
  </location>
  <location>
    <facility>
      <name>Virginia Mason CCOP</name>
      <address>
        <city>Seattle</city>
        <state>Washington</state>
        <zip>98101</zip>
        <country>United States</country>
      </address>
    </facility>
  </location>
  <location>
    <facility>
      <name>Swedish Medical Center</name>
      <address>
        <city>Seattle</city>
        <state>Washington</state>
        <zip>98104</zip>
        <country>United States</country>
      </address>
    </facility>
  </location>
  <location>
    <facility>
      <name>Northwest Hospital</name>
      <address>
        <city>Seattle</city>
        <state>Washington</state>
        <zip>98133</zip>
        <country>United States</country>
      </address>
    </facility>
  </location>
  <location>
    <facility>
      <name>Marshfield Clinic</name>
      <address>
        <city>Marshfield</city>
        <state>Wisconsin</state>
        <zip>54449-5703</zip>
        <country>United States</country>
      </address>
    </facility>
  </location>
  <location>
    <facility>
      <name>Sinai Samaritan Medical Center</name>
      <address>
        <city>Milwaukee</city>
        <state>Wisconsin</state>
        <zip>53233</zip>
        <country>United States</country>
      </address>
    </facility>
  </location>
  <location>
    <facility>
      <name>Ottawa General Hospital</name>
      <address>
        <city>Ottawa</city>
        <state>Ontario</state>
        <zip>K1H 8L6</zip>
        <country>Canada</country>
      </address>
    </facility>
  </location>
  <location>
    <facility>
      <name>San Juan Dr. I. Gonzalez Martinez/Centro Medico</name>
      <address>
        <city>San Juan</city>
        <zip>00919-1811</zip>
        <country>Puerto Rico</country>
      </address>
    </facility>
  </location>
  <location>
    <facility>
      <name>Altamira Family Medicine</name>
      <address>
        <city>San Juan</city>
        <zip>00920</zip>
        <country>Puerto Rico</country>
      </address>
    </facility>
  </location>
  <location>
    <facility>
      <name>Centro Clinico San Patricio</name>
      <address>
        <city>San Juan</city>
        <zip>00921</zip>
        <country>Puerto Rico</country>
      </address>
    </facility>
  </location>
  <location>
    <facility>
      <name>Miguel Sosa Padilla, MD/San Juan City Hospital</name>
      <address>
        <city>San Juan</city>
        <zip>00926</zip>
        <country>Puerto Rico</country>
      </address>
    </facility>
  </location>
  <location>
    <facility>
      <name>VAMC San Juan</name>
      <address>
        <city>San Juan</city>
        <zip>00927</zip>
        <country>Puerto Rico</country>
      </address>
    </facility>
  </location>
  <location>
    <facility>
      <name>San Juan City Hospital - PR, Hematology Oncology Office</name>
      <address>
        <city>San Juan</city>
        <zip>00936-8344</zip>
        <country>Puerto Rico</country>
      </address>
    </facility>
  </location>
  <location_countries>
    <country>Canada</country>
    <country>Puerto Rico</country>
    <country>United States</country>
  </location_countries>
  <link>
    <url>http://www.crab.org/select</url>
    <description>SELECT trial information</description>
  </link>
  <link>
    <url>http://clinicaltrials.gov/show/NCT00006392</url>
    <description>Clinicaltrials.gov SELECT trial record</description>
  </link>
  <link>
    <url>http://www.mc.uky.edu/preadvise</url>
    <description>PREADVISE web site</description>
  </link>
  <link>
    <url>http://www.swog.org</url>
    <description>Southwest Oncology Group</description>
  </link>
  <reference>
    <citation>Lovell MA, Ehmann WD, Butler SM, Markesbery WR. Elevated thiobarbituric acid-reactive substances and antioxidant enzyme activity in the brain in Alzheimer's disease. Neurology. 1995 Aug;45(8):1594-601.</citation>
    <PMID>7644059</PMID>
  </reference>
  <reference>
    <citation>Sano M, Ernesto C, Thomas RG, Klauber MR, Schafer K, Grundman M, Woodbury P, Growdon J, Cotman CW, Pfeiffer E, Schneider LS, Thal LJ. A controlled trial of selegiline, alpha-tocopherol, or both as treatment for Alzheimer's disease. The Alzheimer's Disease Cooperative Study. N Engl J Med. 1997 Apr 24;336(17):1216-22.</citation>
    <PMID>9110909</PMID>
  </reference>
  <reference>
    <citation>Markesbery WR, Carney JM. Oxidative alterations in Alzheimer's disease. Brain Pathol. 1999 Jan;9(1):133-46. Review.</citation>
    <PMID>9989456</PMID>
  </reference>
  <verification_date>February 2013</verification_date>
  <!-- Old date names will be dropped in a few months (sometime in 2018)                        -->
  <lastchanged_date>February 21, 2013</lastchanged_date>
  <firstreceived_date>June 25, 2002</firstreceived_date>
  <!-- New date names                                                                           -->
  <study_first_submitted>June 25, 2002</study_first_submitted>
  <study_first_submitted_qc>June 26, 2002</study_first_submitted_qc>
  <study_first_posted type="Estimate">June 27, 2002</study_first_posted>
  <last_update_submitted>February 21, 2013</last_update_submitted>
  <last_update_submitted_qc>February 21, 2013</last_update_submitted_qc>
  <last_update_posted type="Estimate">February 22, 2013</last_update_posted>
  <!-- End of dates                                                                             -->
  <responsible_party>
    <responsible_party_type>Principal Investigator</responsible_party_type>
    <investigator_affiliation>University of Kentucky</investigator_affiliation>
    <investigator_full_name>Frederick Schmitt</investigator_full_name>
    <investigator_title>Professor</investigator_title>
  </responsible_party>
  <keyword>Alzheimer Disease</keyword>
  <keyword>Vitamin E</keyword>
  <keyword>Selenium</keyword>
  <condition_browse>
    <!-- CAUTION:  The following MeSH terms are assigned with an imperfect algorithm            -->
    <mesh_term>Alzheimer Disease</mesh_term>
  </condition_browse>
  <intervention_browse>
    <!-- CAUTION:  The following MeSH terms are assigned with an imperfect algorithm            -->
    <mesh_term>Vitamins</mesh_term>
    <mesh_term>Vitamin E</mesh_term>
    <mesh_term>Tocopherols</mesh_term>
    <mesh_term>Tocotrienols</mesh_term>
    <mesh_term>alpha-Tocopherol</mesh_term>
    <mesh_term>Selenium</mesh_term>
  </intervention_browse>
  <!-- Results have not yet been posted for this study                                          -->
</clinical_study>

