<?xml version="1.0" encoding="UTF-8"?>
<clinical_study rank="118">
  <!-- This xml conforms to an XML Schema at:
    https://clinicaltrials.gov/ct2/html/images/info/public.xsd -->
  <required_header>
    <download_date>ClinicalTrials.gov processed this data on November 07, 2017</download_date>
    <link_text>Link to the current ClinicalTrials.gov record.</link_text>
    <url>https://clinicaltrials.gov/show/NCT00722046</url>
  </required_header>
  <id_info>
    <org_study_id>A9951002</org_study_id>
    <nct_id>NCT00722046</nct_id>
  </id_info>
  <brief_title>Multiple IV Dose Study Of PF-04360365 In Patients With Mild To Moderate Alzheimer's Disease</brief_title>
  <official_title>A Phase 2 Multicenter, Randomized, Double Blind, Placebo-Controlled Study Of The Safety, Tolerability, And Pharmacokinetics Of Multiple Doses Of PF-04360365 In Patients With Mild To Moderate Alzheimer's Disease</official_title>
  <sponsors>
    <lead_sponsor>
      <agency>Pfizer</agency>
      <agency_class>Industry</agency_class>
    </lead_sponsor>
  </sponsors>
  <source>Pfizer</source>
  <oversight_info>
    <has_dmc>Yes</has_dmc>
  </oversight_info>
  <brief_summary>
    <textblock>
      Purpose of the study is to determine whether multiple dose administration of PF-04360365 is
      safe and well tolerated in patient with mild to moderate Alzheimer's disease.
    </textblock>
  </brief_summary>
  <overall_status>Completed</overall_status>
  <start_date>December 2008</start_date>
  <completion_date type="Actual">August 2011</completion_date>
  <primary_completion_date type="Actual">August 2011</primary_completion_date>
  <phase>Phase 2</phase>
  <study_type>Interventional</study_type>
  <has_expanded_access>No</has_expanded_access>
  <study_design_info>
    <allocation>Randomized</allocation>
    <intervention_model>Parallel Assignment</intervention_model>
    <primary_purpose>Treatment</primary_purpose>
    <masking>Triple (Participant, Care Provider, Investigator)</masking>
  </study_design_info>
  <primary_outcome>
    <measure>Safety/tolerability of PF-04360365 in subjects with mild to moderate Alzheimer's disease dosed for 18 months. (adverse events, physical/neurologic exams, vital signs, 12-lead ECG, clinical labs, brain MRI, cognitive assessments)</measure>
    <time_frame>24 months</time_frame>
  </primary_outcome>
  <primary_outcome>
    <measure>Pharmacokinetics of PF-04360365 following administration of multiple doses in subjects with mild to moderate Alzheimer's disease. (plasma and cerebrospinal fluid (as available) PF-04360365 concentrations)</measure>
    <time_frame>24 months</time_frame>
  </primary_outcome>
  <secondary_outcome>
    <measure>Alzheimer's Disease Assessment Scale-Cognitive Subscale (ADAS-cog); Disability Assessment for Dementia (DAD); plasma/CSF Abeta; CSF tau and phosphotau; CSF protein, RBCs, WBCs and glucose; Immunogenicity (anti-drug antibodies)</measure>
    <time_frame>24 months</time_frame>
  </secondary_outcome>
  <number_of_arms>6</number_of_arms>
  <enrollment type="Actual">198</enrollment>
  <condition>Alzheimer's Disease</condition>
  <arm_group>
    <arm_group_label>PF-04360365 0.1 mg/kg</arm_group_label>
    <arm_group_type>Experimental</arm_group_type>
  </arm_group>
  <arm_group>
    <arm_group_label>PF-04360365 0.5 mg/kg</arm_group_label>
    <arm_group_type>Experimental</arm_group_type>
  </arm_group>
  <arm_group>
    <arm_group_label>PF-04360365 1 mg/kg</arm_group_label>
    <arm_group_type>Experimental</arm_group_type>
  </arm_group>
  <arm_group>
    <arm_group_label>Placebo</arm_group_label>
    <arm_group_type>Placebo Comparator</arm_group_type>
  </arm_group>
  <arm_group>
    <arm_group_label>PF-04360365 3 mg/kg</arm_group_label>
    <arm_group_type>Experimental</arm_group_type>
  </arm_group>
  <arm_group>
    <arm_group_label>PF-04360365 8.5 mg/kg</arm_group_label>
    <arm_group_type>Experimental</arm_group_type>
  </arm_group>
  <intervention>
    <intervention_type>Biological</intervention_type>
    <intervention_name>PF-04360365 0.1 mg/kg</intervention_name>
    <description>0.1 mg/kg every 60 days (10 doses total)</description>
    <arm_group_label>PF-04360365 0.1 mg/kg</arm_group_label>
  </intervention>
  <intervention>
    <intervention_type>Biological</intervention_type>
    <intervention_name>PF-04360365 0.5 mg/kg</intervention_name>
    <description>0.5 mg/kg every 60 days (10 doses total)</description>
    <arm_group_label>PF-04360365 0.5 mg/kg</arm_group_label>
  </intervention>
  <intervention>
    <intervention_type>Biological</intervention_type>
    <intervention_name>PF-04360365 1 mg/kg</intervention_name>
    <description>1 mg/kg every 60 days (10 doses total)</description>
    <arm_group_label>PF-04360365 1 mg/kg</arm_group_label>
  </intervention>
  <intervention>
    <intervention_type>Drug</intervention_type>
    <intervention_name>Placebo</intervention_name>
    <description>Placebo every 60 days (10 doses total)</description>
    <arm_group_label>Placebo</arm_group_label>
  </intervention>
  <intervention>
    <intervention_type>Biological</intervention_type>
    <intervention_name>PF-04360365 3 mg/kg</intervention_name>
    <description>3 mg/kg every 60 days (10 doses total)</description>
    <arm_group_label>PF-04360365 3 mg/kg</arm_group_label>
  </intervention>
  <intervention>
    <intervention_type>Biological</intervention_type>
    <intervention_name>PF-04360365 8.5 mg/kg</intervention_name>
    <description>8.5 mg/kg every 60 days (10 doses total)</description>
    <arm_group_label>PF-04360365 8.5 mg/kg</arm_group_label>
  </intervention>
  <eligibility>
    <criteria>
      <textblock>
        Inclusion Criteria:

          -  Males or females of non childbearing potential, age &gt; or = 50

          -  Diagnosis of probable Alzheimer's disease, consistent with criterial from both:

               -  National Institute of Neurological and Communicable Disease and Stroke and
                  Alzheimer's Disease and Related Disorders Association (NINCDS-ADRDA)

               -  Diagnostic and Statistical Manual of Mental Disorders (DSM IV)

          -  Mini-mental status exam score of 16-26 inclusive

          -  Rosen-Modified Hachinski Ischemia Score of &lt; or = 4

        Exclusion Criteria:

          -  Diagnosis or history of other demential or neurodegenerative disorders

          -  Diagnosis or history of clinically significant cerebrovascular disease

          -  Specific findings on magnetic resonance imaging (MRI); cortical infarct, micro
             hemorrhage, multiple white matter lacunes, extensive white matter abnormalities

          -  History of autoimmune disorders

          -  History of allergic or anaphylactic reactions
      </textblock>
    </criteria>
    <gender>All</gender>
    <minimum_age>50 Years</minimum_age>
    <maximum_age>N/A</maximum_age>
    <healthy_volunteers>No</healthy_volunteers>
  </eligibility>
  <overall_official>
    <last_name>Pfizer CT.gov Call Center</last_name>
    <role>Study Director</role>
    <affiliation>Pfizer</affiliation>
  </overall_official>
  <location>
    <facility>
      <name>Pfizer Investigational Site</name>
      <address>
        <city>Peoria</city>
        <state>Arizona</state>
        <zip>85381</zip>
        <country>United States</country>
      </address>
    </facility>
  </location>
  <location>
    <facility>
      <name>Pfizer Investigational Site</name>
      <address>
        <city>Phoenix</city>
        <state>Arizona</state>
        <zip>85013</zip>
        <country>United States</country>
      </address>
    </facility>
  </location>
  <location>
    <facility>
      <name>Pfizer Investigational Site</name>
      <address>
        <city>Miami</city>
        <state>Florida</state>
        <zip>33176</zip>
        <country>United States</country>
      </address>
    </facility>
  </location>
  <location>
    <facility>
      <name>Pfizer Investigational Site</name>
      <address>
        <city>South Miami</city>
        <state>Florida</state>
        <zip>33143</zip>
        <country>United States</country>
      </address>
    </facility>
  </location>
  <location>
    <facility>
      <name>Pfizer Investigational Site</name>
      <address>
        <city>Elk Grove Village</city>
        <state>Illinois</state>
        <zip>60007</zip>
        <country>United States</country>
      </address>
    </facility>
  </location>
  <location>
    <facility>
      <name>Pfizer Investigational Site</name>
      <address>
        <city>Overland Park</city>
        <state>Kansas</state>
        <zip>66209</zip>
        <country>United States</country>
      </address>
    </facility>
  </location>
  <location>
    <facility>
      <name>Pfizer Investigational Site</name>
      <address>
        <city>Overland Park</city>
        <state>Kansas</state>
        <zip>66211</zip>
        <country>United States</country>
      </address>
    </facility>
  </location>
  <location>
    <facility>
      <name>Pfizer Investigational Site</name>
      <address>
        <city>Overland Park</city>
        <state>Kansas</state>
        <zip>66212</zip>
        <country>United States</country>
      </address>
    </facility>
  </location>
  <location>
    <facility>
      <name>Pfizer Investigational Site</name>
      <address>
        <city>Eatontown</city>
        <state>New Jersey</state>
        <zip>07724</zip>
        <country>United States</country>
      </address>
    </facility>
  </location>
  <location>
    <facility>
      <name>Pfizer Investigational Site</name>
      <address>
        <city>Oakhurst</city>
        <state>New Jersey</state>
        <zip>07755</zip>
        <country>United States</country>
      </address>
    </facility>
  </location>
  <location>
    <facility>
      <name>Pfizer Investigational Site</name>
      <address>
        <city>Providence</city>
        <state>Rhode Island</state>
        <zip>02906</zip>
        <country>United States</country>
      </address>
    </facility>
  </location>
  <location>
    <facility>
      <name>Pfizer Investigational Site</name>
      <address>
        <city>Adelaide</city>
        <state>South Australia</state>
        <zip>5000</zip>
        <country>Australia</country>
      </address>
    </facility>
  </location>
  <location>
    <facility>
      <name>Pfizer Investigational Site</name>
      <address>
        <city>Woodville South</city>
        <state>South Australia</state>
        <zip>5011</zip>
        <country>Australia</country>
      </address>
    </facility>
  </location>
  <location>
    <facility>
      <name>Pfizer Investigational Site</name>
      <address>
        <city>Heidelberg West</city>
        <state>Victoria</state>
        <zip>3084</zip>
        <country>Australia</country>
      </address>
    </facility>
  </location>
  <location>
    <facility>
      <name>Pfizer Investigational Site</name>
      <address>
        <city>Nedlands</city>
        <state>Western Australia</state>
        <zip>6009</zip>
        <country>Australia</country>
      </address>
    </facility>
  </location>
  <location>
    <facility>
      <name>Pfizer Investigational Site</name>
      <address>
        <city>Antwerpen</city>
        <zip>2020</zip>
        <country>Belgium</country>
      </address>
    </facility>
  </location>
  <location>
    <facility>
      <name>Pfizer Investigational Site</name>
      <address>
        <city>Edegem</city>
        <zip>2650</zip>
        <country>Belgium</country>
      </address>
    </facility>
  </location>
  <location>
    <facility>
      <name>Pfizer Investigational Site</name>
      <address>
        <city>Jette</city>
        <zip>1090</zip>
        <country>Belgium</country>
      </address>
    </facility>
  </location>
  <location>
    <facility>
      <name>Pfizer Investigational Site</name>
      <address>
        <city>Leuven</city>
        <zip>3000</zip>
        <country>Belgium</country>
      </address>
    </facility>
  </location>
  <location>
    <facility>
      <name>Pfizer Investigational Site</name>
      <address>
        <city>Vancouver</city>
        <state>British Columbia</state>
        <zip>V6T 2B5</zip>
        <country>Canada</country>
      </address>
    </facility>
  </location>
  <location>
    <facility>
      <name>Pfizer Investigational Site</name>
      <address>
        <city>London</city>
        <state>Ontario</state>
        <zip>N6C 5J1</zip>
        <country>Canada</country>
      </address>
    </facility>
  </location>
  <location>
    <facility>
      <name>Pfizer Investigational Site</name>
      <address>
        <city>Peterborough</city>
        <state>Ontario</state>
        <zip>K9H 2P4</zip>
        <country>Canada</country>
      </address>
    </facility>
  </location>
  <location>
    <facility>
      <name>Pfizer Investigational Site</name>
      <address>
        <city>Toronto</city>
        <state>Ontario</state>
        <zip>M3B 2S7</zip>
        <country>Canada</country>
      </address>
    </facility>
  </location>
  <location>
    <facility>
      <name>Pfizer Investigational Site</name>
      <address>
        <city>Toronto</city>
        <state>Ontario</state>
        <zip>M4N 3M5</zip>
        <country>Canada</country>
      </address>
    </facility>
  </location>
  <location>
    <facility>
      <name>Pfizer Investigational Site</name>
      <address>
        <city>Montreal</city>
        <state>Quebec</state>
        <zip>H1T 2M4</zip>
        <country>Canada</country>
      </address>
    </facility>
  </location>
  <location>
    <facility>
      <name>Pfizer Investigational Site</name>
      <address>
        <city>Sherbrooke</city>
        <state>Quebec</state>
        <zip>J1H 1Z1</zip>
        <country>Canada</country>
      </address>
    </facility>
  </location>
  <location>
    <facility>
      <name>Pfizer Investigational Site</name>
      <address>
        <city>Sungnam-si</city>
        <state>Gyeonggi-do</state>
        <zip>463-707</zip>
        <country>Korea, Republic of</country>
      </address>
    </facility>
  </location>
  <location>
    <facility>
      <name>Pfizer Investigational Site</name>
      <address>
        <city>Seoul</city>
        <zip>133-792</zip>
        <country>Korea, Republic of</country>
      </address>
    </facility>
  </location>
  <location>
    <facility>
      <name>Pfizer Investigational Site</name>
      <address>
        <city>Seoul</city>
        <zip>135-710</zip>
        <country>Korea, Republic of</country>
      </address>
    </facility>
  </location>
  <location>
    <facility>
      <name>Pfizer Investigational Site</name>
      <address>
        <city>Seoul</city>
        <zip>136-705</zip>
        <country>Korea, Republic of</country>
      </address>
    </facility>
  </location>
  <location>
    <facility>
      <name>Pfizer Investigational Site</name>
      <address>
        <city>Seoul</city>
        <zip>138-736</zip>
        <country>Korea, Republic of</country>
      </address>
    </facility>
  </location>
  <location>
    <facility>
      <name>Pfizer Investigational Site</name>
      <address>
        <city>Seoul</city>
        <zip>143-914</zip>
        <country>Korea, Republic of</country>
      </address>
    </facility>
  </location>
  <location>
    <facility>
      <name>Pfizer Investigational Site</name>
      <address>
        <city>Trafford Park</city>
        <state>Manchester</state>
        <zip>M32 0UT</zip>
        <country>United Kingdom</country>
      </address>
    </facility>
  </location>
  <location>
    <facility>
      <name>Pfizer Investigational Site</name>
      <address>
        <city>Swindon</city>
        <state>Wiltshire</state>
        <zip>SN3 6BB</zip>
        <country>United Kingdom</country>
      </address>
    </facility>
  </location>
  <location>
    <facility>
      <name>Pfizer Investigational Site</name>
      <address>
        <city>Swindon</city>
        <state>Wiltshire</state>
        <zip>SN3 6BW</zip>
        <country>United Kingdom</country>
      </address>
    </facility>
  </location>
  <location>
    <facility>
      <name>Pfizer Investigational Site</name>
      <address>
        <city>Manchester</city>
        <zip>M32 0UT</zip>
        <country>United Kingdom</country>
      </address>
    </facility>
  </location>
  <location>
    <facility>
      <name>Pfizer Investigational Site</name>
      <address>
        <city>Southampton</city>
        <zip>SO16 6YD</zip>
        <country>United Kingdom</country>
      </address>
    </facility>
  </location>
  <location>
    <facility>
      <name>Pfizer Investigational Site</name>
      <address>
        <city>Southampton</city>
        <zip>SO30 3JB</zip>
        <country>United Kingdom</country>
      </address>
    </facility>
  </location>
  <location_countries>
    <country>Australia</country>
    <country>Belgium</country>
    <country>Canada</country>
    <country>Korea, Republic of</country>
    <country>United Kingdom</country>
    <country>United States</country>
  </location_countries>
  <link>
    <url>https://trialinfoemail.pfizer.com/pages/landing.aspx?StudyID=A9951002&amp;StudyName=Multiple%20IV%20Dose%20Study%20Of%20PF-04360365%20In%20Patients%20With%20Mild%20To%20Moderate%20Alzheimer%27s%20Disease</url>
    <description>To obtain contact information for a study center near you, click here.</description>
  </link>
  <verification_date>October 2012</verification_date>
  <!-- Old date names will be dropped in a few months (sometime in 2018)                        -->
  <lastchanged_date>April 8, 2016</lastchanged_date>
  <firstreceived_date>July 23, 2008</firstreceived_date>
  <firstreceived_results_disposition_date>October 8, 2012</firstreceived_results_disposition_date>
  <!-- New date names                                                                           -->
  <study_first_submitted>July 23, 2008</study_first_submitted>
  <study_first_submitted_qc>July 24, 2008</study_first_submitted_qc>
  <study_first_posted type="Estimate">July 25, 2008</study_first_posted>
  <disposition_first_submitted>October 8, 2012</disposition_first_submitted>
  <disposition_first_submitted_qc>October 8, 2012</disposition_first_submitted_qc>
  <disposition_first_posted type="Estimate">October 11, 2012</disposition_first_posted>
  <last_update_submitted>April 8, 2016</last_update_submitted>
  <last_update_submitted_qc>April 8, 2016</last_update_submitted_qc>
  <last_update_posted type="Estimate">May 5, 2016</last_update_posted>
  <!-- End of dates                                                                             -->
  <responsible_party>
    <responsible_party_type>Sponsor</responsible_party_type>
  </responsible_party>
  <keyword>Alzheimer's disease</keyword>
  <keyword>antibody</keyword>
  <keyword>amyloid</keyword>
  <condition_browse>
    <!-- CAUTION:  The following MeSH terms are assigned with an imperfect algorithm            -->
    <mesh_term>Alzheimer Disease</mesh_term>
  </condition_browse>
  <!-- Results have not yet been posted, but a results disposition has been submitted           -->
</clinical_study>

