<?xml version="1.0" encoding="UTF-8"?>
<clinical_study rank="208">
  <!-- This xml conforms to an XML Schema at:
    https://clinicaltrials.gov/ct2/html/images/info/public.xsd -->
  <required_header>
    <download_date>ClinicalTrials.gov processed this data on November 07, 2017</download_date>
    <link_text>Link to the current ClinicalTrials.gov record.</link_text>
    <url>https://clinicaltrials.gov/show/NCT01970150</url>
  </required_header>
  <id_info>
    <org_study_id>104382</org_study_id>
    <nct_id>NCT01970150</nct_id>
  </id_info>
  <brief_title>The Effect of Repeated Transcranial Magnetic Stimulation on Off-line Resting Electroencephalographic Signal in Alzheimer's Disease</brief_title>
  <official_title>To Investigate the Effect of Application of Repeated Trans-cranial Magnetic Stimulation (rTMS) Applied on the Left Prefrontal Cortex on Electroencephalography Signal Recorded From Brain Regions Involved in Cognitive Function in Patients With Alzheimer's Disease (AD)</official_title>
  <sponsors>
    <lead_sponsor>
      <agency>Lawson Health Research Institute</agency>
      <agency_class>Other</agency_class>
    </lead_sponsor>
  </sponsors>
  <source>Lawson Health Research Institute</source>
  <oversight_info>
    <has_dmc>No</has_dmc>
  </oversight_info>
  <brief_summary>
    <textblock>
      The purpose of this study is to examine whether the rTMS (repetitive Transcranial Magnetic
      Stimulation) could change cortical excitability measured by off-line EEG in Alzheimer's
      Disease (AD) patients.
    </textblock>
  </brief_summary>
  <detailed_description>
    <textblock>
      Upon meeting the inclusion criteria and providing informed consent, each participant will
      complete a series of 21 sessions of rTMS over the course of four weeks.During the first
      visit, they will be asked to undergo 1 hour of EEG (Electroencephalograph) before they start
      the repetitive transcranial magnetic stimulation sessions (rTMS), 0.5-hour of memory testing
      using MoCA and Trail Making Test (Trial A and B), 1 hour of rTMS and 1 hour of EEG after
      rTMS. The second visit will start approximately 24-72 hours after the first visit. During
      visit 2 to visit 20, participants will receive about 1 hour of TMS session 5 days a week for
      4 weeks. During the 21st visit, which will be approximately one day after the last TMS
      session, participants will be asked to repeat 1 hour of EEG before TMS; 0.5-hour of memory
      testing using MoCA and Trail Making Test (Trial A and B), 1 hour TMS and 1 hour of EEG after
      TMS. For this study, a questionnaire concerning any potential side effects will be
      administrated before and after each session.
    </textblock>
  </detailed_description>
  <overall_status>Terminated</overall_status>
  <why_stopped>
    1. New data from a published trial requires substantial change in study protocol

      2. no funding available to carry the study further
  </why_stopped>
  <start_date>February 2014</start_date>
  <completion_date type="Actual">April 2015</completion_date>
  <primary_completion_date type="Actual">April 2015</primary_completion_date>
  <phase>N/A</phase>
  <study_type>Interventional</study_type>
  <has_expanded_access>No</has_expanded_access>
  <study_design_info>
    <intervention_model>Single Group Assignment</intervention_model>
    <primary_purpose>Basic Science</primary_purpose>
    <masking>None (Open Label)</masking>
  </study_design_info>
  <primary_outcome>
    <measure>A change in the quantitative EEG spectra in the frontal lobe, i.e. a change in percentage of theta waves, alpha and beta waves</measure>
    <time_frame>4 weeks</time_frame>
    <description>We anticipate that rTMS exposure will result in a change in cortical excitability as evident by lowering the percentage of low frequency waves (delta and theta waves)in the cortical area under the stimulation site (left prefrontal cortex) and in functionally connected areas (contralateral cortex, inferior parietal cortex)as assessed by the EEG waves after 4 weeks of rTMS treatment.</description>
  </primary_outcome>
  <secondary_outcome>
    <measure>Improvement on memory and attention</measure>
    <time_frame>4 weeks</time_frame>
    <description>We will explore the potential for improvement in memory and/or attention as asessed by MoCA and the Trail Making Test Part A and the Trail Making Test Part B, after 4 weeks of rTMS treatment.</description>
  </secondary_outcome>
  <number_of_arms>1</number_of_arms>
  <enrollment type="Actual">5</enrollment>
  <condition>Alzheimer Disease</condition>
  <arm_group>
    <arm_group_label>1</arm_group_label>
    <arm_group_type>Experimental</arm_group_type>
    <description>In this intervention patients receive 5 days a week for 4 weeks of rTMS treatment with real coil</description>
  </arm_group>
  <intervention>
    <intervention_type>Device</intervention_type>
    <intervention_name>rTMS real</intervention_name>
    <arm_group_label>1</arm_group_label>
    <other_name>Magstim Super Rapid 2</other_name>
  </intervention>
  <eligibility>
    <criteria>
      <textblock>
        Inclusion Criteria:

          -  Males and females,

          -  Age 55-85 years old,

          -  Able to consent and agrees to participate (if patient does not have capacity to give a
             consent then a caregiver will be asked )

          -  Fluent in English

          -  Diagnosed with probable AD (NINCDS-ADRDA criteria) mild stage as defined by a
             composite score of 1 or less on clinical dementia rating scale (CDR)

        Exclusion Criteria:

          -  Other neurological illness that would interfere with cognitive function (significant
             stroke, seizure d/o, Parkinson, Huntington etc.).

          -  Psychiatric illness known to affect cognition such as schizophrenia/schizo-affective
             disorder, substance use disorder within 1 year of study, active depression or anxiety
             disorder or history of recurrent major mood disorder prior to cognitive change.

          -  Medications: benzodiazepines will be exclusionary. Other psychotropic medications
             including Acetyl Choline Esterase inhibitors will be allowed but the dose needs to be
             stable for at least one month prior to the start and during the study. Patients taking
             medications that might increase the risk of seizures should not participate in the
             study.

          -  Subjects with metal anywhere in the head, excluding the mouth, is generally a
             contraindication to TMS. This includes shrapnel, and screws and clips from surgical
             procedures unless the physical properties of the metal object are known and there is a
             strong reason for using TMS.

          -  Subjects with cardiac pacemakers and implanted medication pumps should not participate
             in most TMS studies.

          -  TMS also should not be performed in patients with electrodes inside the heart which
             might provide a low-resistance current path to electrically sensitive tissue.

          -  Persons with serious heart disease are at increased risk in the event of a seizure,

          -  Persons with increased intracranial pressure, as in acute large infarctions or trauma,
             are also at increased risk in the event of a seizure, and should not receive TMS.

          -  Pregnant women or women in child bearing age that might be pregnant.

          -  Patients who are already enrolled in another study.
      </textblock>
    </criteria>
    <gender>All</gender>
    <minimum_age>55 Years</minimum_age>
    <maximum_age>85 Years</maximum_age>
    <healthy_volunteers>No</healthy_volunteers>
  </eligibility>
  <overall_official>
    <last_name>Amer Burhan, MD</last_name>
    <role>Principal Investigator</role>
    <affiliation>University of Western Ontario, Canada</affiliation>
  </overall_official>
  <location>
    <facility>
      <name>Regional Mental Health Care London</name>
      <address>
        <city>London</city>
        <state>Ontario</state>
        <zip>N6A 4H1</zip>
        <country>Canada</country>
      </address>
    </facility>
  </location>
  <location_countries>
    <country>Canada</country>
  </location_countries>
  <reference>
    <citation>Cotelli M, Manenti R, Cappa SF, Geroldi C, Zanetti O, Rossini PM, Miniussi C. Effect of transcranial magnetic stimulation on action naming in patients with Alzheimer disease. Arch Neurol. 2006 Nov;63(11):1602-4.</citation>
    <PMID>17101829</PMID>
  </reference>
  <reference>
    <citation>Cotelli M, Manenti R, Cappa SF, Zanetti O, Miniussi C. Transcranial magnetic stimulation improves naming in Alzheimer disease patients at different stages of cognitive decline. Eur J Neurol. 2008 Dec;15(12):1286-92. doi: 10.1111/j.1468-1331.2008.02202.x.</citation>
    <PMID>19049544</PMID>
  </reference>
  <reference>
    <citation>Gawel M, Zalewska E, Szmidt-Sałkowska E, Kowalski J. The value of quantitative EEG in differential diagnosis of Alzheimer's disease and subcortical vascular dementia. J Neurol Sci. 2009 Aug 15;283(1-2):127-33. doi: 10.1016/j.jns.2009.02.332. Epub 2009 Mar 6.</citation>
    <PMID>19268969</PMID>
  </reference>
  <reference>
    <citation>Schreiter Gasser U, Rousson V, Hentschel F, Sattel H, Gasser T. Alzheimer disease versus mixed dementias: an EEG perspective. Clin Neurophysiol. 2008 Oct;119(10):2255-9. doi: 10.1016/j.clinph.2008.07.216. Epub 2008 Sep 2.</citation>
    <PMID>18768349</PMID>
  </reference>
  <verification_date>September 2016</verification_date>
  <!-- Old date names will be dropped in a few months (sometime in 2018)                        -->
  <lastchanged_date>September 6, 2016</lastchanged_date>
  <firstreceived_date>October 22, 2013</firstreceived_date>
  <!-- New date names                                                                           -->
  <study_first_submitted>October 22, 2013</study_first_submitted>
  <study_first_submitted_qc>October 24, 2013</study_first_submitted_qc>
  <study_first_posted type="Estimate">October 25, 2013</study_first_posted>
  <last_update_submitted>September 6, 2016</last_update_submitted>
  <last_update_submitted_qc>September 6, 2016</last_update_submitted_qc>
  <last_update_posted type="Estimate">September 7, 2016</last_update_posted>
  <!-- End of dates                                                                             -->
  <responsible_party>
    <responsible_party_type>Principal Investigator</responsible_party_type>
    <investigator_affiliation>Lawson Health Research Institute</investigator_affiliation>
    <investigator_full_name>Amer Burhan</investigator_full_name>
    <investigator_title>Psychiatrist, Assistant Professor</investigator_title>
  </responsible_party>
  <keyword>rTMS</keyword>
  <keyword>Alzheimer Disease</keyword>
  <keyword>Memory</keyword>
  <keyword>attention</keyword>
  <keyword>EEG</keyword>
  <condition_browse>
    <!-- CAUTION:  The following MeSH terms are assigned with an imperfect algorithm            -->
    <mesh_term>Alzheimer Disease</mesh_term>
  </condition_browse>
  <!-- Results have not yet been posted for this study                                          -->
</clinical_study>

