<?xml version="1.0" encoding="UTF-8"?>
<clinical_study rank="51">
  <!-- This xml conforms to an XML Schema at:
    https://clinicaltrials.gov/ct2/html/images/info/public.xsd -->
  <required_header>
    <download_date>ClinicalTrials.gov processed this data on November 07, 2017</download_date>
    <link_text>Link to the current ClinicalTrials.gov record.</link_text>
    <url>https://clinicaltrials.gov/show/NCT00555204</url>
  </required_header>
  <id_info>
    <org_study_id>M06-876</org_study_id>
    <nct_id>NCT00555204</nct_id>
  </id_info>
  <brief_title>Safety and Efficacy Study of ABT-089 in Adults With Mild to Moderate Alzheimer's Disease</brief_title>
  <official_title>A Randomized, Double-Blind, Placebo-Controlled Study Using a Bayesian Adaptive Design to Evaluate the Efficacy and Safety of ABT-089 in Subjects With Mild-to-Moderate Alzheimer's Disease on Stable Doses of Acetylcholinesterase Inhibitors</official_title>
  <sponsors>
    <lead_sponsor>
      <agency>Abbott</agency>
      <agency_class>Industry</agency_class>
    </lead_sponsor>
  </sponsors>
  <source>Abbott</source>
  <oversight_info>
    <has_dmc>Yes</has_dmc>
  </oversight_info>
  <brief_summary>
    <textblock>
      The purpose of this study is to test if the investigational medication ABT-089 is a safe and
      effective treatment for Alzheimer's disease.
    </textblock>
  </brief_summary>
  <overall_status>Terminated</overall_status>
  <start_date>November 2007</start_date>
  <primary_completion_date type="Actual">June 2009</primary_completion_date>
  <phase>Phase 2</phase>
  <study_type>Interventional</study_type>
  <has_expanded_access>No</has_expanded_access>
  <study_design_info>
    <allocation>Randomized</allocation>
    <intervention_model>Parallel Assignment</intervention_model>
    <primary_purpose>Treatment</primary_purpose>
    <masking>Quadruple (Participant, Care Provider, Investigator, Outcomes Assessor)</masking>
  </study_design_info>
  <primary_outcome>
    <measure>Safety and Tolerability</measure>
    <time_frame>Baseline to Final Evaluation</time_frame>
  </primary_outcome>
  <secondary_outcome>
    <measure>Pharmacokinetics (how the body handles the study drug)</measure>
    <time_frame>Baseline to Final Evaluation</time_frame>
  </secondary_outcome>
  <secondary_outcome>
    <measure>Pharmacodynamic (how the study drug affects cognitive functions such as thinking and memory)</measure>
    <time_frame>Baseline to Final Evaluation</time_frame>
  </secondary_outcome>
  <number_of_arms>7</number_of_arms>
  <enrollment type="Actual">337</enrollment>
  <condition>Alzheimer's Disease</condition>
  <arm_group>
    <arm_group_label>A</arm_group_label>
    <arm_group_type>Experimental</arm_group_type>
  </arm_group>
  <arm_group>
    <arm_group_label>B</arm_group_label>
    <arm_group_type>Experimental</arm_group_type>
  </arm_group>
  <arm_group>
    <arm_group_label>C</arm_group_label>
    <arm_group_type>Experimental</arm_group_type>
  </arm_group>
  <arm_group>
    <arm_group_label>D</arm_group_label>
    <arm_group_type>Experimental</arm_group_type>
  </arm_group>
  <arm_group>
    <arm_group_label>E</arm_group_label>
    <arm_group_type>Experimental</arm_group_type>
  </arm_group>
  <arm_group>
    <arm_group_label>F</arm_group_label>
    <arm_group_type>Experimental</arm_group_type>
  </arm_group>
  <arm_group>
    <arm_group_label>G</arm_group_label>
    <arm_group_type>Placebo Comparator</arm_group_type>
  </arm_group>
  <intervention>
    <intervention_type>Drug</intervention_type>
    <intervention_name>ABT-089</intervention_name>
    <description>10 mg - capsules once daily for 12 weeks</description>
    <arm_group_label>B</arm_group_label>
  </intervention>
  <intervention>
    <intervention_type>Drug</intervention_type>
    <intervention_name>ABT-089</intervention_name>
    <description>5 mg - capsules once daily for 12 weeks</description>
    <arm_group_label>A</arm_group_label>
  </intervention>
  <intervention>
    <intervention_type>Drug</intervention_type>
    <intervention_name>ABT-089</intervention_name>
    <description>15 mg - capsules once daily for 12 weeks</description>
    <arm_group_label>C</arm_group_label>
  </intervention>
  <intervention>
    <intervention_type>Drug</intervention_type>
    <intervention_name>ABT-089</intervention_name>
    <description>20 mg - capsules once daily for 12 weeks</description>
    <arm_group_label>D</arm_group_label>
  </intervention>
  <intervention>
    <intervention_type>Drug</intervention_type>
    <intervention_name>ABT-089</intervention_name>
    <description>30 mg - capsules once daily for 12 weeks</description>
    <arm_group_label>E</arm_group_label>
  </intervention>
  <intervention>
    <intervention_type>Drug</intervention_type>
    <intervention_name>ABT-089</intervention_name>
    <description>35 mg - capsules once daily for 12 weeks</description>
    <arm_group_label>F</arm_group_label>
  </intervention>
  <intervention>
    <intervention_type>Drug</intervention_type>
    <intervention_name>placebo</intervention_name>
    <description>placebo - capsules once daily for 12 weeks</description>
    <arm_group_label>G</arm_group_label>
  </intervention>
  <eligibility>
    <criteria>
      <textblock>
        Inclusion Criteria:

          -  Patient has mild to moderate Alzheimer's disease

          -  Patient has been receiving a stable dose of an acetylcholinesterase inhibitor

          -  Patient has a MMSE score between 12 and 26

          -  Patient has a MHIS score of less than or equal to 4

          -  Females must be postmenopausal for at least two years or surgically sterile

          -  Patient has an identified, reliable, caregiver who will support him/her to ensure
             compliance with treatment and will accompany them to each outpatient visit

        Exclusion Criteria:

          -  Patient is living in a nursing home

          -  Patient has a history of any significant neurologic disease other than Alzheimer's
             disease

          -  Patient has any uncontrolled medical illness

          -  Patient uses non-prescribed drugs of abuse or has a history of drug or alcohol
             abuse/dependence
      </textblock>
    </criteria>
    <gender>All</gender>
    <minimum_age>55 Years</minimum_age>
    <maximum_age>90 Years</maximum_age>
    <healthy_volunteers>No</healthy_volunteers>
  </eligibility>
  <overall_official>
    <last_name>Robert Lenz, MD, PhD</last_name>
    <role>Study Director</role>
    <affiliation>Abbott</affiliation>
  </overall_official>
  <location>
    <facility>
      <address>
        <city>Phoenix</city>
        <state>Arizona</state>
        <zip>85006</zip>
        <country>United States</country>
      </address>
    </facility>
  </location>
  <location>
    <facility>
      <address>
        <city>Sun City</city>
        <state>Arizona</state>
        <zip>85351</zip>
        <country>United States</country>
      </address>
    </facility>
  </location>
  <location>
    <facility>
      <address>
        <city>Fresno</city>
        <state>California</state>
        <zip>93720</zip>
        <country>United States</country>
      </address>
    </facility>
  </location>
  <location>
    <facility>
      <address>
        <city>San Diego</city>
        <state>California</state>
        <zip>92108</zip>
        <country>United States</country>
      </address>
    </facility>
  </location>
  <location>
    <facility>
      <address>
        <city>Santa Ana</city>
        <state>California</state>
        <zip>92705</zip>
        <country>United States</country>
      </address>
    </facility>
  </location>
  <location>
    <facility>
      <address>
        <city>Santa Monica</city>
        <state>California</state>
        <zip>90404</zip>
        <country>United States</country>
      </address>
    </facility>
  </location>
  <location>
    <facility>
      <address>
        <city>Hamden</city>
        <state>Connecticut</state>
        <zip>06518</zip>
        <country>United States</country>
      </address>
    </facility>
  </location>
  <location>
    <facility>
      <address>
        <city>New Haven</city>
        <state>Connecticut</state>
        <zip>06510</zip>
        <country>United States</country>
      </address>
    </facility>
  </location>
  <location>
    <facility>
      <address>
        <city>Brooksville</city>
        <state>Florida</state>
        <zip>34613</zip>
        <country>United States</country>
      </address>
    </facility>
  </location>
  <location>
    <facility>
      <address>
        <city>Delray Beach</city>
        <state>Florida</state>
        <zip>33445</zip>
        <country>United States</country>
      </address>
    </facility>
  </location>
  <location>
    <facility>
      <address>
        <city>Fort Myers</city>
        <state>Florida</state>
        <zip>33901</zip>
        <country>United States</country>
      </address>
    </facility>
  </location>
  <location>
    <facility>
      <address>
        <city>Hallendale</city>
        <state>Florida</state>
        <zip>33009</zip>
        <country>United States</country>
      </address>
    </facility>
  </location>
  <location>
    <facility>
      <address>
        <city>Hialeah</city>
        <state>Florida</state>
        <zip>33016</zip>
        <country>United States</country>
      </address>
    </facility>
  </location>
  <location>
    <facility>
      <address>
        <city>Largo</city>
        <state>Florida</state>
        <zip>33770</zip>
        <country>United States</country>
      </address>
    </facility>
  </location>
  <location>
    <facility>
      <address>
        <city>Miami</city>
        <state>Florida</state>
        <zip>33180</zip>
        <country>United States</country>
      </address>
    </facility>
  </location>
  <location>
    <facility>
      <address>
        <city>Palm Beach Gardens</city>
        <state>Florida</state>
        <zip>33418</zip>
        <country>United States</country>
      </address>
    </facility>
  </location>
  <location>
    <facility>
      <address>
        <city>Sunrise</city>
        <state>Florida</state>
        <zip>33351</zip>
        <country>United States</country>
      </address>
    </facility>
  </location>
  <location>
    <facility>
      <address>
        <city>Tampa</city>
        <state>Florida</state>
        <zip>33613</zip>
        <country>United States</country>
      </address>
    </facility>
  </location>
  <location>
    <facility>
      <address>
        <city>West Palm Beach</city>
        <state>Florida</state>
        <zip>33407</zip>
        <country>United States</country>
      </address>
    </facility>
  </location>
  <location>
    <facility>
      <address>
        <city>West Palm Beach</city>
        <state>Florida</state>
        <zip>33409</zip>
        <country>United States</country>
      </address>
    </facility>
  </location>
  <location>
    <facility>
      <address>
        <city>Indianapolis</city>
        <state>Indiana</state>
        <zip>46260</zip>
        <country>United States</country>
      </address>
    </facility>
  </location>
  <location>
    <facility>
      <address>
        <city>Paducah</city>
        <state>Kentucky</state>
        <zip>42003</zip>
        <country>United States</country>
      </address>
    </facility>
  </location>
  <location>
    <facility>
      <address>
        <city>Pittsfield</city>
        <state>Massachusetts</state>
        <zip>01201</zip>
        <country>United States</country>
      </address>
    </facility>
  </location>
  <location>
    <facility>
      <address>
        <city>Grand Rapids</city>
        <state>Michigan</state>
        <zip>49503</zip>
        <country>United States</country>
      </address>
    </facility>
  </location>
  <location>
    <facility>
      <address>
        <city>St Louis</city>
        <state>Missouri</state>
        <zip>63141</zip>
        <country>United States</country>
      </address>
    </facility>
  </location>
  <location>
    <facility>
      <address>
        <city>Long Branch</city>
        <state>New Jersey</state>
        <zip>07740</zip>
        <country>United States</country>
      </address>
    </facility>
  </location>
  <location>
    <facility>
      <address>
        <city>Nutley</city>
        <state>New Jersey</state>
        <zip>07110</zip>
        <country>United States</country>
      </address>
    </facility>
  </location>
  <location>
    <facility>
      <address>
        <city>Princeton</city>
        <state>New Jersey</state>
        <zip>08540</zip>
        <country>United States</country>
      </address>
    </facility>
  </location>
  <location>
    <facility>
      <address>
        <city>Ridgewood</city>
        <state>New Jersey</state>
        <zip>07450</zip>
        <country>United States</country>
      </address>
    </facility>
  </location>
  <location>
    <facility>
      <address>
        <city>Albany</city>
        <state>New York</state>
        <zip>12208</zip>
        <country>United States</country>
      </address>
    </facility>
  </location>
  <location>
    <facility>
      <address>
        <city>Bronx</city>
        <state>New York</state>
        <zip>10454</zip>
        <country>United States</country>
      </address>
    </facility>
  </location>
  <location>
    <facility>
      <address>
        <city>New York</city>
        <state>New York</state>
        <zip>10021</zip>
        <country>United States</country>
      </address>
    </facility>
  </location>
  <location>
    <facility>
      <address>
        <city>Staten Island</city>
        <state>New York</state>
        <zip>10312</zip>
        <country>United States</country>
      </address>
    </facility>
  </location>
  <location>
    <facility>
      <address>
        <city>Hickory</city>
        <state>North Carolina</state>
        <zip>28601</zip>
        <country>United States</country>
      </address>
    </facility>
  </location>
  <location>
    <facility>
      <address>
        <city>Winston-Salem</city>
        <state>North Carolina</state>
        <zip>27104</zip>
        <country>United States</country>
      </address>
    </facility>
  </location>
  <location>
    <facility>
      <address>
        <city>Centerville</city>
        <state>Ohio</state>
        <zip>45459</zip>
        <country>United States</country>
      </address>
    </facility>
  </location>
  <location>
    <facility>
      <address>
        <city>Cleveland</city>
        <state>Ohio</state>
        <zip>44106</zip>
        <country>United States</country>
      </address>
    </facility>
  </location>
  <location>
    <facility>
      <address>
        <city>Jenkintown</city>
        <state>Pennsylvania</state>
        <zip>19046</zip>
        <country>United States</country>
      </address>
    </facility>
  </location>
  <location>
    <facility>
      <address>
        <city>Norristown</city>
        <state>Pennsylvania</state>
        <zip>19401</zip>
        <country>United States</country>
      </address>
    </facility>
  </location>
  <location>
    <facility>
      <address>
        <city>San Antonio</city>
        <state>Texas</state>
        <zip>78229</zip>
        <country>United States</country>
      </address>
    </facility>
  </location>
  <location>
    <facility>
      <address>
        <city>Wichita Falls</city>
        <state>Texas</state>
        <zip>76309</zip>
        <country>United States</country>
      </address>
    </facility>
  </location>
  <location>
    <facility>
      <address>
        <city>Bennington</city>
        <state>Vermont</state>
        <zip>05201</zip>
        <country>United States</country>
      </address>
    </facility>
  </location>
  <location_countries>
    <country>United States</country>
  </location_countries>
  <verification_date>August 2011</verification_date>
  <!-- Old date names will be dropped in a few months (sometime in 2018)                        -->
  <lastchanged_date>August 19, 2011</lastchanged_date>
  <firstreceived_date>November 7, 2007</firstreceived_date>
  <firstreceived_results_disposition_date>August 19, 2011</firstreceived_results_disposition_date>
  <!-- New date names                                                                           -->
  <study_first_submitted>November 7, 2007</study_first_submitted>
  <study_first_submitted_qc>November 7, 2007</study_first_submitted_qc>
  <study_first_posted type="Estimate">November 8, 2007</study_first_posted>
  <disposition_first_submitted>August 19, 2011</disposition_first_submitted>
  <disposition_first_submitted_qc>August 19, 2011</disposition_first_submitted_qc>
  <disposition_first_posted type="Estimate">August 23, 2011</disposition_first_posted>
  <last_update_submitted>August 19, 2011</last_update_submitted>
  <last_update_submitted_qc>August 19, 2011</last_update_submitted_qc>
  <last_update_posted type="Estimate">August 23, 2011</last_update_posted>
  <!-- End of dates                                                                             -->
  <responsible_party>
    <responsible_party_type>Sponsor</responsible_party_type>
  </responsible_party>
  <keyword>mild to moderate Alzheimer's disease, memory, cognition, dementia</keyword>
  <condition_browse>
    <!-- CAUTION:  The following MeSH terms are assigned with an imperfect algorithm            -->
    <mesh_term>Alzheimer Disease</mesh_term>
  </condition_browse>
  <intervention_browse>
    <!-- CAUTION:  The following MeSH terms are assigned with an imperfect algorithm            -->
    <mesh_term>Cholinesterase Inhibitors</mesh_term>
  </intervention_browse>
  <!-- Results have not yet been posted, but a results disposition has been submitted           -->
</clinical_study>

