<?xml version="1.0" encoding="UTF-8"?>
<clinical_study rank="468">
  <!-- This xml conforms to an XML Schema at:
    https://clinicaltrials.gov/ct2/html/images/info/public.xsd -->
  <required_header>
    <download_date>ClinicalTrials.gov processed this data on November 07, 2017</download_date>
    <link_text>Link to the current ClinicalTrials.gov record.</link_text>
    <url>https://clinicaltrials.gov/show/NCT00090116</url>
  </required_header>
  <id_info>
    <org_study_id>NER-MD-02</org_study_id>
    <nct_id>NCT00090116</nct_id>
  </id_info>
  <brief_title>The Safety and Efficacy of Neramexane in Patients With Moderate to Severe Alzheimer's Disease</brief_title>
  <official_title>A Randomized, Double-Blind,Placebo-Controlled Evaluation of the Safety and Efficacy of Neramexane Monotherapy in Patients With Moderate to Severe Dementia of the Alzheimer's Type</official_title>
  <sponsors>
    <lead_sponsor>
      <agency>Forest Laboratories</agency>
      <agency_class>Industry</agency_class>
    </lead_sponsor>
  </sponsors>
  <source>Forest Laboratories</source>
  <brief_summary>
    <textblock>
      Memory loss and difficulties with thinking associated with Alzheimer's disease may be due to
      chronic release of a brain chemical called glutamate. Glutamate helps transmit messages
      between nerve cells through interaction with a certain type of receptor
      (N-methyl-D-aspartate, NMDA) on the cell. Neramexane is a new drug that blocks the effects of
      excessive glutamate at the receptor (NMDA receptor antagonist).
    </textblock>
  </brief_summary>
  <overall_status>Completed</overall_status>
  <start_date>March 2003</start_date>
  <completion_date type="Actual">March 2005</completion_date>
  <primary_completion_date type="Actual">March 2005</primary_completion_date>
  <phase>Phase 3</phase>
  <study_type>Interventional</study_type>
  <study_design_info>
    <allocation>Randomized</allocation>
    <intervention_model>Parallel Assignment</intervention_model>
    <primary_purpose>Treatment</primary_purpose>
    <masking>Double</masking>
  </study_design_info>
  <enrollment>400</enrollment>
  <condition>Alzheimer's Disease</condition>
  <intervention>
    <intervention_type>Drug</intervention_type>
    <intervention_name>Neramexane</intervention_name>
  </intervention>
  <eligibility>
    <criteria>
      <textblock>
        Inclusion Criteria:

          -  Clinical diagnosis of moderate to severe Alzheimer's disease;

          -  ambulatory patients

        Exclusion Criteria:

          -  folate deficiency;

          -  clinically significant central nervous system disease other than Alzheimer's disease;

          -  clinically significant pulmonary, gastrointestinal, renal, hepatic, endocrine or
             cardiovascular disease
      </textblock>
    </criteria>
    <gender>All</gender>
    <minimum_age>50 Years</minimum_age>
    <maximum_age>N/A</maximum_age>
    <healthy_volunteers>No</healthy_volunteers>
  </eligibility>
  <location>
    <facility>
      <name>Pivotal Research Centers</name>
      <address>
        <city>Peoria</city>
        <state>Arizona</state>
        <zip>85381</zip>
        <country>United States</country>
      </address>
    </facility>
  </location>
  <location>
    <facility>
      <name>21st Century Neurology</name>
      <address>
        <city>Phoenix</city>
        <state>Arizona</state>
        <zip>85013</zip>
        <country>United States</country>
      </address>
    </facility>
  </location>
  <location>
    <facility>
      <name>Margolin Brain Institute</name>
      <address>
        <city>Fresno</city>
        <state>California</state>
        <zip>93720</zip>
        <country>United States</country>
      </address>
    </facility>
  </location>
  <location>
    <facility>
      <name>Pharmacology Research Institute</name>
      <address>
        <city>Northridge</city>
        <state>California</state>
        <zip>91324</zip>
        <country>United States</country>
      </address>
    </facility>
  </location>
  <location>
    <facility>
      <name>UCI Medical Center</name>
      <address>
        <city>Orange</city>
        <state>California</state>
        <zip>92868</zip>
        <country>United States</country>
      </address>
    </facility>
  </location>
  <location>
    <facility>
      <name>Pacific Research Network</name>
      <address>
        <city>San Diego</city>
        <state>California</state>
        <zip>92103</zip>
        <country>United States</country>
      </address>
    </facility>
  </location>
  <location>
    <facility>
      <name>Affiliated Research Institute</name>
      <address>
        <city>San Diego</city>
        <state>California</state>
        <zip>92108</zip>
        <country>United States</country>
      </address>
    </facility>
  </location>
  <location>
    <facility>
      <name>University of Colorado Health Sciences Center</name>
      <address>
        <city>Denver</city>
        <state>Colorado</state>
        <zip>80262</zip>
        <country>United States</country>
      </address>
    </facility>
  </location>
  <location>
    <facility>
      <name>Yale University School of Medicine</name>
      <address>
        <city>New Haven</city>
        <state>Connecticut</state>
        <zip>06510</zip>
        <country>United States</country>
      </address>
    </facility>
  </location>
  <location>
    <facility>
      <name>Baumel-Eisner Neuromedical Institute</name>
      <address>
        <city>Fort Lauderdale</city>
        <state>Florida</state>
        <zip>33321</zip>
        <country>United States</country>
      </address>
    </facility>
  </location>
  <location>
    <facility>
      <name>Baumel-Eisner Neuromedical Institute</name>
      <address>
        <city>Ft. Lauderdale</city>
        <state>Florida</state>
        <zip>33321</zip>
        <country>United States</country>
      </address>
    </facility>
  </location>
  <location>
    <facility>
      <name>Berma Research Group</name>
      <address>
        <city>Hialeah</city>
        <state>Florida</state>
        <zip>33016</zip>
        <country>United States</country>
      </address>
    </facility>
  </location>
  <location>
    <facility>
      <name>Palm Beach Neurological Center</name>
      <address>
        <city>Palm Beach Gardens</city>
        <state>Florida</state>
        <zip>33410</zip>
        <country>United States</country>
      </address>
    </facility>
  </location>
  <location>
    <facility>
      <name>Neurology Clinical Research, Inc.</name>
      <address>
        <city>Plantation</city>
        <state>Florida</state>
        <zip>33324</zip>
        <country>United States</country>
      </address>
    </facility>
  </location>
  <location>
    <facility>
      <name>University of South Florida</name>
      <address>
        <city>Tampa</city>
        <state>Florida</state>
        <zip>33612</zip>
        <country>United States</country>
      </address>
    </facility>
  </location>
  <location>
    <facility>
      <name>Palm Beach Neurology</name>
      <address>
        <city>West Palm Beach</city>
        <state>Florida</state>
        <zip>33407</zip>
        <country>United States</country>
      </address>
    </facility>
  </location>
  <location>
    <facility>
      <name>Indiana Universisty Medical Center</name>
      <address>
        <city>Indianapolis</city>
        <state>Indiana</state>
        <zip>46202</zip>
        <country>United States</country>
      </address>
    </facility>
  </location>
  <location>
    <facility>
      <name>Lexington Clinic</name>
      <address>
        <city>Lexington</city>
        <state>Kentucky</state>
        <zip>40504</zip>
        <country>United States</country>
      </address>
    </facility>
  </location>
  <location>
    <facility>
      <name>J. Gary Booker, MD</name>
      <address>
        <city>Shreveport</city>
        <state>Louisiana</state>
        <zip>71101</zip>
        <country>United States</country>
      </address>
    </facility>
  </location>
  <location>
    <facility>
      <name>Mood and Memory Clinic of Michigan</name>
      <address>
        <city>Farmington Hills,</city>
        <state>Michigan</state>
        <zip>48334</zip>
        <country>United States</country>
      </address>
    </facility>
  </location>
  <location>
    <facility>
      <name>St. Louis University</name>
      <address>
        <city>St. Louis</city>
        <state>Missouri</state>
        <zip>63104</zip>
        <country>United States</country>
      </address>
    </facility>
  </location>
  <location>
    <facility>
      <name>Alzheimer's Research Corporation</name>
      <address>
        <city>Lakehurst</city>
        <state>New Jersey</state>
        <zip>08733</zip>
        <country>United States</country>
      </address>
    </facility>
  </location>
  <location>
    <facility>
      <name>Joel Ross, MD</name>
      <address>
        <city>Long Branch</city>
        <state>New Jersey</state>
        <zip>07740</zip>
        <country>United States</country>
      </address>
    </facility>
  </location>
  <location>
    <facility>
      <name>Ubhc/Umdnj</name>
      <address>
        <city>Piscataway</city>
        <state>New Jersey</state>
        <zip>08855</zip>
        <country>United States</country>
      </address>
    </facility>
  </location>
  <location>
    <facility>
      <name>Upstate Clinical Research</name>
      <address>
        <city>Albany</city>
        <state>New York</state>
        <zip>12205</zip>
        <country>United States</country>
      </address>
    </facility>
  </location>
  <location>
    <facility>
      <name>Nathan S. Kline Institute for Psychiatric Research</name>
      <address>
        <city>Orangeburg</city>
        <state>New York</state>
        <zip>10962</zip>
        <country>United States</country>
      </address>
    </facility>
  </location>
  <location>
    <facility>
      <name>Monroe Community Hospital</name>
      <address>
        <city>Rochester</city>
        <state>New York</state>
        <zip>14620</zip>
        <country>United States</country>
      </address>
    </facility>
  </location>
  <location>
    <facility>
      <name>Behavioral Medical Research of Saten Island, PC</name>
      <address>
        <city>Staten Island</city>
        <state>New York</state>
        <zip>10305</zip>
        <country>United States</country>
      </address>
    </facility>
  </location>
  <location>
    <facility>
      <name>Piedmont Medical Research</name>
      <address>
        <city>Winston Salem</city>
        <state>North Carolina</state>
        <zip>27103</zip>
        <country>United States</country>
      </address>
    </facility>
  </location>
  <location>
    <facility>
      <name>Ohio State University</name>
      <address>
        <city>Columbus</city>
        <state>Ohio</state>
        <zip>443210</zip>
        <country>United States</country>
      </address>
    </facility>
  </location>
  <location>
    <facility>
      <name>Neurology and Neuroscience Center of Ohio</name>
      <address>
        <city>Toledo</city>
        <state>Ohio</state>
        <zip>43623</zip>
        <country>United States</country>
      </address>
    </facility>
  </location>
  <location>
    <facility>
      <name>Summit Research Network</name>
      <address>
        <city>Portland</city>
        <state>Oregon</state>
        <zip>97223</zip>
        <country>United States</country>
      </address>
    </facility>
  </location>
  <location>
    <facility>
      <name>Medical University of South Carolina</name>
      <address>
        <city>Charleston</city>
        <state>South Carolina</state>
        <zip>29406</zip>
        <country>United States</country>
      </address>
    </facility>
  </location>
  <location>
    <facility>
      <name>North Texas Neurology Research</name>
      <address>
        <city>Wichita</city>
        <state>Texas</state>
        <zip>76301</zip>
        <country>United States</country>
      </address>
    </facility>
  </location>
  <location>
    <facility>
      <name>Pioneer Pharmaceutical Research</name>
      <address>
        <city>Midvale</city>
        <state>Utah</state>
        <zip>84047</zip>
        <country>United States</country>
      </address>
    </facility>
  </location>
  <location_countries>
    <country>United States</country>
  </location_countries>
  <verification_date>March 2012</verification_date>
  <!-- Old date names will be dropped in a few months (sometime in 2018)                        -->
  <lastchanged_date>March 1, 2012</lastchanged_date>
  <firstreceived_date>August 24, 2004</firstreceived_date>
  <!-- New date names                                                                           -->
  <study_first_submitted>August 24, 2004</study_first_submitted>
  <study_first_submitted_qc>August 25, 2004</study_first_submitted_qc>
  <study_first_posted type="Estimate">August 26, 2004</study_first_posted>
  <last_update_submitted>March 1, 2012</last_update_submitted>
  <last_update_submitted_qc>March 1, 2012</last_update_submitted_qc>
  <last_update_posted type="Estimate">March 5, 2012</last_update_posted>
  <!-- End of dates                                                                             -->
  <keyword>Neramexane</keyword>
  <keyword>NMDA receptor antagonist</keyword>
  <keyword>Memory Loss</keyword>
  <keyword>Alzheimer Disease</keyword>
  <condition_browse>
    <!-- CAUTION:  The following MeSH terms are assigned with an imperfect algorithm            -->
    <mesh_term>Alzheimer Disease</mesh_term>
  </condition_browse>
  <!-- Results have not yet been posted for this study                                          -->
</clinical_study>

