<?xml version="1.0" encoding="UTF-8"?>
<clinical_study rank="478">
  <!-- This xml conforms to an XML Schema at:
    https://clinicaltrials.gov/ct2/html/images/info/public.xsd -->
  <required_header>
    <download_date>ClinicalTrials.gov processed this data on November 07, 2017</download_date>
    <link_text>Link to the current ClinicalTrials.gov record.</link_text>
    <url>https://clinicaltrials.gov/show/NCT03056729</url>
  </required_header>
  <id_info>
    <org_study_id>243HV101</org_study_id>
    <nct_id>NCT03056729</nct_id>
  </id_info>
  <brief_title>Single-Ascending-Dose Study of BIIB076 in Healthy Volunteers and Participants With Alzheimer's Disease</brief_title>
  <official_title>A Phase 1, Randomized, Blinded, Placebo-Controlled, Single-Ascending-Dose Study to Evaluate the Safety, Tolerability, and Pharmacokinetics of BIIB076 in Healthy Volunteers and Subjects With Alzheimer's Disease</official_title>
  <sponsors>
    <lead_sponsor>
      <agency>Biogen</agency>
      <agency_class>Industry</agency_class>
    </lead_sponsor>
  </sponsors>
  <source>Biogen</source>
  <oversight_info>
    <has_dmc>No</has_dmc>
    <is_fda_regulated_drug>Yes</is_fda_regulated_drug>
    <is_fda_regulated_device>No</is_fda_regulated_device>
  </oversight_info>
  <brief_summary>
    <textblock>
      The primary objective of the study is to evaluate the safety and tolerability of
      single-ascending intravenous (IV) infusions of BIIB076 in healthy volunteers and participants
      with Alzheimer's disease (AD). A secondary objective of the study for both healthy volunteers
      and participants with AD is to assess the serum pharmacokinetic(s) (PK) profile of BIIB076
      after single-dose administration. Another secondary objective is to evaluate the
      immunogenicity of BIIB076 in serum after single-dose administration.
    </textblock>
  </brief_summary>
  <overall_status>Recruiting</overall_status>
  <start_date type="Actual">February 17, 2017</start_date>
  <completion_date type="Anticipated">September 10, 2018</completion_date>
  <primary_completion_date type="Anticipated">August 21, 2018</primary_completion_date>
  <phase>Phase 1</phase>
  <study_type>Interventional</study_type>
  <has_expanded_access>No</has_expanded_access>
  <study_design_info>
    <allocation>Randomized</allocation>
    <intervention_model>Parallel Assignment</intervention_model>
    <primary_purpose>Treatment</primary_purpose>
    <masking>Triple (Participant, Care Provider, Investigator)</masking>
  </study_design_info>
  <primary_outcome>
    <measure>Number of participants that experience Adverse Events (AEs) and Serious Adverse Events (SAEs)</measure>
    <time_frame>Baseline up to Week 20</time_frame>
    <description>Safety surveillance</description>
  </primary_outcome>
  <primary_outcome>
    <measure>Number of participants with clinically significant laboratory assessment abnormalities</measure>
    <time_frame>Up to Week 20</time_frame>
    <description>Safety surveillance</description>
  </primary_outcome>
  <primary_outcome>
    <measure>Number of participants with clinically significant vital sign abnormalities</measure>
    <time_frame>Up to Week 20</time_frame>
    <description>Safety surveillance</description>
  </primary_outcome>
  <primary_outcome>
    <measure>Number of participants with clinically significant physical examination abnormalities</measure>
    <time_frame>Up to Week 20</time_frame>
    <description>Safety surveillance</description>
  </primary_outcome>
  <primary_outcome>
    <measure>Number of participants with clinically significant neurological examination abnormalities</measure>
    <time_frame>Up to Week 20</time_frame>
    <description>Safety surveillance</description>
  </primary_outcome>
  <primary_outcome>
    <measure>Number of participants with clinically significant 12-lead electrocardiograms (ECGs) abnormalities</measure>
    <time_frame>Up to Week 20</time_frame>
    <description>Safety surveillance</description>
  </primary_outcome>
  <primary_outcome>
    <measure>Number of participants with clinically significant brain magnetic resonance imaging (MRI) abnormalities</measure>
    <time_frame>Up to Week 20</time_frame>
    <description>Safety surveillance</description>
  </primary_outcome>
  <secondary_outcome>
    <measure>BIIB076 serum pharmacokinetics (PK) concentration levels</measure>
    <time_frame>Up to Week 20</time_frame>
    <description>Assessment of BIIB076 pharmacokinetics in blood</description>
  </secondary_outcome>
  <secondary_outcome>
    <measure>PK parameter of BIIB076: Area under the concentration-time curve from time zero to infinity (AUCinf)</measure>
    <time_frame>Up to Week 20</time_frame>
    <description>Assessment of BIIB076 pharmacokinetics in blood</description>
  </secondary_outcome>
  <secondary_outcome>
    <measure>PK parameter of BIIB076: Area under the concentration-time curve from time zero to the time of the last measurable sample (AUClast)</measure>
    <time_frame>Up to Week 20</time_frame>
    <description>Assessment of BIIB076 pharmacokinetics in blood</description>
  </secondary_outcome>
  <secondary_outcome>
    <measure>PK parameter of BIIB076: Maximum observed concentration (Cmax)</measure>
    <time_frame>Up to Week 20</time_frame>
    <description>Assessment of BIIB076 pharmacokinetics in blood</description>
  </secondary_outcome>
  <secondary_outcome>
    <measure>PK parameter of BIIB076: Time to reach maximum observed concentration (Tmax)</measure>
    <time_frame>Up to Week 20</time_frame>
    <description>Assessment of BIIB076 pharmacokinetics in blood</description>
  </secondary_outcome>
  <secondary_outcome>
    <measure>PK parameter of BIIB076: Terminal elimination half-life (t1/2)</measure>
    <time_frame>Up to Week 20</time_frame>
    <description>Assessment of BIIB076 pharmacokinetics in blood</description>
  </secondary_outcome>
  <secondary_outcome>
    <measure>PK parameter of BIIB076: Clearance (CL)</measure>
    <time_frame>Up to Week 20</time_frame>
    <description>Assessment of BIIB076 pharmacokinetics in blood</description>
  </secondary_outcome>
  <secondary_outcome>
    <measure>PK parameter of BIIB076: Volume of distribution (Vd)</measure>
    <time_frame>Up to Week 20</time_frame>
    <description>Assessment of BIIB076 pharmacokinetics in blood</description>
  </secondary_outcome>
  <secondary_outcome>
    <measure>Number of participants with positive serum BIIB076 antibodies</measure>
    <time_frame>Up to Week 20</time_frame>
    <description>Serological assessment (of anti-BIIB076 antibodies in blood)</description>
  </secondary_outcome>
  <number_of_arms>7</number_of_arms>
  <enrollment type="Anticipated">56</enrollment>
  <condition>Alzheimer's Disease</condition>
  <arm_group>
    <arm_group_label>Cohort HV1</arm_group_label>
    <arm_group_type>Experimental</arm_group_type>
  </arm_group>
  <arm_group>
    <arm_group_label>Cohort HV2</arm_group_label>
    <arm_group_type>Experimental</arm_group_type>
  </arm_group>
  <arm_group>
    <arm_group_label>Cohort HV3</arm_group_label>
    <arm_group_type>Experimental</arm_group_type>
  </arm_group>
  <arm_group>
    <arm_group_label>Cohort HV4</arm_group_label>
    <arm_group_type>Experimental</arm_group_type>
  </arm_group>
  <arm_group>
    <arm_group_label>Cohort HV5</arm_group_label>
    <arm_group_type>Experimental</arm_group_type>
  </arm_group>
  <arm_group>
    <arm_group_label>Cohort AD1</arm_group_label>
    <arm_group_type>Experimental</arm_group_type>
  </arm_group>
  <arm_group>
    <arm_group_label>Cohort AD2</arm_group_label>
    <arm_group_type>Experimental</arm_group_type>
  </arm_group>
  <intervention>
    <intervention_type>Drug</intervention_type>
    <intervention_name>BIIB076</intervention_name>
    <description>Administered as single intravenous (IV) infusion</description>
    <arm_group_label>Cohort HV1</arm_group_label>
    <arm_group_label>Cohort HV2</arm_group_label>
    <arm_group_label>Cohort HV3</arm_group_label>
    <arm_group_label>Cohort HV4</arm_group_label>
    <arm_group_label>Cohort HV5</arm_group_label>
    <arm_group_label>Cohort AD1</arm_group_label>
    <arm_group_label>Cohort AD2</arm_group_label>
  </intervention>
  <intervention>
    <intervention_type>Drug</intervention_type>
    <intervention_name>Placebo</intervention_name>
    <description>Administered as single IV infusion</description>
    <arm_group_label>Cohort HV1</arm_group_label>
    <arm_group_label>Cohort HV2</arm_group_label>
    <arm_group_label>Cohort HV3</arm_group_label>
    <arm_group_label>Cohort HV4</arm_group_label>
    <arm_group_label>Cohort HV5</arm_group_label>
    <arm_group_label>Cohort AD1</arm_group_label>
    <arm_group_label>Cohort AD2</arm_group_label>
  </intervention>
  <eligibility>
    <criteria>
      <textblock>
        Key Inclusion Criteria - Healthy Participants

          -  Must be in good health as determined by the Investigator, based on medical history and
             Screening evaluations.

        Key Inclusion Criteria - Participants with Alzheimer's Disease (AD)

          -  Must have a clinical diagnosis of mild AD consistent with the following:

          -  Probable AD, according to the National Institute on Aging - Alzheimer's Association
             workgroups on diagnostic guidelines for AD criteria [McKhann 2011].

          -  CSF concentrations of Aβ42, t-tau, and p-tau consistent with diagnosis of AD.

          -  Must have a Mini-Mental State Examination score between 20 and 26 (inclusive) at
             Screening.

        Key Exclusion Criteria - Healthy Participants

          -  Brain MRI performed at Screening that shows showing evidence of acute or sub-acute
             hemorrhage, prior macrohemorrhage, cortical infract, &gt;1 lacunar infarct, history of
             diffuse white-matter disease or any finding that, in the opinion of the Investigator,
             might pose a risk to the participant, or might prevent a satisfactory MRI assessment
             for safety monitoring.

          -  History of any clinically significant cardiac, endocrine, gastrointestinal,
             hematologic, hepatic, immunologic, metabolic, urologic, pulmonary, neurologic,
             dermatologic, psychiatric, or renal disease, or other major disease, as determined by
             the Investigator.

          -  Current enrollment in any other drug, biologic, device, or clinical study or treatment
             with an investigational drug or approved therapy for investigational use within 30
             days (6 months for biologics) or 5 half-lives, whichever is longer, prior to Day-1.

          -  Contraindications to having a brain MRI (e.g., pacemaker; MRI-incompatible aneurysm
             clips, artificial heart valves, or other metal foreign body; claustrophobia that
             cannot be medically managed).

          -  Contraindications to having an Lumbar Puncture (LP).

        Key Exclusion Criteria - Participants with Alzheimer's Disease (AD)

          -  Any medical or neurologic/neurodegenerative condition (with the exception of AD and
             chronic controlled hypertension) that, in the opinion of the Investigator, might be a
             contributing cause of the participant's cognitive impairment (e.g., substance abuse,
             vitamin B12 deficiency, abnormal thyroid function, stroke or other cerebrovascular
             condition, Lewy body dementia, front temporal dementia, and head trauma).

          -  Clinically significant psychiatric illness (e.g., uncontrolled major depression,
             schizophrenia, bipolar affective disorder) within 6 months prior to Screening.

          -  History of any clinically significant cardiac, endocrine, gastrointestinal,
             hematologic, hepatic, immunologic, metabolic, urologic, pulmonary, neurologic,
             dermatologic, or renal disease, or other major disease, as determined by the
             Investigator.

          -  Current enrollment in any other drug, biologic, device, or clinical study or treatment
             with an investigational drug or approved therapy for investigational use within 30
             days (6 months for biologics) or 5 half-lives, whichever is longer, prior to Day-1.

          -  Contraindications to having a brain MRI (e.g., pacemaker; MRI-incompatible aneurysm
             clips, artificial heart valves, or other metal foreign body; claustrophobia that
             cannot be medically managed).

          -  Contraindications to having an LP.

          -  History of, or ongoing chronic uncontrolled hypertension

          -  History of unstable angina, myocardial infarction, chronic heart failure (New York
             Heart Association Class 3 or 4), or clinically significant conduction abnormalities
             (e.g., unstable atrial fibrillation) within 1 year prior to Day -1.

        NOTE: Other protocol defined Inclusion/Exclusion criteria may apply.
      </textblock>
    </criteria>
    <gender>All</gender>
    <minimum_age>50 Years</minimum_age>
    <maximum_age>75 Years</maximum_age>
    <healthy_volunteers>Accepts Healthy Volunteers</healthy_volunteers>
  </eligibility>
  <overall_official>
    <last_name>Medical Director</last_name>
    <role>Study Director</role>
    <affiliation>Biogen</affiliation>
  </overall_official>
  <overall_contact>
    <last_name>US Biogen Medical Information</last_name>
    <phone>866-633-4636</phone>
    <email>clinicaltrials@biogen.com</email>
  </overall_contact>
  <location>
    <facility>
      <name>MD Clinical</name>
      <address>
        <city>Hallandale Beach</city>
        <state>Florida</state>
        <zip>33009</zip>
        <country>United States</country>
      </address>
    </facility>
    <status>Not yet recruiting</status>
  </location>
  <location>
    <facility>
      <name>Progressive Medical Research</name>
      <address>
        <city>Port Orange</city>
        <state>Florida</state>
        <zip>32127</zip>
        <country>United States</country>
      </address>
    </facility>
    <status>Not yet recruiting</status>
  </location>
  <location>
    <facility>
      <name>Covance Evansville CRU</name>
      <address>
        <city>Evansville</city>
        <state>Indiana</state>
        <zip>47710</zip>
        <country>United States</country>
      </address>
    </facility>
    <status>Withdrawn</status>
  </location>
  <location>
    <facility>
      <name>Indiana University</name>
      <address>
        <city>Indianapolis</city>
        <state>Indiana</state>
        <zip>46202</zip>
        <country>United States</country>
      </address>
    </facility>
    <status>Not yet recruiting</status>
  </location>
  <location>
    <facility>
      <name>St Louis Clinical Trial</name>
      <address>
        <city>Saint Louis</city>
        <state>Missouri</state>
        <zip>63141</zip>
        <country>United States</country>
      </address>
    </facility>
    <status>Not yet recruiting</status>
  </location>
  <location>
    <facility>
      <name>Covance Dallas CRU</name>
      <address>
        <city>Dallas</city>
        <state>Texas</state>
        <zip>75247</zip>
        <country>United States</country>
      </address>
    </facility>
    <status>Recruiting</status>
  </location>
  <location>
    <facility>
      <name>Covance CRU</name>
      <address>
        <city>Madison</city>
        <state>Wisconsin</state>
        <zip>53704</zip>
        <country>United States</country>
      </address>
    </facility>
    <status>Recruiting</status>
  </location>
  <location_countries>
    <country>United States</country>
  </location_countries>
  <verification_date>October 2017</verification_date>
  <!-- Old date names will be dropped in a few months (sometime in 2018)                        -->
  <lastchanged_date>October 9, 2017</lastchanged_date>
  <firstreceived_date>February 15, 2017</firstreceived_date>
  <!-- New date names                                                                           -->
  <study_first_submitted>February 15, 2017</study_first_submitted>
  <study_first_submitted_qc>February 15, 2017</study_first_submitted_qc>
  <study_first_posted type="Actual">February 17, 2017</study_first_posted>
  <last_update_submitted>October 9, 2017</last_update_submitted>
  <last_update_submitted_qc>October 9, 2017</last_update_submitted_qc>
  <last_update_posted type="Actual">October 11, 2017</last_update_posted>
  <!-- End of dates                                                                             -->
  <responsible_party>
    <responsible_party_type>Sponsor</responsible_party_type>
  </responsible_party>
  <condition_browse>
    <!-- CAUTION:  The following MeSH terms are assigned with an imperfect algorithm            -->
    <mesh_term>Alzheimer Disease</mesh_term>
  </condition_browse>
  <!-- Results have not yet been posted for this study                                          -->
</clinical_study>

