<?xml version="1.0" encoding="UTF-8"?>
<clinical_study rank="358">
  <!-- This xml conforms to an XML Schema at:
    https://clinicaltrials.gov/ct2/html/images/info/public.xsd -->
  <required_header>
    <download_date>ClinicalTrials.gov processed this data on November 07, 2017</download_date>
    <link_text>Link to the current ClinicalTrials.gov record.</link_text>
    <url>https://clinicaltrials.gov/show/NCT00056225</url>
  </required_header>
  <id_info>
    <org_study_id>IA0041</org_study_id>
    <nct_id>NCT00056225</nct_id>
  </id_info>
  <brief_title>VITAL - VITamins to Slow ALzheimer's Disease (Homocysteine Study)</brief_title>
  <official_title>High Dose Supplements to Reduce Homocysteine and Slow the Rate of Cognitive Decline in Alzheimer's Disease (Vitamins to Slow Alzheimer's - VITAL)</official_title>
  <sponsors>
    <lead_sponsor>
      <agency>National Institute on Aging (NIA)</agency>
      <agency_class>NIH</agency_class>
    </lead_sponsor>
    <collaborator>
      <agency>Alzheimer's Disease Cooperative Study (ADCS)</agency>
      <agency_class>Other</agency_class>
    </collaborator>
  </sponsors>
  <source>National Institute on Aging (NIA)</source>
  <brief_summary>
    <textblock>
      The purpose of this study is to determine whether reduction of homocysteine levels with
      high-dose folate (folic acid), B6, and B12 supplementation will slow the rate of cognitive
      decline in persons with Alzheimer's disease.
    </textblock>
  </brief_summary>
  <detailed_description>
    <textblock>
      Blood levels of homocysteine are elevated in Alzheimer's disease (AD), and
      hyperhomocysteinemia may contribute to disease pathophysiology by vascular and direct
      neurotoxic mechanisms. Homocysteine levels can be reduced by administration of high dose
      supplements of folate (folic acid) and vitamins B6 and B12. The proposed study is for a
      multicenter, randomized, controlled clinical trial to determine whether reduction of
      homocysteine levels with high-dose folate/B6/B12 supplementation will slow the rate of
      cognitive decline in subjects with AD.

      This will be a parallel design study, including two groups of unequal size: 60% of subjects
      will receive daily high-dose supplements (folate 5mg, vitamin B6 25mg, vitamin B12 1 mg), and
      40% will receive an identical looking placebo. The duration of treatment will be 18 months,
      and participants will make eight visits to the assigned study site for safety and efficacy
      assessments of the medications. The primary outcome measure will be the longitudinal decline
      in the ADAScog, a psychometric instrument that evaluates memory, attention, reasoning,
      language, orientation and praxis (Rosen et al 1984). To power the trial to detect a 25%
      reduction in rate of ADAScog decline (80% power, alpha=0.05, drop-out estimate 20%, drop-in
      estimate 10%), it will enroll a total of 400 participants. Persons of minority racial groups
      are also being recruited, although all participants must be able to speak either English or
      Spanish.
    </textblock>
  </detailed_description>
  <overall_status>Completed</overall_status>
  <start_date>January 2003</start_date>
  <completion_date type="Actual">June 2007</completion_date>
  <primary_completion_date type="Actual">June 2007</primary_completion_date>
  <phase>Phase 3</phase>
  <study_type>Interventional</study_type>
  <has_expanded_access>No</has_expanded_access>
  <study_design_info>
    <allocation>Randomized</allocation>
    <intervention_model>Parallel Assignment</intervention_model>
    <primary_purpose>Treatment</primary_purpose>
    <masking>Double</masking>
  </study_design_info>
  <enrollment type="Actual">340</enrollment>
  <condition>Alzheimer's Disease</condition>
  <intervention>
    <intervention_type>Drug</intervention_type>
    <intervention_name>Folate</intervention_name>
  </intervention>
  <intervention>
    <intervention_type>Drug</intervention_type>
    <intervention_name>Vitamin B6</intervention_name>
  </intervention>
  <intervention>
    <intervention_type>Drug</intervention_type>
    <intervention_name>Vitamin B12</intervention_name>
  </intervention>
  <eligibility>
    <criteria>
      <textblock>
        Inclusion Criteria:

          -  National Institute of Neurological Disorders and Stroke (NINDS)/Alzheimer's Disease
             and Related Disorders Association (ADRDA) criteria for probable Alzheimer's disease.

          -  Mini-Mental Status Examination (MMSE) score between 14 and 26, inclusive

          -  Stable medical condition for 3 months

          -  Stable medications for 4 weeks prior to the screening visit

          -  Physically acceptable for this study as confirmed by medical history, physical exam,
             neurologic exam and clinical laboratory tests

          -  Supervision available for administration of study medications

          -  Study partner to accompany subject to all scheduled visits

          -  Fluent in English or Spanish

          -  Modified Hachinski equal to or less than 4 CT or magnetic resonance imaging (MRI)
             since onset of memory impairment demonstrating absence of clinically significant focal
             lesion

          -  Able to complete baseline assessments

          -  6 years of education or work history sufficient to exclude mental retardation

          -  Able to ingest oral medication

        Exclusion Criteria:

          -  B12 or folate deficiency

          -  Renal insufficiency (serum creatinine &gt;=2.0)

          -  Active neoplastic disease (skin tumors other than melanoma are not exclusionary;
             patients with stable prostate cancer may be included at the discretion of the project
             director)

          -  Use of another investigational agent within 2 months

          -  History of clinically significant stroke

          -  Current evidence or history in the past 2 years of epilepsy, focal brain lesion, head
             injury with loss of consciousness and/or immediate confusion after the injury, or
             DSM-IV criteria for any major psychiatric disorder including psychosis, major
             depression, bipolar disorder, alcohol or substance abuse

          -  Blindness, deafness, language difficulties or any other disability which may prevent
             the subject from participating or cooperating in the protocol
      </textblock>
    </criteria>
    <gender>All</gender>
    <minimum_age>55 Years</minimum_age>
    <maximum_age>N/A</maximum_age>
    <healthy_volunteers>No</healthy_volunteers>
  </eligibility>
  <overall_official>
    <last_name>Paul Aisen, MD</last_name>
    <role>Principal Investigator</role>
    <affiliation>Georgetown University, Department of Neurology</affiliation>
  </overall_official>
  <location>
    <facility>
      <name>University of Alabama</name>
      <address>
        <city>Birmingham</city>
        <state>Alabama</state>
        <zip>35294</zip>
        <country>United States</country>
      </address>
    </facility>
  </location>
  <location>
    <facility>
      <name>Mayo Clinic, Scottsdale</name>
      <address>
        <city>Scottsdale</city>
        <state>Arizona</state>
        <zip>85259</zip>
        <country>United States</country>
      </address>
    </facility>
  </location>
  <location>
    <facility>
      <name>Sun Health Research Institute</name>
      <address>
        <city>Sun City</city>
        <state>Arizona</state>
        <zip>85351</zip>
        <country>United States</country>
      </address>
    </facility>
  </location>
  <location>
    <facility>
      <name>University of Arizona, Arizona Health Sciences Center</name>
      <address>
        <city>Tucson</city>
        <state>Arizona</state>
        <zip>85724</zip>
        <country>United States</country>
      </address>
    </facility>
  </location>
  <location>
    <facility>
      <name>University of California, Irvine, Institute for Brain Aging and Dementia</name>
      <address>
        <city>Irvine</city>
        <state>California</state>
        <zip>92697</zip>
        <country>United States</country>
      </address>
    </facility>
  </location>
  <location>
    <facility>
      <name>University of California, San Diego</name>
      <address>
        <city>La Jolla</city>
        <state>California</state>
        <zip>92093-0624</zip>
        <country>United States</country>
      </address>
    </facility>
  </location>
  <location>
    <facility>
      <name>University of Southern California</name>
      <address>
        <city>Los Angeles</city>
        <state>California</state>
        <zip>90033</zip>
        <country>United States</country>
      </address>
    </facility>
  </location>
  <location>
    <facility>
      <name>University of California, Los Angeles</name>
      <address>
        <city>Los Angeles</city>
        <state>California</state>
        <zip>90095</zip>
        <country>United States</country>
      </address>
    </facility>
  </location>
  <location>
    <facility>
      <name>Stanford University</name>
      <address>
        <city>Palo Alto</city>
        <state>California</state>
        <zip>94304</zip>
        <country>United States</country>
      </address>
    </facility>
  </location>
  <location>
    <facility>
      <name>University of California, Davis</name>
      <address>
        <city>Sacramento</city>
        <state>California</state>
        <zip>95817</zip>
        <country>United States</country>
      </address>
    </facility>
  </location>
  <location>
    <facility>
      <name>Yale University</name>
      <address>
        <city>New Haven</city>
        <state>Connecticut</state>
        <zip>06510</zip>
        <country>United States</country>
      </address>
    </facility>
  </location>
  <location>
    <facility>
      <name>Georgetown University</name>
      <address>
        <city>Washington, DC</city>
        <state>District of Columbia</state>
        <zip>20057</zip>
        <country>United States</country>
      </address>
    </facility>
  </location>
  <location>
    <facility>
      <name>Howard University</name>
      <address>
        <city>Washington, DC</city>
        <state>District of Columbia</state>
        <zip>20060</zip>
        <country>United States</country>
      </address>
    </facility>
  </location>
  <location>
    <facility>
      <name>Mayo Clinic</name>
      <address>
        <city>Jacksonville</city>
        <state>Florida</state>
        <zip>32224</zip>
        <country>United States</country>
      </address>
    </facility>
  </location>
  <location>
    <facility>
      <name>University of South Florida</name>
      <address>
        <city>Tampa</city>
        <state>Florida</state>
        <zip>33617</zip>
        <country>United States</country>
      </address>
    </facility>
  </location>
  <location>
    <facility>
      <name>Emory University</name>
      <address>
        <city>Atlanta</city>
        <state>Georgia</state>
        <zip>30329</zip>
        <country>United States</country>
      </address>
    </facility>
  </location>
  <location>
    <facility>
      <name>Northwestern University</name>
      <address>
        <city>Chicago</city>
        <state>Illinois</state>
        <zip>60611</zip>
        <country>United States</country>
      </address>
    </facility>
  </location>
  <location>
    <facility>
      <name>Rush Presbyterian/St. Lukes Medical Center, Rush Alzheimer's Disease Center</name>
      <address>
        <city>Chicago</city>
        <state>Illinois</state>
        <zip>60612</zip>
        <country>United States</country>
      </address>
    </facility>
  </location>
  <location>
    <facility>
      <name>Southern Illinois University</name>
      <address>
        <city>Springfield</city>
        <state>Illinois</state>
        <zip>62794-9643</zip>
        <country>United States</country>
      </address>
    </facility>
  </location>
  <location>
    <facility>
      <name>Indiana University</name>
      <address>
        <city>Indianapolis</city>
        <state>Indiana</state>
        <zip>46202</zip>
        <country>United States</country>
      </address>
    </facility>
  </location>
  <location>
    <facility>
      <name>Brigham and Women's Hospital</name>
      <address>
        <city>Boston</city>
        <state>Massachusetts</state>
        <zip>02115</zip>
        <country>United States</country>
      </address>
    </facility>
  </location>
  <location>
    <facility>
      <name>Boston University School of Medicine</name>
      <address>
        <city>Boston</city>
        <state>Massachusetts</state>
        <zip>02118</zip>
        <country>United States</country>
      </address>
    </facility>
  </location>
  <location>
    <facility>
      <name>University of Michigan</name>
      <address>
        <city>Ann Arbor</city>
        <state>Michigan</state>
        <zip>48109</zip>
        <country>United States</country>
      </address>
    </facility>
  </location>
  <location>
    <facility>
      <name>University of Nevada School of Medicine, Center for Cognitive Aging</name>
      <address>
        <city>Las Vegas</city>
        <state>Nevada</state>
        <zip>89102</zip>
        <country>United States</country>
      </address>
    </facility>
  </location>
  <location>
    <facility>
      <name>ClinSearch</name>
      <address>
        <city>Kenilworth</city>
        <state>New Jersey</state>
        <zip>07033</zip>
        <country>United States</country>
      </address>
    </facility>
  </location>
  <location>
    <facility>
      <name>New York University Medical Center</name>
      <address>
        <city>New York</city>
        <state>New York</state>
        <zip>10016</zip>
        <country>United States</country>
      </address>
    </facility>
  </location>
  <location>
    <facility>
      <name>Mt. Sinai School of Medicine</name>
      <address>
        <city>New York</city>
        <state>New York</state>
        <zip>10029</zip>
        <country>United States</country>
      </address>
    </facility>
  </location>
  <location>
    <facility>
      <name>Columbia University</name>
      <address>
        <city>New York</city>
        <state>New York</state>
        <zip>10032</zip>
        <country>United States</country>
      </address>
    </facility>
  </location>
  <location>
    <facility>
      <name>University of Rochester Medical Center, Alzheimer's Disease Center</name>
      <address>
        <city>Rochester</city>
        <state>New York</state>
        <zip>14620</zip>
        <country>United States</country>
      </address>
    </facility>
  </location>
  <location>
    <facility>
      <name>University Memory and Aging Center, Case Western Reserve University/University Hospitals of Cleveland</name>
      <address>
        <city>Cleveland</city>
        <state>Ohio</state>
        <zip>44120</zip>
        <country>United States</country>
      </address>
    </facility>
  </location>
  <location>
    <facility>
      <name>Oregon Health and Science University, Oregon Aging and Alzheimer's Disease Center</name>
      <address>
        <city>Portland</city>
        <state>Oregon</state>
        <zip>97201</zip>
        <country>United States</country>
      </address>
    </facility>
  </location>
  <location>
    <facility>
      <name>University of Pennsylvania</name>
      <address>
        <city>Philadelphia</city>
        <state>Pennsylvania</state>
        <zip>19104</zip>
        <country>United States</country>
      </address>
    </facility>
  </location>
  <location>
    <facility>
      <name>University of Pittsburgh</name>
      <address>
        <city>Pittsburgh</city>
        <state>Pennsylvania</state>
        <zip>15213</zip>
        <country>United States</country>
      </address>
    </facility>
  </location>
  <location>
    <facility>
      <name>Memorial Hospital of Rhode Island, Alzheimer's Disease and Memory Disorder Clinic</name>
      <address>
        <city>Pawtucket</city>
        <state>Rhode Island</state>
        <zip>02860</zip>
        <country>United States</country>
      </address>
    </facility>
  </location>
  <location>
    <facility>
      <name>Medical University of South Carolina</name>
      <address>
        <city>North Charleston</city>
        <state>South Carolina</state>
        <zip>29406</zip>
        <country>United States</country>
      </address>
    </facility>
  </location>
  <location>
    <facility>
      <name>University of Texas, Southwestern Medical Center</name>
      <address>
        <city>Dallas</city>
        <state>Texas</state>
        <zip>75390</zip>
        <country>United States</country>
      </address>
    </facility>
  </location>
  <location>
    <facility>
      <name>Baylor College of Medicine</name>
      <address>
        <city>Houston</city>
        <state>Texas</state>
        <zip>77030</zip>
        <country>United States</country>
      </address>
    </facility>
  </location>
  <location>
    <facility>
      <name>University of Washington</name>
      <address>
        <city>Seattle</city>
        <state>Washington</state>
        <zip>98108</zip>
        <country>United States</country>
      </address>
    </facility>
  </location>
  <location_countries>
    <country>United States</country>
  </location_countries>
  <reference>
    <citation>Seshadri S, Beiser A, Selhub J, Jacques PF, Rosenberg IH, D'Agostino RB, Wilson PW, Wolf PA. Plasma homocysteine as a risk factor for dementia and Alzheimer's disease. N Engl J Med. 2002 Feb 14;346(7):476-83.</citation>
    <PMID>11844848</PMID>
  </reference>
  <reference>
    <citation>Aisen PS, Egelko S, Andrews H, Diaz-Arrastia R, Weiner M, DeCarli C, Jagust W, Miller JW, Green R, Bell K, Sano M. A pilot study of vitamins to lower plasma homocysteine levels in Alzheimer disease. Am J Geriatr Psychiatry. 2003 Mar-Apr;11(2):246-9.</citation>
    <PMID>12611755</PMID>
  </reference>
  <reference>
    <citation>Kruman II, Kumaravel TS, Lohani A, Pedersen WA, Cutler RG, Kruman Y, Haughey N, Lee J, Evans M, Mattson MP. Folic acid deficiency and homocysteine impair DNA repair in hippocampal neurons and sensitize them to amyloid toxicity in experimental models of Alzheimer's disease. J Neurosci. 2002 Mar 1;22(5):1752-62.</citation>
    <PMID>11880504</PMID>
  </reference>
  <results_reference>
    <citation>Aisen PS, Schneider LS, Sano M, Diaz-Arrastia R, van Dyck CH, Weiner MF, Bottiglieri T, Jin S, Stokes KT, Thomas RG, Thal LJ; Alzheimer Disease Cooperative Study. High-dose B vitamin supplementation and cognitive decline in Alzheimer disease: a randomized controlled trial. JAMA. 2008 Oct 15;300(15):1774-83. doi: 10.1001/jama.300.15.1774.</citation>
    <PMID>18854539</PMID>
  </results_reference>
  <verification_date>June 2009</verification_date>
  <!-- Old date names will be dropped in a few months (sometime in 2018)                        -->
  <lastchanged_date>June 10, 2009</lastchanged_date>
  <firstreceived_date>March 7, 2003</firstreceived_date>
  <!-- New date names                                                                           -->
  <study_first_submitted>March 7, 2003</study_first_submitted>
  <study_first_submitted_qc>March 8, 2003</study_first_submitted_qc>
  <study_first_posted type="Estimate">March 10, 2003</study_first_posted>
  <last_update_submitted>June 10, 2009</last_update_submitted>
  <last_update_submitted_qc>June 10, 2009</last_update_submitted_qc>
  <last_update_posted type="Estimate">June 12, 2009</last_update_posted>
  <!-- End of dates                                                                             -->
  <keyword>homocysteine</keyword>
  <condition_browse>
    <!-- CAUTION:  The following MeSH terms are assigned with an imperfect algorithm            -->
    <mesh_term>Alzheimer Disease</mesh_term>
  </condition_browse>
  <intervention_browse>
    <!-- CAUTION:  The following MeSH terms are assigned with an imperfect algorithm            -->
    <mesh_term>Vitamins</mesh_term>
    <mesh_term>Vitamin B 12</mesh_term>
    <mesh_term>Hydroxocobalamin</mesh_term>
    <mesh_term>Vitamin B 6</mesh_term>
    <mesh_term>Pyridoxal</mesh_term>
    <mesh_term>Pyridoxine</mesh_term>
    <mesh_term>Vitamin B Complex</mesh_term>
  </intervention_browse>
  <!-- Results have not yet been posted for this study                                          -->
</clinical_study>

