<?xml version="1.0" encoding="UTF-8"?>
<clinical_study rank="228">
  <!-- This xml conforms to an XML Schema at:
    https://clinicaltrials.gov/ct2/html/images/info/public.xsd -->
  <required_header>
    <download_date>ClinicalTrials.gov processed this data on November 07, 2017</download_date>
    <link_text>Link to the current ClinicalTrials.gov record.</link_text>
    <url>https://clinicaltrials.gov/show/NCT01822951</url>
  </required_header>
  <id_info>
    <org_study_id>EVE-AT-0412</org_study_id>
    <secondary_id>2012-004944-31</secondary_id>
    <nct_id>NCT01822951</nct_id>
  </id_info>
  <brief_title>Cerebrolysin Compared to Donepezil in Patients With Mild to Moderate Dementia of Alzheimer's Type (DAT)</brief_title>
  <acronym>DAT</acronym>
  <official_title>Comparison of Cerebrolysin and Donepezil: A Randomized, Double-blind, Controlled Trial on Efficacy and Safety in Patients With Mild to Moderate Alzheimer's Disease</official_title>
  <sponsors>
    <lead_sponsor>
      <agency>Ever Neuro Pharma GmbH</agency>
      <agency_class>Industry</agency_class>
    </lead_sponsor>
  </sponsors>
  <source>Ever Neuro Pharma GmbH</source>
  <oversight_info>
    <has_dmc>Yes</has_dmc>
  </oversight_info>
  <brief_summary>
    <textblock>
      The objective of this trial is the global risk-benefit assessment of Cerebrolysin as compared
      to donepezil in patients with mild to moderate dementia of Alzheimer's Type (DAT). In
      addition, a traditional approach will be taken based on the evaluation of the separate risk
      and benefit domains in comparison with donepezil.

      Global risk-benefit as compared to donepezil will be analyzed by determining whether the
      Cerebrolysin group shows a statistically significant non-inferiority with regard to the
      combined primary safety and efficacy endpoints (weighted multivariate ensemble). The
      endpoints will be combined by a global multivariate non-parametric procedure, weighting the
      safety and efficacy part 50:50.
    </textblock>
  </brief_summary>
  <detailed_description>
    <textblock>
      This phase IIIb/IV trial involves patients with mild to moderate Alzheimer's Disease in
      Europe, Canada and Latin America and is designed as a prospective, randomized, double-blind,
      active-controlled, parallel-group, multicenter, double-dummy trial.

      The study endpoint is after 24 weeks. In total, five visits are scheduled in this trial and a
      follow-up phone call is performed 4 weeks after Visit 5 (Week 24).

      The first visit (Screening Visit, Visit 1) identifies participants who are eligible for and
      interested in this trial.Efficacy and safety parameters are assessed at the Baseline Visit
      (Visit 2), in Week 6-7 (Visit 3), Week 14-15 (Visit 4) and Week 24 (Visit 5).
    </textblock>
  </detailed_description>
  <overall_status>Withdrawn</overall_status>
  <completion_date type="Anticipated">December 2016</completion_date>
  <primary_completion_date type="Anticipated">September 2016</primary_completion_date>
  <phase>Phase 4</phase>
  <study_type>Interventional</study_type>
  <has_expanded_access>No</has_expanded_access>
  <study_design_info>
    <allocation>Randomized</allocation>
    <intervention_model>Parallel Assignment</intervention_model>
    <primary_purpose>Treatment</primary_purpose>
    <masking>Triple (Participant, Care Provider, Investigator)</masking>
  </study_design_info>
  <primary_outcome>
    <measure>Change from Baseline in ADAS-cog. and CIBIC+ score distribution</measure>
    <time_frame>at Week 24</time_frame>
    <description>The ADAS-cog is a psychometric instrument that evaluates cognitive impairment in the assessment of Alzheimer's disease (memory, attention, reasoning, language, orientation and praxis).
The CIBI+ is a global rating measure which covers the categories general, mental/cognitive state, behavior, and activities of daily living.</description>
  </primary_outcome>
  <secondary_outcome>
    <measure>Adverse events</measure>
    <time_frame>at Week 24</time_frame>
    <description>descriptive analysis of number, intensity, relation to study medication and action taken</description>
  </secondary_outcome>
  <secondary_outcome>
    <measure>Vital signs</measure>
    <time_frame>at Week 24</time_frame>
    <description>descriptive analysis of baseline-changes of blood pressure, heart rate, respiration rate, body temperature and weight</description>
  </secondary_outcome>
  <secondary_outcome>
    <measure>Laboratory tests</measure>
    <time_frame>at Week 24</time_frame>
    <description>descriptive analysis of baseline-changes of hematology (e.g. red blood cell count, hematocrit, hemoglobin levels, mean corpuscular volume, mean corpuscular hemoglobin), blood chemistry (e.g. glucose, total cholesterol, high density lipoprotein cholesterol) and urinalysis (glucose, bilirubin, ketones, density, blood, pH, protein, nitrites and leukocytes)</description>
  </secondary_outcome>
  <number_of_arms>2</number_of_arms>
  <enrollment type="Actual">0</enrollment>
  <condition>Alzheimer Disease</condition>
  <arm_group>
    <arm_group_label>Cerebrolysin Verum</arm_group_label>
    <arm_group_type>Experimental</arm_group_type>
    <description>Intravenous medication is given in three treatment courses (TC). Each treatment course lasts for two weeks and consists of 10 infusions (5 infusions weekly). For the infusion 2x10 ml Cerebrolysin (215.2 mg/ml) is diluted with 80 ml 0.9% NaCl (saline) to a total volume of 100 ml, i.v.
Placebo for donepezil: 1 tablet per day from TC 1 Day 1 on and 2 tablets per day from Visit 3 - Visit 5, p.o.</description>
  </arm_group>
  <arm_group>
    <arm_group_label>Donepezil Verum</arm_group_label>
    <arm_group_type>Active Comparator</arm_group_type>
    <description>5-10 mg donepezil: 1x5 mg donepezil as 1 tablet per day from TC 1 Day 1 on and 2x5 mg donepezil as 2 tablets from Visit 3- Visit 5, p.o.
Placebo for Cerebrolysin: 100 ml 0.9% NaCl (saline), i.v. infusion. Intravenous medication is given in three treatment courses (TC). Each treatment course lasts for two weeks and consists of 10 infusions (5 infusions weekly).</description>
  </arm_group>
  <intervention>
    <intervention_type>Drug</intervention_type>
    <intervention_name>Cerebrolysin</intervention_name>
    <description>Intravenous medication is given in three treatment courses (TC). Each treatment course lasts for two weeks and consists of 10 infusions (5 infusions weekly). The first treatment course (TC 1) will be in Week 1 and 2, second treatment course (TC 2) will be repeated during Week 9 and 10 and third treatment course (TC 3) during Week 19 and 20.
Placebo for donepezil:1 tablet per day from TC 1 Day 1 on and 2 tablets per day from Visit 3 - Visit 5, p.o.</description>
    <arm_group_label>Cerebrolysin Verum</arm_group_label>
    <other_name>Cognicer, Renacenz</other_name>
  </intervention>
  <intervention>
    <intervention_type>Drug</intervention_type>
    <intervention_name>Donepezil</intervention_name>
    <description>5-10 mg donepezil: 1x5 mg donepezil as 1 tablet per day from TC 1 Day 1 on and 2x5 mg donepezil as 2 tablets from Visit 3- Visit 5, p.o.
Intravenous medication is given in three treatment courses (TC). Each treatment course lasts for two weeks and consists of 10 infusions (5 infusions weekly). The first treatment course (TC 1) will be in Week 1 and 2, second treatment course (TC 2) will be repeated during Week 9 and 10 and third treatment course (TC 3) during Week 19 and 20.</description>
    <arm_group_label>Donepezil Verum</arm_group_label>
    <other_name>Other names:</other_name>
    <other_name>e.g. Aricept, Donesyn</other_name>
  </intervention>
  <eligibility>
    <criteria>
      <textblock>
        Inclusion Criteria:

          -  Male and female patients ≥50 years of age

          -  Diagnosis of probable mild to moderate Alzheimer's disease according to DSM-IV-TR and
             NINCDS-ADRDA criteria (see section 18.2.1)

          -  Screening MMSE score between 15 and 24, both inclusive

          -  Modified Hachinski Ischemic score of ≤4

          -  Hamilton Depression Scale score ≤10

          -  Brain computerized tomography (CT) or brain magnetic resonance imaging (MRI) scans
             within 12 months prior to screening without evidence of infection, infarction, or
             other focal lesions and without clinical symptoms suggestive of intervening
             neurological disease. If no brain CT or brain MRI is available, a brain MRI shall be
             performed to exclude other causes of dementia-like syndromes.

          -  Sufficient language skills to complete all testing without assistance of a language
             interpreter

          -  Ability to perform all sections of the ADAS-cog

          -  Good general health without additional diseases expected to interfere with the study

          -  Normal B12, folic acid, VDRL, and TSH or without any clinically significant laboratory
             abnormalities that would be expected to interfere with the study.

          -  ECG and chest x-ray (if available) without clinically significant laboratory
             abnormalities that would be expected to interfere with the study.

          -  Patient is not of childbearing potential (i.e., women must be two years
             post-menopausal or surgically sterile)

          -  Responsible caregiver (individual who continuously attends to the needs of the person
             or dependent adult), who agrees to be present during study conduct.

          -  Written informed consent obtained from the patient and caregiver (and legally
             authorized representative or guardian if different from caregiver) prior to entry into
             the study (Screening Visit)

        Exclusion Criteria:

          -  Any abnormalities associated with significant central nervous disease other than
             Alzheimer's Disease

          -  Severe psychotic features, confusion, agitation or behavioral problems within the last
             three months that could lead to difficulties complying with the protocol

          -  Delusional symptoms are often characteristic of Alzheimer's disease, but patients with
             symptoms so pronounced that they warrant an alternative psychiatric diagnosis are
             excluded

          -  History of alcohol or substance abuse or dependence within the past two years
             (DSM-IV-TR criteria, see also sections 18.3.1 and 18.3.2)

          -  History of schizophrenia, schizoaffective disorder, bipolar affective disorder
             (DSM-IV-TR criteria)

          -  History of newly identified major depressive disorder within eight weeks before
             Screening Visit (DSM-IV-TR) (see also exclusion criteria 11 and inclusion criteria 5)

          -  Any significant systemic illness or unstable medical condition that could lead to
             difficulties complying with the protocol. Patients with a history of systemic cancer
             within the past two years are excluded

          -  History of myocardial infarction in the past year or unstable or severe cardiovascular
             disease, including uncontrolled hypertension

          -  Any clinically significant laboratory abnormalities on the battery of screening tests
             (hematology, blood chemistry, urinalysis, ECG, chest x-ray (if available))

          -  Uncontrolled insulin-requiring diabetes or non-insulin dependent diabetes mellitus
             (HbA1c &gt;10.0)

          -  Use of any concomitant medication that could affect functioning of the CNS or
             interfere with efficacy assessment.

          -  Patients who in the Investigator's opinion would not comply with study procedures

          -  Patients with fragile or thin veins who may not be able to receive many i.v. infusions

          -  Patients who in the past have not tolerated treatment with 10 mg donepezil or
             treatment with a corresponding dose of another cholinesterase inhibitor

          -  Patients with history of any epileptic seizure

          -  Patients with known or suspected hypersensitivity to Cerebrolysin, donepezil
             hydrochloride, piperidine derivates or any of the IMPs' excipients
      </textblock>
    </criteria>
    <gender>All</gender>
    <minimum_age>50 Years</minimum_age>
    <maximum_age>N/A</maximum_age>
    <healthy_volunteers>No</healthy_volunteers>
  </eligibility>
  <overall_official>
    <last_name>Dieter Meier, MD</last_name>
    <role>Study Director</role>
    <affiliation>Ever Neuro Pharma GmbH</affiliation>
  </overall_official>
  <location>
    <facility>
      <name>AKh Allgemeines Krankenhaus der Stadt Linz GmbH</name>
      <address>
        <city>Linz</city>
        <zip>4021</zip>
        <country>Austria</country>
      </address>
    </facility>
  </location>
  <location_countries>
    <country>Austria</country>
  </location_countries>
  <reference>
    <citation>Alvarez XA, Cacabelos R, Laredo M, Couceiro V, Sampedro C, Varela M, Corzo L, Fernandez-Novoa L, Vargas M, Aleixandre M, Linares C, Granizo E, Muresanu D, Moessler H. A 24-week, double-blind, placebo-controlled study of three dosages of Cerebrolysin in patients with mild to moderate Alzheimer's disease. Eur J Neurol. 2006 Jan;13(1):43-54.</citation>
    <PMID>16420392</PMID>
  </reference>
  <reference>
    <citation>Panisset M, Gauthier S, Moessler H, Windisch M; Cerebrolysin Study Group. Cerebrolysin in Alzheimer's disease: a randomized, double-blind, placebo-controlled trial with a neurotrophic agent. J Neural Transm (Vienna). 2002 Jul;109(7-8):1089-104.</citation>
    <PMID>12111446</PMID>
  </reference>
  <reference>
    <citation>Ruether E, Husmann R, Kinzler E, Diabl E, Klingler D, Spatt J, Ritter R, Schmidt R, Taneri Z, Winterer W, Koper D, Kasper S, Rainer M, Moessler H. A 28-week, double-blind, placebo-controlled study with Cerebrolysin in patients with mild to moderate Alzheimer's disease. Int Clin Psychopharmacol. 2001 Sep;16(5):253-63. Erratum in: Int Clin Psychopharmacol 2001 Nov;16(6):372.</citation>
    <PMID>11552768</PMID>
  </reference>
  <reference>
    <citation>Bae CY, Cho CY, Cho K, Hoon Oh B, Choi KG, Lee HS, Jung SP, Kim DH, Lee S, Choi GD, Cho H, Lee H. A double-blind, placebo-controlled, multicenter study of Cerebrolysin for Alzheimer's disease. J Am Geriatr Soc. 2000 Dec;48(12):1566-71.</citation>
    <PMID>11129744</PMID>
  </reference>
  <reference>
    <citation>Alvarez XA, Cacabelos R, Sampedro C, Aleixandre M, Linares C, Granizo E, Doppler E, Moessler H. Efficacy and safety of Cerebrolysin in moderate to moderately severe Alzheimer's disease: results of a randomized, double-blind, controlled trial investigating three dosages of Cerebrolysin. Eur J Neurol. 2011 Jan;18(1):59-68. doi: 10.1111/j.1468-1331.2010.03092.x.</citation>
    <PMID>20500802</PMID>
  </reference>
  <reference>
    <citation>Xiao S, Yan H, Yao P. Efficacy of Cerebrolysin in patients with Alzheimer's disease. Clin. Drug Invest. 2000; 19:43-53.</citation>
  </reference>
  <reference>
    <citation>Rüther E, Ritter R, Apecechea M, Freytag S, Windisch M. Efficacy of the peptidergic nootropic drug cerebrolysin in patients with senile dementia of the Alzheimer type (SDAT). Pharmacopsychiatry. 1994 Jan;27(1):32-40.</citation>
    <PMID>8159781</PMID>
  </reference>
  <verification_date>October 2015</verification_date>
  <!-- Old date names will be dropped in a few months (sometime in 2018)                        -->
  <lastchanged_date>October 23, 2015</lastchanged_date>
  <firstreceived_date>March 25, 2013</firstreceived_date>
  <!-- New date names                                                                           -->
  <study_first_submitted>March 25, 2013</study_first_submitted>
  <study_first_submitted_qc>March 28, 2013</study_first_submitted_qc>
  <study_first_posted type="Estimate">April 4, 2013</study_first_posted>
  <last_update_submitted>October 23, 2015</last_update_submitted>
  <last_update_submitted_qc>October 23, 2015</last_update_submitted_qc>
  <last_update_posted type="Estimate">October 26, 2015</last_update_posted>
  <!-- End of dates                                                                             -->
  <responsible_party>
    <responsible_party_type>Sponsor</responsible_party_type>
  </responsible_party>
  <keyword>DAT Study</keyword>
  <condition_browse>
    <!-- CAUTION:  The following MeSH terms are assigned with an imperfect algorithm            -->
    <mesh_term>Alzheimer Disease</mesh_term>
  </condition_browse>
  <intervention_browse>
    <!-- CAUTION:  The following MeSH terms are assigned with an imperfect algorithm            -->
    <mesh_term>Donepezil</mesh_term>
    <mesh_term>Cerebrolysin</mesh_term>
  </intervention_browse>
  <!-- Results have not yet been posted for this study                                          -->
</clinical_study>

