<?xml version="1.0" encoding="UTF-8"?>
<clinical_study rank="361">
  <!-- This xml conforms to an XML Schema at:
    https://clinicaltrials.gov/ct2/html/images/info/public.xsd -->
  <required_header>
    <download_date>ClinicalTrials.gov processed this data on November 07, 2017</download_date>
    <link_text>Link to the current ClinicalTrials.gov record.</link_text>
    <url>https://clinicaltrials.gov/show/NCT00888056</url>
  </required_header>
  <id_info>
    <org_study_id>09-PP-01</org_study_id>
    <nct_id>NCT00888056</nct_id>
  </id_info>
  <brief_title>Chronic Electrical Stimulation of Hypothalamus/Fornix in Alzheimer's Disease</brief_title>
  <official_title>Effect of Deep Brain Stimulation of the Hypothalamus/ Fornix on Memory Impairment in Patients With Alzheimer's Disease</official_title>
  <sponsors>
    <lead_sponsor>
      <agency>Centre Hospitalier Universitaire de Nice</agency>
      <agency_class>Other</agency_class>
    </lead_sponsor>
  </sponsors>
  <source>Centre Hospitalier Universitaire de Nice</source>
  <oversight_info>
    <has_dmc>Yes</has_dmc>
  </oversight_info>
  <brief_summary>
    <textblock>
      Alzheimer's Disease (AD) is the most common cause of dementia for which no treatment has
      shown consistent efficacy to stop or slow down the disease. Recent report of enhancement of
      memory abilities by bilateral chronic deep brain stimulation (DBS) of the fornix in the
      hypothalamus suggests that neuromodulation of circuits involved in memory processes may have
      therapeutic implications in AD patients with memory decline.

      The primary objectives of this prospective, non-controlled, pilot study are to evaluate the
      feasibility and safety of DBS in AD patients with mild cognitive and memory impairment, and
      to evaluate the efficacy of DBS to slow down or stabilize this decline. Five patients with AD
      (DSM IV) diagnosed less than two years, with mild cognitive decline (MMSE 20-24), and
      specific impairment of episodic memory will be included in a 2-year period. The evaluation
      criteria for feasibility will be the proportion of patients undergoing the procedure, chronic
      stimulation and evaluation process without adverse event (AE). Efficacy will be evaluated
      using numerous cognitive and memory testing. Changes in behavioral and mood scales, and
      changes in hypothalamic functions (clinical, biological and hormonal assessment) will
      evaluate safety and tolerance. Clinical, neuro-psychological, biological and imaging
      assessment will be performed 3 and one month before and 3, 6, 12 and 24 months after surgery.
      Bilateral electrodes (Medtronic 3389) will be implanted, by MR-guided frame-based stereotaxy,
      in the hypothalamic part of the fornix, and then connected to the generator (Kinetra,
      Medtronic). Chronic high-frequency stimulation will be delivered immediately after surgery.

      The investigators expect to slow down, or to stabilize the spontaneous decline of MMSE and
      ADAS scores after 6, 12 and 24 months of stimulation. In case of efficacy, DBS might offer to
      AD patient the possibility to slow down/stabilize their symptoms, which no other treatment
      can currently offer, and to increase their quality of life.
    </textblock>
  </brief_summary>
  <overall_status>Unknown status</overall_status>
  <last_known_status>Recruiting</last_known_status>
  <start_date>June 2009</start_date>
  <phase>Phase 1/Phase 2</phase>
  <study_type>Interventional</study_type>
  <has_expanded_access>No</has_expanded_access>
  <study_design_info>
    <intervention_model>Single Group Assignment</intervention_model>
    <primary_purpose>Treatment</primary_purpose>
    <masking>None (Open Label)</masking>
  </study_design_info>
  <primary_outcome>
    <measure>Evaluation criteria for feasibility will be the proportion of patients undergoing the procedure, chronic stimulation and evaluation process without adverse event.</measure>
    <time_frame>once time</time_frame>
  </primary_outcome>
  <secondary_outcome>
    <measure>Efficacy will be evaluated using numerous cognitive and memory testing. Neuro-imaging changes after stimulation will be evaluate by morphological MRI and functional imaging (PET). Changes in behavioral and mood scales: evaluate safety</measure>
    <time_frame>M-3, D-7, D7, M3, M6, M12, M24</time_frame>
  </secondary_outcome>
  <number_of_arms>1</number_of_arms>
  <enrollment type="Anticipated">5</enrollment>
  <condition>Alzheimer's Disease</condition>
  <arm_group>
    <arm_group_label>ARM A</arm_group_label>
    <arm_group_type>Experimental</arm_group_type>
    <description>Bilateral chronic electrical stimulation of the hypothalamus/fornix</description>
  </arm_group>
  <intervention>
    <intervention_type>Procedure</intervention_type>
    <intervention_name>Bilateral chronic electrical stimulation of the hypothalamus/fornix</intervention_name>
    <description>Clinical, neuro-psychological, biological and imaging assessment will be performed 3 and one month before and 3, 6, 12 and 24 months after surgery. Bilateral electrodes (Medtronic 3389) will be implanted, under local anesthesia, by MR-guided frame-based stereotaxy, in the hypothalamic part of the fornix, before its entry in the mamillary body (well defined on T2 weighted sequences). Intra-operative stimulation will be used to search adverse effects or acute effects. Electrodes will be connected to the generator (Kinetra, Medtronic) under general anesthesia. Chronic high-frequency stimulation will be delivered immediately after surgery.</description>
    <arm_group_label>ARM A</arm_group_label>
  </intervention>
  <eligibility>
    <criteria>
      <textblock>
        Inclusion Criteria:

          -  patients with AD (DSM IV) diagnosed less than 2 years

          -  age between 50 and 65

          -  mild cognitive decline (MMSE between 20 and 24)

          -  specific impairment of episodic memory (evaluated by Grober&amp;Buschke scale)

          -  able to give and sign an informed consent

          -  affiliated to the French national health and pensions organization

        Exclusion Criteria:

          -  associated DSM I axis pathology

          -  contra-indication to surgery or MRI

          -  preoperative MRI abnormalities

          -  retraction of consent by the patient

          -  decision of the promoter to stop the study
      </textblock>
    </criteria>
    <gender>All</gender>
    <minimum_age>50 Years</minimum_age>
    <maximum_age>65 Years</maximum_age>
    <healthy_volunteers>No</healthy_volunteers>
  </eligibility>
  <overall_official>
    <last_name>Fontaine Denys, PhD</last_name>
    <role>Principal Investigator</role>
    <affiliation>CHU de Nice - Service de Neurochirurgie - Hôpital Pasteur - 30 av de la voie Romaine - 06 100 Nice</affiliation>
  </overall_official>
  <overall_official>
    <last_name>ROBERT Philippe, PhD</last_name>
    <role>Principal Investigator</role>
    <affiliation>CHU de Nice - CM2R - Hôpital de cimiez- 4 av reine Victoria 06001 Nice</affiliation>
  </overall_official>
  <overall_contact>
    <last_name>Robert Philippe, PhD</last_name>
    <phone>+33492037993</phone>
    <email>robert.p@chu-nice.fr</email>
  </overall_contact>
  <overall_contact_backup>
    <last_name>Fontaine Denys, PhD</last_name>
    <phone>+33492038450</phone>
    <email>fontaine.d@chu-nice.fr</email>
  </overall_contact_backup>
  <location>
    <facility>
      <name>CHU de Nice - 4 avenue Reine Victoria - Hôpital de Cimiez</name>
      <address>
        <city>Nice</city>
        <state>Alpes-Maritimes</state>
        <zip>06001</zip>
        <country>France</country>
      </address>
    </facility>
    <status>Recruiting</status>
    <contact>
      <last_name>ROBERT Philippe, PhD</last_name>
      <phone>+33492037993</phone>
      <email>robert.p@chu-nice.fr</email>
    </contact>
    <contact_backup>
      <last_name>Fontaine Denys, PhD</last_name>
      <phone>+33492038450</phone>
      <email>fontaine.d@chu-nice.fr</email>
    </contact_backup>
    <investigator>
      <last_name>Robert Philippe, PhD</last_name>
      <role>Principal Investigator</role>
    </investigator>
    <investigator>
      <last_name>Fontaine Denys, PhD</last_name>
      <role>Principal Investigator</role>
    </investigator>
  </location>
  <location_countries>
    <country>France</country>
  </location_countries>
  <verification_date>April 2009</verification_date>
  <!-- Old date names will be dropped in a few months (sometime in 2018)                        -->
  <lastchanged_date>June 26, 2012</lastchanged_date>
  <firstreceived_date>April 23, 2009</firstreceived_date>
  <!-- New date names                                                                           -->
  <study_first_submitted>April 23, 2009</study_first_submitted>
  <study_first_submitted_qc>April 23, 2009</study_first_submitted_qc>
  <study_first_posted type="Estimate">April 24, 2009</study_first_posted>
  <last_update_submitted>June 26, 2012</last_update_submitted>
  <last_update_submitted_qc>June 26, 2012</last_update_submitted_qc>
  <last_update_posted type="Estimate">June 27, 2012</last_update_posted>
  <!-- End of dates                                                                             -->
  <responsible_party>
    <responsible_party_type>Sponsor</responsible_party_type>
  </responsible_party>
  <condition_browse>
    <!-- CAUTION:  The following MeSH terms are assigned with an imperfect algorithm            -->
    <mesh_term>Alzheimer Disease</mesh_term>
  </condition_browse>
  <!-- Results have not yet been posted for this study                                          -->
</clinical_study>

