<?xml version="1.0" encoding="UTF-8"?>
<clinical_study rank="258">
  <!-- This xml conforms to an XML Schema at:
    https://clinicaltrials.gov/ct2/html/images/info/public.xsd -->
  <required_header>
    <download_date>ClinicalTrials.gov processed this data on November 07, 2017</download_date>
    <link_text>Link to the current ClinicalTrials.gov record.</link_text>
    <url>https://clinicaltrials.gov/show/NCT00606164</url>
  </required_header>
  <id_info>
    <org_study_id>BRY-201</org_study_id>
    <nct_id>NCT00606164</nct_id>
  </id_info>
  <brief_title>Safety, Efficacy, Pharmacokinetics, and Pharmacodynamics Study of Bryostatin 1 in Patients With Alzheimer's Disease</brief_title>
  <official_title>A Randomized, Double-Blind, Placebo-Controlled, Parallel Groups, Study to Evaluate the Safety, Efficacy, Pharmacokinetics and Pharmacodynamics of Bryostatin 1 in Patients With Mild to Moderate Alzheimer's Disease</official_title>
  <sponsors>
    <lead_sponsor>
      <agency>Blanchette Rockefeller Neurosciences Insitute</agency>
      <agency_class>Other</agency_class>
    </lead_sponsor>
  </sponsors>
  <source>Blanchette Rockefeller Neurosciences Insitute</source>
  <oversight_info>
    <has_dmc>No</has_dmc>
  </oversight_info>
  <brief_summary>
    <textblock>
      The main purpose of this study is find out how safe a single dose of bryostatin 1 is in
      patients with Alzheimer's Disease (AD). This study is also being done 1) to determine how
      effective a single dose of bryostatin 1 is in the treatment of AD, 2) to find out what
      happens to bryostatin 1 once it enters the body by measuring the levels of bryostatin 1 in
      blood, and 3) to measure a substance in the blood (protein kinase C) that may help to better
      understand how bryostatin 1 works.
    </textblock>
  </brief_summary>
  <overall_status>Unknown status</overall_status>
  <last_known_status>Not yet recruiting</last_known_status>
  <start_date>April 2008</start_date>
  <completion_date type="Anticipated">December 2008</completion_date>
  <primary_completion_date type="Anticipated">December 2008</primary_completion_date>
  <phase>Phase 2</phase>
  <study_type>Interventional</study_type>
  <has_expanded_access>No</has_expanded_access>
  <study_design_info>
    <allocation>Randomized</allocation>
    <intervention_model>Parallel Assignment</intervention_model>
    <primary_purpose>Treatment</primary_purpose>
    <masking>Quadruple (Participant, Care Provider, Investigator, Outcomes Assessor)</masking>
  </study_design_info>
  <primary_outcome>
    <measure>Adverse Events</measure>
    <time_frame>4-weeks</time_frame>
  </primary_outcome>
  <primary_outcome>
    <measure>Alzheimer's Disease Assessment Scale</measure>
    <time_frame>4-weeks post dose</time_frame>
  </primary_outcome>
  <primary_outcome>
    <measure>Clinician's Interview Based Impression of Change</measure>
    <time_frame>4-weeks post dose</time_frame>
  </primary_outcome>
  <secondary_outcome>
    <measure>Alzheimer's Disease Assessment Scale</measure>
    <time_frame>24, 48, and 72 hrs post dose</time_frame>
  </secondary_outcome>
  <secondary_outcome>
    <measure>Clinician's Interview Based Impression of Change</measure>
    <time_frame>24, 48, and 72 hrs post dose</time_frame>
  </secondary_outcome>
  <secondary_outcome>
    <measure>Clinical Dementia Rating Battery</measure>
    <time_frame>24, 48, and 72 hrs post dose and 4-weeks post dose</time_frame>
  </secondary_outcome>
  <secondary_outcome>
    <measure>Alzheimer's Disease Cooperative Study - Activities of Daily Living</measure>
    <time_frame>24, 48, and 72 hrs post dose and 4-weeks post dose</time_frame>
  </secondary_outcome>
  <secondary_outcome>
    <measure>Severe Impairment Battery</measure>
    <time_frame>24, 48, and 72 hrs post dose and 4-weeks post dose</time_frame>
  </secondary_outcome>
  <secondary_outcome>
    <measure>Hopkins Verbal Learning Test-Revised</measure>
    <time_frame>24, 48, and 72 hrs post dose and 4-weeks post dose</time_frame>
  </secondary_outcome>
  <secondary_outcome>
    <measure>Temperature</measure>
    <time_frame>48 hrs and 4-weeks post dose</time_frame>
  </secondary_outcome>
  <secondary_outcome>
    <measure>Respiratory rate</measure>
    <time_frame>48 hrs and 4-weeks post dose</time_frame>
  </secondary_outcome>
  <secondary_outcome>
    <measure>Blood pressure</measure>
    <time_frame>15, 30, and 60 minutes after start of study drug infusion, and at 1, 2, 4, 8, 12, 24, 48, and 72 hrs post infusion and 4-weeks post infusion</time_frame>
  </secondary_outcome>
  <secondary_outcome>
    <measure>Heart rate</measure>
    <time_frame>15, 30, and 60 minutes after start of study drug infusion, and at 1, 2, 4, 8, 12, 24, 48, and 72 hrs post infusion and 4-weeks post infusion</time_frame>
  </secondary_outcome>
  <secondary_outcome>
    <measure>Electrocardiogram</measure>
    <time_frame>15, 30, and 60 minutes after start of study drug infusion, and at 1, 2, 4, 8, 12, and 24 hrs post infusion and 4-weeks post infusion</time_frame>
  </secondary_outcome>
  <secondary_outcome>
    <measure>Physical Exam</measure>
    <time_frame>48 hrs and 4-weeks post dose</time_frame>
  </secondary_outcome>
  <secondary_outcome>
    <measure>Hematology</measure>
    <time_frame>48 hrs and 4-weeks post dose</time_frame>
  </secondary_outcome>
  <secondary_outcome>
    <measure>Blood chemistry</measure>
    <time_frame>48 hrs and 4-weeks post dose</time_frame>
  </secondary_outcome>
  <secondary_outcome>
    <measure>Urinalysis</measure>
    <time_frame>48 hrs and 4-weeks post dose</time_frame>
  </secondary_outcome>
  <secondary_outcome>
    <measure>Pharmacokinetics</measure>
    <time_frame>Blood draws at baseline, during the study drug infusion (15, 30, and 60 minutes after start of infusion), and at 20 minutes, 1 hr, 2 hrs, 6 hrs, 24 hrs, 48 hrs, and 72 hrs post infusion</time_frame>
  </secondary_outcome>
  <secondary_outcome>
    <measure>Protein kinase C activity (pharmacodynamics)</measure>
    <time_frame>Blood draws at baseline, during the study drug infusion (15, 30, and 60 minutes after start of infusion), and at 20 minutes, 1 hr, 2 hrs, 6 hrs, 24 hrs, 48 hrs, and 72 hrs post infusion</time_frame>
  </secondary_outcome>
  <number_of_arms>3</number_of_arms>
  <enrollment type="Anticipated">9</enrollment>
  <condition>Alzheimer's Disease</condition>
  <arm_group>
    <arm_group_label>Placebo</arm_group_label>
    <arm_group_type>Placebo Comparator</arm_group_type>
  </arm_group>
  <arm_group>
    <arm_group_label>10 ug/m2 Bryostatin</arm_group_label>
    <arm_group_type>Experimental</arm_group_type>
  </arm_group>
  <arm_group>
    <arm_group_label>15 ug/m2 Bryostatin</arm_group_label>
    <arm_group_type>Experimental</arm_group_type>
  </arm_group>
  <intervention>
    <intervention_type>Drug</intervention_type>
    <intervention_name>Bryostatin for Injection</intervention_name>
    <description>A single one-hour intravenous infusion of 10 or 15 ug/m2 Bryostatin for Injection on Day 1</description>
    <arm_group_label>10 ug/m2 Bryostatin</arm_group_label>
    <arm_group_label>15 ug/m2 Bryostatin</arm_group_label>
    <other_name>Bryostatin 1</other_name>
    <other_name>Bryostatin</other_name>
    <other_name>NSC 339555</other_name>
    <other_name>CAS No. 83314-01-6</other_name>
  </intervention>
  <intervention>
    <intervention_type>Drug</intervention_type>
    <intervention_name>Placebo</intervention_name>
    <description>A single one-hour intravenous infusion of placebo on Day 1</description>
    <arm_group_label>Placebo</arm_group_label>
    <other_name>PET (60/30/10) diluent plus sodium chloride for injection</other_name>
  </intervention>
  <eligibility>
    <criteria>
      <textblock>
        Inclusion Criteria:

          -  Male or female, age 50 yrs or older. Females must be of non-childbearing potential
             (surgically sterilized or at least 2 yrs post-menopausal)

          -  Must have a cognitive deficit present for at least 1 yr &amp; meet DSM-IV-TRTM criteria
             for AD &amp; meet NINCDS/ADRDA criteria for the presence of probable AD

          -  Severity of AD must be mild to moderate, documented with a MMSE score of 12-26

          -  Has a CT scan or MRI scan within the prior 12 months, which is compatible with a
             diagnosis of probable AD

          -  Ability to walk, at least with an assistive device

          -  Vision &amp; hearing sufficient to comply with testing

          -  Normal cognitive &amp; social functioning prior to onset of dementia

          -  Consistent caregiver to accompany patient to assessment visits

          -  Sufficient basic education to be able to complete the cognitive assessments

          -  Living outside an institution

          -  Informed consent signed &amp; dated by patient or legal representative

          -  Has provided written authorization for the use &amp; disclosure of protected health
             information

        Exclusion Criteria:

          -  Dementia due to any condition other than AD, including vascular dementia (modified
             Hachinski Ischemic Scale ≥ 5; positive NINDS-AIREN criteria)

          -  Evidence of clinically significant unstable cardiovascular, renal, hepatic,
             gastrointestinal, neurological, or metabolic disease within the past 6 months (as
             determined by medical history, ECG results, chest x-ray, or physical examination)

          -  Use of any drug within 14 days prior to randomization unless the dose of the drug &amp;
             the condition being treated have been stable for at least 30 days &amp; are expected to
             remain stable during the study &amp; neither the drug nor the condition being treated is
             expected to interfere with the study endpoints

          -  Any medical or psychiatric condition that may require medication or surgical treatment
             during the study

          -  Life expectancy less than 6 months

          -  Any other screening laboratory values outside the normal ranges that are deemed
             clinically significant by the investigator

          -  Use of an investigational drug within 30 days prior to the screening visit or during
             the entire study

          -  Significant neurological disease other than AD, including cerebral tumor, Huntington's
             Disease, Parkinson's Disease, normal pressure hydrocephalus, &amp; other entities

          -  Major depression according to DSM-IV

          -  Psychotic episodes requiring hospitalization or antipsychotic therapy for more than 2
             weeks within the past 10 yrs, not linked to AD

          -  Agitation sufficient to preclude participation in this trial

          -  Alcohol or drug dependence diagnosed within the past 10 yrs

          -  Epilepsy or anti-epileptic drug therapy

          -  Abnormal laboratory tests that might point to another etiology for dementia: serum
             B12, folate, thyroid functions, electrolytes, syphilis serology

          -  Musculoskeletal diseases that could interfere with assessment

          -  Acute or poorly controlled medical illness: blood pressure&gt; 180 mmHg systolic or 100
             mmHg diastolic; myocardial infarction within 6 months; uncompensated congestive heart
             failure (NYHA Class III or IV), severe renal, hepatic or gastrointestinal disease that
             could alter drug pharmacokinetics; blood glucose &gt; 180 mg/dl on repeated testing at
             entry into study or need for insulin therapy

          -  Previous randomization in this trial or participation in another investigational trial
             &lt; 2 months prior to randomization

          -  Likelihood, according to clinical judgment, of being transferred to a nursing home
             within 6 months

          -  Change in dosage of any concomitant antidepressant within 30 days prior to
             randomization

          -  Lack of caregiver

          -  Pregnant or lactating females

          -  Patients who in the judgment of the Investigator may be unreliable or uncooperative
             with the evaluation procedures outlined in this protocol

          -  HIV positive

          -  Hepatitis B or C positive

          -  Concomitant use of medications other than AD or antidepressant medications for which
             the dose regimens are stabilized for at least 30 days prior to enrollment in study
      </textblock>
    </criteria>
    <gender>All</gender>
    <minimum_age>50 Years</minimum_age>
    <maximum_age>N/A</maximum_age>
    <healthy_volunteers>No</healthy_volunteers>
  </eligibility>
  <overall_official>
    <last_name>James M Stevenson, MD</last_name>
    <role>Principal Investigator</role>
    <affiliation>West Virginia University Department of Behavioral Medicine and Psychiatry</affiliation>
  </overall_official>
  <location>
    <facility>
      <name>Chestnut Ridge Center West Virginia University Department of Behavioral Medicine and Psychiatry</name>
      <address>
        <city>Morgantown</city>
        <state>West Virginia</state>
        <zip>26505</zip>
        <country>United States</country>
      </address>
    </facility>
    <status>Not yet recruiting</status>
    <contact>
      <last_name>Eric Rankin, Ph.D.</last_name>
      <phone>304-293-5323</phone>
      <email>erankin@hsc.wvu.edu</email>
    </contact>
    <investigator>
      <last_name>James M Stevenson, MD</last_name>
      <role>Principal Investigator</role>
    </investigator>
  </location>
  <location_countries>
    <country>United States</country>
  </location_countries>
  <verification_date>January 2008</verification_date>
  <!-- Old date names will be dropped in a few months (sometime in 2018)                        -->
  <lastchanged_date>January 21, 2008</lastchanged_date>
  <firstreceived_date>January 21, 2008</firstreceived_date>
  <!-- New date names                                                                           -->
  <study_first_submitted>January 21, 2008</study_first_submitted>
  <study_first_submitted_qc>January 21, 2008</study_first_submitted_qc>
  <study_first_posted type="Estimate">February 1, 2008</study_first_posted>
  <last_update_submitted>January 21, 2008</last_update_submitted>
  <last_update_submitted_qc>January 21, 2008</last_update_submitted_qc>
  <last_update_posted type="Estimate">February 1, 2008</last_update_posted>
  <!-- End of dates                                                                             -->
  <responsible_party>
    <name_title>Mark A. Cochran, Ph.D./CEO and Executive Director</name_title>
    <organization>Blanchette Rockefeller Neurosciences Insitute</organization>
  </responsible_party>
  <keyword>Alzheimer's Disease</keyword>
  <keyword>bryostatin 1</keyword>
  <keyword>bryostatin</keyword>
  <keyword>safety</keyword>
  <keyword>efficacy</keyword>
  <keyword>pharmacokinetics</keyword>
  <keyword>pharmacodynamics</keyword>
  <keyword>protein kinase C</keyword>
  <condition_browse>
    <!-- CAUTION:  The following MeSH terms are assigned with an imperfect algorithm            -->
    <mesh_term>Alzheimer Disease</mesh_term>
  </condition_browse>
  <intervention_browse>
    <!-- CAUTION:  The following MeSH terms are assigned with an imperfect algorithm            -->
    <mesh_term>Bryostatin 1</mesh_term>
  </intervention_browse>
  <!-- Results have not yet been posted for this study                                          -->
</clinical_study>

