<?xml version="1.0" encoding="UTF-8"?>
<clinical_study rank="212">
  <!-- This xml conforms to an XML Schema at:
    https://clinicaltrials.gov/ct2/html/images/info/public.xsd -->
  <required_header>
    <download_date>ClinicalTrials.gov processed this data on November 07, 2017</download_date>
    <link_text>Link to the current ClinicalTrials.gov record.</link_text>
    <url>https://clinicaltrials.gov/show/NCT03300180</url>
  </required_header>
  <id_info>
    <org_study_id>1705649205</org_study_id>
    <nct_id>NCT03300180</nct_id>
  </id_info>
  <brief_title>Caregiver Outcomes of Alzheimer's Disease Screening</brief_title>
  <acronym>COADS</acronym>
  <official_title>Caregiver Outcomes of Alzheimer's Disease Screening</official_title>
  <sponsors>
    <lead_sponsor>
      <agency>Indiana University</agency>
      <agency_class>Other</agency_class>
    </lead_sponsor>
  </sponsors>
  <source>Indiana University</source>
  <oversight_info>
    <has_dmc>Yes</has_dmc>
    <is_fda_regulated_drug>No</is_fda_regulated_drug>
    <is_fda_regulated_device>No</is_fda_regulated_device>
  </oversight_info>
  <brief_summary>
    <textblock>
      This study will measure the risks and benefits of early screening of Alzheimer's disease.
      Early diagnosis through screening may enhance the family member's transition to a family
      caregiver and reduce caregiver burden by providing an opportunity for the family member to
      learn about the syndrome, receive interventions, and to prepare for their new care giving
      role.
    </textblock>
  </brief_summary>
  <detailed_description>
    <textblock>
      Specific Aim 1: Multi-level mixed effects models will be used to examine differences in HUI
      scores for both patients and family members using dyadic analytic approaches. For this aim,
      the investigators will compare family members in the two screening groups (screening only and
      screening plus) to those in the no screening group. Repeated HUI scores from both patients
      and family members will be included as the outcome variables with participant type (patient
      or family member), group (screening only and screening plus versus no screening), time, and
      interaction between groups and time as independent variables while adjusting for the time and
      occurrence of prior screening that the patient experienced. The investigators will use a
      multi-level variance-covariance matrix in the mixed effects models to account for three
      sources of potential correlations: (1) correlations from measures obtained from the same
      individual over time. An autoregressive correlation will be used; (2) correlations within a
      dyad between a patient and his/her family member; and (3) correlations for outcome measured
      from individuals within the same randomization group. A compound symmetry structure will be
      used for the latter two correlations. Parameter estimation and hypothesis tests for the
      mixed-effects models will be conducted using the maximum likelihood approach that provides
      robust estimation under the missing at random mechanisms. A significant interaction between
      group and time would indicate differences in changes of HUI over time between the two groups.
      Absence of significant interactions, significant main group effects will suggest differences
      in HUI between groups at both follow-up times. For Hypothesis 1 the investigators will use a
      linear contrast for HUI from family members in the combined screening groups (screening only
      and screening plus) versus the no screening group at 12 months. The investigators will also
      include additional covariates in the mixed effects models to determine whether family member
      characteristics (relationship to patient, frequency or types of contact, etc.) and knowledge
      of screening are associated with the outcome measures.

      The multi-level mixed effects models provide a powerful modeling framework for analyzing
      dyadic outcomes. An alternative model using family member outcomes as the dependent variable
      and patient outcomes as an independent variable would underestimate variances in outcome
      measures by ignoring the randomness in the patients' outcomes by treating patient outcomes as
      fixed covariates.86 In our proposed models, correlations between patients and their family
      members on outcome measures (congruence) are explicitly included in the mixed effects models
      and estimated using maximum likelihood approach. The inclusion of the additional covariance
      structure due to repeated measures and within group correlation also makes it possible to
      estimate potential differences in patient-family member congruence over time and among the
      randomization groups. Comparisons on patient-family member congruence among the groups will
      be conducted using the likelihood ratio test (LRT) derived from a mixed effects model using
      group specific correlation structure versus a model using the same correlation in all four
      groups. Changes in congruence can also be conducted using LRT comparing a mixed effects model
      with time specific correlation structure versus a model using equal correlations across time.
      By re-aligning data from the family member one lag time behind measures from patients, the
      investigators will also be able to detect a lag effect in family member outcomes using this
      modeling framework.

      To account for the potential impact from the frequency of screening, the investigators will
      include the number of previous AD screenings from either CHOICE or primary care screening
      (routine or AWV) captured in electronic medical records as a covariate in the mixed effects
      model. Number of months between the first AD screening to the time of HUI measure will also
      be included to control for the time lapse from screening to outcome measures. Given that our
      randomization is stratified by previous CHOICE screening assignment, patients receiving
      previous screening will be balanced across the three randomized groups.

      Specific Aim 2: Separate mixed effects models with PHQ-9 or GAD-7 scores collected at
      baseline, 6 or 12 months from both patients and family members will be used as the outcome
      variables for Specific Aim 2. Participant type, randomized group, time and interaction
      between group and time will be used as independent variables, similarly to the modeling
      procedures described in details for Aim 1 above. Linear contrasts will be used to compare
      PHQ-9 and GAD-7 scores from family members in the combined screening groups versus the no
      screening group at 12 months. Frequency and time of previous AD screenings will also be
      included in the mixed effects models to examine the potential impact from the frequency of
      screening.

      Specific Aim 3: Mixed effects models with Caregiver Preparedness Scale or the Revised Scale
      for Caregiver Self-Efficacy scores collected at baseline, 6 or 12 months will be used as the
      outcome variables, group (screening only and screening plus versus no screening), time and
      interaction between group and time as independent variables. Using the Role Transitions
      Framework, the investigators expect higher caregiver preparedness and self-efficacy in the
      screening groups at 6 months and continued higher increases in these measures over the 12
      month follow-up period compared to those in the control group. Linear contrasts will be used
      to compare preparedness and caregiver self-efficacy scores in the combined screening groups
      versus the no screening group at 12 months. The investigators will also control for the
      frequency of previous screening as described in Aim 1 and evaluate potential interactions
      between patients/family member characteristics and time to identify variables associated with
      increased level of caregiver preparedness and self-efficacy over time.

      Specific Aim 4: To measure the impact and compare strategies for evaluation and treatment
      post screening, the investigators will compare quality of life measures, depression and
      anxiety symptoms from family members in the screening only (notify dyad and PCP of results
      only) group to the screening plus (notify dyad and PCP and a referral to ABC Med Home if
      screen positive) group using multi-level mixed effects models, similarly to the approach
      described in details for Aim 1. Separate mixed effects models with HUI, PHQ-9 or GAD-7 scores
      collected at baseline, 6 or 12 months from family members will be used as the outcome
      variables. Screening group (screening only versus screening plus), time and interaction
      between group and time will be used as independent variables. Linear contrasts will be used
      to compare HUI, PHQ-9 and GAD-7 scores between the two screening groups at 12 months.
    </textblock>
  </detailed_description>
  <overall_status>Not yet recruiting</overall_status>
  <start_date type="Anticipated">December 1, 2017</start_date>
  <completion_date type="Anticipated">September 1, 2022</completion_date>
  <primary_completion_date type="Anticipated">September 1, 2020</primary_completion_date>
  <phase>N/A</phase>
  <study_type>Interventional</study_type>
  <has_expanded_access>No</has_expanded_access>
  <study_design_info>
    <allocation>Randomized</allocation>
    <intervention_model>Parallel Assignment</intervention_model>
    <primary_purpose>Screening</primary_purpose>
    <masking>Double (Participant, Outcomes Assessor)</masking>
  </study_design_info>
  <primary_outcome>
    <measure>Health Utility Index</measure>
    <time_frame>12 month</time_frame>
    <description>The investigators will use the 15-item Health Utility Index (HUI) to determine the caregivers and patients health-related quality of life at each time point. . The individual health domain scores range from 0.00 (maximum impairment) to 1.00 (no impairment); the multi-attribute (HUI index) scores, a multiplicative function of individual attribute levels, range from 0.36 to 1.00 with anchors 0.00 = dead and 1.00 = perfect health.</description>
  </primary_outcome>
  <secondary_outcome>
    <measure>Depressive symptoms</measure>
    <time_frame>Baseline</time_frame>
    <description>The investigators will use the Patient Health Questionnaire-9 (PHQ-9) to determine the impact of AD screening on caregivers and patients mood. The PHQ-9 is a nine-item depression scale with a total score from 0 to 27.</description>
  </secondary_outcome>
  <secondary_outcome>
    <measure>Depressive symptoms</measure>
    <time_frame>6 month</time_frame>
    <description>The investigators will use the Patient Health Questionnaire-9 (PHQ-9) to determine the impact of AD screening on caregivers and patients mood. The PHQ-9 is a nine-item depression scale with a total score from 0 to 27.</description>
  </secondary_outcome>
  <secondary_outcome>
    <measure>Depressive symptoms</measure>
    <time_frame>12 month</time_frame>
    <description>The investigators will use the Patient Health Questionnaire-9 (PHQ-9) to determine the impact of AD screening on caregivers and patients mood. The PHQ-9 is a nine-item depression scale with a total score from 0 to 27.</description>
  </secondary_outcome>
  <secondary_outcome>
    <measure>Anxiety symptoms</measure>
    <time_frame>Baseline</time_frame>
    <description>The investigators will use the Generalized Anxiety Disorder Scale (GAD-7) to determine the impact of AD screening on caregivers and patients anxiety. The GAD-7 is a seven-item anxiety scale with a total score from 0 to 21.</description>
  </secondary_outcome>
  <secondary_outcome>
    <measure>Anxiety symptoms</measure>
    <time_frame>6 month</time_frame>
    <description>The investigators will use the Generalized Anxiety Disorder Scale (GAD-7) to determine the impact of AD screening on caregivers and patients anxiety. The GAD-7 is a seven-item anxiety scale with a total score from 0 to 21.</description>
  </secondary_outcome>
  <secondary_outcome>
    <measure>Anxiety symptoms</measure>
    <time_frame>12 month</time_frame>
    <description>The investigators will use the Generalized Anxiety Disorder Scale (GAD-7) to determine the impact of AD screening on caregivers and patients anxiety. The GAD-7 is a seven-item anxiety scale with a total score from 0 to 21.</description>
  </secondary_outcome>
  <secondary_outcome>
    <measure>Caregiving preparedness</measure>
    <time_frame>Baseline</time_frame>
    <description>The investigators will use the Preparedness for Caregiving Scale to measure the impact of ADRC screening on family member preparedness. The Preparedness for Caregiving Scale consists of eight items that asks family members how well prepared they believe they are for multiple domains of caregiving. Responses are rated on a 5-point scale with scores ranging from 0 (not at all prepared) to 4 (very well prepared). The scale is scored by calculating the mean of all items answered with a score range of 0 to 4. The higher the score the more prepared the caregiver feels for caregiving; the lower the score, the less prepared the caregiver feels.</description>
  </secondary_outcome>
  <secondary_outcome>
    <measure>Caregiving preparedness</measure>
    <time_frame>6 month</time_frame>
    <description>The investigators will use the Preparedness for Caregiving Scale to measure the impact of ADRC screening on family member preparedness. The Preparedness for Caregiving Scale consists of eight items that asks family members how well prepared they believe they are for multiple domains of caregiving. Responses are rated on a 5-point scale with scores ranging from 0 (not at all prepared) to 4 (very well prepared). The scale is scored by calculating the mean of all items answered with a score range of 0 to 4. The higher the score the more prepared the caregiver feels for caregiving; the lower the score, the less prepared the caregiver feels.</description>
  </secondary_outcome>
  <secondary_outcome>
    <measure>Caregiving preparedness</measure>
    <time_frame>12 month</time_frame>
    <description>The investigators will use the Preparedness for Caregiving Scale to measure the impact of ADRC screening on family member preparedness. The Preparedness for Caregiving Scale consists of eight items that asks family members how well prepared they believe they are for multiple domains of caregiving. Responses are rated on a 5-point scale with scores ranging from 0 (not at all prepared) to 4 (very well prepared). The scale is scored by calculating the mean of all items answered with a score range of 0 to 4. The higher the score the more prepared the caregiver feels for caregiving; the lower the score, the less prepared the caregiver feels.</description>
  </secondary_outcome>
  <secondary_outcome>
    <measure>Caregiver self efficacy</measure>
    <time_frame>Baseline</time_frame>
    <description>The investigators will use the Revised Scale for Caregiving Self Efficacy to measure the impact of AD screening on caregiver self-efficacy. Respondents rate their degree of self-efficacy on a scale from 0 (absolutely incapable) to 100 (fully capable).</description>
  </secondary_outcome>
  <secondary_outcome>
    <measure>Caregiving self efficacy</measure>
    <time_frame>6 month</time_frame>
    <description>The investigators will use the Revised Scale for Caregiving Self Efficacy to measure the impact of AD screening on caregiver self-efficacy. Respondents rate their degree of self-efficacy on a scale from 0 (absolutely incapable) to 100 (fully capable).</description>
  </secondary_outcome>
  <secondary_outcome>
    <measure>Caregiving self efficacy</measure>
    <time_frame>12 month</time_frame>
    <description>The investigators will use the Revised Scale for Caregiving Self Efficacy to measure the impact of AD screening on caregiver self-efficacy. Respondents rate their degree of self-efficacy on a scale from 0 (absolutely incapable) to 100 (fully capable).</description>
  </secondary_outcome>
  <number_of_arms>3</number_of_arms>
  <enrollment type="Anticipated">4000</enrollment>
  <condition>Alzheimer Disease</condition>
  <arm_group>
    <arm_group_label>Control</arm_group_label>
    <arm_group_type>No Intervention</arm_group_type>
    <description>The patients in this group will receive no AD screening</description>
  </arm_group>
  <arm_group>
    <arm_group_label>Screening Only</arm_group_label>
    <arm_group_type>Active Comparator</arm_group_type>
    <description>The patients in this group will receive screening for AD coupled with letters sent to the dyads and the primary care PCP informing them of the results of the screening</description>
  </arm_group>
  <arm_group>
    <arm_group_label>Collaborative Dementia Care Program</arm_group_label>
    <arm_group_type>Experimental</arm_group_type>
    <description>The patients in this group will receive screening for AD, disclosure letters to the dyads, and the dyads in this group will be referred the Aging Brain Care Medical Home for diagnostic assessment and management if the patient screens positive</description>
  </arm_group>
  <intervention>
    <intervention_type>Behavioral</intervention_type>
    <intervention_name>Collaborative Dementia Care Program</intervention_name>
    <description>Much of the intervention, facilitated by care coordinator, is targeted to co-manage or support the practice behavior of primary care clinicians, enhance self-management skills of both the care-recipient and the informal caregiver, and maximize the coping behavior of the patient and the informal caregiver.</description>
    <arm_group_label>Collaborative Dementia Care Program</arm_group_label>
  </intervention>
  <intervention>
    <intervention_type>Other</intervention_type>
    <intervention_name>Screening Only</intervention_name>
    <description>The patients in this group will receive screening for AD coupled with letters sent to the dyads and the primary care PCP informing them of the results of the screening</description>
    <arm_group_label>Screening Only</arm_group_label>
  </intervention>
  <eligibility>
    <criteria>
      <textblock>
        Inclusion Criteria:

        Patients

          -  65 years or older

          -  A participant in the CHOICE trial who did not screen positive in the CHOICE trial and
             has completed the last study assessment.

          -  At least one visit to primary care practice within past year

          -  Ability to provide informed consent

          -  Ability to communicate in English

        Family Members

          -  21 years or older

          -  Identified by the patient as the person most likely to provide them care if needed.*

          -  Lives with the patient or lives within a 50 mile radius.

          -  Ability to provide informed consent.

          -  Ability to communicate in English

        Exclusion Criteria:

        Patients

          -  Has a diagnosis of AD as determined by ICD-10 code.

          -  Evidence of a prescription for a cholinesterase inhibitors or memantine.

          -  Has serious mental illness such as bipolar or schizophrenia as determined by ICD-10
             code

          -  Permanent resident of a nursing facility

        Family Member

          -  Is a non-family member who is not a legal Healthcare Power of Attorney

          -  Has serious mental illness such as bipolar or schizophrenia as determined by ICD-10
             code

          -  Has a diagnosis of AD as determined by ICD-10 code.
      </textblock>
    </criteria>
    <gender>All</gender>
    <minimum_age>65 Years</minimum_age>
    <maximum_age>N/A</maximum_age>
    <healthy_volunteers>No</healthy_volunteers>
  </eligibility>
  <overall_official>
    <last_name>Nicole Fowler, PHD</last_name>
    <role>Principal Investigator</role>
    <affiliation>Indiana University</affiliation>
  </overall_official>
  <overall_contact>
    <last_name>Lev Inger, MPH</last_name>
    <phone>317-274-9123</phone>
    <email>levinger@iupui.edu</email>
  </overall_contact>
  <overall_contact_backup>
    <last_name>Amanda Harrawood, BS</last_name>
    <phone>317-274-9099</phone>
    <email>aharrawo@iupui.edu</email>
  </overall_contact_backup>
  <location>
    <facility>
      <name>Eskenazi Hospital</name>
      <address>
        <city>Indianapolis</city>
        <state>Indiana</state>
        <zip>46202</zip>
        <country>United States</country>
      </address>
    </facility>
  </location>
  <location>
    <facility>
      <name>IU Health-Primary Care Clinics</name>
      <address>
        <city>Indianapolis</city>
        <state>Indiana</state>
        <zip>46202</zip>
        <country>United States</country>
      </address>
    </facility>
  </location>
  <location_countries>
    <country>United States</country>
  </location_countries>
  <verification_date>September 2017</verification_date>
  <!-- Old date names will be dropped in a few months (sometime in 2018)                        -->
  <lastchanged_date>September 27, 2017</lastchanged_date>
  <firstreceived_date>August 8, 2017</firstreceived_date>
  <!-- New date names                                                                           -->
  <study_first_submitted>August 8, 2017</study_first_submitted>
  <study_first_submitted_qc>September 27, 2017</study_first_submitted_qc>
  <study_first_posted type="Actual">October 3, 2017</study_first_posted>
  <last_update_submitted>September 27, 2017</last_update_submitted>
  <last_update_submitted_qc>September 27, 2017</last_update_submitted_qc>
  <last_update_posted type="Actual">October 3, 2017</last_update_posted>
  <!-- End of dates                                                                             -->
  <responsible_party>
    <responsible_party_type>Principal Investigator</responsible_party_type>
    <investigator_affiliation>Indiana University</investigator_affiliation>
    <investigator_full_name>Nicole R. Fowler, PhD</investigator_full_name>
    <investigator_title>Scientist, Indiana University Center for Aging Research</investigator_title>
  </responsible_party>
  <condition_browse>
    <!-- CAUTION:  The following MeSH terms are assigned with an imperfect algorithm            -->
    <mesh_term>Alzheimer Disease</mesh_term>
  </condition_browse>
  <!-- Results have not yet been posted for this study                                          -->
</clinical_study>

