<?xml version="1.0" encoding="UTF-8"?>
<clinical_study rank="143">
  <!-- This xml conforms to an XML Schema at:
    https://clinicaltrials.gov/ct2/html/images/info/public.xsd -->
  <required_header>
    <download_date>ClinicalTrials.gov processed this data on November 07, 2017</download_date>
    <link_text>Link to the current ClinicalTrials.gov record.</link_text>
    <url>https://clinicaltrials.gov/show/NCT02518412</url>
  </required_header>
  <id_info>
    <org_study_id>2012/1890(REK)</org_study_id>
    <nct_id>NCT02518412</nct_id>
  </id_info>
  <brief_title>Transcranial Direct Current Stimulation (tDCS) as a Cognitive Enhancer for Patients With Alzheimers Disease</brief_title>
  <acronym>tDCS</acronym>
  <official_title>Transcranial Direct Current Stimulation (tDCS) as a Cognitive Enhancer for Patients With Alzheimers Disease</official_title>
  <sponsors>
    <lead_sponsor>
      <agency>University of Tromso</agency>
      <agency_class>Other</agency_class>
    </lead_sponsor>
  </sponsors>
  <source>University of Tromso</source>
  <oversight_info>
    <has_dmc>No</has_dmc>
  </oversight_info>
  <brief_summary>
    <textblock>
      The purpose of this study is to investigate transcranial direct current stimulation (tDCS) as
      a cognitive enhancer for patients with Alzheimer disease.

      Transcranial direct current stimulation (tDCS) is a neuromodulation technique, that are
      applied to the brain by using two electrodes. These electrodes are placed on the scalp. The
      current is low intensity, usually 1-2 milliampere. tDCS may affect cognitive functions by
      increasing cortical excitability. tDCS is regarded as a safe treatment approach. In the
      present study, participants will undergo six stimulations. The effect of all stimulations
      swill be measured with neuropsychological testing before the first (pre) and after the sixth
      tDCS stimulation (post).
    </textblock>
  </brief_summary>
  <detailed_description>
    <textblock>
      The present study is a randomized controlled study (RCT) and will use tDCS to stimulate left
      temporal lobe and hopefully improve verbal memory functions. A total of 30 patients with
      Alzheimer disease will receive tDCS treatment for 30 minutes, six times. Half of the patients
      will undergo sham stimulation. These six stimulations will be executed during 10 days.
      Patients will be tested with neuropsychological tests before the first stimulation and after
      the last stimulation to assess the effect of the treatment. Patients will be retested six
      months later in order to investigate long-term effects ot the stimulation. The main
      hypothesis in the present study is that tDCS stimulation will lead to significant
      improvements in verbal memory functions.
    </textblock>
  </detailed_description>
  <overall_status>Unknown status</overall_status>
  <last_known_status>Recruiting</last_known_status>
  <start_date>May 2013</start_date>
  <completion_date type="Anticipated">February 2016</completion_date>
  <primary_completion_date type="Anticipated">February 2016</primary_completion_date>
  <phase>N/A</phase>
  <study_type>Interventional</study_type>
  <has_expanded_access>No</has_expanded_access>
  <study_design_info>
    <allocation>Randomized</allocation>
    <intervention_model>Parallel Assignment</intervention_model>
    <primary_purpose>Treatment</primary_purpose>
    <masking>Quadruple (Participant, Care Provider, Investigator, Outcomes Assessor)</masking>
  </study_design_info>
  <primary_outcome>
    <measure>Neuropsychological testing</measure>
    <time_frame>Changes in results from neuropsychological testing pre (before the first stimulation) og post treatment (after the last stimulation). There will be a ten days time frame from pre-test to post-test.</time_frame>
    <description>We will use a neuropsychological test called California Verbal Learning Test and test verbal memory functions before the first treatment session and after the last treatment session. We will use this test to assess how the tDCS intervention will affect verbal memory functions. There will be a maximum of ten days between pre and post testing, since the entire stimulation procedure (six stimulations) will be executed during ten days.</description>
  </primary_outcome>
  <number_of_arms>2</number_of_arms>
  <enrollment type="Anticipated">30</enrollment>
  <condition>Alzheimer Disease</condition>
  <arm_group>
    <arm_group_label>Active tDCS</arm_group_label>
    <arm_group_type>Experimental</arm_group_type>
    <description>Participants receive active tDCS stimulation. Half of the participants receive active tDCS stimulation, i.e 30 minutes active stimulation of the temporal cortex.</description>
  </arm_group>
  <arm_group>
    <arm_group_label>Placebo tDCS</arm_group_label>
    <arm_group_type>Placebo Comparator</arm_group_type>
    <description>Participants receive placebo tDCS stimulation. Half of the participants receive placebo tDCS stimulation, i.e 30 minutes inactive stimulation of the temporal cortex.</description>
  </arm_group>
  <intervention>
    <intervention_type>Other</intervention_type>
    <intervention_name>tDCS</intervention_name>
    <description>Transcranial Direct Current Stimulation (tDCS) is a non-invasive treatment method, using a low Direct current stimulation to increase excitability and thus stimulate plasticity and cognitive functions.</description>
    <arm_group_label>Active tDCS</arm_group_label>
  </intervention>
  <intervention>
    <intervention_type>Other</intervention_type>
    <intervention_name>Placebo tDCS</intervention_name>
    <description>Half of the patients will receive Placebo tDCS. The procedure is the same as for active tDCS, but the in the Placebo tDCS the stimulation is non-active / sham.</description>
    <arm_group_label>Placebo tDCS</arm_group_label>
  </intervention>
  <eligibility>
    <criteria>
      <textblock>
        Inclusion Criteria:

          -  Alzheimers disease according to (National Institute of Neurological and Communicative
             Disorders and Stroke and the Alzheimer's Disease and Related Disorders Association).

          -  The cognitive impairment and decline must be documented by cognitive /
             neuropsychological testing and from an informant.

        Exclusion Criteria:

          -  Stroke,

          -  Cancer,

          -  Psychiatric disorders (major depression, psychosis) or diseases / injuries in the
             central nervous system.
      </textblock>
    </criteria>
    <gender>All</gender>
    <minimum_age>50 Years</minimum_age>
    <maximum_age>85 Years</maximum_age>
    <healthy_volunteers>No</healthy_volunteers>
  </eligibility>
  <overall_official>
    <last_name>Per M Aslaksen, PhD</last_name>
    <role>Study Director</role>
    <affiliation>University of Tromso</affiliation>
  </overall_official>
  <overall_contact>
    <last_name>Per M Aslaksen, PhD</last_name>
    <phone>0047776 49234</phone>
  </overall_contact>
  <overall_contact_backup>
    <last_name>Martin K Bystad, Cand.psychol</last_name>
    <phone>0047760809</phone>
  </overall_contact_backup>
  <location>
    <facility>
      <name>Department of Psychology, University of Tromsø</name>
      <address>
        <city>Tromsø</city>
        <zip>N-9037</zip>
        <country>Norway</country>
      </address>
    </facility>
    <status>Recruiting</status>
    <contact>
      <last_name>Per M Aslaksen, PhD</last_name>
      <phone>004777649234</phone>
    </contact>
    <contact_backup>
      <last_name>Martin K Bystad, Cand.Psychol</last_name>
      <phone>004777620809</phone>
    </contact_backup>
  </location>
  <location_countries>
    <country>Norway</country>
  </location_countries>
  <verification_date>August 2015</verification_date>
  <!-- Old date names will be dropped in a few months (sometime in 2018)                        -->
  <lastchanged_date>August 10, 2015</lastchanged_date>
  <firstreceived_date>June 8, 2015</firstreceived_date>
  <!-- New date names                                                                           -->
  <study_first_submitted>June 8, 2015</study_first_submitted>
  <study_first_submitted_qc>August 6, 2015</study_first_submitted_qc>
  <study_first_posted type="Estimate">August 7, 2015</study_first_posted>
  <last_update_submitted>August 10, 2015</last_update_submitted>
  <last_update_submitted_qc>August 10, 2015</last_update_submitted_qc>
  <last_update_posted type="Estimate">August 11, 2015</last_update_posted>
  <!-- End of dates                                                                             -->
  <responsible_party>
    <responsible_party_type>Sponsor</responsible_party_type>
  </responsible_party>
  <keyword>Alzheimers disease</keyword>
  <keyword>Transcranial direct current stimulation (tDCS)</keyword>
  <keyword>Neuromodulation</keyword>
  <keyword>Neuropsychology</keyword>
  <condition_browse>
    <!-- CAUTION:  The following MeSH terms are assigned with an imperfect algorithm            -->
    <mesh_term>Alzheimer Disease</mesh_term>
  </condition_browse>
  <intervention_browse>
    <!-- CAUTION:  The following MeSH terms are assigned with an imperfect algorithm            -->
    <mesh_term>Nootropic Agents</mesh_term>
  </intervention_browse>
  <!-- Results have not yet been posted for this study                                          -->
</clinical_study>

