<?xml version="1.0" encoding="UTF-8"?>
<clinical_study rank="289">
  <!-- This xml conforms to an XML Schema at:
    https://clinicaltrials.gov/ct2/html/images/info/public.xsd -->
  <required_header>
    <download_date>ClinicalTrials.gov processed this data on November 07, 2017</download_date>
    <link_text>Link to the current ClinicalTrials.gov record.</link_text>
    <url>https://clinicaltrials.gov/show/NCT02772523</url>
  </required_header>
  <id_info>
    <org_study_id>ALFAlife/BBRC2015</org_study_id>
    <nct_id>NCT02772523</nct_id>
  </id_info>
  <brief_title>Control and Intervention Programme on Alzheimer's Disease Risk Factors</brief_title>
  <acronym>ALFAlife</acronym>
  <official_title>Control and Intervention Programme on Alzheimer's Disease Risk Factors</official_title>
  <sponsors>
    <lead_sponsor>
      <agency>Barcelonabeta Brain Research Center, Pasqual Maragall Foundation</agency>
      <agency_class>Other</agency_class>
    </lead_sponsor>
  </sponsors>
  <source>Barcelonabeta Brain Research Center, Pasqual Maragall Foundation</source>
  <oversight_info>
    <has_dmc>No</has_dmc>
  </oversight_info>
  <brief_summary>
    <textblock>
      Recent epidemiologic studies are identifying a number of modifiable risk and protective
      factors that may influence in the incidence of Alzheimer's disease (AD). Therefore, the
      combination of an early detection of individuals at risk together with interventional studies
      targeted to the control of modifiable risk factors makes primary prevention programmes to
      become a new and real therapeutic strategy.

      In this scenario, the investigators have designed the ALFAlife study, a programme of control
      and intervention on the modifiable AD risk factors. Throughout this study, participants will
      be given a number of healthy lifestyle guidelines that are personalised depending on their
      specific risk profile. These guidelines refer to smoking and dietary habits and physical,
      cognitive and social activity. The investigators hypothesis is that the follow-up of these
      guidelines will favor a change of participants' lifestyle habits towards healthier ones. In
      addition, the investigators hypothesise that changes in these lifestyle habits will have an
      effect on objective physiological measures (such as blood pressure and cholesterol levels).
    </textblock>
  </brief_summary>
  <overall_status>Active, not recruiting</overall_status>
  <start_date>May 2016</start_date>
  <completion_date type="Anticipated">May 2019</completion_date>
  <primary_completion_date type="Anticipated">May 2018</primary_completion_date>
  <phase>N/A</phase>
  <study_type>Interventional</study_type>
  <has_expanded_access>No</has_expanded_access>
  <study_design_info>
    <intervention_model>Single Group Assignment</intervention_model>
    <primary_purpose>Prevention</primary_purpose>
    <masking>None (Open Label)</masking>
  </study_design_info>
  <primary_outcome>
    <measure>Change in Short Version of the Minnesota Leisure Time Physical Activity Questionnaire</measure>
    <time_frame>1 year; change between baseline and one year after</time_frame>
  </primary_outcome>
  <primary_outcome>
    <measure>Change in 14-item mediterranean diet Questionnaire</measure>
    <time_frame>1 year; change between baseline and one year after</time_frame>
  </primary_outcome>
  <primary_outcome>
    <measure>Change in Lifestyle Activities Questionnaire (LAQ)</measure>
    <time_frame>1 year; change between baseline and one year after</time_frame>
  </primary_outcome>
  <number_of_arms>1</number_of_arms>
  <enrollment type="Actual">409</enrollment>
  <condition>Alzheimer's Disease</condition>
  <arm_group>
    <arm_group_label>Intervention</arm_group_label>
    <arm_group_type>Other</arm_group_type>
  </arm_group>
  <intervention>
    <intervention_type>Other</intervention_type>
    <intervention_name>Lifestyle recommendations</intervention_name>
    <description>Dietary, and physical, cognitive and social activity recommendations</description>
    <arm_group_label>Intervention</arm_group_label>
  </intervention>
  <eligibility>
    <criteria>
      <textblock>
        Inclusion Criteria:

          -  Participants in the ALFA study (NCT01835717)

          -  Computer literacy

          -  Accept study's tests and procedures

          -  Signature of informed consent

        Exclusion Criteria:

          -  Cognitive impairment assessed by clinical criteria that, according to the
             investigator's evaluation could interfere with the study's follow-up.

          -  Anxiety or depression assessed by clinical criteria that, according to the
             investigator's evaluation could interfere with the study's follow-up.

          -  Visual and/or hearing impairment severe enough to impede tests realization.

          -  Major psychiatric or neurological disorder or other diseases that according to the
             investigator's evaluation could interfere with the study's follow-up.

          -  Antecedents of infarction, ischemic heart disease, stroke, peripheral vascular
             disease, stent or aneurysm clip
      </textblock>
    </criteria>
    <gender>All</gender>
    <minimum_age>45 Years</minimum_age>
    <maximum_age>78 Years</maximum_age>
    <healthy_volunteers>Accepts Healthy Volunteers</healthy_volunteers>
  </eligibility>
  <location>
    <facility>
      <name>Barcelonabeta Brain Research Center</name>
      <address>
        <city>Barcelona</city>
        <state>Catalonia</state>
        <zip>08005</zip>
        <country>Spain</country>
      </address>
    </facility>
  </location>
  <location_countries>
    <country>Spain</country>
  </location_countries>
  <verification_date>March 2017</verification_date>
  <!-- Old date names will be dropped in a few months (sometime in 2018)                        -->
  <lastchanged_date>March 1, 2017</lastchanged_date>
  <firstreceived_date>May 6, 2016</firstreceived_date>
  <!-- New date names                                                                           -->
  <study_first_submitted>May 6, 2016</study_first_submitted>
  <study_first_submitted_qc>May 11, 2016</study_first_submitted_qc>
  <study_first_posted type="Estimate">May 13, 2016</study_first_posted>
  <last_update_submitted>March 1, 2017</last_update_submitted>
  <last_update_submitted_qc>March 1, 2017</last_update_submitted_qc>
  <last_update_posted type="Actual">March 3, 2017</last_update_posted>
  <!-- End of dates                                                                             -->
  <responsible_party>
    <responsible_party_type>Sponsor</responsible_party_type>
  </responsible_party>
  <keyword>Primary Prevention</keyword>
  <condition_browse>
    <!-- CAUTION:  The following MeSH terms are assigned with an imperfect algorithm            -->
    <mesh_term>Alzheimer Disease</mesh_term>
  </condition_browse>
  <!-- Results have not yet been posted for this study                                          -->
</clinical_study>

