<?xml version="1.0" encoding="UTF-8"?>
<clinical_study rank="285">
  <!-- This xml conforms to an XML Schema at:
    https://clinicaltrials.gov/ct2/html/images/info/public.xsd -->
  <required_header>
    <download_date>ClinicalTrials.gov processed this data on November 07, 2017</download_date>
    <link_text>Link to the current ClinicalTrials.gov record.</link_text>
    <url>https://clinicaltrials.gov/show/NCT02240693</url>
  </required_header>
  <id_info>
    <org_study_id>1289.5</org_study_id>
    <secondary_id>2013-005031-24</secondary_id>
    <nct_id>NCT02240693</nct_id>
  </id_info>
  <brief_title>Alzheimer Disease Proof of Concept Study With BI 409306 Versus Placebo</brief_title>
  <official_title>A Multi-centre, Double-blind, Parallel-group, Randomized Controlled Study to Investigate the Efficacy, Safety and Tolerability of Orally Administered BI 409306 During a 12-week Treatment Period Compared to Placebo in Patients With Alzheimer Disease</official_title>
  <sponsors>
    <lead_sponsor>
      <agency>Boehringer Ingelheim</agency>
      <agency_class>Industry</agency_class>
    </lead_sponsor>
  </sponsors>
  <source>Boehringer Ingelheim</source>
  <brief_summary>
    <textblock>
      The study is designed to compare the effects of 4 different doses of orally administered BI
      409306 to placebo in patients with Alzheimers Disease
    </textblock>
  </brief_summary>
  <overall_status>Active, not recruiting</overall_status>
  <start_date type="Actual">January 15, 2015</start_date>
  <completion_date type="Anticipated">October 9, 2017</completion_date>
  <primary_completion_date type="Anticipated">September 11, 2017</primary_completion_date>
  <phase>Phase 2</phase>
  <study_type>Interventional</study_type>
  <has_expanded_access>No</has_expanded_access>
  <study_design_info>
    <allocation>Randomized</allocation>
    <intervention_model>Parallel Assignment</intervention_model>
    <primary_purpose>Treatment</primary_purpose>
    <masking>Double</masking>
  </study_design_info>
  <primary_outcome>
    <measure>The primary endpoint is Neuropsychological Test Battery (NTB) response, defined as change from baseline in total z-score after 12-week treatment.</measure>
    <time_frame>12 weeks</time_frame>
  </primary_outcome>
  <secondary_outcome>
    <measure>Change from baseline in ADCS-MCI-ADL (Alzheimer's Disease Cooperative Study/Activities of Daily Living scale adapted for MCI patients) total score after 12-week treatment.</measure>
    <time_frame>12 weeks</time_frame>
  </secondary_outcome>
  <secondary_outcome>
    <measure>Change from baseline CDR-SB (Clinical Dementia Rating, Sum of Boxes) after 12- week treatment</measure>
    <time_frame>12 weeks</time_frame>
  </secondary_outcome>
  <secondary_outcome>
    <measure>Change from baseline in ADAS-Cog11 (Alzheimers Disease Assessment Scale-cognitive subscale) total score after 12-week treatment.</measure>
    <time_frame>12 weeks</time_frame>
  </secondary_outcome>
  <number_of_arms>5</number_of_arms>
  <enrollment type="Anticipated">105</enrollment>
  <condition>Alzheimer Disease</condition>
  <arm_group>
    <arm_group_label>BI 409306 dose 1</arm_group_label>
    <arm_group_type>Experimental</arm_group_type>
  </arm_group>
  <arm_group>
    <arm_group_label>BI 409306 dose 2</arm_group_label>
    <arm_group_type>Experimental</arm_group_type>
  </arm_group>
  <arm_group>
    <arm_group_label>BI 409306 dose 3</arm_group_label>
    <arm_group_type>Experimental</arm_group_type>
  </arm_group>
  <arm_group>
    <arm_group_label>BI 409306 dose 4</arm_group_label>
    <arm_group_type>Experimental</arm_group_type>
  </arm_group>
  <arm_group>
    <arm_group_label>Placebo</arm_group_label>
    <arm_group_type>Placebo Comparator</arm_group_type>
  </arm_group>
  <intervention>
    <intervention_type>Drug</intervention_type>
    <intervention_name>BI 409306</intervention_name>
    <arm_group_label>BI 409306 dose 1</arm_group_label>
  </intervention>
  <intervention>
    <intervention_type>Drug</intervention_type>
    <intervention_name>Placebo</intervention_name>
    <arm_group_label>BI 409306 dose 2</arm_group_label>
  </intervention>
  <intervention>
    <intervention_type>Drug</intervention_type>
    <intervention_name>BI 409306</intervention_name>
    <arm_group_label>BI 409306 dose 2</arm_group_label>
  </intervention>
  <intervention>
    <intervention_type>Drug</intervention_type>
    <intervention_name>Placebo</intervention_name>
    <arm_group_label>Placebo</arm_group_label>
  </intervention>
  <intervention>
    <intervention_type>Drug</intervention_type>
    <intervention_name>Placebo</intervention_name>
    <arm_group_label>BI 409306 dose 1</arm_group_label>
  </intervention>
  <intervention>
    <intervention_type>Drug</intervention_type>
    <intervention_name>BI 409306</intervention_name>
    <arm_group_label>BI 409306 dose 3</arm_group_label>
  </intervention>
  <intervention>
    <intervention_type>Drug</intervention_type>
    <intervention_name>BI 409306</intervention_name>
    <arm_group_label>BI 409306 dose 4</arm_group_label>
  </intervention>
  <intervention>
    <intervention_type>Drug</intervention_type>
    <intervention_name>Placebo</intervention_name>
    <arm_group_label>BI 409306 dose 3</arm_group_label>
  </intervention>
  <intervention>
    <intervention_type>Drug</intervention_type>
    <intervention_name>Placebo</intervention_name>
    <arm_group_label>BI 409306 dose 4</arm_group_label>
  </intervention>
  <eligibility>
    <criteria>
      <textblock>
        Inclusion criteria:

          -  Male and female patients with an age of at least 55 years

          -  Body weight not lower than 50 kgs

          -  Patients with a confirmed diagnosis of prodromal AD on neuropsychological testing
             defined as:

        Mini-Mental State Examination (MMSE) score: greater or equal 24 and a global CDR-score of 0
        or 0.5 and

        Free and Cued Selective Recall Reminding Test (FCSRT) score:

        free recall test: lower or equal 20 (out of 48) and total recall test: lower or equal 42
        (out of 48)

        Patients who do not reach the required score in FCSRT will additionally perform the
        Wechsler Memory Visual Paired Associates test. If the Wechsler Memory Visual Paired
        Associates test shows a cognitive deficit worse than 1 standard deviation to the mean
        (compared to the reference values of age and educational norms for inclusion), then the
        patients can be considered to be eligible for the study.

          -  Confirmation of abnormal markers of AD pathology either via a), or alternatively b)
             mentioned below:

               1. Presence in cerebrospinal fluid of (samples taken within past 4 months may be
                  eligible,:

                  low Aß1-42 concentrations (&lt; 640 pg/mL) and increased total tau concentrations (&gt;
                  375 pg/ml), or / and low Aß1-42 concentrations (&lt; 640 pg/mL) and increased
                  phospho-tau concentrations (&gt; 52 pg/mL in cerebrospinal fluid), or

               2. Abnormal amyloid deposition in a cerebral PET scan. Scans performed in the past
                  according to the recommendation in the protocol are acceptable

          -  Patients who have not received prescribed drugs for treatment of AD (including acetyl
             cholinesterase inhibitors (donepezil, galantamine, rivastigmine, tacrine, phenserine)
             and Memantine within three months prior to screening

          -  Patients must have at least 6 years of formal education and fluency in the test
             language as verbally confirmed by the patient and documented by the study
             investigator.

          -  Patients must have given written informed consent in accordance with Good Clinical
             Practice (GCP) and local legislation prior to any study procedures. All patients must
             be able to give informed consent personally and have capacity for such consent. An
             informed consent given by a legal representative will not be accepted.

          -  Patients must have a reliable study partner (per investigator judgement, for instance
             a family member, partner, guardian etc.)

        Exclusion criteria:

          -  Mild cognitive impairment with any etiology other than prodromal AD (for example:
             neurosyphilis, craniocerebral trauma, small vessel disease) based on clinical data
             and/or current laboratory findings and/or a pre-existing MRI or CT of the brain (CCT).
             If previous cranial imaging is not available or older than 12 months prior to
             screening then a CCT or MRI needs to be performed at screening

          -  Substantial concomitant cerebrovascular disease (defined by a history of a stroke /
             intracranial haemorrhagia) temporally related to the onset of worsening of cognitive
             impairment per investigator judgement

          -  Medical history of cancer (except for basal cell carcinoma) and/or treatment for
             cancer within the last 5 years

          -  Medical history or diagnosis of any of symptomatic and unstable/uncontrolled
             conditions per investigator judgement

          -  Severe renal impairment defined with a glomerular filtration rate (GFR) &lt;
             30ml/min/1.73m2 in the screening central lab report

          -  Any other psychiatric disorders such as schizophrenia, or mental retardation

          -  Any suicidal actions in the past 2 years (per investigator judgement i.e. actual
             attempt, interrupted attempt, aborted attempt, or preparatory acts or behaviour)

          -  Any suicidal ideation of type 4 or 5 in the Columbia Suicide Severity Rating Scale
             (C-SSRS) in the past 3 months (i.e. active suicidal thought with intent but without
             specific plan, or active suicidal thought with plan and intent)

          -  Previous participation in investigational drug studies of mild cognitive impairment
             within three months prior to screening. Having received active treatment in any other
             study targeting disease modification like Aß immunization and tau therapies. Previous
             participation in studies with non-prescription medications, vitamins or other
             nutritional formulations is allowed.

          -  Significant history of drug dependence or abuse (including alcohol, as defined in
             Diagnostic and Statistical Manual of Mental Disorders [DSM-V] or in the opinion of the
             investigator) within the last two years, or a positive urine drug screen for cocaine,
             heroin, or marijuana.

          -  Known history of HIV infection

          -  Any planned surgeries requiring general anaesthesia, or hospitalisation for more than
             1 day during the study period

          -  Pre-menopausal women (last menstruation &lt;= 1 year prior to informed consent) who are
             nursing or pregnant or are of child-bearing potential and are not practicing an
             acceptable method of birth control

          -  For male patients: Men who are able to father a child, unwilling to be abstinent or to
             use an adequate form of effective contraception for the duration of study
             participation and for at least 28 days after treatment has ended.

          -  Use of any investigational drug or procedure for other indications within 3 months or
             6 half-lives (whichever is longer) prior to randomization.

          -  Intake of the following medications within 3 months prior to randomization and
             intended to be initiated during the duration of the trial:

               1. tricyclic antidepressants,

               2. antidepressants that are monoamine oxidase inhibitors,

               3. neuroleptics with moderate or greater anticholinergic potency (e.g.
                  chlorpromazine, fluphenazine, loxapine, perphenazine, thioridazine),

               4. anticholinergic medications

        The following drugs may be given as needed if the total daily dose was stable 8 weeks prior
        to randomisation and is expected to be for the duration of the trial:

          1. neuroleptics listed in the protocol

          2. benzodiazepines and sedatives listed in the protocol

               -  Clinically significant uncompensated hearing loss in the judgment of the
                  investigator. Use of hearing aids is allowed.

               -  Known hypersensitivity to the drug product excipients
      </textblock>
    </criteria>
    <gender>All</gender>
    <minimum_age>55 Years</minimum_age>
    <maximum_age>N/A</maximum_age>
    <healthy_volunteers>No</healthy_volunteers>
  </eligibility>
  <overall_official>
    <last_name>Boehringer Ingelheim</last_name>
    <role>Study Chair</role>
    <affiliation>Boehringer Ingelheim</affiliation>
  </overall_official>
  <location>
    <facility>
      <name>Orange County Neuropsychiatric Research Center LLC</name>
      <address>
        <city>Orange</city>
        <state>California</state>
        <zip>92868</zip>
        <country>United States</country>
      </address>
    </facility>
  </location>
  <location>
    <facility>
      <name>California Neuroscience Research</name>
      <address>
        <city>Sherman Oaks</city>
        <state>California</state>
        <zip>91403</zip>
        <country>United States</country>
      </address>
    </facility>
  </location>
  <location>
    <facility>
      <name>Premiere Research Institute</name>
      <address>
        <city>West Palm Beach</city>
        <state>Florida</state>
        <zip>33407</zip>
        <country>United States</country>
      </address>
    </facility>
  </location>
  <location>
    <facility>
      <name>Memory Enhancement Center of America, Inc.</name>
      <address>
        <city>Eatontown</city>
        <state>New Jersey</state>
        <zip>07724</zip>
        <country>United States</country>
      </address>
    </facility>
  </location>
  <location>
    <facility>
      <name>Richmond Behavioral Associates</name>
      <address>
        <city>Staten Island</city>
        <state>New York</state>
        <zip>10312</zip>
        <country>United States</country>
      </address>
    </facility>
  </location>
  <location>
    <facility>
      <name>ANI Neurology, PLLC, dba Alzheimer's Memory Center</name>
      <address>
        <city>Charlotte</city>
        <state>North Carolina</state>
        <zip>28270</zip>
        <country>United States</country>
      </address>
    </facility>
  </location>
  <location>
    <facility>
      <name>Tulsa Clinical Research, LLC</name>
      <address>
        <city>Tulsa</city>
        <state>Oklahoma</state>
        <zip>74104</zip>
        <country>United States</country>
      </address>
    </facility>
  </location>
  <location>
    <facility>
      <name>Landeskrankenhaus Hall, Abt.f. Psychatrie &amp; Psychotherapie A</name>
      <address>
        <city>Hall in Tirol</city>
        <zip>6060</zip>
        <country>Austria</country>
      </address>
    </facility>
  </location>
  <location>
    <facility>
      <name>Ordination für Psychatrie und Neurologie</name>
      <address>
        <city>Wien</city>
        <zip>1130</zip>
        <country>Austria</country>
      </address>
    </facility>
  </location>
  <location>
    <facility>
      <name>Brussels-UNIV Brugmann -Horta</name>
      <address>
        <city>Brussel</city>
        <zip>1020</zip>
        <country>Belgium</country>
      </address>
    </facility>
  </location>
  <location>
    <facility>
      <name>Gent - UNIV UZ Gent</name>
      <address>
        <city>Gent</city>
        <zip>9000</zip>
        <country>Belgium</country>
      </address>
    </facility>
  </location>
  <location>
    <facility>
      <name>Royal Jubilee Hospital</name>
      <address>
        <city>Victoria</city>
        <state>British Columbia</state>
        <zip>V8R 1J8</zip>
        <country>Canada</country>
      </address>
    </facility>
  </location>
  <location>
    <facility>
      <name>True North Clinical Research Halifax, Inc.</name>
      <address>
        <city>Halifax</city>
        <state>Nova Scotia</state>
        <zip>B3S 1M7</zip>
        <country>Canada</country>
      </address>
    </facility>
  </location>
  <location>
    <facility>
      <name>True North Clinical Research Kentville, Inc.</name>
      <address>
        <city>Kentville</city>
        <state>Nova Scotia</state>
        <zip>B4B 4K9</zip>
        <country>Canada</country>
      </address>
    </facility>
  </location>
  <location>
    <facility>
      <name>Institut universitaire de geriatrie Sherbrooke</name>
      <address>
        <city>Quebec</city>
        <zip>J1J 3H5</zip>
        <country>Canada</country>
      </address>
    </facility>
  </location>
  <location>
    <facility>
      <name>HOP P. Wertheimer</name>
      <address>
        <city>Bron Cedex</city>
        <zip>69677</zip>
        <country>France</country>
      </address>
    </facility>
  </location>
  <location>
    <facility>
      <name>HOP Chauliac</name>
      <address>
        <city>Montpellier cedex 5</city>
        <zip>34295</zip>
        <country>France</country>
      </address>
    </facility>
  </location>
  <location>
    <facility>
      <name>HOP Laënnec</name>
      <address>
        <city>Nantes</city>
        <zip>44093</zip>
        <country>France</country>
      </address>
    </facility>
  </location>
  <location>
    <facility>
      <name>HOP La Pitié Salpêtrière</name>
      <address>
        <city>Paris</city>
        <zip>75651</zip>
        <country>France</country>
      </address>
    </facility>
  </location>
  <location>
    <facility>
      <name>HOP Jean Bernard, Géria, Poitiers</name>
      <address>
        <city>Poitiers Cedex</city>
        <zip>86021</zip>
        <country>France</country>
      </address>
    </facility>
  </location>
  <location>
    <facility>
      <name>Praxis Dr. Schumann</name>
      <address>
        <city>Berlin</city>
        <zip>10245</zip>
        <country>Germany</country>
      </address>
    </facility>
  </location>
  <location>
    <facility>
      <name>emovis GMBH, Berlin</name>
      <address>
        <city>Berlin</city>
        <zip>10629</zip>
        <country>Germany</country>
      </address>
    </facility>
  </location>
  <location>
    <facility>
      <name>Arzneimittelforschung Leipzig</name>
      <address>
        <city>Leipzig</city>
        <zip>04107</zip>
        <country>Germany</country>
      </address>
    </facility>
  </location>
  <location>
    <facility>
      <name>ZI für seelische Gesundheit</name>
      <address>
        <city>Mannheim</city>
        <zip>68159</zip>
        <country>Germany</country>
      </address>
    </facility>
  </location>
  <location>
    <facility>
      <name>Universitätsklinikum Ulm</name>
      <address>
        <city>Ulm</city>
        <zip>89081</zip>
        <country>Germany</country>
      </address>
    </facility>
  </location>
  <location>
    <facility>
      <name>Praxis Neurologie/Psychiatrie</name>
      <address>
        <city>Westerstede</city>
        <zip>26655</zip>
        <country>Germany</country>
      </address>
    </facility>
  </location>
  <location>
    <facility>
      <name>A.O. Spedali Civili di Brescia</name>
      <address>
        <city>Brescia</city>
        <zip>25123</zip>
        <country>Italy</country>
      </address>
    </facility>
  </location>
  <location>
    <facility>
      <name>Osp. S. Giovanni di Dio</name>
      <address>
        <city>Firenze</city>
        <zip>50143</zip>
        <country>Italy</country>
      </address>
    </facility>
  </location>
  <location>
    <facility>
      <name>Policlinico Gemelli</name>
      <address>
        <city>Roma</city>
        <zip>00168</zip>
        <country>Italy</country>
      </address>
    </facility>
  </location>
  <location>
    <facility>
      <name>Brain Research Center</name>
      <address>
        <city>Amsterdam</city>
        <zip>1081 GN</zip>
        <country>Netherlands</country>
      </address>
    </facility>
  </location>
  <location>
    <facility>
      <name>Podlassian Center of Psychogeriatry, Bialystok</name>
      <address>
        <city>Bialystok</city>
        <zip>15-732</zip>
        <country>Poland</country>
      </address>
    </facility>
  </location>
  <location>
    <facility>
      <name>Non-Public Outpat. Clinic 'Dom Sue Ryder', PALLMED Sp. z o.o</name>
      <address>
        <city>Bydgoszcz</city>
        <zip>85-796</zip>
        <country>Poland</country>
      </address>
    </facility>
  </location>
  <location>
    <facility>
      <name>Non-Public Outpatient Clinic 'Synapsa' Pawel Polrola, Kielce</name>
      <address>
        <city>Kielce</city>
        <zip>25-103</zip>
        <country>Poland</country>
      </address>
    </facility>
  </location>
  <location>
    <facility>
      <name>Mental Health Center Biomed</name>
      <address>
        <city>Kielce</city>
        <zip>25-411</zip>
        <country>Poland</country>
      </address>
    </facility>
  </location>
  <location>
    <facility>
      <name>Non-Public Outpatient Clinic Neuro-Kard Ilkowski &amp; Partners</name>
      <address>
        <city>Poznan</city>
        <zip>61-853</zip>
        <country>Poland</country>
      </address>
    </facility>
  </location>
  <location>
    <facility>
      <name>Medical Center Senior</name>
      <address>
        <city>Sopot</city>
        <zip>81-855</zip>
        <country>Poland</country>
      </address>
    </facility>
  </location>
  <location>
    <facility>
      <name>EUROMEDIS Sp. z o.o., Szczecin</name>
      <address>
        <city>Szczecin</city>
        <zip>70-111</zip>
        <country>Poland</country>
      </address>
    </facility>
  </location>
  <location>
    <facility>
      <name>Reg. Specialist Hospital Wroclaw, Research &amp; Develop. Center</name>
      <address>
        <city>Wroclaw</city>
        <zip>51-124</zip>
        <country>Poland</country>
      </address>
    </facility>
  </location>
  <location>
    <facility>
      <name>Hospital Fernando Fonseca, EPE</name>
      <address>
        <city>Amadora</city>
        <zip>2700-276</zip>
        <country>Portugal</country>
      </address>
    </facility>
  </location>
  <location>
    <facility>
      <name>CHUC - Centro Hospitalar e Universitário de Coimbra, EPE</name>
      <address>
        <city>Coimbra</city>
        <zip>3000-075</zip>
        <country>Portugal</country>
      </address>
    </facility>
  </location>
  <location>
    <facility>
      <name>CHLO, EPE - Hospital Egas Moniz</name>
      <address>
        <city>Lisboa</city>
        <zip>1349-019</zip>
        <country>Portugal</country>
      </address>
    </facility>
  </location>
  <location>
    <facility>
      <name>CHLN, EPE - Hospital de Santa Maria</name>
      <address>
        <city>Lisboa</city>
        <zip>1649-035</zip>
        <country>Portugal</country>
      </address>
    </facility>
  </location>
  <location>
    <facility>
      <name>Hospital Clínic de Barcelona</name>
      <address>
        <city>Barcelona</city>
        <zip>08036</zip>
        <country>Spain</country>
      </address>
    </facility>
  </location>
  <location>
    <facility>
      <name>Virgen de la Arrixaca</name>
      <address>
        <city>El Palmar (MURCIA)</city>
        <zip>30120</zip>
        <country>Spain</country>
      </address>
    </facility>
  </location>
  <location>
    <facility>
      <name>Hospital Universitari General de Catalunya</name>
      <address>
        <city>Sant Cugat del Vallès</city>
        <zip>08190</zip>
        <country>Spain</country>
      </address>
    </facility>
  </location>
  <location>
    <facility>
      <name>Hospital Mútua Terrassa</name>
      <address>
        <city>Terrasa (Barcelona)</city>
        <zip>08221</zip>
        <country>Spain</country>
      </address>
    </facility>
  </location>
  <location>
    <facility>
      <name>Royal United Hospital</name>
      <address>
        <city>Bath</city>
        <zip>BA1 3NG</zip>
        <country>United Kingdom</country>
      </address>
    </facility>
  </location>
  <location>
    <facility>
      <name>Derriford Hospital</name>
      <address>
        <city>Plymouth</city>
        <zip>PL21 9AB</zip>
        <country>United Kingdom</country>
      </address>
    </facility>
  </location>
  <location>
    <facility>
      <name>Re-Cognition Health</name>
      <address>
        <city>Plymouth</city>
        <zip>PL6 8BT</zip>
        <country>United Kingdom</country>
      </address>
    </facility>
  </location>
  <location_countries>
    <country>Austria</country>
    <country>Belgium</country>
    <country>Canada</country>
    <country>France</country>
    <country>Germany</country>
    <country>Italy</country>
    <country>Netherlands</country>
    <country>Poland</country>
    <country>Portugal</country>
    <country>Spain</country>
    <country>United Kingdom</country>
    <country>United States</country>
  </location_countries>
  <verification_date>July 2017</verification_date>
  <!-- Old date names will be dropped in a few months (sometime in 2018)                        -->
  <lastchanged_date>July 25, 2017</lastchanged_date>
  <firstreceived_date>September 15, 2014</firstreceived_date>
  <!-- New date names                                                                           -->
  <study_first_submitted>September 15, 2014</study_first_submitted>
  <study_first_submitted_qc>September 15, 2014</study_first_submitted_qc>
  <study_first_posted type="Estimate">September 16, 2014</study_first_posted>
  <last_update_submitted>July 25, 2017</last_update_submitted>
  <last_update_submitted_qc>July 25, 2017</last_update_submitted_qc>
  <last_update_posted type="Actual">July 26, 2017</last_update_posted>
  <!-- End of dates                                                                             -->
  <responsible_party>
    <responsible_party_type>Sponsor</responsible_party_type>
  </responsible_party>
  <condition_browse>
    <!-- CAUTION:  The following MeSH terms are assigned with an imperfect algorithm            -->
    <mesh_term>Alzheimer Disease</mesh_term>
  </condition_browse>
  <!-- Results have not yet been posted for this study                                          -->
</clinical_study>

