<?xml version="1.0" encoding="UTF-8"?>
<clinical_study rank="260">
  <!-- This xml conforms to an XML Schema at:
    https://clinicaltrials.gov/ct2/html/images/info/public.xsd -->
  <required_header>
    <download_date>ClinicalTrials.gov processed this data on November 07, 2017</download_date>
    <link_text>Link to the current ClinicalTrials.gov record.</link_text>
    <url>https://clinicaltrials.gov/show/NCT02694445</url>
  </required_header>
  <id_info>
    <org_study_id>MAC-001</org_study_id>
    <nct_id>NCT02694445</nct_id>
  </id_info>
  <brief_title>Monetary Cost of Alzheimer's Disease in China</brief_title>
  <official_title>Monetary Cost of Alzheimer's Disease in China: Study Protocol for a Cluster Randomized Observational Study</official_title>
  <sponsors>
    <lead_sponsor>
      <agency>Beijing Friendship Hospital</agency>
      <agency_class>Other</agency_class>
    </lead_sponsor>
    <collaborator>
      <agency>Chinese Medical Doctor Association</agency>
      <agency_class>Other</agency_class>
    </collaborator>
  </sponsors>
  <source>Beijing Friendship Hospital</source>
  <oversight_info>
    <has_dmc>Yes</has_dmc>
  </oversight_info>
  <brief_summary>
    <textblock>
      The purpose of the study is to estimate the Chinese economic burden in patients with
      Alzheimer's Disease (AD).
    </textblock>
  </brief_summary>
  <detailed_description>
    <textblock>
      This observational study covered all the 30 provincials/municipals/autonomous in mainland
      China except Hong Kong and Macau. Tier 3 hospitals, psychiatric hospitals, elderly hospitals,
      nursing home and communities were randomly selected as research centers, and more than 2500
      patients with AD and their caregivers were enrolled at last. The main outcome of this study
      was assessed not only by the electronic medical system of communities and hospitals, but also
      by questionnaires. Using a societal prevalence-based gross COI approach to estimated the
      total yearly costs of AD in China.
    </textblock>
  </detailed_description>
  <overall_status>Recruiting</overall_status>
  <start_date>January 2016</start_date>
  <completion_date type="Anticipated">August 2016</completion_date>
  <primary_completion_date type="Anticipated">May 2016</primary_completion_date>
  <phase>N/A</phase>
  <study_type>Observational</study_type>
  <has_expanded_access>No</has_expanded_access>
  <study_design_info>
    <observational_model>Case-Only</observational_model>
    <time_perspective>Cross-Sectional</time_perspective>
  </study_design_info>
  <primary_outcome>
    <measure>Nationwide cost due to AD</measure>
    <time_frame>one year</time_frame>
  </primary_outcome>
  <number_of_groups>1</number_of_groups>
  <enrollment type="Anticipated">2500</enrollment>
  <condition>Alzheimer's Disease</condition>
  <intervention>
    <intervention_type>Other</intervention_type>
    <intervention_name>observation</intervention_name>
    <description>The study is non-interventional.</description>
  </intervention>
  <eligibility>
    <study_pop>
      <textblock>
        Patients with Alzhemer's disease and their caregivers.
      </textblock>
    </study_pop>
    <sampling_method>Probability Sample</sampling_method>
    <criteria>
      <textblock>
        Inclusion Criteria:

          1. New patients who are diagnosed with AD in this investigation or old patients who were
             diagnosed prior to this investigation were eligible；

          2. AD diagnosis must meet criteria of the Diagnostic and Statistical Manual of Mental
             Disorders, Fourth Edition, Text Revision (DSM-IV-TR) and the National Institute of
             Neurologic and Communicative Disorders and Stroke and the Alzheimer's Disease and
             Related Disorders Association (NINCDS-ADRDA). The diagnosis should also meet the
             following: Modified Hachinski Ischemic Scale (MHIS) score≤4, Activity of Daily Living
             Scale (ADL) score≥23, Geriatric Depression Scale (GDS) score＜11. Neuroimaging MRI
             support AD diagnosis (exist atrophy in medial temporal lobe, white matter lesions
             score≤2 minutes according to the Fazekas criteria. AD disease classification according
             to mini-mental state examination (MMSE) scale (for illiterate dementia: mild: 21~24
             points; moderate: 11~20 points; severe: 10 points or less; for lettered dementia:
             mild: 16~19 points; moderate: 8~15 points; severe: 7 points or less). The diagnosis of
             AD was confirmed by brain CT or MRI scans and by laboratory tests to rule out any
             other significant comorbidity.

          3. 60-year-old and above, men or women.

          4. Normal vision or corrected visual, normal audition or corrected auditory, and
             cooperate with inspections and treatments.

          5. Consent to participate with a signed informed consent by himself/herself or guardians.

        Exclusion Criteria:

          1. Patient with vascular dementia or dementia caused by other reasons, such as major
             depression or other major psychiatric illnesses, thyroid dysfunction, encephalitis,
             multiple sclerosis, and other dementia which includes frontotemporal dementia (FTD),
             dementia with Lewy bodies (DLB), and Parkinson's dementia (PDD).

          2. MRI and laboratory tests (blood cell counts, liver and renal function, electrolyte,
             vitamin B12/folic, HIV, syphilis, and so on) do not support or rule out AD diagnoses.

          3. Has a history of alcoholism and drug abuse.
      </textblock>
    </criteria>
    <gender>All</gender>
    <minimum_age>60 Years</minimum_age>
    <maximum_age>N/A</maximum_age>
    <healthy_volunteers>No</healthy_volunteers>
  </eligibility>
  <overall_official>
    <last_name>Jia Jianping, Doctor</last_name>
    <role>Study Chair</role>
    <affiliation>Head of Neurology Department, Capital Medical University</affiliation>
  </overall_official>
  <overall_contact>
    <last_name>Jia Jianping, Doctor</last_name>
    <phone>0086-10-83198730</phone>
    <email>jiajp@vip.126.com</email>
  </overall_contact>
  <location>
    <facility>
      <name>Xuanwu Hospital, Capital Medical University</name>
      <address>
        <city>Beijing</city>
        <state>Beijing</state>
        <zip>100053</zip>
        <country>China</country>
      </address>
    </facility>
    <status>Recruiting</status>
    <contact>
      <last_name>Jia Jianping, Doctor</last_name>
      <phone>0086-10-83198730</phone>
      <email>jiajp@vip.126.com</email>
    </contact>
  </location>
  <location_countries>
    <country>China</country>
  </location_countries>
  <verification_date>January 2016</verification_date>
  <!-- Old date names will be dropped in a few months (sometime in 2018)                        -->
  <lastchanged_date>February 26, 2016</lastchanged_date>
  <firstreceived_date>February 24, 2016</firstreceived_date>
  <!-- New date names                                                                           -->
  <study_first_submitted>February 24, 2016</study_first_submitted>
  <study_first_submitted_qc>February 26, 2016</study_first_submitted_qc>
  <study_first_posted type="Estimate">February 29, 2016</study_first_posted>
  <last_update_submitted>February 26, 2016</last_update_submitted>
  <last_update_submitted_qc>February 26, 2016</last_update_submitted_qc>
  <last_update_posted type="Estimate">February 29, 2016</last_update_posted>
  <!-- End of dates                                                                             -->
  <responsible_party>
    <responsible_party_type>Principal Investigator</responsible_party_type>
    <investigator_affiliation>Beijing Friendship Hospital</investigator_affiliation>
    <investigator_full_name>Jianping Jia</investigator_full_name>
    <investigator_title>Professor</investigator_title>
  </responsible_party>
  <condition_browse>
    <!-- CAUTION:  The following MeSH terms are assigned with an imperfect algorithm            -->
    <mesh_term>Alzheimer Disease</mesh_term>
  </condition_browse>
  <patient_data>
    <sharing_ipd>Undecided</sharing_ipd>
  </patient_data>
  <!-- Results have not yet been posted for this study                                          -->
</clinical_study>

