<?xml version="1.0" encoding="UTF-8"?>
<clinical_study rank="199">
  <!-- This xml conforms to an XML Schema at:
    https://clinicaltrials.gov/ct2/html/images/info/public.xsd -->
  <required_header>
    <download_date>ClinicalTrials.gov processed this data on November 07, 2017</download_date>
    <link_text>Link to the current ClinicalTrials.gov record.</link_text>
    <url>https://clinicaltrials.gov/show/NCT00013650</url>
  </required_header>
  <id_info>
    <org_study_id>010128</org_study_id>
    <secondary_id>01-M-0128</secondary_id>
    <nct_id>NCT00013650</nct_id>
  </id_info>
  <brief_title>Effects of an Anti-Inflammatory Drug in Alzheimer's Disease</brief_title>
  <official_title>Pilot Study of Immunomodulatory Versus Antiinflammatory Therapy in Alzheimer's Disease</official_title>
  <sponsors>
    <lead_sponsor>
      <agency>National Institute of Mental Health (NIMH)</agency>
      <agency_class>NIH</agency_class>
    </lead_sponsor>
  </sponsors>
  <source>National Institutes of Health Clinical Center (CC)</source>
  <brief_summary>
    <textblock>
      The purpose of this study is to evaluate the effects of the drug cyclophosphamide (CY) on
      inflammation and immune responses in individuals with Alzheimer's Disease (AD).

      Inflammation and immunologic response appear to contribute to neurodegeneration in people
      with AD. In a process called gliosis, the brain immune cells microglia and astroglia undergo
      activation and possible proliferation, which promotes neuronal injury and death. Activated
      microglia and astroglia produce compounds that are cytotoxic to neurons, and they express
      molecules that greatly amplify immune and inflammatory processes in the brain. Excessive
      glial activation and proliferation are thought to be pivotal events that hasten the demise of
      synapses and neurons in AD. Fortunately, increased understanding of immune and inflammatory
      pathology in AD has provided new opportunities for designing disease-altering treatments for
      AD. Studies suggest that medications such as nonsteroidal anti-inflammatory drugs (NSAIDs)
      and immunomodulatory agents may have an important role in altering the course of AD. CY is a
      potent anti-inflammatory and immunomodulatory drug that inhibits proliferation of immune
      cells. This study will evaluate the effects of CY on individuals with mild to moderate AD.

      Participants in this study will be randomly assigned to receive either two different doses of
      CY or placebo (an inactive pill) for 6 months. Participants who receive placebo during the 6
      months will have the option of receiving CY for an additional 6 months. Participants will
      undergo magnetic resonance imaging (MRI) scans of the brain. Measures of cerebral spinal
      fluid biomarkers or neurodegeneration, neuroinflammation, and neuroimmune activation will be
      taken. In addition, peripheral lymphocyte subsets and peripheral markers of inflammation will
      be assessed.
    </textblock>
  </brief_summary>
  <detailed_description>
    <textblock>
      Objectives. The protocol is focused on the immune and inflammatory reactions in Alzheimer's
      disease (AD) and the possibility that blocking the inflammatory response may alter the course
      of the illness. The specific plan is to evaluate the biologic and clinical effects of two
      doses of cyclophosphamide (CY) immunotherapy in AD patients compared to the clinically
      available cyclooxygenase-2 inhibitor (COX-2), rofecoxib. The study will test the hypotheses
      that CY: 1) Is safe and tolerable in AD patients in meaningful clinical doses, 2) Can modify
      central nervous system inflammation and immune responses in AD, 3) Inhibits neurodegeneration
      in AD brains as indicated by peripheral biomarkers of AD pathology, and 4) Is different
      quantitatively or qualitatively in its effect on immune markers than placebo or other
      clinically-available anti-inflammatory drugs such as the COX-2 inhibitor, rofecoxib.

      Rationale. Inflammation and immunologic responses appear to contribute significantly to
      neurodegeneration in (AD). In a pathological process termed gliosis, the brain's resident
      immune cells (microglia and astroglia) undergo chronic activation and possible proliferation,
      promoting neuronal injury and death by several means. Activated microglia and astroglia
      produce compounds that are directly cytotoxic to neurons, and they express molecules that
      greatly amplify immune and inflammatory processes in the brain. Excessive glial activation
      and proliferation are thought to be pivotal events hastening the demise of synapses and
      neurons in AD. Conversely, the growing understanding of immune and inflammatory pathology in
      AD has provided new opportunities for designing disease-altering treatments for AD.
      Preliminary clinical trials of anti-inflammatory drugs in AD patients, epidemiologic studies
      of anti-inflammatory drug use, and experimental models linking neurodegeneration with
      neuroimmune/neuroinflammatory processes suggest strongly that medications such as
      nonsteroidal-anti-inflammatory drugs (NSAIDs) and immunomodulatory agents may have an
      important role in altering the course of AD. CY is a potent anti-inflammatory and
      immunomodulatory drug that acts primarily by inhibiting proliferation of immune cells.
      Moreover, as immune cell proliferation appears to be an important aspect of AD
      pathophysiology and disease progression, an exploratory, dose-finding trial of a
      cytotoxic/cytostatic drug such as CY is appropriate, especially since CY is already widely
      used for the treatment of other immune-mediated illnesses. Furthermore, a preliminary
      European trial of CY in AD patients has already demonstrated an improvement in cognitive
      function that correlated highly with the degree of immunomodulation achieved.

      Design. Study subjects will include 60 male and female patients with mild-moderate AD. In a
      randomized, placebo-controlled trial, two doses of CY or rofecoxib will be compared over a
      6-month period. While the primary outcome measures will be safety and immunologic data,
      cognitive and other behavioral measures will also be collected. The biological outcome
      measures will include measures of brain volume (assessed by magnetic resonance imaging) and
      cerebrospinal fluid biomarkers of neurodegeneration, neuroinflammation, and neuroimmune
      activation. In addition, peripheral lymphocyte subsets and peripheral markers of inflammation
      will be assessed. This design is meant to provide dose-finding data to help design a more
      definitive efficacy trial with CY if the safety/tolerability parameters are acceptable in
      this pilot study.
    </textblock>
  </detailed_description>
  <overall_status>Completed</overall_status>
  <start_date>March 22, 2001</start_date>
  <completion_date>April 21, 2008</completion_date>
  <phase>Phase 1</phase>
  <study_type>Interventional</study_type>
  <has_expanded_access>No</has_expanded_access>
  <study_design_info>
    <primary_purpose>Treatment</primary_purpose>
  </study_design_info>
  <enrollment>60</enrollment>
  <condition>Alzheimer's Disease</condition>
  <intervention>
    <intervention_type>Drug</intervention_type>
    <intervention_name>Cyclophosphamate</intervention_name>
  </intervention>
  <eligibility>
    <criteria>
      <textblock>
        -  INCLUSION CRITERIA:

        Subjects must have a diagnosis of probable Alzheimer's disease according to DSM-IV and
        NINDS criteria.

        Subjects must have mild-moderate severity of dementia according to the Clinical Dementia
        Rating Scale at the time of study.

        They must also have the ability to assign a DPA or have already assigned a DPA and give
        informed consent for this medication trial and be willing to undergo repeat lumbar
        punctures for the assessment of cerebrospinal fluid.

        EXCLUSION CRITERIA:

        Severe dementia (CDR score greater than 2).

        Diagnosis of probable vascular dementia.

        Inability to give assent for participation or designate a durable power of attorney.

        Medication history of cytotoxic drug therapy for more than 2 weeks during the 10 weeks
        prior to study entry, for more than 10 weeks at any time, or for anytime during the 30 day
        period prior to study entry.

        Recent use of continuous (more than 3 doses per week) nonsteroidal medication (at least one
        month before entry). Low dose aspirin will not be considered as continuous nonsteroidal
        anti-inflammatory medication.

        Known hypersensitivity to CY, aspirin or any nonsteroidal medication.

        Current use of allopurinol, rifampin, methotrexate or warfarin.

        Inflammatory conditions (such as SLE, autoimmune disease, etc.) which could respond to
        medications given in the medication protocol.

        Medical conditions including: active or chronic infection requiring antimicrobial therapy,
        serious viral infection (hepatitis, herpes zoster), a single functioning kidney, renal
        insufficiency (less than one third of normal GFR), significant hepatic dysfunction,
        pre-existent malignancy, insulin-treated diabetes mellitus, severe benign prostatic
        hypertrophy, immunosuppression, myelosuppression, lymphopenia, severe pulmonary
        dysfunction, history of gastrointestinal ulceration active within the last 5 years, history
        of gastrointestinal bleeding or perforation, or severe cardiac dysfunction.
      </textblock>
    </criteria>
    <gender>All</gender>
    <minimum_age>50 Years</minimum_age>
    <maximum_age>95 Years</maximum_age>
    <healthy_volunteers>No</healthy_volunteers>
  </eligibility>
  <location>
    <facility>
      <name>National Institutes of Health Clinical Center, 9000 Rockville Pike</name>
      <address>
        <city>Bethesda</city>
        <state>Maryland</state>
        <zip>20892</zip>
        <country>United States</country>
      </address>
    </facility>
  </location>
  <location_countries>
    <country>United States</country>
  </location_countries>
  <reference>
    <citation>Aisen PS, Davis KL, Berg JD, Schafer K, Campbell K, Thomas RG, Weiner MF, Farlow MR, Sano M, Grundman M, Thal LJ. A randomized controlled trial of prednisone in Alzheimer's disease. Alzheimer's Disease Cooperative Study. Neurology. 2000 Feb 8;54(3):588-93.</citation>
    <PMID>10680787</PMID>
  </reference>
  <verification_date>April 21, 2008</verification_date>
  <!-- Old date names will be dropped in a few months (sometime in 2018)                        -->
  <lastchanged_date>June 30, 2017</lastchanged_date>
  <firstreceived_date>March 27, 2001</firstreceived_date>
  <!-- New date names                                                                           -->
  <study_first_submitted>March 27, 2001</study_first_submitted>
  <study_first_submitted_qc>March 27, 2001</study_first_submitted_qc>
  <study_first_posted type="Estimate">March 28, 2001</study_first_posted>
  <last_update_submitted>June 30, 2017</last_update_submitted>
  <last_update_submitted_qc>June 30, 2017</last_update_submitted_qc>
  <last_update_posted type="Actual">July 2, 2017</last_update_posted>
  <!-- End of dates                                                                             -->
  <keyword>Alzheimer's Disease</keyword>
  <keyword>Immunomodulatory</keyword>
  <keyword>Antiinflammatory</keyword>
  <keyword>Cyclophosphamide</keyword>
  <keyword>Non-steroidal</keyword>
  <keyword>Complement</keyword>
  <keyword>Immune Function</keyword>
  <keyword>Immunotherapy</keyword>
  <condition_browse>
    <!-- CAUTION:  The following MeSH terms are assigned with an imperfect algorithm            -->
    <mesh_term>Alzheimer Disease</mesh_term>
  </condition_browse>
  <intervention_browse>
    <!-- CAUTION:  The following MeSH terms are assigned with an imperfect algorithm            -->
    <mesh_term>Anti-Inflammatory Agents</mesh_term>
  </intervention_browse>
  <!-- Results have not yet been posted for this study                                          -->
</clinical_study>

