<?xml version="1.0" encoding="UTF-8"?>
<clinical_study rank="254">
  <!-- This xml conforms to an XML Schema at:
    https://clinicaltrials.gov/ct2/html/images/info/public.xsd -->
  <required_header>
    <download_date>ClinicalTrials.gov processed this data on November 07, 2017</download_date>
    <link_text>Link to the current ClinicalTrials.gov record.</link_text>
    <url>https://clinicaltrials.gov/show/NCT01238458</url>
  </required_header>
  <id_info>
    <org_study_id>98-1852A</org_study_id>
    <nct_id>NCT01238458</nct_id>
  </id_info>
  <brief_title>Phase II Study for Amyloid Binding Imaging Study of [18F]AV-45 in Patients With Mild Cognitive Impairment, Alzheimer's Disease and Healthy Volunteers</brief_title>
  <acronym>[18F]AV-45</acronym>
  <official_title>Phase II Study for Amyloid Binding Imaging Study of [18F]AV-45 in Patients With Mild Cognitive Impairment, Alzheimer's Disease and Healthy Volunteers</official_title>
  <sponsors>
    <lead_sponsor>
      <agency>Chang Gung Memorial Hospital</agency>
      <agency_class>Other</agency_class>
    </lead_sponsor>
  </sponsors>
  <source>Chang Gung Memorial Hospital</source>
  <oversight_info>
    <has_dmc>Yes</has_dmc>
  </oversight_info>
  <brief_summary>
    <textblock>
      This study will recruit a total of 150 evaluable subjects (30 cognitively normal volunteers,
      and 60 MCI(Mild cognitive impairment), and 60 AD(Alzheimer's disease), respectively) Each
      evaluable subject involved in this study must fulfill all the inclusion and exclusion
      criteria according the subject grouping.

      Safety measurement will be evaluated by medical history, vital signs, physical examinations,
      laboratory examinations and collecting of adverse events.

      This study is expected to be completed in a period of 3 years.
    </textblock>
  </brief_summary>
  <detailed_description>
    <textblock>
      The primary objective of this protocol is to address the feasibility of clinical utilization
      of [18F]AV-45 in various neurodegenerative diseases. Specifically, we will expand the
      database of [18F]AV-45 PET imaging in Alzheimer's disease and MCI patients to refine the
      definition of a positive scan in patient with AD and MCI as compared to healthy control.
      Secondary, we will expand the safety database of [18F]AV-45 PET imaging. In addition, the
      image characteristics and prevalence of Aß positivity will be evaluated in different subsets
      of MCI and AD patients.
    </textblock>
  </detailed_description>
  <overall_status>Unknown status</overall_status>
  <last_known_status>Enrolling by invitation</last_known_status>
  <start_date>November 2009</start_date>
  <completion_date type="Anticipated">June 2013</completion_date>
  <primary_completion_date type="Actual">November 2011</primary_completion_date>
  <phase>Phase 2</phase>
  <study_type>Interventional</study_type>
  <has_expanded_access>No</has_expanded_access>
  <study_design_info>
    <allocation>Non-Randomized</allocation>
    <intervention_model>Parallel Assignment</intervention_model>
    <primary_purpose>Diagnostic</primary_purpose>
    <masking>None (Open Label)</masking>
  </study_design_info>
  <primary_outcome>
    <measure>To expand the safety database of [18F]AV-45 PET imaging</measure>
    <time_frame>one year</time_frame>
    <description>To expand the database of [18F]AV-45 PET imaging in Alzheimer's disease and MCI patients to refine the definition of a positive scan in patient with AD and MCI as compared to healthy control.</description>
  </primary_outcome>
  <secondary_outcome>
    <measure>To expand the safety database of [18F]AV-45 PET imaging</measure>
    <time_frame>two year</time_frame>
    <description>To expand the safety database of [18F]AV-45 PET imaging Safety variables include adverse event count, lab parameters, vital signs, and ECG. Comparison will be generally made to baseline, as appropriate.
To understand prevalence of Aß positivity in patients with MCI and AD. Images will be visually examined by a trained radiologist or nuclear medicine physician who is blinded to the subject diagnosis and will be reported as either Aβ positive (AD-like) or Aβ negative (not AD-like). The prevalence of Aß positivity in patients with MCI and AD will be recorded for comparison.</description>
  </secondary_outcome>
  <number_of_arms>1</number_of_arms>
  <enrollment type="Actual">150</enrollment>
  <condition>Alzheimer's Disease</condition>
  <arm_group>
    <arm_group_label>[18F]AV-45 PET amyloid binding imaging</arm_group_label>
    <arm_group_type>Experimental</arm_group_type>
  </arm_group>
  <intervention>
    <intervention_type>Drug</intervention_type>
    <intervention_name>[18F]AV-45 PET amyloid binding imaging</intervention_name>
    <description>This study will recruit a total of 150 evaluable subjects (30 cognitively normal volunteers, and 60 MCI, and 60 AD, respectively) Each evaluable subject involved in this study must fulfill all the inclusion and exclusion criteria according the subject grouping.
Safety measurement will be evaluated by medical history, vital signs, physical examinations, laboratory examinations and collecting of adverse events.</description>
    <arm_group_label>[18F]AV-45 PET amyloid binding imaging</arm_group_label>
  </intervention>
  <eligibility>
    <criteria>
      <textblock>
        Inclusion Criteria:

          -  Both genders ≥ 50 years old.

          -  Written and dated informed consent by self or by legal representative, to be obtained
             before any of the study procedures.

          -  30 cognitively normal volunteers with no evidence of significant cognitive impairment
             by history and psychometrictesting (MMSE &gt; 24).

          -  60 subjects with a diagnosis of AD according to the NINCDS-ADRDA criteria.

          -  60 subjects with a diagnosis of MCI

        Exclusion Criteria:

          1. Pregnant or becoming pregnant during the study (as documented by pregnancy testing at
             screening or at any date during the study according to the PI discretion) or current
             breast feeding.

          2. Modified Hachinski ischemic score of &gt;4 or those who meet the NINDS-AIREN criteria for
             vascular dementia.

          3. Any subject who has a clinically significant abnormal laboratory values, and/or
             clinically significant or unstable medical or psychiatric illness.

               -  Clinically significant hepatic, renal, pulmonary, metabolic, or endocrine
                  disturbances, especially thyroid disease;

               -  Current clinically significant cardiovascular disease. Clinically significant
                  cardiovascular disease usually includes one or more of the following:

                    -  cardiac surgery or myocardial infarction within the last 6 months;

                    -  unstable angina

                    -  coronary artery disease that required a change in medication within the last
                       3 months

                    -  decompensated congestive heart failure

                    -  significant cardiac arrhythmia or conduction disturbance, particularly those
                       resulting in atrial or ventricular fibrillation, or causing syncope, near
                       syncope, or other alterations in mental status

                    -  severe mitral or aortic valvular disease

                    -  uncontrolled high blood pressure

                    -  congenital heart disease

                    -  clinically significant abnormal result on ECG, including but not limited to
                       QTc&gt;450 msec iii. Clinically significant infectious disease, including AIDS
                       or HIV infection or active hepatitis B, active hepatitis C, HIV-1, or HIV-2

          4. History of drug or alcohol abuse within the last year, or prior prolonged history of
             abuse.

          5. Patients who have the evidence of neurodegenerative disorders other than AD, cognitive
             impairment resulting from trauma or brain damage, brain infarction, clinically
             significant psychiatric disease, epilepsy, are excluded.
      </textblock>
    </criteria>
    <gender>All</gender>
    <minimum_age>50 Years</minimum_age>
    <maximum_age>N/A</maximum_age>
    <healthy_volunteers>Accepts Healthy Volunteers</healthy_volunteers>
  </eligibility>
  <verification_date>September 2012</verification_date>
  <!-- Old date names will be dropped in a few months (sometime in 2018)                        -->
  <lastchanged_date>September 27, 2012</lastchanged_date>
  <firstreceived_date>October 21, 2010</firstreceived_date>
  <!-- New date names                                                                           -->
  <study_first_submitted>October 21, 2010</study_first_submitted>
  <study_first_submitted_qc>November 9, 2010</study_first_submitted_qc>
  <study_first_posted type="Estimate">November 10, 2010</study_first_posted>
  <last_update_submitted>September 27, 2012</last_update_submitted>
  <last_update_submitted_qc>September 27, 2012</last_update_submitted_qc>
  <last_update_posted type="Estimate">September 28, 2012</last_update_posted>
  <!-- End of dates                                                                             -->
  <responsible_party>
    <responsible_party_type>Principal Investigator</responsible_party_type>
    <investigator_affiliation>Chang Gung Memorial Hospital</investigator_affiliation>
    <investigator_full_name>Tzu-Chen Yen</investigator_full_name>
    <investigator_title>Nuclear Medicine</investigator_title>
  </responsible_party>
  <keyword>[18F]AV-45 PET amyloid binding imaging</keyword>
  <keyword>Alzheimer's disease</keyword>
  <keyword>mild cognitive impartment,</keyword>
  <condition_browse>
    <!-- CAUTION:  The following MeSH terms are assigned with an imperfect algorithm            -->
    <mesh_term>Alzheimer Disease</mesh_term>
    <mesh_term>Cognitive Dysfunction</mesh_term>
  </condition_browse>
  <!-- Results have not yet been posted for this study                                          -->
</clinical_study>

