<?xml version="1.0" encoding="UTF-8"?>
<clinical_study rank="491">
  <!-- This xml conforms to an XML Schema at:
    https://clinicaltrials.gov/ct2/html/images/info/public.xsd -->
  <required_header>
    <download_date>ClinicalTrials.gov processed this data on November 07, 2017</download_date>
    <link_text>Link to the current ClinicalTrials.gov record.</link_text>
    <url>https://clinicaltrials.gov/show/NCT02600130</url>
  </required_header>
  <id_info>
    <org_study_id>00-0000-01</org_study_id>
    <nct_id>NCT02600130</nct_id>
  </id_info>
  <brief_title>Allogeneic Human Mesenchymal Stem Cell Infusion Versus Placebo in Patients With Alzheimer's Disease</brief_title>
  <official_title>A Phase, I Prospective, Randomized, Double-Blinded, Placebo-controlled Trial to Evaluate the Safety and Potential Efficacy of Longeveron Allogeneic Human Mesenchymal Stem Cell (LMSCs) Infusion Versus Placebo in Patients With Alzheimer's Disease</official_title>
  <sponsors>
    <lead_sponsor>
      <agency>Longeveron LLC</agency>
      <agency_class>Industry</agency_class>
    </lead_sponsor>
  </sponsors>
  <source>Longeveron LLC</source>
  <oversight_info>
    <has_dmc>Yes</has_dmc>
  </oversight_info>
  <brief_summary>
    <textblock>
      This is a Phase I, prospective, randomized, placebo-controlled, double-blinded study designed
      to test the safety and efficacy of LMSCs (Longeveron Mesenchymal Stem Cells) for the
      treatment of subjects with clinically diagnosed Alzheimer's disease.
    </textblock>
  </brief_summary>
  <detailed_description>
    <textblock>
      This is a randomized, placebo-controlled clinical trial designed to evaluate the safety and
      efficacy of LMSCs (Longeveron Mesenchymal Stem Cells) or placebo in subjects with Alzheimer's
      Disease. Following a successful Safety Run-In Phase, a total of twenty-five (25) subjects
      will be randomized to (2:2:1) to receive low-dose LMSCs, high-dose LMSCs or placebo. After
      randomization, baseline imaging, and study product infusion, subjects will be followed up at
      2,4,13,39 and 52 week post study product infusion. Intention-to-treat study population will
      be used for the purpose of the endpoint analysis and safety evaluations.
    </textblock>
  </detailed_description>
  <overall_status>Recruiting</overall_status>
  <start_date>August 2016</start_date>
  <completion_date type="Anticipated">October 2019</completion_date>
  <primary_completion_date type="Anticipated">August 2018</primary_completion_date>
  <phase>Phase 1</phase>
  <study_type>Interventional</study_type>
  <has_expanded_access>No</has_expanded_access>
  <study_design_info>
    <allocation>Randomized</allocation>
    <intervention_model>Parallel Assignment</intervention_model>
    <primary_purpose>Treatment</primary_purpose>
    <masking>Quadruple (Participant, Care Provider, Investigator, Outcomes Assessor)</masking>
  </study_design_info>
  <primary_outcome>
    <measure>To demonstrate the safety of LMSCs administered to subjects with Alzheimer's disease.</measure>
    <time_frame>30 days post infusion</time_frame>
    <description>Incidence of any treatment-emergent serious adverse event (TE-SAE), defined as one or more of the following untoward medical occurrences happening within the first 30 days after infusion.
Life-threatening event (e.g., stroke or non-fatal pulmonary embolism).
Requires inpatient hospitalization or prolongation of existing hospitalization.
Results in persistent or significant disability/incapacity.
Results in death.
Leads to other clinically significant untoward laboratory test result(s) or medical condition(s), determined per Investigator's judgement (e.g., new clinically asymptomatic brain microhemorrhages).</description>
  </primary_outcome>
  <secondary_outcome>
    <measure>Preliminary efficacy will be determined by examining for changes in AD status and rate decline as assessed by the following.</measure>
    <time_frame>At Baseline, 2, 4, 13,26, 39, and 52 weeks</time_frame>
    <description>Neurological/neurocognitive assessments. ADAS-Cog 11 (Alzheimer's Disease Assessment Scale-cognitive subscale 11) MMSE (Mini Mental State Examination) NPI (Neuropsychiatric Inventory) UPSIT (University of Pennsylvania Smell Identification Test) GDS (Geriatric Depression Scale)
Quality of life assessments. ADCS-ADL (Alzheimer's Disease Cooperative Study Activities of Daily Living) QOL-AD (Quality of Life-Alzheimer's Disease)
Blood inflammatory and AD biomarkers. IL-1 IL-6 TGF-β1 TNF-α CRP D-Dimer Fibrinogen ApoE
Cerebrospinal fluid (CSF) inflammatory biomarkers. IL-1 IL-6 TGF-β1 TNF-α
CSF biomarkers of AD. Tau. Phosphorylated tau. Beta-amyloid.
Brain volumetry calculated using MRI, including:
Hippocampal volume. Ventricular volume. Whole-brain volume.</description>
  </secondary_outcome>
  <number_of_arms>3</number_of_arms>
  <enrollment type="Anticipated">30</enrollment>
  <condition>Alzheimer's Disease</condition>
  <arm_group>
    <arm_group_label>Cohort 1</arm_group_label>
    <arm_group_type>Experimental</arm_group_type>
    <description>Cohort 1 (10 subjects) Target dose 20 million Longeveron Mesenchymal Stem Cells (LMSCs) via peripheral intravenous infusion.</description>
  </arm_group>
  <arm_group>
    <arm_group_label>Cohort 2</arm_group_label>
    <arm_group_type>Experimental</arm_group_type>
    <description>Cohort 2 (10 subjects) Target dose 100 million Longeveron Mesenchymal Stem Cells (LMSCs)via peripheral intravenous infusion.</description>
  </arm_group>
  <arm_group>
    <arm_group_label>Cohort 3</arm_group_label>
    <arm_group_type>Placebo Comparator</arm_group_type>
    <description>Cohort 3 (5 subjects) Placebo (Plasmalyte A and 1% human serum albumin (HSA)) via peripheral intravenous infusion.</description>
  </arm_group>
  <intervention>
    <intervention_type>Biological</intervention_type>
    <intervention_name>Longeveron Mesenchymal Stem Cells</intervention_name>
    <description>via peripheral intravenous infusion</description>
    <arm_group_label>Cohort 1</arm_group_label>
    <arm_group_label>Cohort 2</arm_group_label>
  </intervention>
  <intervention>
    <intervention_type>Biological</intervention_type>
    <intervention_name>Placebo</intervention_name>
    <description>via peripheral intravenous infusion</description>
    <arm_group_label>Cohort 3</arm_group_label>
  </intervention>
  <eligibility>
    <criteria>
      <textblock>
        Inclusion Criteria: - All subjects enrolled in this trial must:

          -  provide written informed consent;

          -  be 50 - 80 years of age at the time of signing the Informed Consent form;

          -  have a body mass of 45 - 150 kg.

          -  at the time of enrollment, be diagnosed with AD in accordance with the NINCDS-AA
             criteria;

          -  score between 18 and 24 on the Mini Mental State Examination (MMSE);

          -  has one (or more) identified adult caregiver who is willing to provide written
             informed consent for his/her own participation; is able to read, understand, and speak
             the designated language at the study site; either lives with the subject or sees the
             subject for ≥2 hours/day ≥3 days/week; and agrees to accompany the subject to each
             study visit.

          -  blood oxygen saturation ≥93% determined via pulse oximetry.

          -  have a brain MRI consistent with AD;

          -  have a PET scan using an FDA-approved tracer (e.g., AMYViD, Vizamyl, or Neuraceq), and
             which indicates the presence of beta-amyloid plaques in the cerebral cortex, within 5
             years of enrollment;

          -  have normal levels of thyroid hormone (free T4) and thyroid-stimulating hormone (TSH);

          -  have normal levels of B12 and folate;

          -  be using an acetylcholinesterase inhibitor and/or Memantine treatment on a stable
             dosage for at least 4 months prior to screening;

          -  have a designated study partner who will accompany the subject to all clinic visits
             and participate in the subject's clinical assessments;

          -  be living in the community, including in an assisted living facility, but excluding
             long-term care nursing facilities.

          -  be negative for hepatitis B HsAg, viremic hepatitis C, and HIV.

        Exclusion Criteria:All subjects enrolled in this trial must not:

          -  be unable to perform any of the assessments required for endpoint analysis;

          -  show signs of dementia other than AD, such as from AIDS (Acquired Immunodeficiency
             Syndrome), CJD (Creutzfeldt-Jakob disease), LBD (Lewy Bodies dementia), CVD
             (Cerebrovascular dementia), PSP (Progressive Supranuclear Palsy), MCI (multiple
             cerebral infarctions) or NPH (normal pressure hydrocephalus);

          -  have any other neurodegenerative disease;

          -  have a history of a seizure disorder;

          -  have clinically important abnormal screening laboratory values beyond AD;

          -  have any conditions that would contraindicate an MRI, such as the presence metallic
             objects in the eyes, skin, or heart;

          -  have any conditions that would contraindicate a PET scan;

          -  have &gt; 4 cerebral microhemorrhages (regardless of their anatomical location or
             diagnostic characterization as &quot;possible&quot; or &quot;definite&quot;), a single area of superficial
             siderosis, or evidence of a prior macrohemorrhage as assessed by MRI;

          -  be currently using corticosteroids or similar powerful steroidal anti-inflammatory
             medication (e.g., Prednisone) on a regular basis (exceptions allowed include regular
             use of steroidal nasal sprays, topical steroids, and estrogen-replacement therapy);

          -  be active listed (or expected to be listed) for transplant of any organ;

          -  be an organ transplant recipient;

          -  have a known hypersensitivity to dimethyl sulfoxide (DMSO).

          -  have a condition that is projected to limited life expectancy to &lt; 1 year.

          -  have a sitting or resting systolic blood pressure &gt;180 mm Hg or diastolic blood
             pressure &gt;110 mm Hg at Screening;

          -  Have a history of alcohol or drug abuse within the past 5 years.

          -  have been diagnosed with malignancy within the past 5 years, with the exception of
             curatively-treated basal cell carcinoma, squamous cell carcinoma, melanoma in situ or
             cervical carcinoma;

          -  be female with an FSH &lt; 25.8 IU/L;

          -  be a female who is pregnant, nursing, or of childbearing potential (defined in Section
             9.2.2) while not practicing effective contraception (female subjects must undergo a
             urine pregnancy test at screening and on the infusion day prior to infusion);

          -  have any serious illness or any other condition that, in the opinion of the
             investigator, may compromise the safety or compliance of the subject or preclude
             successful completion of the study;

          -  have any serious illness or any other condition that, in the opinion of the
             investigator, may compromise the validity of the study (e.g., signs of stroke,
             traumatic brain injury (TBI), multiple sclerosis (MS), amyotrophic lateral sclerosis
             (ALS), and Parkinsonism);

          -  have participated in any investigational therapeutic or device trial within the past 5
             years that the investigator feels would influence or affect the outcome of the study;

          -  Be currently participating (or participated within the previous 30 days) in an
             investigational therapeutic or device trial.
      </textblock>
    </criteria>
    <gender>All</gender>
    <minimum_age>50 Years</minimum_age>
    <maximum_age>80 Years</maximum_age>
    <healthy_volunteers>No</healthy_volunteers>
  </eligibility>
  <overall_official>
    <last_name>Bernard S. Baumel, MD</last_name>
    <role>Principal Investigator</role>
    <affiliation>Principal Investigator</affiliation>
  </overall_official>
  <overall_contact>
    <last_name>Suzanne Page, JD</last_name>
    <phone>305-342-9590</phone>
    <email>spage@longeveron.com</email>
  </overall_contact>
  <overall_contact_backup>
    <last_name>Ann Glasse, RN, BSN, MBA</last_name>
    <phone>786-769-4935</phone>
    <email>aglasse@longeveron.com</email>
  </overall_contact_backup>
  <location>
    <facility>
      <name>University of Miami Miller School of Medicine</name>
      <address>
        <city>Miami</city>
        <state>Florida</state>
        <zip>33136</zip>
        <country>United States</country>
      </address>
    </facility>
    <status>Recruiting</status>
    <contact>
      <last_name>Carmen Perez</last_name>
      <phone>305-243-0184</phone>
      <email>c.perez71@med.miami.edu</email>
    </contact>
    <investigator>
      <last_name>Bernard S. Baumel, MD</last_name>
      <role>Principal Investigator</role>
    </investigator>
  </location>
  <location_countries>
    <country>United States</country>
  </location_countries>
  <verification_date>March 2017</verification_date>
  <!-- Old date names will be dropped in a few months (sometime in 2018)                        -->
  <lastchanged_date>March 16, 2017</lastchanged_date>
  <firstreceived_date>November 2, 2015</firstreceived_date>
  <!-- New date names                                                                           -->
  <study_first_submitted>November 2, 2015</study_first_submitted>
  <study_first_submitted_qc>November 6, 2015</study_first_submitted_qc>
  <study_first_posted type="Estimate">November 9, 2015</study_first_posted>
  <last_update_submitted>March 16, 2017</last_update_submitted>
  <last_update_submitted_qc>March 16, 2017</last_update_submitted_qc>
  <last_update_posted type="Actual">March 17, 2017</last_update_posted>
  <!-- End of dates                                                                             -->
  <responsible_party>
    <responsible_party_type>Sponsor</responsible_party_type>
  </responsible_party>
  <condition_browse>
    <!-- CAUTION:  The following MeSH terms are assigned with an imperfect algorithm            -->
    <mesh_term>Alzheimer Disease</mesh_term>
  </condition_browse>
  <patient_data>
    <sharing_ipd>No</sharing_ipd>
  </patient_data>
  <!-- Results have not yet been posted for this study                                          -->
</clinical_study>

