<?xml version="1.0" encoding="UTF-8"?>
<clinical_study rank="138">
  <!-- This xml conforms to an XML Schema at:
    https://clinicaltrials.gov/ct2/html/images/info/public.xsd -->
  <required_header>
    <download_date>ClinicalTrials.gov processed this data on November 07, 2017</download_date>
    <link_text>Link to the current ClinicalTrials.gov record.</link_text>
    <url>https://clinicaltrials.gov/show/NCT00348192</url>
  </required_header>
  <id_info>
    <org_study_id>AZ3106242</org_study_id>
    <nct_id>NCT00348192</nct_id>
  </id_info>
  <brief_title>SB-742457 And Donepezil In Alzheimer's Disease</brief_title>
  <official_title>A Double-Blind, Randomised, Placebo-Controlled, Parallel Group Study to Investigate the Effects of SB-742457, Donepezil and Placebo on Cognition in Subjects With Mild to Moderate Alzheimer's Disease</official_title>
  <sponsors>
    <lead_sponsor>
      <agency>GlaxoSmithKline</agency>
      <agency_class>Industry</agency_class>
    </lead_sponsor>
  </sponsors>
  <source>GlaxoSmithKline</source>
  <brief_summary>
    <textblock>
      The purpose of this study is to find out if SB-742457 is a safe treatment and what effects it
      has on the symptoms of mild to moderate Alzheimer's Disease. SB-742457 is a new treatment
      which is thought to increase the levels of certain chemicals in the brain that are often
      decreased in patients with Alzheimer's Disease.
    </textblock>
  </brief_summary>
  <overall_status>Completed</overall_status>
  <start_date>May 2006</start_date>
  <phase>Phase 2</phase>
  <study_type>Interventional</study_type>
  <has_expanded_access>No</has_expanded_access>
  <study_design_info>
    <allocation>Randomized</allocation>
    <intervention_model>Parallel Assignment</intervention_model>
    <primary_purpose>Treatment</primary_purpose>
    <masking>Double</masking>
  </study_design_info>
  <primary_outcome>
    <measure>Change in cognition and function after 24 weeks.</measure>
  </primary_outcome>
  <secondary_outcome>
    <measure>Change in behavioral symptoms, activities of daily living and caregiver burden after 24 weeks Changes in all symptoms at 8 and 12 weeks Safety and tolerability PK (pharmacokinetic) profiling. Efficacy related to ApoE and HTR6 status</measure>
  </secondary_outcome>
  <number_of_arms>1</number_of_arms>
  <enrollment>200</enrollment>
  <condition>Alzheimer's Disease</condition>
  <intervention>
    <intervention_type>Drug</intervention_type>
    <intervention_name>SB-742457</intervention_name>
  </intervention>
  <intervention>
    <intervention_type>Drug</intervention_type>
    <intervention_name>donepezil</intervention_name>
    <other_name>SB-742457</other_name>
  </intervention>
  <eligibility>
    <criteria>
      <textblock>
        Inclusion criteria:

          -  Clinical diagnosis of probable mild-to-moderate Alzheimer's Disease as determined by
             the NINCDS-ADRDA and DSM-IV criteria with an MMSE score of 12-24.

          -  Subjects and their caregivers must provide informed consent prior to study entry.

          -  Adequate blood pressure and laboratory values.

        Exclusion criteria:

          -  Females of child-bearing potential.

          -  Have other causes of dementia such as vascular damage, depression, bipolar affective
             disorder, schizophrenia, syphilis, vitamin B12 deficiency or thyroid deficiency.

          -  Subjects taking medication for Alzheimers disease or centrally acting agents which
             might impact study outcomes.

          -  Subjects taking agents for which there is a theoretical risk of interaction with
             SB-742457 or donepezil.

          -  Subjects with conditions which might be exacerbated by exposure to donepezil.

          -  Subjects with known hypersensitivity to sunlight or seizures.
      </textblock>
    </criteria>
    <gender>All</gender>
    <minimum_age>50 Years</minimum_age>
    <maximum_age>85 Years</maximum_age>
    <healthy_volunteers>No</healthy_volunteers>
  </eligibility>
  <overall_official>
    <last_name>GSK Clinical Trials, MD</last_name>
    <role>Study Director</role>
    <affiliation>GlaxoSmithKline</affiliation>
  </overall_official>
  <location>
    <facility>
      <name>GSK Investigational Site</name>
      <address>
        <city>Hall in Tirol</city>
        <zip>A-6060</zip>
        <country>Austria</country>
      </address>
    </facility>
  </location>
  <location>
    <facility>
      <name>GSK Investigational Site</name>
      <address>
        <city>Vienna</city>
        <zip>A-1130</zip>
        <country>Austria</country>
      </address>
    </facility>
  </location>
  <location>
    <facility>
      <name>GSK Investigational Site</name>
      <address>
        <city>Vienna</city>
        <zip>A-1220</zip>
        <country>Austria</country>
      </address>
    </facility>
  </location>
  <location>
    <facility>
      <name>GSK Investigational Site</name>
      <address>
        <city>Sofia</city>
        <zip>1113</zip>
        <country>Bulgaria</country>
      </address>
    </facility>
  </location>
  <location>
    <facility>
      <name>GSK Investigational Site</name>
      <address>
        <city>Sofia</city>
        <zip>1431</zip>
        <country>Bulgaria</country>
      </address>
    </facility>
  </location>
  <location>
    <facility>
      <name>GSK Investigational Site</name>
      <address>
        <city>Varna</city>
        <zip>9010</zip>
        <country>Bulgaria</country>
      </address>
    </facility>
  </location>
  <location>
    <facility>
      <name>GSK Investigational Site</name>
      <address>
        <city>Providencia / Santiago</city>
        <state>Región Metro De Santiago</state>
        <zip>7500710</zip>
        <country>Chile</country>
      </address>
    </facility>
  </location>
  <location>
    <facility>
      <name>GSK Investigational Site</name>
      <address>
        <city>Santiago</city>
        <state>Región Metro De Santiago</state>
        <zip>7560356</zip>
        <country>Chile</country>
      </address>
    </facility>
  </location>
  <location>
    <facility>
      <name>GSK Investigational Site</name>
      <address>
        <city>Valparaiso</city>
        <state>Valparaíso</state>
        <zip>2352499</zip>
        <country>Chile</country>
      </address>
    </facility>
  </location>
  <location>
    <facility>
      <name>GSK Investigational Site</name>
      <address>
        <city>Tallinn</city>
        <zip>10617</zip>
        <country>Estonia</country>
      </address>
    </facility>
  </location>
  <location>
    <facility>
      <name>GSK Investigational Site</name>
      <address>
        <city>Tartu</city>
        <zip>51014</zip>
        <country>Estonia</country>
      </address>
    </facility>
  </location>
  <location>
    <facility>
      <name>GSK Investigational Site</name>
      <address>
        <city>Ostfildern</city>
        <state>Baden-Wuerttemberg</state>
        <zip>73760</zip>
        <country>Germany</country>
      </address>
    </facility>
  </location>
  <location>
    <facility>
      <name>GSK Investigational Site</name>
      <address>
        <city>Huettenberg</city>
        <state>Hessen</state>
        <zip>35625</zip>
        <country>Germany</country>
      </address>
    </facility>
  </location>
  <location>
    <facility>
      <name>GSK Investigational Site</name>
      <address>
        <city>Achim</city>
        <state>Niedersachsen</state>
        <zip>28832</zip>
        <country>Germany</country>
      </address>
    </facility>
  </location>
  <location>
    <facility>
      <name>GSK Investigational Site</name>
      <address>
        <city>Baesweiler</city>
        <state>Nordrhein-Westfalen</state>
        <zip>52499</zip>
        <country>Germany</country>
      </address>
    </facility>
  </location>
  <location>
    <facility>
      <name>GSK Investigational Site</name>
      <address>
        <city>Hattingen</city>
        <state>Nordrhein-Westfalen</state>
        <zip>45525</zip>
        <country>Germany</country>
      </address>
    </facility>
  </location>
  <location>
    <facility>
      <name>GSK Investigational Site</name>
      <address>
        <city>Moscow</city>
        <zip>115552</zip>
        <country>Russian Federation</country>
      </address>
    </facility>
  </location>
  <location>
    <facility>
      <name>GSK Investigational Site</name>
      <address>
        <city>Moscow</city>
        <zip>117049</zip>
        <country>Russian Federation</country>
      </address>
    </facility>
  </location>
  <location>
    <facility>
      <name>GSK Investigational Site</name>
      <address>
        <city>St. Petersburg</city>
        <zip>197022</zip>
        <country>Russian Federation</country>
      </address>
    </facility>
  </location>
  <location>
    <facility>
      <name>GSK Investigational Site</name>
      <address>
        <city>St.-Petersburg</city>
        <zip>198103</zip>
        <country>Russian Federation</country>
      </address>
    </facility>
  </location>
  <location>
    <facility>
      <name>GSK Investigational Site</name>
      <address>
        <city>Bratislava</city>
        <zip>811 01</zip>
        <country>Slovakia</country>
      </address>
    </facility>
  </location>
  <location>
    <facility>
      <name>GSK Investigational Site</name>
      <address>
        <city>Bratislava</city>
        <zip>826 06</zip>
        <country>Slovakia</country>
      </address>
    </facility>
  </location>
  <location>
    <facility>
      <name>GSK Investigational Site</name>
      <address>
        <city>Bratislava</city>
        <zip>831 03</zip>
        <country>Slovakia</country>
      </address>
    </facility>
  </location>
  <location>
    <facility>
      <name>GSK Investigational Site</name>
      <address>
        <city>Bradford</city>
        <zip>BD7 1HR</zip>
        <country>United Kingdom</country>
      </address>
    </facility>
  </location>
  <location>
    <facility>
      <name>GSK Investigational Site</name>
      <address>
        <city>Swindon</city>
        <zip>SN1 4HZ</zip>
        <country>United Kingdom</country>
      </address>
    </facility>
  </location>
  <location>
    <facility>
      <name>GSK Investigational Site</name>
      <address>
        <city>West of Scotland Science Park, Glasgow</city>
        <zip>G20 0XA</zip>
        <country>United Kingdom</country>
      </address>
    </facility>
  </location>
  <location_countries>
    <country>Austria</country>
    <country>Bulgaria</country>
    <country>Chile</country>
    <country>Estonia</country>
    <country>Germany</country>
    <country>Russian Federation</country>
    <country>Slovakia</country>
    <country>United Kingdom</country>
  </location_countries>
  <removed_countries>
    <country>Argentina</country>
    <country>Hungary</country>
  </removed_countries>
  <verification_date>May 2009</verification_date>
  <!-- Old date names will be dropped in a few months (sometime in 2018)                        -->
  <lastchanged_date>May 28, 2009</lastchanged_date>
  <firstreceived_date>June 30, 2006</firstreceived_date>
  <!-- New date names                                                                           -->
  <study_first_submitted>June 30, 2006</study_first_submitted>
  <study_first_submitted_qc>June 30, 2006</study_first_submitted_qc>
  <study_first_posted type="Estimate">July 4, 2006</study_first_posted>
  <last_update_submitted>May 28, 2009</last_update_submitted>
  <last_update_submitted_qc>May 28, 2009</last_update_submitted_qc>
  <last_update_posted type="Estimate">June 2, 2009</last_update_posted>
  <!-- End of dates                                                                             -->
  <responsible_party>
    <name_title>Study Director</name_title>
    <organization>GSK</organization>
  </responsible_party>
  <keyword>Alzheimer's Disease</keyword>
  <keyword>cognition global functioning</keyword>
  <keyword>symptomatic</keyword>
  <keyword>SB-742457</keyword>
  <condition_browse>
    <!-- CAUTION:  The following MeSH terms are assigned with an imperfect algorithm            -->
    <mesh_term>Alzheimer Disease</mesh_term>
  </condition_browse>
  <intervention_browse>
    <!-- CAUTION:  The following MeSH terms are assigned with an imperfect algorithm            -->
    <mesh_term>Donepezil</mesh_term>
  </intervention_browse>
  <!-- Results have not yet been posted for this study                                          -->
</clinical_study>

