<?xml version="1.0" encoding="UTF-8"?>
<clinical_study rank="83">
  <!-- This xml conforms to an XML Schema at:
    https://clinicaltrials.gov/ct2/html/images/info/public.xsd -->
  <required_header>
    <download_date>ClinicalTrials.gov processed this data on November 07, 2017</download_date>
    <link_text>Link to the current ClinicalTrials.gov record.</link_text>
    <url>https://clinicaltrials.gov/show/NCT00089882</url>
  </required_header>
  <id_info>
    <org_study_id>IA0057</org_study_id>
    <secondary_id>2R01HG002213-04</secondary_id>
    <secondary_id>Boston University SOM: H-23380</secondary_id>
    <nct_id>NCT00089882</nct_id>
  </id_info>
  <brief_title>Risk Evaluation and Education for Alzheimer's Disease (REVEAL) II</brief_title>
  <official_title>Risk Evaluation and Education for Alzheimer's Disease (REVEAL) II</official_title>
  <sponsors>
    <lead_sponsor>
      <agency>National Institute on Aging (NIA)</agency>
      <agency_class>NIH</agency_class>
    </lead_sponsor>
    <collaborator>
      <agency>National Human Genome Research Institute (NHGRI)</agency>
      <agency_class>NIH</agency_class>
    </collaborator>
  </sponsors>
  <source>National Institute on Aging (NIA)</source>
  <brief_summary>
    <textblock>
      The REVEAL II study provides healthy adult children and siblings of Alzheimer's disease
      patients with genetic testing and information about their own chances of developing the
      disease. The study will compare a condensed education and counseling program to the current
      more extensive program.
    </textblock>
  </brief_summary>
  <detailed_description>
    <textblock>
      Alzheimer's disease (AD) is a common, progressive disease affecting memory and cognition.
      Apolipoprotein E (APOE) has been identified as a genetic factor that may increase the risk of
      developing Alzheimer's disease (AD). While several consensus statements have advised against
      the clinical use of APOE genotyping, each of these called for research to evaluate the impact
      of susceptibility genotyping and to explore the process of communicating about risk issues.
      The REVEAL I Study was funded in 1999 to enroll adult children of patients with AD to
      determine who would choose to obtain APOE genotyping, to devise an education and counseling
      protocol for the disclosure of APOE genotyping, and to study the impact of disclosing this
      information. The REVEAL I study demonstrated that Alzheimer's disease risk assessments with
      APOE genotyping can be given to relatives of people with Alzheimer's disease without causing
      severe adverse psychological or behavioral effects.

      The REVEAL II study will examine whether receiving risk assessment and APOE genotyping
      disclosure through a Condensed Education and Counseling Protocol is as safe and as effective
      as receiving such information through our current Extended Protocol. This study will also
      examine whether there are any differences among groups who receive disclosure of APOE results
      and risk assessment by different provider types, such as a physician or a genetic counselor.
      At least one-third of the participants in REVEAL II will be African American, in order to
      explore how racial identity affects the desire to obtain genetic risk assessment and the
      impact of receiving it.

      Individuals who have a parent or sibling affected by Alzheimer's disease may enter the study
      either by self-referral to the study coordinator or by recruitment. Participants will have a
      scheduled phone interview during which demographic information, their relative's medical
      history, attitudes toward genetic testing and risk assessment for Alzheimer's disease, and
      interest in going on to the next step of the study will be assessed. During the second step
      of the study, participants will be randomly assigned to one of three study arms. Participants
      in the control arm of the study will be given the full educational and counseling protocol as
      was originally developed in the first funding period of this study. All participants will
      have the opportunity to continue with the study and have their blood drawn for genotype
      analysis and risk assessment. Follow-up sessions will be provided with psychometric measures
      and questionnaires.

      Participants will be seen by the genetic counselor for two follow-up appointments, six weeks
      and six months after disclosure of risk information. A final 12 month follow-up questionnaire
      will be completed by mail and will be followed by a phone call from the genetic counselor.
    </textblock>
  </detailed_description>
  <overall_status>Completed</overall_status>
  <start_date>May 2003</start_date>
  <completion_date type="Actual">September 2006</completion_date>
  <primary_completion_date type="Actual">September 2006</primary_completion_date>
  <phase>N/A</phase>
  <study_type>Observational</study_type>
  <has_expanded_access>No</has_expanded_access>
  <study_design_info>
    <time_perspective>Prospective</time_perspective>
  </study_design_info>
  <enrollment>360</enrollment>
  <condition>Alzheimer Disease</condition>
  <intervention>
    <intervention_type>Procedure</intervention_type>
    <intervention_name>APOE Genetic susceptibility testing</intervention_name>
  </intervention>
  <eligibility>
    <criteria>
      <textblock>
        Inclusion Criteria:

          -  Adult children or siblings of people with Alzheimer's disease.

        Exclusion Criteria:

          -  Adult children or siblings of people with Alzheimer's disease who are unable to visit
             a study site.

          -  Persons with currently untreated depression, anxiety or severe mood disturbances.

          -  Persons with cognitive deficits.
      </textblock>
    </criteria>
    <gender>All</gender>
    <minimum_age>18 Years</minimum_age>
    <maximum_age>N/A</maximum_age>
    <healthy_volunteers>Accepts Healthy Volunteers</healthy_volunteers>
  </eligibility>
  <overall_official>
    <last_name>Robert C. Green, MD, MPH</last_name>
    <role>Principal Investigator</role>
    <affiliation>Boston University School of Medicine, Genetics Program and Alzheimer's Disease Center</affiliation>
  </overall_official>
  <location>
    <facility>
      <name>Howard University College of Medicine, National Human Genome Center</name>
      <address>
        <city>Washington</city>
        <state>District of Columbia</state>
        <zip>20059</zip>
        <country>United States</country>
      </address>
    </facility>
  </location>
  <location>
    <facility>
      <name>Boston University School of Medicine, Alzheimer's Disease Center</name>
      <address>
        <city>Boston</city>
        <state>Massachusetts</state>
        <zip>02118</zip>
        <country>United States</country>
      </address>
    </facility>
  </location>
  <location>
    <facility>
      <name>Weill Medical College of Cornell University, Memory Disorders Program</name>
      <address>
        <city>New York</city>
        <state>New York</state>
        <zip>10021</zip>
        <country>United States</country>
      </address>
    </facility>
  </location>
  <location>
    <facility>
      <name>Case Western Reserve University, Memory and Aging Center</name>
      <address>
        <city>Cleveland</city>
        <state>Ohio</state>
        <zip>44120</zip>
        <country>United States</country>
      </address>
    </facility>
  </location>
  <location_countries>
    <country>United States</country>
  </location_countries>
  <link>
    <url>http://www.bu.edu/alzresearch/research/genetics/reveal/</url>
    <description>Boston University Alzheimer's Disease Center - REVEAL study</description>
  </link>
  <reference>
    <citation>Hipps YG, Roberts JS, Farrer LA, Green RC. Differences between African Americans and Whites in their attitudes toward genetic testing for Alzheimer's disease. Genet Test. 2003 Spring;7(1):39-44.</citation>
    <PMID>12820701</PMID>
  </reference>
  <reference>
    <citation>Roberts JS, LaRusse SA, Katzen H, Whitehouse PJ, Barber M, Post SG, Relkin N, Quaid K, Pietrzak RH, Cupples LA, Farrer LA, Brown T, Green RC. Reasons for seeking genetic susceptibility testing among first-degree relatives of people with Alzheimer disease. Alzheimer Dis Assoc Disord. 2003 Apr-Jun;17(2):86-93.</citation>
    <PMID>12794385</PMID>
  </reference>
  <reference>
    <citation>Roberts JS, Barber M, Brown TM, Cupples LA, Farrer LA, LaRusse SA, Post SG, Quaid KA, Ravdin LD, Relkin NR, Sadovnick AD, Whitehouse PJ, Woodard JL, Green RC. Who seeks genetic susceptibility testing for Alzheimer's disease? Findings from a multisite, randomized clinical trial. Genet Med. 2004 Jul-Aug;6(4):197-203.</citation>
    <PMID>15266207</PMID>
  </reference>
  <results_reference>
    <citation>LaRusse S, Roberts JS, Marteau TM, Katzen H, Linnenbringer EL, Barber M, Whitehouse P, Quaid K, Brown T, Green RC, Relkin NR. Genetic susceptibility testing versus family history-based risk assessment: Impact on perceived risk of Alzheimer disease. Genet Med. 2005 Jan;7(1):48-53.</citation>
    <PMID>15654228</PMID>
  </results_reference>
  <results_reference>
    <citation>Roberts JS, Cupples LA, Relkin NR, Whitehouse PJ, Green RC; REVEAL (Risk Evaluation and Education for Alzheimer's Disease) Study Group. Genetic risk assessment for adult children of people with Alzheimer's disease: the Risk Evaluation and Education for Alzheimer's Disease (REVEAL) study. J Geriatr Psychiatry Neurol. 2005 Dec;18(4):250-5.</citation>
    <PMID>16306249</PMID>
  </results_reference>
  <verification_date>July 2009</verification_date>
  <!-- Old date names will be dropped in a few months (sometime in 2018)                        -->
  <lastchanged_date>July 22, 2009</lastchanged_date>
  <firstreceived_date>August 17, 2004</firstreceived_date>
  <!-- New date names                                                                           -->
  <study_first_submitted>August 17, 2004</study_first_submitted>
  <study_first_submitted_qc>August 17, 2004</study_first_submitted_qc>
  <study_first_posted type="Estimate">August 18, 2004</study_first_posted>
  <last_update_submitted>July 22, 2009</last_update_submitted>
  <last_update_submitted_qc>July 22, 2009</last_update_submitted_qc>
  <last_update_posted type="Estimate">July 23, 2009</last_update_posted>
  <!-- End of dates                                                                             -->
  <responsible_party>
    <name_title>Robert C. Green, MD, MPH</name_title>
    <organization>Boston University</organization>
  </responsible_party>
  <keyword>Alzheimer disease</keyword>
  <keyword>Apolipoproteins E (APOE)</keyword>
  <keyword>Genetic susceptibility testing</keyword>
  <condition_browse>
    <!-- CAUTION:  The following MeSH terms are assigned with an imperfect algorithm            -->
    <mesh_term>Alzheimer Disease</mesh_term>
  </condition_browse>
  <!-- Results have not yet been posted for this study                                          -->
</clinical_study>

