<?xml version="1.0" encoding="UTF-8"?>
<clinical_study rank="404">
  <!-- This xml conforms to an XML Schema at:
    https://clinicaltrials.gov/ct2/html/images/info/public.xsd -->
  <required_header>
    <download_date>ClinicalTrials.gov processed this data on November 07, 2017</download_date>
    <link_text>Link to the current ClinicalTrials.gov record.</link_text>
    <url>https://clinicaltrials.gov/show/NCT01163825</url>
  </required_header>
  <id_info>
    <org_study_id>NsG0202-001</org_study_id>
    <nct_id>NCT01163825</nct_id>
  </id_info>
  <brief_title>Encapsulated Cell Biodelivery of Nerve Growth Factor to Alzheimer´s Disease Patients</brief_title>
  <acronym>NsG0202</acronym>
  <official_title>An Open Label, Dose-Escalation Study of Encapsulated Cell Biodelivery of Nerve Growth Factor to the Cholinergic Basal Forebrain of Alzheimer´s Disease Patients</official_title>
  <sponsors>
    <lead_sponsor>
      <agency>NsGene A/S</agency>
      <agency_class>Industry</agency_class>
    </lead_sponsor>
    <collaborator>
      <agency>Karolinska Institutet</agency>
      <agency_class>Other</agency_class>
    </collaborator>
    <collaborator>
      <agency>Stockholm County Council, Sweden</agency>
      <agency_class>Other</agency_class>
    </collaborator>
  </sponsors>
  <source>NsGene A/S</source>
  <oversight_info>
    <has_dmc>Yes</has_dmc>
  </oversight_info>
  <brief_summary>
    <textblock>
      Cholinergic neurons in the basal forebrain project widely to the cerebral cortex and
      hippocampus. These neurons depend on nerve growth factor (NGF) from their target areas for
      survival. Impaired NGF supply is part of the Alzheimer's disease (AD) pathology, and the
      degeneration of these neurons correlates with the cognitive decline in these patients. The
      objective of encapsulated cell biodelivery (ECB) is to maintain normal levels of NGF to
      support cholinergic function. NsGene's NGF secreting ECB device (NsG0202) combines the
      potential benefits of targeted gene therapy with the safety of a retrievable implantable
      device.

      The study is an open label, single centre, 12-month, dose-escalation phase Ib study in
      patients with mild to moderate AD. The primary objective is safety and tolerability, while
      secondary outcomes measure include cognition, behaviour, neuropsychology, activities of daily
      living (ADL), positron emission tomography (PET) imaging and electroencephalography (EEG).
    </textblock>
  </brief_summary>
  <overall_status>Unknown status</overall_status>
  <last_known_status>Active, not recruiting</last_known_status>
  <start_date>January 2008</start_date>
  <primary_completion_date type="Anticipated">December 2011</primary_completion_date>
  <phase>Phase 1</phase>
  <study_type>Interventional</study_type>
  <has_expanded_access>No</has_expanded_access>
  <study_design_info>
    <allocation>Non-Randomized</allocation>
    <intervention_model>Parallel Assignment</intervention_model>
    <primary_purpose>Treatment</primary_purpose>
    <masking>None (Open Label)</masking>
  </study_design_info>
  <primary_outcome>
    <measure>Adverse events</measure>
    <time_frame>12 months</time_frame>
  </primary_outcome>
  <secondary_outcome>
    <measure>Alzheimer's Disease Assessment Scale-cognitive subscale (ADAS-Cog)</measure>
    <time_frame>12 months</time_frame>
    <description>Cognition using ADAS-Cog, neuropsychologic test battery</description>
  </secondary_outcome>
  <number_of_arms>2</number_of_arms>
  <enrollment type="Actual">6</enrollment>
  <condition>Alzheimer's Disease</condition>
  <arm_group>
    <arm_group_label>Nerve Growth Factor</arm_group_label>
    <arm_group_type>Experimental</arm_group_type>
    <description>Dose 1</description>
  </arm_group>
  <arm_group>
    <arm_group_label>Nerve Growth Factor 2</arm_group_label>
    <arm_group_type>Experimental</arm_group_type>
    <description>Dose 2</description>
  </arm_group>
  <intervention>
    <intervention_type>Drug</intervention_type>
    <intervention_name>Nerve Growth Factor</intervention_name>
    <description>Encapsulated cell biodelivery of Nerve Growth Factor (NGF) to the basal forebrain nuclei of the brain by multiple implantable devices housing NGF-secreting human cells</description>
    <arm_group_label>Nerve Growth Factor</arm_group_label>
    <arm_group_label>Nerve Growth Factor 2</arm_group_label>
  </intervention>
  <eligibility>
    <criteria>
      <textblock>
        Inclusion Criteria:

          1. Age 50-80 years

          2. All patients must fulfil the NINDNDS-ARDRA criteria of Alzheimer's disease.

          3. The subject must have a score between 15-24 inclusive, on the mini-mental state
             examination (MMSE).

          4. The subject must have a caregiver who is able and committed to assist the subject to
             comply with the trial protocol, and who is willing to provide the information required
             at assessment interviews.

          5. Informed consent must be obtained from the subject together with a close caregiver, in
             accordance with the requirements of the ethical committee.

        Exclusion Criteria:

          1. A diagnosis of Schizophrenia, Schizo-affective disorder or paranoid disorder according
             to DSM IV without any suspicion cognitive decline.

          2. Patients with the following co-existing medical conditions:

          3. History of seizures.

          4. Brain tumor including meningeoma.

          5. Clinically significant hepatic, renal, pulmonary, metabolic or endocrine disturbances.

          6. Clinically significant back pain.

          7. Bleeding disorders.

          8. Patients who, in the opinion of the investigator, are otherwise unsuitable for a trial
             of this type.
      </textblock>
    </criteria>
    <gender>All</gender>
    <minimum_age>50 Years</minimum_age>
    <maximum_age>80 Years</maximum_age>
    <healthy_volunteers>No</healthy_volunteers>
  </eligibility>
  <overall_official>
    <last_name>Maria E Jönhagen, MD PhD</last_name>
    <role>Principal Investigator</role>
    <affiliation>Karolinska University Hospital</affiliation>
  </overall_official>
  <location>
    <facility>
      <name>Karolinska University Hospital</name>
      <address>
        <city>Stockholm</city>
        <zip>17176</zip>
        <country>Sweden</country>
      </address>
    </facility>
  </location>
  <location_countries>
    <country>Sweden</country>
  </location_countries>
  <verification_date>July 2010</verification_date>
  <!-- Old date names will be dropped in a few months (sometime in 2018)                        -->
  <lastchanged_date>July 15, 2010</lastchanged_date>
  <firstreceived_date>July 14, 2010</firstreceived_date>
  <!-- New date names                                                                           -->
  <study_first_submitted>July 14, 2010</study_first_submitted>
  <study_first_submitted_qc>July 15, 2010</study_first_submitted_qc>
  <study_first_posted type="Estimate">July 16, 2010</study_first_posted>
  <last_update_submitted>July 15, 2010</last_update_submitted>
  <last_update_submitted_qc>July 15, 2010</last_update_submitted_qc>
  <last_update_posted type="Estimate">July 19, 2010</last_update_posted>
  <!-- End of dates                                                                             -->
  <responsible_party>
    <name_title>Lars U. Wahlberg, MD, PhD, Exec.VP, COO, CMO</name_title>
    <organization>NsGene A/S</organization>
  </responsible_party>
  <condition_browse>
    <!-- CAUTION:  The following MeSH terms are assigned with an imperfect algorithm            -->
    <mesh_term>Alzheimer Disease</mesh_term>
  </condition_browse>
  <intervention_browse>
    <!-- CAUTION:  The following MeSH terms are assigned with an imperfect algorithm            -->
    <mesh_term>Mitogens</mesh_term>
  </intervention_browse>
  <!-- Results have not yet been posted for this study                                          -->
</clinical_study>

