<?xml version="1.0" encoding="UTF-8"?>
<clinical_study rank="31">
  <!-- This xml conforms to an XML Schema at:
    https://clinicaltrials.gov/ct2/html/images/info/public.xsd -->
  <required_header>
    <download_date>ClinicalTrials.gov processed this data on November 07, 2017</download_date>
    <link_text>Link to the current ClinicalTrials.gov record.</link_text>
    <url>https://clinicaltrials.gov/show/NCT01883648</url>
  </required_header>
  <id_info>
    <org_study_id>Byrd AD-001</org_study_id>
    <nct_id>NCT01883648</nct_id>
  </id_info>
  <brief_title>Study to Evaluate Coconut Oil for Alzheimer's Disease</brief_title>
  <official_title>A Randomized, Double-Blind, Placebo-Controlled, 6 Month Cross-Over Study to Evaluate the Efficacy of Coconut Oil (Fuel for Thought™) Treatment for Subjects With Mild to Moderate Alzheimer's Disease</official_title>
  <sponsors>
    <lead_sponsor>
      <agency>University of South Florida</agency>
      <agency_class>Other</agency_class>
    </lead_sponsor>
  </sponsors>
  <source>University of South Florida</source>
  <oversight_info>
    <has_dmc>Yes</has_dmc>
  </oversight_info>
  <brief_summary>
    <textblock>
      This is a randomized, cross over study to determine the efficacy of coconut oil in subjects
      with mild to moderate Alzheimer's disease.
    </textblock>
  </brief_summary>
  <detailed_description>
    <textblock>
      This is a randomized, double-blind, placebo-controlled, cross over study to determine the
      efficacy of coconut oil (a proprietary blend of coconut and medium chain triglyceride oils,
      administered orally three times daily) to subjects with Alzheimer's disease who have been
      screened for ApoE 4 allele. The study medication formula is Cognate Nutritionals Fuel for
      Thought™.

      Approximately 65 subjects will be treated with a coconut oil beverage (Fuel for Thought™) or
      placebo for three months, and then given a 3-5 day interim wash out period. After this,
      subjects will resume with three months treatment in opposite treatment arm. Total treatment
      period is 6 months.
    </textblock>
  </detailed_description>
  <overall_status>Terminated</overall_status>
  <why_stopped>
    Funding limitations and enrollment was too low.
  </why_stopped>
  <start_date>June 2013</start_date>
  <completion_date type="Actual">February 1, 2017</completion_date>
  <primary_completion_date type="Actual">February 1, 2017</primary_completion_date>
  <phase>Phase 2/Phase 3</phase>
  <study_type>Interventional</study_type>
  <has_expanded_access>No</has_expanded_access>
  <study_design_info>
    <allocation>Randomized</allocation>
    <intervention_model>Crossover Assignment</intervention_model>
    <primary_purpose>Treatment</primary_purpose>
    <masking>Quadruple (Participant, Care Provider, Investigator, Outcomes Assessor)</masking>
  </study_design_info>
  <primary_outcome>
    <measure>Change from baseline to Month 3 of each treatment phase (a 3 month period of time) in cognitive testing (ADAS-cog, MMSE, Category/Letter Fluency)</measure>
    <time_frame>Change from baseline to Month 3 of each treatment phase (a 3 month period of time) in cognitive testing (ADAS-cog, MMSE, Category/Letter Fluency)</time_frame>
  </primary_outcome>
  <secondary_outcome>
    <measure>Change from baseline to Month 3 of each treatment phase (a 3 month period of time) in Trails A &amp; B cognitive testing</measure>
    <time_frame>Change from baseline to Month 3 of each treatment phase (a 3 month period of time) in Trails A &amp; B cognitive testing</time_frame>
  </secondary_outcome>
  <secondary_outcome>
    <measure>Change from baseline to Month 3 of each treatment phase (a 3 month period of time) on Geriatric Depression Scale</measure>
    <time_frame>Change from baseline to Month 3 of each treatment phase (a 3 month period of time) on Geriatric Depression Scale</time_frame>
  </secondary_outcome>
  <secondary_outcome>
    <measure>Change from baseline to Month 3 of each treatment phase (a 3 month period of time) in behaviors measured by Neuropsychiatric Inventory</measure>
    <time_frame>Change from baseline to Month 3 of each treatment phase (a 3 month period of time) in behaviors measured by Neuropsychiatric Inventory</time_frame>
  </secondary_outcome>
  <secondary_outcome>
    <measure>Change from baseline to Month 3 of each treatment phase (a 3 month period of time) in functional ability measured by Activities of Daily Living (ADCS-ADLs)</measure>
    <time_frame>Change from baseline to Month 3 of each treatment phase (a 3 month period of time) in functional ability measured by Activities of Daily Living (ADCS-ADLs)</time_frame>
  </secondary_outcome>
  <secondary_outcome>
    <measure>Measure changes in Ketone &amp; C-Reactive Protein assays from research blood samples throughout study during the 2 treatment periods from Baseline to Month 6 (change during a total 6 month period of time).</measure>
    <time_frame>Measure changes in Ketone &amp; C-Reactive Protein assays from research blood samples throughout study during the 2 treatment periods from Baseline to Month 6 (change during a total 6 month period of time).</time_frame>
  </secondary_outcome>
  <secondary_outcome>
    <measure>Adverse events related to coconut oil usage during 6 months of treatment periods (change during a total 6 month period of time).</measure>
    <time_frame>Adverse events related to coconut oil usage during 6 months of treatment periods (change during a total 6 month period of time).</time_frame>
  </secondary_outcome>
  <number_of_arms>2</number_of_arms>
  <enrollment type="Actual">21</enrollment>
  <condition>Alzheimer's Disease</condition>
  <arm_group>
    <arm_group_label>Coconut Oil Beverage</arm_group_label>
    <arm_group_type>Experimental</arm_group_type>
    <description>The treatment will consist of a 1.25 oz serving size taken orally, two times daily by subjects. This treatment arm will last 3 months.</description>
  </arm_group>
  <arm_group>
    <arm_group_label>Placebo Beverage</arm_group_label>
    <arm_group_type>Placebo Comparator</arm_group_type>
    <description>The treatment will consist of a 1.25 oz serving size taken orally, two times daily by subjects.This will similar in look and taste but not have the same ingredients of the actual coconut oil beverage. This treatment arm will last 3 months.</description>
  </arm_group>
  <intervention>
    <intervention_type>Drug</intervention_type>
    <intervention_name>Coconut Oil Beverage</intervention_name>
    <description>There are 2 treatment arms: Fuel for Thought™ and placebo, with a treatment allocation of 1:1. After 3 months of treatment in one group, subjects will have a 3-5 day wash-out period before receiving the alternate (opposite) treatment for 3 months.</description>
    <arm_group_label>Coconut Oil Beverage</arm_group_label>
    <other_name>Fuel for Thought (TM)</other_name>
  </intervention>
  <intervention>
    <intervention_type>Other</intervention_type>
    <intervention_name>Placebo Beverage</intervention_name>
    <description>There are 2 treatment arms: Fuel for Thought™ and placebo, with a treatment allocation of 1:1. After 3 months of treatment in one group, subjects will have a 3-5 day wash-out period before receiving the alternate (opposite) treatment for 3 months.</description>
    <arm_group_label>Placebo Beverage</arm_group_label>
  </intervention>
  <eligibility>
    <criteria>
      <textblock>
        Inclusion Criteria:

          -  Men and women aged 55 to 90 years with a diagnosis of mild to moderate Alzheimer's
             disease

          -  Informed consent signed and dated by subject (or legally authorized representative).

          -  Subjects must have a study partner must also consent to participate in the study, who
             they spend at least 10 hours/week with during the study. The study partner must attend
             applicable clinic visits and provide information about the subject.

          -  Subject must have a screening Mini-Mental State Examination score of 16-26.

          -  Subjects must have a Rosen Modified Hachinski Ischemic score of ≤4.

          -  Subject must undergo ApoE genetic laboratory testing at the baseline visit.

          -  Subject must be willing and able to take study medication (or placebo) for the
             duration of the study.

          -  Subject must be stable on all memory enhancing medications including cholinesterase
             inhibitors (including donepezil, rivastigmine, and galantamine) and NMDA antagonist
             (memantine) for at least 3 months prior to screening and agree not to change these
             medications during the course of their participation, unless medically necessary.

          -  Subject must be stable on all memory enhancing nonprescription supplements (including
             gingko biloba, huperzine, resveratrol, or docosahexaenoic acid) for at least 3 months
             prior to screening and agree not to change these medications during the course of
             their participation.

          -  As judged by Investigator, the subject and study partner will be compliant and have a
             high probability of completing the study, including all scheduled evaluations and
             required tests.

          -  Be fluent in English.

        Exclusion Criteria:

          -  Has significant neurological or medical disease, other than AD, that may affect
             cognition, for example, history or evidence of hydrocephalus, or uncontrolled hypo- or
             hyperthyroidism.

          -  Current, clinically significant major psychiatric disorder (eg, major depressive
             disorder) according to the Diagnostic and Statistical Manual of Mental Disorders, 4th
             Edition (DSMIV), or symptoms (eg, hallucinations) that could affect the subject's
             ability to complete the study.

          -  Geriatric depression scale score of more than 6 or has suicidal ideation.

          -  Current clinically significant chronic illness that is likely to result in
             deterioration of the subject's condition or affect the subject's safety during the
             study, including uncontrolled diabetes. Subjects with a history of diabetic
             ketoacidosis will also be excluded. Other cases of diabetes will be decided at the
             discretion of the study physicians. Subjects with diabetes controlled with exercise
             and diet may be screened and admission to study will depend on their screening safety
             laboratory assessments.

          -  History of clinically evident stroke or history of clinically significant carotid or
             vertebrobasilar stenosis or plaque and other risk factors for thromboembolic stroke
             (e.g atrial fibrillation, clinically significant low ventricular output, atrial septal
             defect).

          -  History of seizures.

          -  Clinically significant infection within the last 30 days (eg, chronic persistent or
             acute infection [eg, upper respiratory infection, urinary tract infection]),prior to
             screening.

          -  Myocardial infarction within the last 2 years.

          -  Abnormal screening visit electrocardiogram (ECG), in the opinion of the investigator.

          -  Uncontrolled hypertension within the last 6 months prior to screening.

          -  History of cancer within the last 3 years, with the exception of nonmetastatic basal
             cell carcinoma and squamous cell carcinoma of the skin. (Note: cancer must be in
             remission with no signs of progression.)

          -  Use of experimental or other investigational medications/devices for treatment within
             90 days prior to screening.

          -  Laboratory findings of fasting total cholesterol greater than or equal to 240 mg/dL

          -  Laboratory findings of fasting triglycerides greater than or equal to 200 mg/dL

          -  Laboratory findings of fasting glucose greater than or equal to 126 mg/dL

          -  Other clinically significant abnormality on physical, neurological, laboratory, vital
             signs, or ECG examination (eg, changes consistent with recent infarction, ischemia,
             clinically significant arrhythmias and clinically significant conduction defects) that
             could be detrimental to the subject or compromise the study.

          -  Does not have adequate venous access that would allow blood draws.

          -  Subject or study partner is related to study personnel.

          -  Subjects who have taken coconut oil as a supplement within the last 30 days.

          -  Subjects who have taken Axona™ within the last 30 days.

          -  Women who are pregnant. (Women who are of child bearing potential must take
             precautions to not become pregnant during the study.)
      </textblock>
    </criteria>
    <gender>All</gender>
    <minimum_age>55 Years</minimum_age>
    <maximum_age>90 Years</maximum_age>
    <healthy_volunteers>No</healthy_volunteers>
  </eligibility>
  <overall_official>
    <last_name>Amanda G Smith, MD</last_name>
    <role>Principal Investigator</role>
    <affiliation>USF Health Byrd Alzheimer's Institute</affiliation>
  </overall_official>
  <location>
    <facility>
      <name>USF Health Byrd Alzheimer's Institute</name>
      <address>
        <city>Tampa</city>
        <state>Florida</state>
        <zip>33613</zip>
        <country>United States</country>
      </address>
    </facility>
  </location>
  <location_countries>
    <country>United States</country>
  </location_countries>
  <verification_date>January 2017</verification_date>
  <!-- Old date names will be dropped in a few months (sometime in 2018)                        -->
  <lastchanged_date>April 26, 2017</lastchanged_date>
  <firstreceived_date>June 11, 2013</firstreceived_date>
  <!-- New date names                                                                           -->
  <study_first_submitted>June 11, 2013</study_first_submitted>
  <study_first_submitted_qc>June 18, 2013</study_first_submitted_qc>
  <study_first_posted type="Estimate">June 21, 2013</study_first_posted>
  <last_update_submitted>April 26, 2017</last_update_submitted>
  <last_update_submitted_qc>April 26, 2017</last_update_submitted_qc>
  <last_update_posted type="Actual">April 28, 2017</last_update_posted>
  <!-- End of dates                                                                             -->
  <responsible_party>
    <responsible_party_type>Sponsor</responsible_party_type>
  </responsible_party>
  <keyword>Mild to Moderate Alzheimer's disease</keyword>
  <condition_browse>
    <!-- CAUTION:  The following MeSH terms are assigned with an imperfect algorithm            -->
    <mesh_term>Alzheimer Disease</mesh_term>
  </condition_browse>
  <patient_data>
    <sharing_ipd>No</sharing_ipd>
  </patient_data>
  <!-- Results have not yet been posted for this study                                          -->
</clinical_study>

