<?xml version="1.0" encoding="UTF-8"?>
<clinical_study rank="399">
  <!-- This xml conforms to an XML Schema at:
    https://clinicaltrials.gov/ct2/html/images/info/public.xsd -->
  <required_header>
    <download_date>ClinicalTrials.gov processed this data on November 07, 2017</download_date>
    <link_text>Link to the current ClinicalTrials.gov record.</link_text>
    <url>https://clinicaltrials.gov/show/NCT01019421</url>
  </required_header>
  <id_info>
    <org_study_id>12936A</org_study_id>
    <secondary_id>EudraCT 2009-011845-24</secondary_id>
    <nct_id>NCT01019421</nct_id>
  </id_info>
  <brief_title>Lu AE58054 Added to Donepezil for the Treatment for Moderate Alzheimer's Disease</brief_title>
  <official_title>Randomised, Double-blind, Parallel-group, Placebo-controlled, Fixed-dose Study of Lu AE58054 in Patients With Moderate Alzheimer's Disease Treated With Donepezil</official_title>
  <sponsors>
    <lead_sponsor>
      <agency>H. Lundbeck A/S</agency>
      <agency_class>Industry</agency_class>
    </lead_sponsor>
  </sponsors>
  <source>H. Lundbeck A/S</source>
  <oversight_info>
    <has_dmc>No</has_dmc>
  </oversight_info>
  <brief_summary>
    <textblock>
      The purpose of this study is to accept or reject the hypothesis that Lu AE58054 improves
      cognition and functional outcomes in patients with moderate Alzheimer's Disease, already in
      treatment with donepezil.
    </textblock>
  </brief_summary>
  <detailed_description>
    <textblock>
      Multi-centre, randomised, double-blind, parallel-group, placebo-controlled, fixed-dose study
      of Lu AE58054 as add-on to donepezil. The patient has probable Alzheimer's Disease consistent
      with the National Institute of Neurological and Communicative Disorders and Stroke and the
      Alzheimer's Disease and Related Disorders Association (NINCDS-ADRDA) criteria.
    </textblock>
  </detailed_description>
  <overall_status>Completed</overall_status>
  <start_date>December 2009</start_date>
  <primary_completion_date type="Actual">December 2011</primary_completion_date>
  <phase>Phase 2</phase>
  <study_type>Interventional</study_type>
  <has_expanded_access>No</has_expanded_access>
  <study_design_info>
    <allocation>Randomized</allocation>
    <intervention_model>Parallel Assignment</intervention_model>
    <primary_purpose>Treatment</primary_purpose>
    <masking>Double (Participant, Investigator)</masking>
  </study_design_info>
  <primary_outcome>
    <measure>Change in cognition after 24 weeks</measure>
    <time_frame>Week 24</time_frame>
  </primary_outcome>
  <secondary_outcome>
    <measure>Change in global function, activities of daily living, safety and tolerability, pharmacokinetics/pharmacodynamics</measure>
    <time_frame>Week 24</time_frame>
  </secondary_outcome>
  <number_of_arms>2</number_of_arms>
  <enrollment type="Actual">278</enrollment>
  <condition>Alzheimer's Disease</condition>
  <arm_group>
    <arm_group_label>Lu AE58054</arm_group_label>
    <arm_group_type>Experimental</arm_group_type>
  </arm_group>
  <arm_group>
    <arm_group_label>Placebo</arm_group_label>
    <arm_group_type>Placebo Comparator</arm_group_type>
  </arm_group>
  <intervention>
    <intervention_type>Drug</intervention_type>
    <intervention_name>Lu AE58054</intervention_name>
    <description>Add-on treatment to donepezil</description>
    <arm_group_label>Lu AE58054</arm_group_label>
  </intervention>
  <intervention>
    <intervention_type>Drug</intervention_type>
    <intervention_name>Placebo</intervention_name>
    <description>Add-on treatment to donepezil</description>
    <arm_group_label>Placebo</arm_group_label>
  </intervention>
  <eligibility>
    <criteria>
      <textblock>
        Inclusion Criteria:

          -  The patient (or if applicable the legally acceptable representative (LAR) and if
             different from the responsible caregiver) and the responsible caregiver are able to
             read and understand the Informed Consent Form.

          -  The patient has a knowledgeable and reliable caregiver who will accompany the patient
             to all clinic visits during the study.

          -  The patient (or if applicable the LAR and if different from the responsible caregiver)
             and the responsible caregiver have signed the Informed Consent Form.

          -  The patient has probable AD consistent with NINCDS-ADRDA criteria.

          -  The patient is a man or woman, aged at least 50 years.

          -  The patient has been treated with donepezil on a stable dose for at least 3 months
             prior to screening.

        Exclusion Criteria:

          -  The patient has evidence of any clinically significant neurodegenerative disease or
             other serious neurological disorders other than AD including but not limited to Lewy
             body dementia, fronto-temporal dementia, Parkinson's disease, Huntington's disease,
             major cortical stroke, major head trauma and, primary or secondary cerebral neoplasia.

          -  The patient has a Diagnostic and Statistical Manual of Mental Disorders, 4th edition,
             Text Revision (DSM-IV-TR) Axis I disorder other than AD including amnestic disorders,
             major depressive disorder, delirium, schizophrenia or schizoaffective disorder,
             bipolar disorder, psychosis, panic, post traumatic stress disorder or/and cognitive
             disorder not otherwise specified.

          -  The patient has clinical and radiological findings that fulfil the standards of the
             National Institute of Neurological Disorders and Stroke and Association Internationale
             pour la Recherché et l'Enseignement en Neurosciences (NINDS-AIREN) criteria for
             vascular dementia.

          -  The patient has CT or MRI evidence of hydrocephalus, stroke, a space-occupying lesion,
             cerebral infection or any clinically significant central nervous system disease other
             than AD.

          -  The patient has clinically significant abnormal vital signs.

          -  The patient has one or more laboratory values outside the normal range, based on the
             blood or urine samples, which are, in the investigator's judgement, considered to be
             clinically significant.

          -  The patient has a clinically significant abnormal ECG.

          -  The patient has an oncological diagnosis (haematological or solid tumour) that is
             currently being treated, or for which there has been treatment within 5 years
             preceding screening, or for which there is still evidence of active disease (patients
             with local dermatological tumours such as basal or squamous cell carcinoma may be
             included).

          -  The patient's donepezil therapy is likely to be interrupted or discontinued during the
             study.

          -  The patient has a disease or takes medication that, in the investigator's judgement,
             could interfere with the assessments of safety, tolerability, or efficacy.

          -  The patient is, in the investigator's judgement, unlikely to comply with the clinical
             study protocol or is unsuitable for any reason.

          -  The patient is a member of the site personnel or their immediate families.

          -  The patient is treated against his/her will (for example, by court order).

          -  The patient or patient caregiver is unwilling or unable to abide by the visit schedule
             and other requirements of the study.
      </textblock>
    </criteria>
    <gender>All</gender>
    <minimum_age>50 Years</minimum_age>
    <maximum_age>N/A</maximum_age>
    <healthy_volunteers>No</healthy_volunteers>
  </eligibility>
  <overall_official>
    <last_name>Email contact via H. Lundbeck A/S</last_name>
    <role>Study Director</role>
    <affiliation>LundbeckClinicalTrials@lundbeck.com</affiliation>
  </overall_official>
  <location>
    <facility>
      <name>AU004</name>
      <address>
        <city>East Gosford</city>
        <country>Australia</country>
      </address>
    </facility>
  </location>
  <location>
    <facility>
      <name>AU002</name>
      <address>
        <city>Heidelberg West</city>
        <zip>3081</zip>
        <country>Australia</country>
      </address>
    </facility>
  </location>
  <location>
    <facility>
      <name>AU005</name>
      <address>
        <city>Kew</city>
        <zip>3101</zip>
        <country>Australia</country>
      </address>
    </facility>
  </location>
  <location>
    <facility>
      <name>AU001</name>
      <address>
        <city>Nedlands</city>
        <zip>6009</zip>
        <country>Australia</country>
      </address>
    </facility>
  </location>
  <location>
    <facility>
      <name>AU003</name>
      <address>
        <city>Woodville South</city>
        <zip>5011</zip>
        <country>Australia</country>
      </address>
    </facility>
  </location>
  <location>
    <facility>
      <name>CA005</name>
      <address>
        <city>Toronto</city>
        <state>Ontario</state>
        <country>Canada</country>
      </address>
    </facility>
  </location>
  <location>
    <facility>
      <name>CA007</name>
      <address>
        <city>Burlington</city>
        <zip>L7M 4Y1</zip>
        <country>Canada</country>
      </address>
    </facility>
  </location>
  <location>
    <facility>
      <name>CA006</name>
      <address>
        <city>Calgary</city>
        <zip>T2N 4Z6</zip>
        <country>Canada</country>
      </address>
    </facility>
  </location>
  <location>
    <facility>
      <name>CA008</name>
      <address>
        <city>Gatineau</city>
        <zip>JA 1K7</zip>
        <country>Canada</country>
      </address>
    </facility>
  </location>
  <location>
    <facility>
      <name>CA011</name>
      <address>
        <city>Kamloops</city>
        <zip>V2C 1K7</zip>
        <country>Canada</country>
      </address>
    </facility>
  </location>
  <location>
    <facility>
      <name>CA002</name>
      <address>
        <city>Kingston</city>
        <zip>K7L 5G2</zip>
        <country>Canada</country>
      </address>
    </facility>
  </location>
  <location>
    <facility>
      <name>CA010</name>
      <address>
        <city>Penticton</city>
        <zip>V2A 5C8</zip>
        <country>Canada</country>
      </address>
    </facility>
  </location>
  <location>
    <facility>
      <name>CA004</name>
      <address>
        <city>Sherbrooke</city>
        <zip>J1J 3H5</zip>
        <country>Canada</country>
      </address>
    </facility>
  </location>
  <location>
    <facility>
      <name>CA001</name>
      <address>
        <city>Toronto</city>
        <zip>M3B 2S7</zip>
        <country>Canada</country>
      </address>
    </facility>
  </location>
  <location>
    <facility>
      <name>CZ001</name>
      <address>
        <city>Kladno</city>
        <zip>27301</zip>
        <country>Czech Republic</country>
      </address>
    </facility>
  </location>
  <location>
    <facility>
      <name>CZ002</name>
      <address>
        <city>Kutna Hora</city>
        <zip>28401</zip>
        <country>Czech Republic</country>
      </address>
    </facility>
  </location>
  <location>
    <facility>
      <name>CZ007</name>
      <address>
        <city>Litomerice</city>
        <zip>41201</zip>
        <country>Czech Republic</country>
      </address>
    </facility>
  </location>
  <location>
    <facility>
      <name>CZ004</name>
      <address>
        <city>Praha 8</city>
        <zip>18000</zip>
        <country>Czech Republic</country>
      </address>
    </facility>
  </location>
  <location>
    <facility>
      <name>CZ005</name>
      <address>
        <city>Praha</city>
        <zip>1000</zip>
        <country>Czech Republic</country>
      </address>
    </facility>
  </location>
  <location>
    <facility>
      <name>CZ008</name>
      <address>
        <city>Praha</city>
        <zip>15800</zip>
        <country>Czech Republic</country>
      </address>
    </facility>
  </location>
  <location>
    <facility>
      <name>CZ006</name>
      <address>
        <city>Praha</city>
        <zip>16000</zip>
        <country>Czech Republic</country>
      </address>
    </facility>
  </location>
  <location>
    <facility>
      <name>CZ003</name>
      <address>
        <city>Rychnov nad Kneznou</city>
        <zip>516 01</zip>
        <country>Czech Republic</country>
      </address>
    </facility>
  </location>
  <location>
    <facility>
      <name>DE004</name>
      <address>
        <city>Ellwangen</city>
        <zip>73479</zip>
        <country>Germany</country>
      </address>
    </facility>
  </location>
  <location>
    <facility>
      <name>DE003</name>
      <address>
        <city>Erbach</city>
        <zip>64711</zip>
        <country>Germany</country>
      </address>
    </facility>
  </location>
  <location>
    <facility>
      <name>DE005</name>
      <address>
        <city>Frankfurt am Main</city>
        <zip>60528</zip>
        <country>Germany</country>
      </address>
    </facility>
  </location>
  <location>
    <facility>
      <name>DE002</name>
      <address>
        <city>Gunzburg</city>
        <zip>89312</zip>
        <country>Germany</country>
      </address>
    </facility>
  </location>
  <location>
    <facility>
      <name>DE001</name>
      <address>
        <city>Homburg</city>
        <zip>66421</zip>
        <country>Germany</country>
      </address>
    </facility>
  </location>
  <location>
    <facility>
      <name>DE006</name>
      <address>
        <city>Leipzig</city>
        <zip>4107</zip>
        <country>Germany</country>
      </address>
    </facility>
  </location>
  <location>
    <facility>
      <name>DE009</name>
      <address>
        <city>Munich</city>
        <zip>81366</zip>
        <country>Germany</country>
      </address>
    </facility>
  </location>
  <location>
    <facility>
      <name>DE007</name>
      <address>
        <city>Unterhaching</city>
        <zip>82008</zip>
        <country>Germany</country>
      </address>
    </facility>
  </location>
  <location>
    <facility>
      <name>IT001</name>
      <address>
        <city>Brescia</city>
        <zip>25123</zip>
        <country>Italy</country>
      </address>
    </facility>
  </location>
  <location>
    <facility>
      <name>IT005</name>
      <address>
        <city>Brescia</city>
        <zip>25127</zip>
        <country>Italy</country>
      </address>
    </facility>
  </location>
  <location>
    <facility>
      <name>IT008</name>
      <address>
        <city>Firenze</city>
        <zip>50141</zip>
        <country>Italy</country>
      </address>
    </facility>
  </location>
  <location>
    <facility>
      <name>IT003</name>
      <address>
        <city>Genova</city>
        <country>Italy</country>
      </address>
    </facility>
  </location>
  <location>
    <facility>
      <name>IT004</name>
      <address>
        <city>Lamezia Terme</city>
        <zip>88046</zip>
        <country>Italy</country>
      </address>
    </facility>
  </location>
  <location>
    <facility>
      <name>IT007</name>
      <address>
        <city>Milano</city>
        <zip>20122</zip>
        <country>Italy</country>
      </address>
    </facility>
  </location>
  <location>
    <facility>
      <name>IT002</name>
      <address>
        <city>Roma</city>
        <zip>185</zip>
        <country>Italy</country>
      </address>
    </facility>
  </location>
  <location>
    <facility>
      <name>PL002</name>
      <address>
        <city>Bydgoszcz</city>
        <zip>87-793</zip>
        <country>Poland</country>
      </address>
    </facility>
  </location>
  <location>
    <facility>
      <name>PL001</name>
      <address>
        <city>Krakow</city>
        <zip>30-321</zip>
        <country>Poland</country>
      </address>
    </facility>
  </location>
  <location>
    <facility>
      <name>PL007</name>
      <address>
        <city>Lublin</city>
        <zip>20-950</zip>
        <country>Poland</country>
      </address>
    </facility>
  </location>
  <location>
    <facility>
      <name>PL003</name>
      <address>
        <city>Sopot</city>
        <zip>81-824</zip>
        <country>Poland</country>
      </address>
    </facility>
  </location>
  <location>
    <facility>
      <name>PL009</name>
      <address>
        <city>Szczecin</city>
        <zip>70-215</zip>
        <country>Poland</country>
      </address>
    </facility>
  </location>
  <location>
    <facility>
      <name>PL005</name>
      <address>
        <city>Warszawa</city>
        <zip>01-231</zip>
        <country>Poland</country>
      </address>
    </facility>
  </location>
  <location>
    <facility>
      <name>PL004</name>
      <address>
        <city>Warszaw</city>
        <zip>01-211</zip>
        <country>Poland</country>
      </address>
    </facility>
  </location>
  <location>
    <facility>
      <name>PL008</name>
      <address>
        <city>Warszaw</city>
        <zip>02-765</zip>
        <country>Poland</country>
      </address>
    </facility>
  </location>
  <location>
    <facility>
      <name>ES002</name>
      <address>
        <city>Barcelona</city>
        <zip>8014</zip>
        <country>Spain</country>
      </address>
    </facility>
  </location>
  <location>
    <facility>
      <name>ES003</name>
      <address>
        <city>Elche</city>
        <zip>3203</zip>
        <country>Spain</country>
      </address>
    </facility>
  </location>
  <location>
    <facility>
      <name>ES004</name>
      <address>
        <city>Madrid</city>
        <zip>28031</zip>
        <country>Spain</country>
      </address>
    </facility>
  </location>
  <location>
    <facility>
      <name>ES005</name>
      <address>
        <city>Madrid</city>
        <zip>28040</zip>
        <country>Spain</country>
      </address>
    </facility>
  </location>
  <location>
    <facility>
      <name>ES006</name>
      <address>
        <city>Majadahonda</city>
        <zip>28222</zip>
        <country>Spain</country>
      </address>
    </facility>
  </location>
  <location>
    <facility>
      <name>ES001</name>
      <address>
        <city>Terrassa</city>
        <zip>8221</zip>
        <country>Spain</country>
      </address>
    </facility>
  </location>
  <location_countries>
    <country>Australia</country>
    <country>Canada</country>
    <country>Czech Republic</country>
    <country>Germany</country>
    <country>Italy</country>
    <country>Poland</country>
    <country>Spain</country>
  </location_countries>
  <verification_date>January 2012</verification_date>
  <!-- Old date names will be dropped in a few months (sometime in 2018)                        -->
  <lastchanged_date>January 5, 2012</lastchanged_date>
  <firstreceived_date>November 24, 2009</firstreceived_date>
  <!-- New date names                                                                           -->
  <study_first_submitted>November 24, 2009</study_first_submitted>
  <study_first_submitted_qc>November 24, 2009</study_first_submitted_qc>
  <study_first_posted type="Estimate">November 25, 2009</study_first_posted>
  <last_update_submitted>January 5, 2012</last_update_submitted>
  <last_update_submitted_qc>January 5, 2012</last_update_submitted_qc>
  <last_update_posted type="Estimate">January 6, 2012</last_update_posted>
  <!-- End of dates                                                                             -->
  <responsible_party>
    <responsible_party_type>Sponsor</responsible_party_type>
  </responsible_party>
  <keyword>Cognition</keyword>
  <condition_browse>
    <!-- CAUTION:  The following MeSH terms are assigned with an imperfect algorithm            -->
    <mesh_term>Alzheimer Disease</mesh_term>
  </condition_browse>
  <intervention_browse>
    <!-- CAUTION:  The following MeSH terms are assigned with an imperfect algorithm            -->
    <mesh_term>Donepezil</mesh_term>
  </intervention_browse>
  <!-- Results have not yet been posted for this study                                          -->
</clinical_study>

