<?xml version="1.0" encoding="UTF-8"?>
<clinical_study rank="255">
  <!-- This xml conforms to an XML Schema at:
    https://clinicaltrials.gov/ct2/html/images/info/public.xsd -->
  <required_header>
    <download_date>ClinicalTrials.gov processed this data on November 07, 2017</download_date>
    <link_text>Link to the current ClinicalTrials.gov record.</link_text>
    <url>https://clinicaltrials.gov/show/NCT01843075</url>
  </required_header>
  <id_info>
    <org_study_id>U1111-1131-9252</org_study_id>
    <nct_id>NCT01843075</nct_id>
  </id_info>
  <brief_title>Evaluating Liraglutide in Alzheimer's Disease</brief_title>
  <acronym>ELAD</acronym>
  <official_title>Evaluating the Effects of the Novel GLP-1 Analogue, Liraglutide, in Patients With Mild Alzheimer's Disease (ELAD Study)</official_title>
  <sponsors>
    <lead_sponsor>
      <agency>Imperial College London</agency>
      <agency_class>Other</agency_class>
    </lead_sponsor>
    <collaborator>
      <agency>King's College Hospital NHS Trust</agency>
      <agency_class>Other</agency_class>
    </collaborator>
    <collaborator>
      <agency>University of Oxford</agency>
      <agency_class>Other</agency_class>
    </collaborator>
    <collaborator>
      <agency>University of Southampton</agency>
      <agency_class>Other</agency_class>
    </collaborator>
    <collaborator>
      <agency>Avon and Wiltshire Mental Health Partnership NHS Trust</agency>
      <agency_class>Other</agency_class>
    </collaborator>
  </sponsors>
  <source>Imperial College London</source>
  <oversight_info>
    <has_dmc>Yes</has_dmc>
  </oversight_info>
  <brief_summary>
    <textblock>
      This is a 12-month, multicentre randomised double-blind placebo-controlled Phase IIb study in
      patients with mild Alzheimer's dementia (AD). The investigators aim to recruit patients with
      mild Alzheimer's dementia as defined by the National Institute of Neurological and
      Communicative Disorders and Stroke - Alzheimer's Disease and Related Disorder Association
      (NINCDS-ADRDA) Criteria for Probable Alzheimer's Dementia or meeting Dubois criteria for
      early AD, with Mini Mental State Evaluation score of at least 20 out of a maximum of 30 and a
      CDR Global score of 0.5 or 1.

      Patients will be randomised on a 1:1 ratio to receive liraglutide or matching placebo.
    </textblock>
  </brief_summary>
  <overall_status>Recruiting</overall_status>
  <start_date>January 2014</start_date>
  <completion_date type="Anticipated">March 2019</completion_date>
  <primary_completion_date type="Anticipated">March 2019</primary_completion_date>
  <phase>Phase 2</phase>
  <study_type>Interventional</study_type>
  <has_expanded_access>No</has_expanded_access>
  <study_design_info>
    <allocation>Randomized</allocation>
    <intervention_model>Parallel Assignment</intervention_model>
    <primary_purpose>Treatment</primary_purpose>
    <masking>Quadruple (Participant, Care Provider, Investigator, Outcomes Assessor)</masking>
  </study_design_info>
  <primary_outcome>
    <measure>The change in cerebral glucose metabolic rate</measure>
    <time_frame>12 months</time_frame>
    <description>The change in cerebral glucose metabolic rate from baseline to follow up (12 months) in the treatment group compared with the placebo group.</description>
  </primary_outcome>
  <secondary_outcome>
    <measure>The change in z-scores for the ADAS Exec, MRI changes, microglial activation, and CSF markers</measure>
    <time_frame>12 months</time_frame>
  </secondary_outcome>
  <secondary_outcome>
    <measure>The incidence and severity of treatment emergent adverse events</measure>
    <time_frame>12 months</time_frame>
    <description>The incidence and severity of treatment emergent adverse events or clinically important changes in safety assessments over 12 months.</description>
  </secondary_outcome>
  <secondary_outcome>
    <measure>The change in microglial activation</measure>
    <time_frame>12 months</time_frame>
    <description>To establish whether there is a reduction in microglial activation in subjects with mild AD following daily subcutaneous injection of liraglutide for 1 year using TSPO PET scanning compared with subjects receiving placebo injections in a subgroup of patients</description>
  </secondary_outcome>
  <secondary_outcome>
    <measure>The change in tau deposition</measure>
    <time_frame>12 months</time_frame>
    <description>The change in the hippocampal, entorhinal and other cortical changes in tau deposition in treatment group compared to the placebo group in a subgroup of subjects.</description>
  </secondary_outcome>
  <secondary_outcome>
    <measure>The change in cortical amyloid</measure>
    <time_frame>12 months</time_frame>
    <description>Changes in levels of cortical amyloid load in treatment group compared to the placebo group in a subgroup of subjects.</description>
  </secondary_outcome>
  <number_of_arms>2</number_of_arms>
  <enrollment type="Anticipated">206</enrollment>
  <condition>Alzheimer's Disease</condition>
  <arm_group>
    <arm_group_label>Liraglutide</arm_group_label>
    <arm_group_type>Experimental</arm_group_type>
    <description>Daily administration of 1.8 mg liraglutide by subcutaneous injection</description>
  </arm_group>
  <arm_group>
    <arm_group_label>Placebo</arm_group_label>
    <arm_group_type>Placebo Comparator</arm_group_type>
    <description>Daily administration of matched placebo by subcutaneous injection</description>
  </arm_group>
  <intervention>
    <intervention_type>Drug</intervention_type>
    <intervention_name>Liraglutide</intervention_name>
    <description>Daily subcutaneous injection</description>
    <arm_group_label>Liraglutide</arm_group_label>
    <other_name>Victoza</other_name>
  </intervention>
  <intervention>
    <intervention_type>Drug</intervention_type>
    <intervention_name>Placebo</intervention_name>
    <description>Daily subcutaneous injection</description>
    <arm_group_label>Placebo</arm_group_label>
  </intervention>
  <eligibility>
    <criteria>
      <textblock>
        Inclusion Criteria:

          1. Capable of giving and capacity to give informed consent

          2. An individual who can act as a reliable study partner with regular contact
             (combination of face to face visits / telephone contact acceptable) who has sufficient
             subject interaction to provide meaningful input into rating scales and, if necessary,
             supervise or perform the injections, as judged by the investigator

          3. Diagnosis of Probable Alzheimer's disease according to Dubois criteria (Dubois,
             Feldman et al. 2007) or National Institute of Neurological and Communicative Disorders
             and Stroke-Alzheimer's Disease and Related Disorders Association (NINCDS-ADRDA)
             criteria

          4. Age from 50 years

          5. Mini-Mental State Examination (MMSE) score of ≥20 and CDR-Global score of 0.5 or 1

          6. Rosen Modified Hachinski Ischemic score ≤4

          7. On stable medication for 2 months before the screening visit; on or off cholinesterase
             inhibitors

          8. Fluency in English and evidence of adequate premorbid intellectual functioning

          9. Likely to be able to participate in all scheduled evaluations and complete all
             required tests

        Exclusion Criteria:

          1. Patients on treatment for diabetes mellitus

          2. Any contraindications to the use of liraglutide as per the Summary of Product
             Characteristics (hepatic impairment, renal impairment with CKD stage 4 and above (eGFR
             &lt;30 ml/min/1.73m2), inflammatory bowel disease). Patients with eGFR less than 45
             ml/min/1.73m2 will have the renal function monitored very closely

          3. Significant neurological disease other than AD that may affect cognition

          4. MRI/CT showing unambiguous aetiological evidence of cerebrovascular disease with
             regard to their dementia or vascular dementia fulfilling NINCDS-AIREN criteria

          5. Current presence of a clinically significant major psychiatric disorder (e.g., Major
             Depressive Disorder) according to the criteria of the Diagnostic and Statistical
             Manual of Mental Disorders, Fourth Edition (DSM-IV)

          6. Current clinically significant systemic illness that is likely to result in
             deterioration of the patient's condition or affect the patient's safety during the
             study

          7. History of epilepsy, where seizures or treatment could have contributed to cognitive
             impairment

          8. Treatment with immunosuppressive medications (e.g. systemic corticosteroids) within
             the last 90 days (topical and nasal corticosteroids and inhaled corticosteroids for
             asthma are permitted) or chemotherapeutic agents for malignancy within the last 3
             years

          9. Myocardial infarction within the last 1 year

         10. History of cancer within the last 5 years, except localised skin cancer

         11. Other clinically significant abnormality on physical, neurological or laboratory
             examination that could compromise the study or be detrimental to the patient

         12. History of alcohol or drug dependence or abuse within the last 2 years

         13. Current use of anticonvulsant, anti-Parkinson's, anticoagulant (excluding the use of
             aspirin 325 mg/day or less) or narcotic medications. Subjects on anticoagulants will
             be allowed, but will not have an arterial line inserted

         14. Use of experimental medications for AD or any other investigational medication or
             device within 60 days. Patients who have been involved in a monoclonal antibody study
             are excluded unless it is known that they were receiving placebo in that trial

         15. Women of childbearing potential. Women who could become pregnant will be required to
             use adequate contraception throughout the trial

         16. Patients with a personal or family history of medullary thyroid carcinoma (MTC) and
             patients with multiple endocrine neoplasia type 2 (MEN2)

         17. Any contraindications to MRI scanning
      </textblock>
    </criteria>
    <gender>All</gender>
    <minimum_age>50 Years</minimum_age>
    <maximum_age>N/A</maximum_age>
    <healthy_volunteers>No</healthy_volunteers>
  </eligibility>
  <overall_official>
    <last_name>Paul Edison, PhD FRCPI</last_name>
    <role>Principal Investigator</role>
    <affiliation>Imperial College London</affiliation>
  </overall_official>
  <overall_contact>
    <last_name>Paul Edison, PhD FRCPI</last_name>
    <phone>+44 (0) 233133275</phone>
    <email>paul.edison@imperial.ac.uk</email>
  </overall_contact>
  <overall_contact_backup>
    <last_name>Victoria Scott, BSc</last_name>
    <phone>+44 (0) 283833704</phone>
    <email>victoria.scott@imperial.ac.uk</email>
  </overall_contact_backup>
  <location>
    <facility>
      <name>Imperial College, Hammersmith Hospital</name>
      <address>
        <city>London</city>
        <zip>W12 0NN</zip>
        <country>United Kingdom</country>
      </address>
    </facility>
    <status>Recruiting</status>
    <contact>
      <last_name>Victoria Scott, BSc</last_name>
      <phone>+44 (0) 283833704</phone>
      <email>victoria.scott@imperial.ac.uk</email>
    </contact>
    <investigator>
      <last_name>Paul Edison, PhD FRCP(I)</last_name>
      <role>Principal Investigator</role>
    </investigator>
  </location>
  <location_countries>
    <country>United Kingdom</country>
  </location_countries>
  <verification_date>September 2016</verification_date>
  <!-- Old date names will be dropped in a few months (sometime in 2018)                        -->
  <lastchanged_date>March 23, 2017</lastchanged_date>
  <firstreceived_date>April 24, 2013</firstreceived_date>
  <!-- New date names                                                                           -->
  <study_first_submitted>April 24, 2013</study_first_submitted>
  <study_first_submitted_qc>April 26, 2013</study_first_submitted_qc>
  <study_first_posted type="Estimate">April 30, 2013</study_first_posted>
  <last_update_submitted>March 23, 2017</last_update_submitted>
  <last_update_submitted_qc>March 23, 2017</last_update_submitted_qc>
  <last_update_posted type="Actual">March 27, 2017</last_update_posted>
  <!-- End of dates                                                                             -->
  <responsible_party>
    <responsible_party_type>Sponsor</responsible_party_type>
  </responsible_party>
  <condition_browse>
    <!-- CAUTION:  The following MeSH terms are assigned with an imperfect algorithm            -->
    <mesh_term>Alzheimer Disease</mesh_term>
  </condition_browse>
  <intervention_browse>
    <!-- CAUTION:  The following MeSH terms are assigned with an imperfect algorithm            -->
    <mesh_term>Liraglutide</mesh_term>
  </intervention_browse>
  <!-- Results have not yet been posted for this study                                          -->
</clinical_study>

