<?xml version="1.0" encoding="UTF-8"?>
<clinical_study rank="40">
  <!-- This xml conforms to an XML Schema at:
    https://clinicaltrials.gov/ct2/html/images/info/public.xsd -->
  <required_header>
    <download_date>ClinicalTrials.gov processed this data on November 07, 2017</download_date>
    <link_text>Link to the current ClinicalTrials.gov record.</link_text>
    <url>https://clinicaltrials.gov/show/NCT00646269</url>
  </required_header>
  <id_info>
    <org_study_id>2007/17</org_study_id>
    <nct_id>NCT00646269</nct_id>
  </id_info>
  <brief_title>Efficacy Assessment of Three Non Pharmacological Therapies in Alzheimer's Disease</brief_title>
  <acronym>ETNA3</acronym>
  <official_title>Efficacy Assessment of Three Non Pharmacological Therapies in Alzheimer's Disease</official_title>
  <sponsors>
    <lead_sponsor>
      <agency>University Hospital, Bordeaux</agency>
      <agency_class>Other</agency_class>
    </lead_sponsor>
    <collaborator>
      <agency>Caisse Nationale de Solidarité pour l'Autonomie</agency>
      <agency_class>Other</agency_class>
    </collaborator>
    <collaborator>
      <agency>Caisse Nationale d'Assurance Maladie des Travailleurs Non Salariés</agency>
      <agency_class>Other</agency_class>
    </collaborator>
    <collaborator>
      <agency>Direction Générale de la Santé, France</agency>
      <agency_class>Other</agency_class>
    </collaborator>
    <collaborator>
      <agency>Institut National de la Santé Et de la Recherche Médicale, France</agency>
      <agency_class>Other</agency_class>
    </collaborator>
    <collaborator>
      <agency>Université Victor Segalen Bordeaux 2</agency>
      <agency_class>Other</agency_class>
    </collaborator>
  </sponsors>
  <source>University Hospital, Bordeaux</source>
  <oversight_info>
    <has_dmc>Yes</has_dmc>
  </oversight_info>
  <brief_summary>
    <textblock>
      ETNA3 is a multicentric randomised clinical trial conducted in France to evaluate the impact
      of cognitive training, reminiscence therapy and a &quot;made-to-measure&quot; program on the
      progression rate of dementia.
    </textblock>
  </brief_summary>
  <detailed_description>
    <textblock>
      ETNA3 is a multicentric randomised clinical trial conducted in France to evaluate the impact
      of non pharmacological treatments on the progression rate of dementia: Three non
      pharmacological treatments are being studied: cognitive training therapy, reminiscence
      therapy and a &quot;made-to-measure&quot; program. Nearly 40 &quot;Memory Clinics&quot; are participating. 800
      patients suffering Alzheimer's Disease in the mild to moderate stage of the disease will be
      included. For each therapy, a standard intervention protocol has been defined. The main
      objective is to determine whether any or several of these non pharmacological treatments can
      delay the severe stage of dementia during a 2-year follow-up. The secondary outcomes assess
      cognitive abilities, functional abilities in activities of daily living, behavioural
      disturbance, apathy, quality of life, depression, caregiver burden and resource utilization
    </textblock>
  </detailed_description>
  <overall_status>Completed</overall_status>
  <start_date>March 2008</start_date>
  <completion_date type="Actual">December 2012</completion_date>
  <primary_completion_date type="Actual">December 2010</primary_completion_date>
  <phase>Phase 3</phase>
  <study_type>Interventional</study_type>
  <has_expanded_access>No</has_expanded_access>
  <study_design_info>
    <allocation>Randomized</allocation>
    <intervention_model>Parallel Assignment</intervention_model>
    <primary_purpose>Treatment</primary_purpose>
    <masking>Single (Outcomes Assessor)</masking>
  </study_design_info>
  <primary_outcome>
    <measure>Proportion of progression to the severe stage of Alzheimer's disease (MMSE score of 15 or lower)</measure>
    <time_frame>2 years</time_frame>
  </primary_outcome>
  <secondary_outcome>
    <measure>Cognitive abilities (ADAS-cog)</measure>
    <time_frame>2 years</time_frame>
  </secondary_outcome>
  <secondary_outcome>
    <measure>Functional abilities in activities of daily living (DAD scale)</measure>
    <time_frame>2 years</time_frame>
  </secondary_outcome>
  <secondary_outcome>
    <measure>Behavioural disturbance (NPI)</measure>
    <time_frame>2 years</time_frame>
  </secondary_outcome>
  <secondary_outcome>
    <measure>Apathy (Apathy Inventory)</measure>
    <time_frame>2 years</time_frame>
  </secondary_outcome>
  <secondary_outcome>
    <measure>Quality of life (Quol-AD)</measure>
    <time_frame>2 years</time_frame>
  </secondary_outcome>
  <secondary_outcome>
    <measure>Depression (MADRS)</measure>
    <time_frame>2 years</time_frame>
  </secondary_outcome>
  <number_of_arms>4</number_of_arms>
  <enrollment type="Actual">640</enrollment>
  <condition>Alzheimer's Disease</condition>
  <arm_group>
    <arm_group_label>1</arm_group_label>
    <arm_group_type>Active Comparator</arm_group_type>
  </arm_group>
  <arm_group>
    <arm_group_label>2</arm_group_label>
    <arm_group_type>Experimental</arm_group_type>
  </arm_group>
  <arm_group>
    <arm_group_label>3</arm_group_label>
    <arm_group_type>Experimental</arm_group_type>
  </arm_group>
  <arm_group>
    <arm_group_label>4</arm_group_label>
    <arm_group_type>Experimental</arm_group_type>
  </arm_group>
  <intervention>
    <intervention_type>Behavioral</intervention_type>
    <intervention_name>Standard intervention protocol</intervention_name>
    <description>The control group involves a standardized medical follow-up of patients with Alzheimer's disease and a psychoeducative group program for caregivers of patients.</description>
    <arm_group_label>1</arm_group_label>
  </intervention>
  <intervention>
    <intervention_type>Behavioral</intervention_type>
    <intervention_name>Standard intervention protocol + Cognitive training therapy</intervention_name>
    <description>&quot;Cognitive training therapy&quot; is provided in small groups of 5 to 8 patients. It consists in classroom type sessions designed to provide general cognitive stimulation. A set of standard cognitive exercises (involving memory, attention, or problem-solving…) related to activities of daily living is realized at each session.</description>
    <arm_group_label>2</arm_group_label>
  </intervention>
  <intervention>
    <intervention_type>Behavioral</intervention_type>
    <intervention_name>Standard intervention protocol + Reminiscence therapy</intervention_name>
    <description>&quot;Reminiscence therapy&quot; is provided in small groups of 5 to 8 patients. This therapy involves the discussion of past activities, events and experiences enhanced by aids such as photographs, familiar items, songs, or personal recordings. A particular topic of life (i.e. a wedding) is discussed at each session.</description>
    <arm_group_label>3</arm_group_label>
  </intervention>
  <intervention>
    <intervention_type>Behavioral</intervention_type>
    <intervention_name>Standard intervention protocol + &quot;Made-to-measure&quot; program</intervention_name>
    <description>The &quot;made to measure&quot; program involves no systematic intervention. The psychologist is asked to choose among the two possible therapies (&quot;Cognitive training therapy&quot; or &quot;Reminiscence therapy&quot;) the one more suitable for the patient after considering his clinical characteristics including socio-demographic characteristics, disease severity or cognitive and behavioural disturbance. It is an individualized approach emphasizing the importance of flexibility to allow adjustment to individual needs.</description>
    <arm_group_label>4</arm_group_label>
  </intervention>
  <eligibility>
    <criteria>
      <textblock>
        Inclusion Criteria:

          -  Patients in the mild to moderate stages of Alzheimer's Disease : MMSE score between 16
             and 26 ; and stages 3 to 5 of the Global Deterioration Scale

          -  Patients over 50 years of age

          -  Patients with social security affiliation

        Exclusion Criteria:

          -  Patients suffering other type of dementia

          -  Institutionalized patients

          -  Patients with psychiatric disorder

          -  Patients with severe pathology in the terminal stages

          -  Patients receiving non pharmacological therapies other than that proposed in the study

          -  Enrollment in a pharmacological trial in the first 6 months
      </textblock>
    </criteria>
    <gender>All</gender>
    <minimum_age>50 Years</minimum_age>
    <maximum_age>N/A</maximum_age>
    <healthy_volunteers>No</healthy_volunteers>
  </eligibility>
  <overall_official>
    <last_name>Jean-François , Dartigues, MD, PhD</last_name>
    <role>Principal Investigator</role>
    <affiliation>University Hospital of Bordeaux</affiliation>
  </overall_official>
  <overall_official>
    <last_name>Geneviève Chêne, MD, PhD</last_name>
    <role>Study Chair</role>
    <affiliation>University Hospital of Bordeaux</affiliation>
  </overall_official>
  <location>
    <facility>
      <name>CH Agen</name>
      <address>
        <city>Agen</city>
        <zip>47923</zip>
        <country>France</country>
      </address>
    </facility>
  </location>
  <location>
    <facility>
      <name>CHU Amiens Nord</name>
      <address>
        <city>Amiens</city>
        <zip>80054</zip>
        <country>France</country>
      </address>
    </facility>
  </location>
  <location>
    <facility>
      <name>Centre Mémoire de Ressources et de Recherches de Bordeaux, CHU de Bordeaux</name>
      <address>
        <city>Bordeaux</city>
        <zip>33076</zip>
        <country>France</country>
      </address>
    </facility>
  </location>
  <location>
    <facility>
      <name>Hôpital Pellegrin</name>
      <address>
        <city>Bordeaux</city>
        <zip>33076</zip>
        <country>France</country>
      </address>
    </facility>
  </location>
  <location>
    <facility>
      <name>CHU Côte de Nacre</name>
      <address>
        <city>Caen</city>
        <zip>14033</zip>
        <country>France</country>
      </address>
    </facility>
  </location>
  <location>
    <facility>
      <name>Centre pour Personnes Agées</name>
      <address>
        <city>Colmar</city>
        <zip>68020</zip>
        <country>France</country>
      </address>
    </facility>
  </location>
  <location>
    <facility>
      <name>Centre de Gériatrie</name>
      <address>
        <city>DAX</city>
        <zip>40107</zip>
        <country>France</country>
      </address>
    </facility>
  </location>
  <location>
    <facility>
      <name>Hôpital Dupuytren</name>
      <address>
        <city>Draveil</city>
        <zip>92210</zip>
        <country>France</country>
      </address>
    </facility>
  </location>
  <location>
    <facility>
      <name>Pôle de Gérontologie CHICAS</name>
      <address>
        <city>Gap</city>
        <zip>05007</zip>
        <country>France</country>
      </address>
    </facility>
  </location>
  <location>
    <facility>
      <name>Les Fontaines de Monjous</name>
      <address>
        <city>Gradignan</city>
        <zip>33170</zip>
        <country>France</country>
      </address>
    </facility>
  </location>
  <location>
    <facility>
      <name>CMRR &amp; Neuropsychologie, Pavillon de Neurologie, CHU de Grenoble</name>
      <address>
        <city>Grenoble</city>
        <zip>38043</zip>
        <country>France</country>
      </address>
    </facility>
  </location>
  <location>
    <facility>
      <name>Centre Hospitalier La Rochelle</name>
      <address>
        <city>La rochelle</city>
        <zip>17000</zip>
        <country>France</country>
      </address>
    </facility>
  </location>
  <location>
    <facility>
      <name>Association AA83 Alzheimer Aidants Var Etablissement &quot; Les pensées &quot;</name>
      <address>
        <city>La Seyne sur Mer</city>
        <zip>83500</zip>
        <country>France</country>
      </address>
    </facility>
  </location>
  <location>
    <facility>
      <name>Centre Hospitalier de Libourne</name>
      <address>
        <city>Libourne</city>
        <zip>33505</zip>
        <country>France</country>
      </address>
    </facility>
  </location>
  <location>
    <facility>
      <name>CHU Limoges</name>
      <address>
        <city>Limoges</city>
        <zip>87042</zip>
        <country>France</country>
      </address>
    </facility>
  </location>
  <location>
    <facility>
      <name>Hôpital Privé Gériatrique Les Magnolias</name>
      <address>
        <city>Longjumeau</city>
        <zip>91161</zip>
        <country>France</country>
      </address>
    </facility>
  </location>
  <location>
    <facility>
      <name>Centre Hospitalier Bretagne Sud</name>
      <address>
        <city>Lorient</city>
        <zip>56322</zip>
        <country>France</country>
      </address>
    </facility>
  </location>
  <location>
    <facility>
      <name>Groupe Hospitalier Saint-Augustin</name>
      <address>
        <city>Malestroit</city>
        <zip>56140</zip>
        <country>France</country>
      </address>
    </facility>
  </location>
  <location>
    <facility>
      <name>Hôpital Sainte-Marguerite</name>
      <address>
        <city>Marseille</city>
        <zip>13009</zip>
        <country>France</country>
      </address>
    </facility>
  </location>
  <location>
    <facility>
      <name>Centre Antonin Balmes</name>
      <address>
        <city>Montpellier</city>
        <zip>34295</zip>
        <country>France</country>
      </address>
    </facility>
  </location>
  <location>
    <facility>
      <name>Hôpital Gui de Chauliac</name>
      <address>
        <city>Montpellier</city>
        <zip>34295</zip>
        <country>France</country>
      </address>
    </facility>
  </location>
  <location>
    <facility>
      <name>Clinique Neurologique, CHU Nord</name>
      <address>
        <city>Nantes</city>
        <zip>44093</zip>
        <country>France</country>
      </address>
    </facility>
  </location>
  <location>
    <facility>
      <name>Centre Mémoire, Hôpital Pasteur,</name>
      <address>
        <city>Nice</city>
        <zip>06002</zip>
        <country>France</country>
      </address>
    </facility>
  </location>
  <location>
    <facility>
      <name>Hôpital Broca</name>
      <address>
        <city>Paris</city>
        <zip>75013</zip>
        <country>France</country>
      </address>
    </facility>
  </location>
  <location>
    <facility>
      <name>Hôpital de la Salpétrière,</name>
      <address>
        <city>Paris</city>
        <zip>75013</zip>
        <country>France</country>
      </address>
    </facility>
  </location>
  <location>
    <facility>
      <name>Centre Hospitalier des Pyrénées</name>
      <address>
        <city>Pau</city>
        <zip>64000</zip>
        <country>France</country>
      </address>
    </facility>
  </location>
  <location>
    <facility>
      <name>Hôpital de Jour Gériatrique</name>
      <address>
        <city>Pau</city>
        <zip>64000</zip>
        <country>France</country>
      </address>
    </facility>
  </location>
  <location>
    <facility>
      <name>Hôpital Xavier-Arnozan</name>
      <address>
        <city>Pessac</city>
        <zip>33604</zip>
        <country>France</country>
      </address>
    </facility>
  </location>
  <location>
    <facility>
      <name>CHI Poissy-saint-germain-en-laye</name>
      <address>
        <city>Poissy</city>
        <zip>78300</zip>
        <country>France</country>
      </address>
    </facility>
  </location>
  <location>
    <facility>
      <name>Hôpital de Jour gériatrique</name>
      <address>
        <city>Poitiers</city>
        <zip>86021</zip>
        <country>France</country>
      </address>
    </facility>
  </location>
  <location>
    <facility>
      <name>CHU de Rennes</name>
      <address>
        <city>Rennes</city>
        <zip>35000</zip>
        <country>France</country>
      </address>
    </facility>
  </location>
  <location>
    <facility>
      <name>Hôpital de Jour Gériatrique</name>
      <address>
        <city>Saint Raphaël</city>
        <zip>83700</zip>
        <country>France</country>
      </address>
    </facility>
  </location>
  <location>
    <facility>
      <name>CHRU de Saint-Etienne</name>
      <address>
        <city>Saint-Etienne</city>
        <zip>42055</zip>
        <country>France</country>
      </address>
    </facility>
  </location>
  <location>
    <facility>
      <name>Centre hospitalier Ariège Couserans</name>
      <address>
        <city>Saint-Girons</city>
        <zip>09201</zip>
        <country>France</country>
      </address>
    </facility>
  </location>
  <location>
    <facility>
      <name>Hôpitaux universitaires de Strasbourg</name>
      <address>
        <city>Strasbourg</city>
        <zip>67091</zip>
        <country>France</country>
      </address>
    </facility>
  </location>
  <location>
    <facility>
      <name>Bagatelle</name>
      <address>
        <city>Talence</city>
        <zip>33401</zip>
        <country>France</country>
      </address>
    </facility>
  </location>
  <location>
    <facility>
      <name>CHIC Marmande - Tonneins</name>
      <address>
        <city>Tonneins</city>
        <zip>47400</zip>
        <country>France</country>
      </address>
    </facility>
  </location>
  <location>
    <facility>
      <name>CHU Purpan-Casselardit</name>
      <address>
        <city>Toulouse</city>
        <zip>31300</zip>
        <country>France</country>
      </address>
    </facility>
  </location>
  <location>
    <facility>
      <name>Hôpital des Charpennes</name>
      <address>
        <city>Villeurbanne</city>
        <zip>69100</zip>
        <country>France</country>
      </address>
    </facility>
  </location>
  <location_countries>
    <country>France</country>
  </location_countries>
  <reference>
    <citation>Clare L, Woods RT, Moniz Cook ED, Orrell M, Spector A. Cognitive rehabilitation and cognitive training for early-stage Alzheimer's disease and vascular dementia. Cochrane Database Syst Rev. 2003;(4):CD003260. Review. Update in: Cochrane Database Syst Rev. 2013;6:CD003260.</citation>
    <PMID>14583963</PMID>
  </reference>
  <verification_date>July 2013</verification_date>
  <!-- Old date names will be dropped in a few months (sometime in 2018)                        -->
  <lastchanged_date>July 31, 2013</lastchanged_date>
  <firstreceived_date>March 25, 2008</firstreceived_date>
  <!-- New date names                                                                           -->
  <study_first_submitted>March 25, 2008</study_first_submitted>
  <study_first_submitted_qc>March 25, 2008</study_first_submitted_qc>
  <study_first_posted type="Estimate">March 28, 2008</study_first_posted>
  <last_update_submitted>July 31, 2013</last_update_submitted>
  <last_update_submitted_qc>July 31, 2013</last_update_submitted_qc>
  <last_update_posted type="Estimate">August 1, 2013</last_update_posted>
  <!-- End of dates                                                                             -->
  <responsible_party>
    <responsible_party_type>Sponsor</responsible_party_type>
  </responsible_party>
  <keyword>Dementia ; Alzheimer's Disease ; Non pharmacological treatments ; cognitive training ; reminiscence therapy ; efficacy assessment</keyword>
  <condition_browse>
    <!-- CAUTION:  The following MeSH terms are assigned with an imperfect algorithm            -->
    <mesh_term>Alzheimer Disease</mesh_term>
  </condition_browse>
  <!-- Results have not yet been posted for this study                                          -->
</clinical_study>

