<?xml version="1.0" encoding="UTF-8"?>
<clinical_study rank="20">
  <!-- This xml conforms to an XML Schema at:
    https://clinicaltrials.gov/ct2/html/images/info/public.xsd -->
  <required_header>
    <download_date>ClinicalTrials.gov processed this data on November 07, 2017</download_date>
    <link_text>Link to the current ClinicalTrials.gov record.</link_text>
    <url>https://clinicaltrials.gov/show/NCT01703117</url>
  </required_header>
  <id_info>
    <org_study_id>APE-0792</org_study_id>
    <nct_id>NCT01703117</nct_id>
  </id_info>
  <brief_title>Riluzole in Mild Alzheimer's Disease</brief_title>
  <official_title>Glutamatergic Dysfunction in Cognitive Aging: Riluzole in Mild Alzheimer's Disease</official_title>
  <sponsors>
    <lead_sponsor>
      <agency>Rockefeller University</agency>
      <agency_class>Other</agency_class>
    </lead_sponsor>
  </sponsors>
  <source>Rockefeller University</source>
  <oversight_info>
    <has_dmc>Yes</has_dmc>
  </oversight_info>
  <brief_summary>
    <textblock>
      Cognitive aging is a major source of disability in an increasingly aging population. The
      paucity of effective treatments for cognitive aging disorders, and most importantly in
      Alzheimer's disease instigates a need for further research into novel therapeutic
      possibilities. Alzheimer's disease is the most common neurodegenerative disorder and its
      prevalence steeply increases. Glutamate-mediated excitotoxicity in neuropsychiatric disorders
      and in particular in Alzheimer's disease has been shown to cause significant cerebral damage.
      Early effective therapeutic intervention in Alzheimer's disease is critical in order to
      prevent or at least retard neuropathological progression that will lead to widespread
      irreversible neuronal loss and significant cognitive dysfunction. Riluzole, a glutamate
      modulator agent that is a proven safe medication and has not yet been used in cognitive aging
      disorders, will be tested in mild Alzheimer's disease patients. Cognitive functional changes
      along with two established in vivo biomarkers, namely, Magnetic Resonance Spectroscopy (MRS)
      and Fluorodeoxyglucose (18F) positron emission tomography (FDG-PET) will be evaluated.
    </textblock>
  </brief_summary>
  <detailed_description>
    <textblock>
      A double-blinded, randomized, placebo-controlled study will be performed. Forty-eight
      individuals with a diagnosis of mild Alzheimer's disease between 60-85 years old will
      complete the study. There will be two cohorts of 60-75 and 75-85 years old that will be
      age-matched. All forty-eight individuals will have been on donepezil, which is FDA approved
      for the treatment of Alzheimer's disease, at a dose of 5mg or 10mg per day for at least 3
      months prior to consenting and will remain on the drug throughout this study. Twenty-four
      mild Alzheimer's disease patients will receive riluzole and another 24 will receive a placebo
      (the placebo tablets will be generated at the Rockefeller University's pharmacy by the
      research pharmacist). All patients will have a neurological evaluation and neuropsychological
      tests performed to confirm that they meet criteria for probable Alzheimer's disease set out
      by the National Institute on Aging - Alzheimer's disease Association that recently revisited
      the NINCDS-ADRDA criteria and to have mild Alzheimer's disease.
    </textblock>
  </detailed_description>
  <overall_status>Recruiting</overall_status>
  <start_date type="Actual">November 2013</start_date>
  <completion_date type="Anticipated">November 2019</completion_date>
  <primary_completion_date type="Anticipated">November 2019</primary_completion_date>
  <phase>Phase 2</phase>
  <study_type>Interventional</study_type>
  <has_expanded_access>No</has_expanded_access>
  <study_design_info>
    <allocation>Randomized</allocation>
    <intervention_model>Parallel Assignment</intervention_model>
    <primary_purpose>Treatment</primary_purpose>
    <masking>Double (Participant, Investigator)</masking>
  </study_design_info>
  <primary_outcome>
    <measure>Imaging Biomarkers N-acetylaspartate (NAA) and FDG-PET values in regions of interest</measure>
    <time_frame>Change from baseline at 6 months</time_frame>
    <description>To determine if after administration of the drug riluzole over 6 months, patients with mild Alzheimer's disease will have changes in regions of interest, less decline in the levels of N-acetylaspartate (NAA), a neuronal viability marker (obtained through Magnetic Resonance Spectroscopy-MRS) in comparison to the control group, and a less prominent decline in cerebral metabolism in the regions of interest affected in mild Alzheimer's disease in FDG-PET as compared to the control group.</description>
  </primary_outcome>
  <secondary_outcome>
    <measure>Cognitive function (neuropsychological tests); Glutamate levels obtained through MRS</measure>
    <time_frame>Change from baseline at 3 and 6 months</time_frame>
  </secondary_outcome>
  <number_of_arms>2</number_of_arms>
  <enrollment type="Anticipated">48</enrollment>
  <condition>Alzheimer's Disease</condition>
  <arm_group>
    <arm_group_label>age matched cohort 60-85 years old</arm_group_label>
    <arm_group_type>Experimental</arm_group_type>
    <description>24 subjects between the ages of 60-85 will receive riluzole</description>
  </arm_group>
  <arm_group>
    <arm_group_label>24 subjects between 60-85 years old</arm_group_label>
    <arm_group_type>Placebo Comparator</arm_group_type>
    <description>24 subjects between 60-85 will receive placebo</description>
  </arm_group>
  <intervention>
    <intervention_type>Drug</intervention_type>
    <intervention_name>Riluzole</intervention_name>
    <description>24 subjects between the ages of 60-85 will receive study drug.</description>
    <arm_group_label>age matched cohort 60-85 years old</arm_group_label>
    <other_name>no other names</other_name>
  </intervention>
  <intervention>
    <intervention_type>Drug</intervention_type>
    <intervention_name>Placebo</intervention_name>
    <description>24 subjects between the ages of 60-85 will receive placebo</description>
    <arm_group_label>24 subjects between 60-85 years old</arm_group_label>
    <other_name>no other names</other_name>
  </intervention>
  <eligibility>
    <criteria>
      <textblock>
        Inclusion Criteria:

          -  Male or female; 60 - 85 years old with mild Alzheimer's disease determined after
             neurological and neuropsychological evaluation following the National Institute on
             Aging - Alzheimer's disease Association criteria that recently revisited the
             NINCDS-ADRDA criteria. For mild Alzheimer's disease, Clinical Dementia Ratings Scale
             (CDR) should be 0.5 or 1 and Mini Mental State Examination (MMSS) between 19 and 27.

          -  Must be on donepezil (Aricept®) or rivastigmine (Exelon®) or galantamine (Razadyne®)
             at a consistent dose for at least 2 months.

          -  Must be fluent in English

          -  The subject will appoint or have previously appointed a health care proxy specifically
             designated for research consent and that this be documented.

        Exclusion Criteria:

          -  Moderate-Severe Alzheimer's disease and other dementias as determined by
             neuropsychological testing and neurological evaluation.

          -  Previous riluzole treatment.

          -  MRI contra-indication (severe claustrophobia, metal implants, shunts, pacemaker, joint
             implants, metal valves).

          -  Currently taking medications that either have evidence of glutamatergic activity or
             has previous MRS evidence of effects on brain glutamate levels at the discretion of
             the PI such as memantine, lamotrigine, lithium, opiates, bupropion, psychostimulants
             such as amphetamines and methylphenidate, tricyclic antidepressants, benzodiazepines
             and any other drug that the investigators judge might interfere with the study.
             (subjects on those medications may still be included in the study however only the
             values of NAA from MRS will be utilized and not the glutamate measurements).

          -  Currently a user of the following illicit drugs: cocaine,
             methylenedioxymethamphetamine (MDMA) (&quot;ecstasy&quot;), heroin and other opioids (as
             verified by urine drug test) or has a history of drug or alcohol abuse within the past
             5 years.

          -  Serum creatinine &gt;1.5 times the upper limit of normal.

          -  Abnormal liver function test (greater than 2 times the upper limit of normal for
             alanine aminotransferase (ALT) or aspartate aminotransferase (AST); or bilirubin &gt;1.5
             times the upper limit of normal.

          -  History of brain disease including Parkinson's Disease, severe brain trauma, seizures,
             history of stroke,clinically significant lacunar infarct in a region important for
             cognition or multiple lacunes or a cortical infarct or focal lesions of clinical
             significance, multiple sclerosis, mental retardation, normal pressure hydrocephalus,
             central nervous system (CNS) tumor, Huntington's disease, subdural hematoma or other
             serious neurological disorder.

          -  Uncontrolled diabetes mellitus (Hba1c higher than 7) or chronically uncontrolled
             hypertension.

          -  Subject must not be taking Namenda® (memantine) for 6-weeks prior to study entrance.

          -  Currently taking any concomitant hepatotoxic drugs such as allopurinol, methyldopa and
             sulfasalazine.

          -  Any unstable serious co-existing medical condition(s) including but not limited to
             myocardial infarction, coronary artery disease requiring coronary bypass surgery,
             unstable angina, clinically evident congestive heart failure within 6 months prior to
             the screening visit.

          -  Current smoker or user of nicotine-containing products, such as chewing tobacco,
             nicotine patch or gum for the past 2 months.

          -  Current untreated major depression defined by Geriatric Depression Scale &gt; 20.

          -  Participation in any investigational or marketed drug or device trial within 30 days
             prior to the screening visit.

          -  Significant neuropsychiatric illnesses such as bipolar disorder, schizophrenia,
             moderate-severe anxiety, vascular dementia, Creutzfeldt-Jakob dementia, HIV dementia,
             and dementia in other specified diseases.

          -  Subjects who have been on donepezil for longer than 5 years.

          -  Weight&gt; 300 pounds.

          -  Lactose intolerance.

          -  Any medical or social condition that, in the opinion of the Investigator, might pose
             additional risk to the participant or confound the results of the study.

          -  Positive Hepatitis Serology (Hep. B antigen+ or Hep. C antibody+)
      </textblock>
    </criteria>
    <gender>All</gender>
    <minimum_age>60 Years</minimum_age>
    <maximum_age>85 Years</maximum_age>
    <healthy_volunteers>No</healthy_volunteers>
  </eligibility>
  <overall_official>
    <last_name>Ana Pereira, MD</last_name>
    <role>Principal Investigator</role>
    <affiliation>Assistant Professor, Clinical Research Investigator</affiliation>
  </overall_official>
  <overall_contact>
    <last_name>Ana Pereira, MD</last_name>
    <phone>212 327-8622</phone>
    <email>apereira@rockefeller.edu</email>
  </overall_contact>
  <location>
    <facility>
      <name>The Rockefeller University</name>
      <address>
        <city>New York</city>
        <state>New York</state>
        <zip>10065</zip>
        <country>United States</country>
      </address>
    </facility>
    <status>Recruiting</status>
    <contact>
      <last_name>RU Cares</last_name>
      <phone>800-782-2737</phone>
      <email>RUCares@rockefeller.edu</email>
    </contact>
  </location>
  <location_countries>
    <country>United States</country>
  </location_countries>
  <verification_date>September 2017</verification_date>
  <!-- Old date names will be dropped in a few months (sometime in 2018)                        -->
  <lastchanged_date>September 21, 2017</lastchanged_date>
  <firstreceived_date>October 4, 2012</firstreceived_date>
  <!-- New date names                                                                           -->
  <study_first_submitted>October 4, 2012</study_first_submitted>
  <study_first_submitted_qc>October 5, 2012</study_first_submitted_qc>
  <study_first_posted type="Estimate">October 10, 2012</study_first_posted>
  <last_update_submitted>September 21, 2017</last_update_submitted>
  <last_update_submitted_qc>September 21, 2017</last_update_submitted_qc>
  <last_update_posted type="Actual">September 25, 2017</last_update_posted>
  <!-- End of dates                                                                             -->
  <responsible_party>
    <responsible_party_type>Principal Investigator</responsible_party_type>
    <investigator_affiliation>Rockefeller University</investigator_affiliation>
    <investigator_full_name>Ana Pereira, MD</investigator_full_name>
    <investigator_title>Principal Investigator; Instructor in Clinical Investigation</investigator_title>
  </responsible_party>
  <keyword>Alzheimer's Disease</keyword>
  <keyword>Dementia</keyword>
  <condition_browse>
    <!-- CAUTION:  The following MeSH terms are assigned with an imperfect algorithm            -->
    <mesh_term>Alzheimer Disease</mesh_term>
  </condition_browse>
  <intervention_browse>
    <!-- CAUTION:  The following MeSH terms are assigned with an imperfect algorithm            -->
    <mesh_term>Riluzole</mesh_term>
  </intervention_browse>
  <!-- Results have not yet been posted for this study                                          -->
</clinical_study>

