<?xml version="1.0" encoding="UTF-8"?>
<clinical_study rank="290">
  <!-- This xml conforms to an XML Schema at:
    https://clinicaltrials.gov/ct2/html/images/info/public.xsd -->
  <required_header>
    <download_date>ClinicalTrials.gov processed this data on November 07, 2017</download_date>
    <link_text>Link to the current ClinicalTrials.gov record.</link_text>
    <url>https://clinicaltrials.gov/show/NCT00004845</url>
  </required_header>
  <id_info>
    <org_study_id>IA0021</org_study_id>
    <nct_id>NCT00004845</nct_id>
  </id_info>
  <brief_title>A Multicenter Trial of Rofecoxib and Naproxen in Alzheimer's Disease (NSAID Study)</brief_title>
  <official_title>A Multicenter Trial of Rofecoxib and Naproxen in Alzheimer's Disease</official_title>
  <sponsors>
    <lead_sponsor>
      <agency>National Institute on Aging (NIA)</agency>
      <agency_class>NIH</agency_class>
    </lead_sponsor>
    <collaborator>
      <agency>Alzheimer's Disease Cooperative Study (ADCS)</agency>
      <agency_class>Other</agency_class>
    </collaborator>
  </sponsors>
  <source>National Institute on Aging (NIA)</source>
  <brief_summary>
    <textblock>
      The primary specific aim of this clinical trial is to determine whether treatment with
      rofecoxib or naproxen for one year will slow the rate of decline of cognitive function in
      patients with Alzheimer's disease (AD) as measured by ADAScog.
    </textblock>
  </brief_summary>
  <detailed_description>
    <textblock>
      Evidence that inflammatory mechanisms contribute to neuronal injury in Alzheimer's disease
      along with a number of epidemiological studies suggests that non-steroidal anti-inflammatory
      drugs (NSAIDs) may slow the rate of cognitive deterioration. We have selected two such drugs
      for a therapeutic trial: rofecoxib and naproxen. The trial employs a double-blind parallel
      design with three primary treatment groups: rofecoxib, naproxen and placebo. A total of 320
      patients will be enrolled in the trial and randomized to the three groups. Stable use of
      cholinesterase inhibitors, estrogen, low dose aspirin, and vitamin E will be allowed.
      Patients with inflammatory diseases that might respond to the study medications will be
      excluded.

      The primary outcome measure will be the one year change in the cognitive subscale of the
      Alzheimer's Disease Assessment Scale (ADAScog). The attainment of significant endpoints will
      be examined as a secondary outcome measure. Other secondary measures include the CDR
      sum-of-boxes, Neuropsychiatric Inventory, the Quality of Life-AD and the ADCS
      pharmacoeconomic scale. The influence of HLA-DR (Human Leukocyte Antigen) genotype on
      clinical progression and response to treatment will also be examined.
    </textblock>
  </detailed_description>
  <overall_status>Completed</overall_status>
  <completion_date type="Actual">December 2001</completion_date>
  <primary_completion_date type="Actual">December 2001</primary_completion_date>
  <phase>Phase 2/Phase 3</phase>
  <study_type>Interventional</study_type>
  <has_expanded_access>No</has_expanded_access>
  <study_design_info>
    <allocation>Randomized</allocation>
    <primary_purpose>Treatment</primary_purpose>
    <masking>Double</masking>
  </study_design_info>
  <condition>Alzheimer Disease</condition>
  <intervention>
    <intervention_type>Drug</intervention_type>
    <intervention_name>Rofecoxib</intervention_name>
  </intervention>
  <intervention>
    <intervention_type>Drug</intervention_type>
    <intervention_name>Naproxen</intervention_name>
  </intervention>
  <eligibility>
    <criteria>
      <textblock>
        Inclusion Criteria:

          -  NINCDS/ADRDA criteria for probable AD

          -  MMSE between 13 and 26, inclusive

          -  Stable medical condition for 3 months

          -  Screening visit

          -  Physically acceptable for this study as confirmed by medical history, physical exam,
             neurologic exam, and clinical laboratory tests

          -  Supervision available for administration of study medications; caregiver/informant to
             accompany patient to all scheduled visits

          -  Fluent in English or Spanish

          -  Age greater than or equal to 55 years old

          -  Modified Hachinski of less than or equal to 4

          -  CT or MRI since onset of memory impairment demonstrating absence of clinically
             significant focal lesion

          -  Able to complete baseline assessments

          -  6 years of education or work history sufficient to exclude mental retardation

          -  Able to ingest oral medication

        Exclusion Criteria:

          -  Hypersensitivity to aspirin or NSAID

          -  Active peptic ulcer disease within 5 years

          -  Renal insufficiency with creatinine greater than 1.5

          -  Clinically significant liver disease

          -  Poorly controlled hypertension

          -  Congestive heart failure

          -  Bleeding ulcer

          -  Active neoplastic disease (skin tumors other than melanoma are not exclusionary;
             patients with stable prostate cancer may be included at the discretion of the project
             director)

          -  Inflammatory diseases (including crystal arthropathy, rheumatoid arthritis, systemic
             lupus, erythematosus, Sjogren's syndrome, inflammatory bowel disease)
      </textblock>
    </criteria>
    <gender>All</gender>
    <minimum_age>55 Years</minimum_age>
    <maximum_age>N/A</maximum_age>
    <healthy_volunteers>No</healthy_volunteers>
  </eligibility>
  <overall_official>
    <last_name>Leon Thal, MD</last_name>
    <role>Principal Investigator</role>
    <affiliation>Alzheimer's Disease Cooperative Study</affiliation>
  </overall_official>
  <location>
    <facility>
      <name>Barrow Neurological Group</name>
      <address>
        <city>Phoenix</city>
        <state>Arizona</state>
        <zip>85013</zip>
        <country>United States</country>
      </address>
    </facility>
  </location>
  <location>
    <facility>
      <name>University of Arizona, Tucson</name>
      <address>
        <city>Tucson</city>
        <state>Arizona</state>
        <zip>85724-5023</zip>
        <country>United States</country>
      </address>
    </facility>
  </location>
  <location>
    <facility>
      <name>University of California Irvine Institute for Brain Aging and Dementia</name>
      <address>
        <city>Irvine</city>
        <state>California</state>
        <zip>92697-4285</zip>
        <country>United States</country>
      </address>
    </facility>
  </location>
  <location>
    <facility>
      <name>University of California, San Diego</name>
      <address>
        <city>La Jolla</city>
        <state>California</state>
        <zip>92037</zip>
        <country>United States</country>
      </address>
    </facility>
  </location>
  <location>
    <facility>
      <name>University of Southern California</name>
      <address>
        <city>Los Angeles</city>
        <state>California</state>
        <zip>90033-1039</zip>
        <country>United States</country>
      </address>
    </facility>
  </location>
  <location>
    <facility>
      <name>University of California, Los Angeles</name>
      <address>
        <city>Los Angeles</city>
        <state>California</state>
        <zip>90095-1769</zip>
        <country>United States</country>
      </address>
    </facility>
  </location>
  <location>
    <facility>
      <name>University of California, Davis</name>
      <address>
        <city>Martinez</city>
        <state>California</state>
        <zip>94553</zip>
        <country>United States</country>
      </address>
    </facility>
  </location>
  <location>
    <facility>
      <name>Yale University, School of Medicine</name>
      <address>
        <city>New Haven</city>
        <state>Connecticut</state>
        <zip>06520</zip>
        <country>United States</country>
      </address>
    </facility>
  </location>
  <location>
    <facility>
      <name>Georgetown University Medical Center</name>
      <address>
        <city>Washington</city>
        <state>District of Columbia</state>
        <zip>20007</zip>
        <country>United States</country>
      </address>
    </facility>
  </location>
  <location>
    <facility>
      <name>Baumel-Eisner Neuromedical Institute, Boca Raton</name>
      <address>
        <city>Boca Raton</city>
        <state>Florida</state>
        <zip>33486</zip>
        <country>United States</country>
      </address>
    </facility>
  </location>
  <location>
    <facility>
      <name>Baumel-Eisner Ft Lauderdale</name>
      <address>
        <city>Ft Lauderdale</city>
        <state>Florida</state>
        <zip>33321</zip>
        <country>United States</country>
      </address>
    </facility>
  </location>
  <location>
    <facility>
      <name>Mayo Clinic Jacksonville</name>
      <address>
        <city>Jacksonville</city>
        <state>Florida</state>
        <zip>32225</zip>
        <country>United States</country>
      </address>
    </facility>
  </location>
  <location>
    <facility>
      <name>Wein Center</name>
      <address>
        <city>Miami Beach</city>
        <state>Florida</state>
        <zip>33140</zip>
        <country>United States</country>
      </address>
    </facility>
  </location>
  <location>
    <facility>
      <name>Baumel-Eisner Neuromedical Institute, MiamiBeach</name>
      <address>
        <city>Miami Beach</city>
        <state>Florida</state>
        <zip>33154</zip>
        <country>United States</country>
      </address>
    </facility>
  </location>
  <location>
    <facility>
      <name>University of South Florida</name>
      <address>
        <city>Tampa</city>
        <state>Florida</state>
        <zip>33617</zip>
        <country>United States</country>
      </address>
    </facility>
  </location>
  <location>
    <facility>
      <name>Premiere Research Institute</name>
      <address>
        <city>West Palm Beach</city>
        <state>Florida</state>
        <zip>33407</zip>
        <country>United States</country>
      </address>
    </facility>
  </location>
  <location>
    <facility>
      <name>Emory University</name>
      <address>
        <city>Atlanta</city>
        <state>Georgia</state>
        <zip>30329</zip>
        <country>United States</country>
      </address>
    </facility>
  </location>
  <location>
    <facility>
      <name>Rush Presbyterian St. Luke's Medical Center</name>
      <address>
        <city>Chicago</city>
        <state>Illinois</state>
        <zip>60612</zip>
        <country>United States</country>
      </address>
    </facility>
  </location>
  <location>
    <facility>
      <name>Indiana University Medical Center</name>
      <address>
        <city>Indianapolis</city>
        <state>Indiana</state>
        <zip>46202-5266</zip>
        <country>United States</country>
      </address>
    </facility>
  </location>
  <location>
    <facility>
      <name>Kansas University</name>
      <address>
        <city>Kansas City</city>
        <state>Kansas</state>
        <zip>66160</zip>
        <country>United States</country>
      </address>
    </facility>
  </location>
  <location>
    <facility>
      <name>University of Kentucky</name>
      <address>
        <city>Lexington</city>
        <state>Kentucky</state>
        <zip>40536-0230</zip>
        <country>United States</country>
      </address>
    </facility>
  </location>
  <location>
    <facility>
      <name>University of Michigan</name>
      <address>
        <city>Ann Arbor</city>
        <state>Michigan</state>
        <zip>48109</zip>
        <country>United States</country>
      </address>
    </facility>
  </location>
  <location>
    <facility>
      <name>University of Minnesota</name>
      <address>
        <city>Minneapolis</city>
        <state>Minnesota</state>
        <zip>55455</zip>
        <country>United States</country>
      </address>
    </facility>
  </location>
  <location>
    <facility>
      <name>Washington University</name>
      <address>
        <city>St. Louis</city>
        <state>Missouri</state>
        <zip>63108-2293</zip>
        <country>United States</country>
      </address>
    </facility>
  </location>
  <location>
    <facility>
      <name>University of Nevada</name>
      <address>
        <city>Las Vegas</city>
        <state>Nevada</state>
        <zip>89102</zip>
        <country>United States</country>
      </address>
    </facility>
  </location>
  <location>
    <facility>
      <name>ClinSearch, Inc</name>
      <address>
        <city>Summit</city>
        <state>New Jersey</state>
        <zip>07901</zip>
        <country>United States</country>
      </address>
    </facility>
  </location>
  <location>
    <facility>
      <name>New York University Medical Center</name>
      <address>
        <city>New York</city>
        <state>New York</state>
        <zip>10016</zip>
        <country>United States</country>
      </address>
    </facility>
  </location>
  <location>
    <facility>
      <name>Columbia University</name>
      <address>
        <city>New York</city>
        <state>New York</state>
        <zip>10032</zip>
        <country>United States</country>
      </address>
    </facility>
  </location>
  <location>
    <facility>
      <name>University of Rochester Medical Center</name>
      <address>
        <city>Rochester</city>
        <state>New York</state>
        <zip>14620</zip>
        <country>United States</country>
      </address>
    </facility>
  </location>
  <location>
    <facility>
      <name>University Hospitals of Cleveland</name>
      <address>
        <city>Cleveland</city>
        <state>Ohio</state>
        <zip>44120</zip>
        <country>United States</country>
      </address>
    </facility>
  </location>
  <location>
    <facility>
      <name>Oregon Health Sciences University</name>
      <address>
        <city>Portland</city>
        <state>Oregon</state>
        <zip>97201-3098</zip>
        <country>United States</country>
      </address>
    </facility>
  </location>
  <location>
    <facility>
      <name>University of Pennsylvania</name>
      <address>
        <city>Philadelphia</city>
        <state>Pennsylvania</state>
        <zip>19104</zip>
        <country>United States</country>
      </address>
    </facility>
  </location>
  <location>
    <facility>
      <name>University of Pittsburgh</name>
      <address>
        <city>Pittsburgh</city>
        <state>Pennsylvania</state>
        <zip>15213</zip>
        <country>United States</country>
      </address>
    </facility>
  </location>
  <location>
    <facility>
      <name>Memorial Hospital of Rhode Island</name>
      <address>
        <city>Providence</city>
        <state>Rhode Island</state>
        <zip>02906</zip>
        <country>United States</country>
      </address>
    </facility>
  </location>
  <location>
    <facility>
      <name>Medical University of South Carolina</name>
      <address>
        <city>North Charleston</city>
        <state>South Carolina</state>
        <zip>29406</zip>
        <country>United States</country>
      </address>
    </facility>
  </location>
  <location>
    <facility>
      <name>Vanderbilt University Medical Center</name>
      <address>
        <city>Nashville</city>
        <state>Tennessee</state>
        <zip>37212-8646</zip>
        <country>United States</country>
      </address>
    </facility>
  </location>
  <location>
    <facility>
      <name>University of Texas, SW Medical Center</name>
      <address>
        <city>Dallas</city>
        <state>Texas</state>
        <zip>75390-9070</zip>
        <country>United States</country>
      </address>
    </facility>
  </location>
  <location>
    <facility>
      <name>Baylor College of Medicine</name>
      <address>
        <city>Houston</city>
        <state>Texas</state>
        <zip>77030</zip>
        <country>United States</country>
      </address>
    </facility>
  </location>
  <location>
    <facility>
      <name>Southwestern Vermont Medical Center</name>
      <address>
        <city>Bennington</city>
        <state>Vermont</state>
        <zip>05201</zip>
        <country>United States</country>
      </address>
    </facility>
  </location>
  <location>
    <facility>
      <name>University of Washington</name>
      <address>
        <city>Seattle</city>
        <state>Washington</state>
        <zip>98108</zip>
        <country>United States</country>
      </address>
    </facility>
  </location>
  <location_countries>
    <country>United States</country>
  </location_countries>
  <results_reference>
    <citation>Aisen PS, Schafer KA, Grundman M, Pfeiffer E, Sano M, Davis KL, Farlow MR, Jin S, Thomas RG, Thal LJ; Alzheimer's Disease Cooperative Study. Effects of rofecoxib or naproxen vs placebo on Alzheimer disease progression: a randomized controlled trial. JAMA. 2003 Jun 4;289(21):2819-26.</citation>
    <PMID>12783912</PMID>
  </results_reference>
  <verification_date>June 2009</verification_date>
  <!-- Old date names will be dropped in a few months (sometime in 2018)                        -->
  <lastchanged_date>December 10, 2009</lastchanged_date>
  <firstreceived_date>February 28, 2000</firstreceived_date>
  <!-- New date names                                                                           -->
  <study_first_submitted>February 28, 2000</study_first_submitted>
  <study_first_submitted_qc>February 28, 2000</study_first_submitted_qc>
  <study_first_posted type="Estimate">February 29, 2000</study_first_posted>
  <last_update_submitted>December 10, 2009</last_update_submitted>
  <last_update_submitted_qc>December 10, 2009</last_update_submitted_qc>
  <last_update_posted type="Estimate">December 11, 2009</last_update_posted>
  <!-- End of dates                                                                             -->
  <keyword>Anti-inflammatory</keyword>
  <condition_browse>
    <!-- CAUTION:  The following MeSH terms are assigned with an imperfect algorithm            -->
    <mesh_term>Alzheimer Disease</mesh_term>
  </condition_browse>
  <intervention_browse>
    <!-- CAUTION:  The following MeSH terms are assigned with an imperfect algorithm            -->
    <mesh_term>Naproxen</mesh_term>
    <mesh_term>Rofecoxib</mesh_term>
  </intervention_browse>
  <!-- Results have not yet been posted for this study                                          -->
</clinical_study>

