<?xml version="1.0" encoding="UTF-8"?>
<clinical_study rank="218">
  <!-- This xml conforms to an XML Schema at:
    https://clinicaltrials.gov/ct2/html/images/info/public.xsd -->
  <required_header>
    <download_date>ClinicalTrials.gov processed this data on November 07, 2017</download_date>
    <link_text>Link to the current ClinicalTrials.gov record.</link_text>
    <url>https://clinicaltrials.gov/show/NCT00743743</url>
  </required_header>
  <id_info>
    <org_study_id>Resveratrol2008</org_study_id>
    <nct_id>NCT00743743</nct_id>
  </id_info>
  <brief_title>Pilot Study of the Effects of Resveratrol Supplement in Mild-to-moderate Alzheimer's Disease</brief_title>
  <official_title>Randomized, Placebo-controlled Clinical Trial of Resveratrol Supplement Effects on Cognition, Function and Behavior in Patients With Mild-to-moderate Alzheimer's Disease</official_title>
  <sponsors>
    <lead_sponsor>
      <agency>Medical College of Wisconsin</agency>
      <agency_class>Other</agency_class>
    </lead_sponsor>
  </sponsors>
  <source>Medical College of Wisconsin</source>
  <oversight_info>
    <has_dmc>Yes</has_dmc>
  </oversight_info>
  <brief_summary>
    <textblock>
      Objective: To determine the effects of resveratrol extract given in a 215 mg dose in a daily
      supplement currently available over the counter, on cognitive and global functioning in
      patients with mild to moderate AD on standard therapy.
    </textblock>
  </brief_summary>
  <detailed_description>
    <textblock>
      Background: Many animal and in vitro studies have shown that resveratrol, a naturally
      occurring polyphenol found in red wine, can increase cognition, reduce neural degeneration,
      promote clearance of amyloid-beta peptides, and alter aging mechanisms. Therefore,
      resveratrol may reduce the symptoms of Alzheimer's disease (AD) and possibly its pathology.
      Objective: A pilot study to determine the effects of resveratrol on cognitive, behavioral and
      global functioning in patients with mild-to-moderate AD on standard therapy. Design:
      Randomized, double-blind, placebo-controlled clinical trial. Participants: 50 patients with
      mild-moderate Alzheimer's disease (AD) defined as a Mini-Mental State Exam (MMSE) between
      10-27 will be enrolled in the study. Patients must have an established diagnosis of AD by
      NINCDS diagnostic criteria, be on stable dose of cognitive enhancing medications
      (cholinesterase inhibitor and/or NMDA receptor antagonist) Screening/Enrollment:
      Institutional Review Board approval will be obtained. The chart review and the enrollment
      discussion will be carried out by a non-physician member of the research team. Participants
      will be screened and randomized until a total of 50 eligible patients, 25 in each arm are
      obtained.
    </textblock>
  </detailed_description>
  <overall_status>Withdrawn</overall_status>
  <why_stopped>
    PI has left institution
  </why_stopped>
  <start_date>September 2008</start_date>
  <completion_date type="Anticipated">December 2010</completion_date>
  <primary_completion_date type="Anticipated">June 2010</primary_completion_date>
  <phase>Phase 3</phase>
  <study_type>Interventional</study_type>
  <has_expanded_access>No</has_expanded_access>
  <study_design_info>
    <allocation>Randomized</allocation>
    <intervention_model>Parallel Assignment</intervention_model>
    <primary_purpose>Treatment</primary_purpose>
    <masking>Quadruple (Participant, Care Provider, Investigator, Outcomes Assessor)</masking>
  </study_design_info>
  <primary_outcome>
    <measure>cognition</measure>
    <time_frame>52 weeks</time_frame>
  </primary_outcome>
  <secondary_outcome>
    <measure>function</measure>
    <time_frame>52 weeks</time_frame>
  </secondary_outcome>
  <secondary_outcome>
    <measure>behavior</measure>
    <time_frame>52 weeks</time_frame>
  </secondary_outcome>
  <number_of_arms>2</number_of_arms>
  <enrollment type="Actual">0</enrollment>
  <condition>Alzheimer Disease</condition>
  <arm_group>
    <arm_group_label>1</arm_group_label>
    <arm_group_type>Experimental</arm_group_type>
    <description>receive 1 Longevinex brand capsule daily containing 215 mg of resveratrol active ingredient</description>
  </arm_group>
  <arm_group>
    <arm_group_label>2</arm_group_label>
    <arm_group_type>Placebo Comparator</arm_group_type>
    <description>Receive 1 capsule daily for 52 weeks containing placebo for comparison to experimental arm</description>
  </arm_group>
  <intervention>
    <intervention_type>Dietary Supplement</intervention_type>
    <intervention_name>Longevinex brand resveratrol supplement</intervention_name>
    <description>1 capsule daily for 52 weeks containing 215 mg of resveratrol active ingredient</description>
    <arm_group_label>1</arm_group_label>
    <other_name>Longevinex brand to manufacture the active capsules and placebo capsules for the purposes of this study.</other_name>
  </intervention>
  <intervention>
    <intervention_type>Dietary Supplement</intervention_type>
    <intervention_name>placebo</intervention_name>
    <description>1 capsule of placebo daily for 52 weeks</description>
    <arm_group_label>2</arm_group_label>
    <other_name>Longevinex brand to manufacture placebo capsules to be identical to active agent capsules</other_name>
  </intervention>
  <eligibility>
    <criteria>
      <textblock>
        Inclusion Criteria

        A subject will be eligible for inclusion in this study only if all of the following
        criteria apply:

          1. Male or female subject with a clinical diagnosis of probable Alzheimer's disease in
             accordance with NINCDS-ADRDA criteria (Appendix 2).

          2. Subject has mild to moderate Alzheimer's disease as defined by a MMSE score 10 to 27
             inclusive at Screening.

          3. Hachinski Ischemia Score ≤ at Screening (See Appendix 3).

          4. Age ≥50 and ≤90 years.

          5. At least 6 months of ongoing acetylcholinesterase inhibitor therapy for Alzheimer's
             disease, with stable dosing for at least the last 2 months (and with no intent to
             change for the duration of the study).

          6. Current use of medication is in accordance with the criteria listed in Table 2
             (Permitted Medications, Section 8.1 ).

          7. Female subjects must be post-menopausal (i.e. &gt;24 weeks without menstrual period),
             surgically sterile, or agree to use adequate method of contraception for the duration
             of the study. Female subjects who are pre-menopausal or who have been post-menopausal
             for &lt;2 years must undertake pregnancy testing (urine test) at Visit 1, which must be
             negative.

          8. Brain CT or MRI scan performed within the past 12 months or at Screening, showing no
             evidence of any other potential cause of dementia other than Alzheimer's disease.

          9. Neurological exam without focal changes (excluding changes attributable to AD or
             peripheral trauma).

         10. Subject has the ability to comply with procedures for cognitive and other testing.

         11. Subject lives with (or has substantial periods of contact with) a regular caregiver
             who is willing to attend all visits, oversee the subject's compliance with
             protocol-specified procedures and study medication, and report on subject's status.

         12. Subject has provided full written informed consent prior to the performance of any
             protocol-specified procedure; or if unable to provide informed consent due to
             cognitive status, full written informed consent on behalf of the subject has been
             provided by a legally acceptable representative.

         13. Caregiver has provided full written informed consent on his/her own behalf prior to
             the performance of any protocol-specified procedure.

        Exclusion Criteria

        A subject will not be eligible for inclusion in this study if any of the following criteria
        apply:

          1. Diagnosis of possible, probably, or definite vascular dementia in accordance with
             NINDS-AIREN criteria (Appendix 4).

          2. History or evidence of any other CNS disorder that could be interpreted as a cause of
             dementia; e.g. cerebrovascular disease (stroke, hemorrhage), structural abnormality,
             epilepsy, infectious or inflammatory/demyelinating CNS conditions, Parkinson's
             disease.

          3. Evidence of the following disorders: current vitamin B12 deficiency, positive syphilis
             serology, or active thyroid dysfunction (particularly that suggestive of
             hypothyroidism), including abnormally high or low serum levels of thyroid stimulating
             hormone (TSH) that is clinically significant in the opinion of the investigator.

          4. History of Type 1 diabetes mellitus or secondary diabetes mellitus.

          5. Type 2 diabetes mellitus where the subject is being treated with insulin, a PPARγ
             agonist, or an insulin secretagogue (e.g. a sulfonylurea or glitinide).

          6. Any patient with an HbA1c≥8.5%. (See Section 6.3.8.4 for Safety Measures for Enrolled
             Subjects with Type 2 Diabetes Mellitus.)

          7. History or clinical/investigational evidence of congestive heart failure defined by
             the New York Heart Association criteria (Class I to IV cardiac status; Appendix 5).

          8. History of cardiovascular event within the last 6 months (i.e. intervention,
             percutaneous coronary intervention, vascular surgery, acute coronary syndrome [non
             Q-wave myocardial infarction, Q-wave myocardial infarction, unstable angina] or
             significant arrhythmia; or major intervention (e.g. cardiac surgery or angiography
             plus stenting) scheduled).

          9. History of significant psychiatric illness such as schizophrenia or bipolar affective
             disorder that in the opinion of the Investigator would interfere with participation in
             the study, major depressive disorder (according to DSM-IV) in the past year, or
             current active depression requiring treatment.

         10. History or presence of gastro-intestinal, hepatic, or renal disease or other condition
             known to interfere with the absorption, distribution, metabolism, or excretion of
             drugs, ,or any other clinically relevant abnormality, medical or psychiatric
             condition, which, in the opinion of the Investigator, makes the subject unsuitable for
             inclusion in the study.

         11. Clinically significant peripheral edema at the time of screening.

         12. Current or recent drug or alcohol abuse or dependence (defined by DSM-IV criteria for
             substance-related disorders), or recent or remote history of the same if that could be
             a contributing factor to the dementia.

         13. Systolic blood pressure &gt;165 or &lt;90 mmHg or diastolic blood pressure &gt;95 or &lt;60 mmHg
             at the time of screening.

         14. Clinically significant anemia (i.e. hemoglobin &gt;11 g/dL for males or &lt;10 g/dL for
             females) or presence of hemoglobinopathies which would prevent accurate assessment of
             HbA1c.

         15. Abnormal kidney function tests (&gt;1.5 times the upper limit of normal (ULN)).

         16. ALT, AST, or alkaline phosphatase values &gt;2.5 times the ULN, total bilirubin values
             &gt;1.5 times the ULN, or history of severe hepatobiliary disease (e.g. hepatitis B or C,
             or cirrhosis, Child-Pugh Class B/C).

         17. History of bone marrow transplant.

         18. Subject is unable (with assistance, if appropriate) to take study medication as
             prescribed throughout the study or is at risk of non-compliance with study medication
             or procedures.

         19. Subject is an immediate family member or employee of the participating Investigator,
             of any of the participating site staff.
      </textblock>
    </criteria>
    <gender>All</gender>
    <minimum_age>50 Years</minimum_age>
    <maximum_age>90 Years</maximum_age>
    <healthy_volunteers>No</healthy_volunteers>
  </eligibility>
  <overall_official>
    <last_name>Diana R Kerwin, MD</last_name>
    <role>Principal Investigator</role>
    <affiliation>Medical College of Wisconsin</affiliation>
  </overall_official>
  <verification_date>August 2015</verification_date>
  <!-- Old date names will be dropped in a few months (sometime in 2018)                        -->
  <lastchanged_date>August 21, 2015</lastchanged_date>
  <firstreceived_date>August 27, 2008</firstreceived_date>
  <!-- New date names                                                                           -->
  <study_first_submitted>August 27, 2008</study_first_submitted>
  <study_first_submitted_qc>August 28, 2008</study_first_submitted_qc>
  <study_first_posted type="Estimate">August 29, 2008</study_first_posted>
  <last_update_submitted>August 21, 2015</last_update_submitted>
  <last_update_submitted_qc>August 21, 2015</last_update_submitted_qc>
  <last_update_posted type="Estimate">August 25, 2015</last_update_posted>
  <!-- End of dates                                                                             -->
  <responsible_party>
    <responsible_party_type>Sponsor</responsible_party_type>
  </responsible_party>
  <keyword>dementia</keyword>
  <keyword>Alzheimer disease</keyword>
  <keyword>cognition</keyword>
  <keyword>function</keyword>
  <keyword>behavior</keyword>
  <keyword>treatment</keyword>
  <condition_browse>
    <!-- CAUTION:  The following MeSH terms are assigned with an imperfect algorithm            -->
    <mesh_term>Alzheimer Disease</mesh_term>
  </condition_browse>
  <intervention_browse>
    <!-- CAUTION:  The following MeSH terms are assigned with an imperfect algorithm            -->
    <mesh_term>Resveratrol</mesh_term>
  </intervention_browse>
  <!-- Results have not yet been posted for this study                                          -->
</clinical_study>

