<?xml version="1.0" encoding="UTF-8"?>
<clinical_study rank="72">
  <!-- This xml conforms to an XML Schema at:
    https://clinicaltrials.gov/ct2/html/images/info/public.xsd -->
  <required_header>
    <download_date>ClinicalTrials.gov processed this data on November 07, 2017</download_date>
    <link_text>Link to the current ClinicalTrials.gov record.</link_text>
    <url>https://clinicaltrials.gov/show/NCT01251718</url>
  </required_header>
  <id_info>
    <org_study_id>ART06T</org_study_id>
    <nct_id>NCT01251718</nct_id>
  </id_info>
  <brief_title>Post-marketing Surveillance of Donepezil Hydrochloride -Investigation of the Clinical Safety and Effectiveness in Patients With Alzheimer's Disease</brief_title>
  <official_title>Post-marketing Surveillance of Donepezil Hydrochloride- Investigation of the Clinical Safety and Effectiveness in Patients With Alzheimer's Disease</official_title>
  <sponsors>
    <lead_sponsor>
      <agency>Eisai Co., Ltd.</agency>
      <agency_class>Industry</agency_class>
    </lead_sponsor>
  </sponsors>
  <source>Eisai Inc.</source>
  <brief_summary>
    <textblock>
      To investigate the clinical safety and effectiveness of donepezil hydrochloride
      administration in patients with mild or moderate Alzheimer's Disease
    </textblock>
  </brief_summary>
  <overall_status>Completed</overall_status>
  <start_date type="Actual">December 1, 2010</start_date>
  <completion_date type="Actual">February 18, 2016</completion_date>
  <primary_completion_date type="Actual">October 14, 2015</primary_completion_date>
  <phase>N/A</phase>
  <study_type>Observational</study_type>
  <has_expanded_access>No</has_expanded_access>
  <study_design_info>
    <observational_model>Cohort</observational_model>
    <time_perspective>Prospective</time_perspective>
  </study_design_info>
  <primary_outcome>
    <measure>ADAS-Jcog (test of cognitive function)</measure>
    <time_frame>36 month (12 weeks and every 6 months)</time_frame>
  </primary_outcome>
  <secondary_outcome>
    <measure>Adverse events/adverse drug reactions</measure>
    <time_frame>36 months</time_frame>
  </secondary_outcome>
  <number_of_groups>1</number_of_groups>
  <enrollment type="Actual">894</enrollment>
  <condition>Alzheimer's Disease</condition>
  <arm_group>
    <arm_group_label>Donepezil Hydrochloride</arm_group_label>
  </arm_group>
  <intervention>
    <intervention_type>Drug</intervention_type>
    <intervention_name>donepezil hydrochloride</intervention_name>
    <description>Initial dose of 3 mg orally once daily. After 1-2 weeks, dosage increased to 5 mg orally once daily. After 4 or more weeks, dosage increased to 10 mg orally once daily for patients with severe dementia of Alzheimer's type. Dose reduced appropriately according to patient's symptoms.</description>
    <arm_group_label>Donepezil Hydrochloride</arm_group_label>
  </intervention>
  <eligibility>
    <study_pop>
      <textblock>
        Patients with Alzheimer's Disease
      </textblock>
    </study_pop>
    <sampling_method>Non-Probability Sample</sampling_method>
    <criteria>
      <textblock>
        Inclusion criteria;

        Patients diagnosed as Alzheimer's Disease by Diagnostic and Statistical Manual of Mental
        Disorders (DSM-IV).

        Patients diagnosed as mild or moderate Alzheimer's Disease, applicable to Functional
        Assessment Staging (FAST) score 4 or 5.

        Exclusion criteria;

        Patients who used Aricept within 3 months prior to dosing.

        Patients registered this survey before.

        Patients with a history of hypersensitivity to any ingredients of Aricept or piperidine
        derivatives.
      </textblock>
    </criteria>
    <gender>All</gender>
    <minimum_age>N/A</minimum_age>
    <maximum_age>N/A</maximum_age>
    <healthy_volunteers>No</healthy_volunteers>
  </eligibility>
  <overall_official>
    <last_name>Shoya Yamakawa</last_name>
    <role>Study Director</role>
    <affiliation>Drug Fostering and Evolution Coordination Department, Eisai Co., Ltd.</affiliation>
  </overall_official>
  <location>
    <facility>
      <address>
        <city>Anjo</city>
        <state>Aichi</state>
        <country>Japan</country>
      </address>
    </facility>
  </location>
  <location>
    <facility>
      <address>
        <city>Nagoya</city>
        <state>Aichi</state>
        <country>Japan</country>
      </address>
    </facility>
  </location>
  <location>
    <facility>
      <address>
        <city>Daisen</city>
        <state>Akita</state>
        <country>Japan</country>
      </address>
    </facility>
  </location>
  <location>
    <facility>
      <address>
        <city>Hirosaki</city>
        <state>Aomori</state>
        <country>Japan</country>
      </address>
    </facility>
  </location>
  <location>
    <facility>
      <address>
        <city>Towada</city>
        <state>Aomori</state>
        <country>Japan</country>
      </address>
    </facility>
  </location>
  <location>
    <facility>
      <address>
        <city>Ichihara</city>
        <state>Chiba</state>
        <country>Japan</country>
      </address>
    </facility>
  </location>
  <location>
    <facility>
      <address>
        <city>Kashiwa</city>
        <state>Chiba</state>
        <country>Japan</country>
      </address>
    </facility>
  </location>
  <location>
    <facility>
      <address>
        <city>Sakura</city>
        <state>Chiba</state>
        <country>Japan</country>
      </address>
    </facility>
  </location>
  <location>
    <facility>
      <address>
        <city>Iyo</city>
        <state>Ehime</state>
        <country>Japan</country>
      </address>
    </facility>
  </location>
  <location>
    <facility>
      <address>
        <city>Matsuyama</city>
        <state>Ehime</state>
        <country>Japan</country>
      </address>
    </facility>
  </location>
  <location>
    <facility>
      <address>
        <city>Niihama</city>
        <state>Ehime</state>
        <country>Japan</country>
      </address>
    </facility>
  </location>
  <location>
    <facility>
      <address>
        <city>Toon</city>
        <state>Ehime</state>
        <country>Japan</country>
      </address>
    </facility>
  </location>
  <location>
    <facility>
      <address>
        <city>Kitakyushu</city>
        <state>Fukuoka</state>
        <country>Japan</country>
      </address>
    </facility>
  </location>
  <location>
    <facility>
      <address>
        <city>Omuta</city>
        <state>Fukuoka</state>
        <country>Japan</country>
      </address>
    </facility>
  </location>
  <location>
    <facility>
      <address>
        <city>Ukiha</city>
        <state>Fukuoka</state>
        <country>Japan</country>
      </address>
    </facility>
  </location>
  <location>
    <facility>
      <address>
        <city>Iwaki</city>
        <state>Fukushima</state>
        <country>Japan</country>
      </address>
    </facility>
  </location>
  <location>
    <facility>
      <address>
        <city>Mizunami</city>
        <state>Gifu</state>
        <country>Japan</country>
      </address>
    </facility>
  </location>
  <location>
    <facility>
      <address>
        <city>Fujioka</city>
        <state>Gumma</state>
        <country>Japan</country>
      </address>
    </facility>
  </location>
  <location>
    <facility>
      <address>
        <city>Fukuyama</city>
        <state>Hiroshima</state>
        <country>Japan</country>
      </address>
    </facility>
  </location>
  <location>
    <facility>
      <address>
        <city>Kure</city>
        <state>Hiroshima</state>
        <country>Japan</country>
      </address>
    </facility>
  </location>
  <location>
    <facility>
      <address>
        <city>Miyoshi</city>
        <state>Hiroshima</state>
        <country>Japan</country>
      </address>
    </facility>
  </location>
  <location>
    <facility>
      <address>
        <city>Otake</city>
        <state>Hiroshima</state>
        <country>Japan</country>
      </address>
    </facility>
  </location>
  <location>
    <facility>
      <address>
        <city>Hakodate</city>
        <state>Hokkaido</state>
        <country>Japan</country>
      </address>
    </facility>
  </location>
  <location>
    <facility>
      <address>
        <city>Nayoro</city>
        <state>Hokkaido</state>
        <country>Japan</country>
      </address>
    </facility>
  </location>
  <location>
    <facility>
      <address>
        <city>Obihiro</city>
        <state>Hokkaido</state>
        <country>Japan</country>
      </address>
    </facility>
  </location>
  <location>
    <facility>
      <address>
        <city>Otaru</city>
        <state>Hokkaido</state>
        <country>Japan</country>
      </address>
    </facility>
  </location>
  <location>
    <facility>
      <address>
        <city>Sapporo</city>
        <state>Hokkaido</state>
        <country>Japan</country>
      </address>
    </facility>
  </location>
  <location>
    <facility>
      <address>
        <city>Sunagawa</city>
        <state>Hokkaido</state>
        <country>Japan</country>
      </address>
    </facility>
  </location>
  <location>
    <facility>
      <address>
        <city>Aioi</city>
        <state>Hyogo</state>
        <country>Japan</country>
      </address>
    </facility>
  </location>
  <location>
    <facility>
      <address>
        <city>Akashi</city>
        <state>Hyogo</state>
        <country>Japan</country>
      </address>
    </facility>
  </location>
  <location>
    <facility>
      <address>
        <city>Amagasaki</city>
        <state>Hyogo</state>
        <country>Japan</country>
      </address>
    </facility>
  </location>
  <location>
    <facility>
      <address>
        <city>Himeji</city>
        <state>Hyogo</state>
        <country>Japan</country>
      </address>
    </facility>
  </location>
  <location>
    <facility>
      <address>
        <city>Kobe</city>
        <state>Hyogo</state>
        <country>Japan</country>
      </address>
    </facility>
  </location>
  <location>
    <facility>
      <address>
        <city>Moriya</city>
        <state>Ibaraki</state>
        <country>Japan</country>
      </address>
    </facility>
  </location>
  <location>
    <facility>
      <address>
        <city>Kanazawa</city>
        <state>Ishikawa</state>
        <country>Japan</country>
      </address>
    </facility>
  </location>
  <location>
    <facility>
      <address>
        <city>Kita</city>
        <state>Kagawa</state>
        <country>Japan</country>
      </address>
    </facility>
  </location>
  <location>
    <facility>
      <address>
        <city>Mitoyo</city>
        <state>Kagawa</state>
        <country>Japan</country>
      </address>
    </facility>
  </location>
  <location>
    <facility>
      <address>
        <city>Ebina</city>
        <state>Kanagawa</state>
        <country>Japan</country>
      </address>
    </facility>
  </location>
  <location>
    <facility>
      <address>
        <city>Kawasaki</city>
        <state>Kanagawa</state>
        <country>Japan</country>
      </address>
    </facility>
  </location>
  <location>
    <facility>
      <address>
        <city>Yokohama</city>
        <state>Kanagawa</state>
        <country>Japan</country>
      </address>
    </facility>
  </location>
  <location>
    <facility>
      <address>
        <city>Yokosuka</city>
        <state>Kanagawa</state>
        <country>Japan</country>
      </address>
    </facility>
  </location>
  <location>
    <facility>
      <address>
        <city>Nankoku</city>
        <state>Kochi</state>
        <country>Japan</country>
      </address>
    </facility>
  </location>
  <location>
    <facility>
      <address>
        <city>Uji</city>
        <state>Kyoto</state>
        <country>Japan</country>
      </address>
    </facility>
  </location>
  <location>
    <facility>
      <address>
        <city>Suzuka</city>
        <state>Mie</state>
        <country>Japan</country>
      </address>
    </facility>
  </location>
  <location>
    <facility>
      <address>
        <city>Tsu</city>
        <state>Mie</state>
        <country>Japan</country>
      </address>
    </facility>
  </location>
  <location>
    <facility>
      <address>
        <city>Yokkaichi</city>
        <state>Mie</state>
        <country>Japan</country>
      </address>
    </facility>
  </location>
  <location>
    <facility>
      <address>
        <city>Sendai</city>
        <state>Miyagi</state>
        <country>Japan</country>
      </address>
    </facility>
  </location>
  <location>
    <facility>
      <address>
        <city>Kitamorokata</city>
        <state>Miyazaki</state>
        <country>Japan</country>
      </address>
    </facility>
  </location>
  <location>
    <facility>
      <address>
        <city>Iida</city>
        <state>Nagano</state>
        <country>Japan</country>
      </address>
    </facility>
  </location>
  <location>
    <facility>
      <address>
        <city>Matsumoto</city>
        <state>Nagano</state>
        <country>Japan</country>
      </address>
    </facility>
  </location>
  <location>
    <facility>
      <address>
        <city>Okaya</city>
        <state>Nagano</state>
        <country>Japan</country>
      </address>
    </facility>
  </location>
  <location>
    <facility>
      <address>
        <city>Sasebo</city>
        <state>Nagasaki</state>
        <country>Japan</country>
      </address>
    </facility>
  </location>
  <location>
    <facility>
      <address>
        <city>Ikoma</city>
        <state>Nara</state>
        <country>Japan</country>
      </address>
    </facility>
  </location>
  <location>
    <facility>
      <address>
        <city>Kashihara</city>
        <state>Nara</state>
        <country>Japan</country>
      </address>
    </facility>
  </location>
  <location>
    <facility>
      <address>
        <city>Saiki</city>
        <state>Oita</state>
        <country>Japan</country>
      </address>
    </facility>
  </location>
  <location>
    <facility>
      <address>
        <city>Yufu</city>
        <state>Oita</state>
        <country>Japan</country>
      </address>
    </facility>
  </location>
  <location>
    <facility>
      <address>
        <city>Kurashiki</city>
        <state>Okayama</state>
        <country>Japan</country>
      </address>
    </facility>
  </location>
  <location>
    <facility>
      <address>
        <city>Izumisano</city>
        <state>Osaka</state>
        <country>Japan</country>
      </address>
    </facility>
  </location>
  <location>
    <facility>
      <address>
        <city>Kaizuka</city>
        <state>Osaka</state>
        <country>Japan</country>
      </address>
    </facility>
  </location>
  <location>
    <facility>
      <address>
        <city>Matsubara</city>
        <state>Osaka</state>
        <country>Japan</country>
      </address>
    </facility>
  </location>
  <location>
    <facility>
      <address>
        <city>Osakasayama</city>
        <state>Osaka</state>
        <country>Japan</country>
      </address>
    </facility>
  </location>
  <location>
    <facility>
      <address>
        <city>Sakai</city>
        <state>Osaka</state>
        <country>Japan</country>
      </address>
    </facility>
  </location>
  <location>
    <facility>
      <address>
        <city>Suita</city>
        <state>Osaka</state>
        <country>Japan</country>
      </address>
    </facility>
  </location>
  <location>
    <facility>
      <address>
        <city>Fukaya</city>
        <state>Saitama</state>
        <country>Japan</country>
      </address>
    </facility>
  </location>
  <location>
    <facility>
      <address>
        <city>Hanno</city>
        <state>Saitama</state>
        <country>Japan</country>
      </address>
    </facility>
  </location>
  <location>
    <facility>
      <address>
        <city>Iruma</city>
        <state>Saitama</state>
        <country>Japan</country>
      </address>
    </facility>
  </location>
  <location>
    <facility>
      <address>
        <city>Koshigaya</city>
        <state>Saitama</state>
        <country>Japan</country>
      </address>
    </facility>
  </location>
  <location>
    <facility>
      <address>
        <city>Sayama</city>
        <state>Saitama</state>
        <country>Japan</country>
      </address>
    </facility>
  </location>
  <location>
    <facility>
      <address>
        <city>Masuda</city>
        <state>Shimane</state>
        <country>Japan</country>
      </address>
    </facility>
  </location>
  <location>
    <facility>
      <address>
        <city>Hamamatsu</city>
        <state>Shizuoka</state>
        <country>Japan</country>
      </address>
    </facility>
  </location>
  <location>
    <facility>
      <address>
        <city>Adachi</city>
        <state>Tokyo</state>
        <country>Japan</country>
      </address>
    </facility>
  </location>
  <location>
    <facility>
      <address>
        <city>Bunkyo</city>
        <state>Tokyo</state>
        <country>Japan</country>
      </address>
    </facility>
  </location>
  <location>
    <facility>
      <address>
        <city>Hachioji</city>
        <state>Tokyo</state>
        <country>Japan</country>
      </address>
    </facility>
  </location>
  <location>
    <facility>
      <address>
        <city>Itabashi</city>
        <state>Tokyo</state>
        <country>Japan</country>
      </address>
    </facility>
  </location>
  <location>
    <facility>
      <address>
        <city>Katsushika</city>
        <state>Tokyo</state>
        <country>Japan</country>
      </address>
    </facility>
  </location>
  <location>
    <facility>
      <address>
        <city>Machida</city>
        <state>Tokyo</state>
        <country>Japan</country>
      </address>
    </facility>
  </location>
  <location>
    <facility>
      <address>
        <city>Meguro</city>
        <state>Tokyo</state>
        <country>Japan</country>
      </address>
    </facility>
  </location>
  <location>
    <facility>
      <address>
        <city>Minato</city>
        <state>Tokyo</state>
        <country>Japan</country>
      </address>
    </facility>
  </location>
  <location>
    <facility>
      <address>
        <city>Nakano</city>
        <state>Tokyo</state>
        <country>Japan</country>
      </address>
    </facility>
  </location>
  <location>
    <facility>
      <address>
        <city>Setagaya</city>
        <state>Tokyo</state>
        <country>Japan</country>
      </address>
    </facility>
  </location>
  <location>
    <facility>
      <address>
        <city>Shinjuku</city>
        <state>Tokyo</state>
        <country>Japan</country>
      </address>
    </facility>
  </location>
  <location>
    <facility>
      <address>
        <city>Taito</city>
        <state>Tokyo</state>
        <country>Japan</country>
      </address>
    </facility>
  </location>
  <location>
    <facility>
      <address>
        <city>Toshima</city>
        <state>Tokyo</state>
        <country>Japan</country>
      </address>
    </facility>
  </location>
  <location>
    <facility>
      <address>
        <city>Kurayoshi</city>
        <state>Tottori</state>
        <country>Japan</country>
      </address>
    </facility>
  </location>
  <location>
    <facility>
      <address>
        <city>Nanto</city>
        <state>Toyama</state>
        <country>Japan</country>
      </address>
    </facility>
  </location>
  <location>
    <facility>
      <address>
        <city>Kinokawa</city>
        <state>Wakayama</state>
        <country>Japan</country>
      </address>
    </facility>
  </location>
  <location>
    <facility>
      <address>
        <city>Tendo</city>
        <state>Yamagata</state>
        <country>Japan</country>
      </address>
    </facility>
  </location>
  <location>
    <facility>
      <address>
        <city>Hagi</city>
        <state>Yamaguchi</state>
        <country>Japan</country>
      </address>
    </facility>
  </location>
  <location>
    <facility>
      <address>
        <city>Shunan</city>
        <state>Yamaguchi</state>
        <country>Japan</country>
      </address>
    </facility>
  </location>
  <location>
    <facility>
      <address>
        <city>Ube</city>
        <state>Yamaguchi</state>
        <country>Japan</country>
      </address>
    </facility>
  </location>
  <location>
    <facility>
      <address>
        <city>Akita</city>
        <country>Japan</country>
      </address>
    </facility>
  </location>
  <location>
    <facility>
      <address>
        <city>Chiba</city>
        <country>Japan</country>
      </address>
    </facility>
  </location>
  <location>
    <facility>
      <address>
        <city>Fukuoka</city>
        <country>Japan</country>
      </address>
    </facility>
  </location>
  <location>
    <facility>
      <address>
        <city>Fukushima</city>
        <country>Japan</country>
      </address>
    </facility>
  </location>
  <location>
    <facility>
      <address>
        <city>Gifu</city>
        <country>Japan</country>
      </address>
    </facility>
  </location>
  <location>
    <facility>
      <address>
        <city>Hiroshima</city>
        <country>Japan</country>
      </address>
    </facility>
  </location>
  <location>
    <facility>
      <address>
        <city>Kagoshima</city>
        <country>Japan</country>
      </address>
    </facility>
  </location>
  <location>
    <facility>
      <address>
        <city>Kochi</city>
        <country>Japan</country>
      </address>
    </facility>
  </location>
  <location>
    <facility>
      <address>
        <city>Kyoto</city>
        <country>Japan</country>
      </address>
    </facility>
  </location>
  <location>
    <facility>
      <address>
        <city>Nara</city>
        <country>Japan</country>
      </address>
    </facility>
  </location>
  <location>
    <facility>
      <address>
        <city>Niigata</city>
        <country>Japan</country>
      </address>
    </facility>
  </location>
  <location>
    <facility>
      <address>
        <city>Oita</city>
        <country>Japan</country>
      </address>
    </facility>
  </location>
  <location>
    <facility>
      <address>
        <city>Okayama</city>
        <country>Japan</country>
      </address>
    </facility>
  </location>
  <location>
    <facility>
      <address>
        <city>Osaka</city>
        <country>Japan</country>
      </address>
    </facility>
  </location>
  <location>
    <facility>
      <address>
        <city>Shizuoka</city>
        <country>Japan</country>
      </address>
    </facility>
  </location>
  <location>
    <facility>
      <address>
        <city>Yamanashi</city>
        <country>Japan</country>
      </address>
    </facility>
  </location>
  <location_countries>
    <country>Japan</country>
  </location_countries>
  <verification_date>January 2017</verification_date>
  <!-- Old date names will be dropped in a few months (sometime in 2018)                        -->
  <lastchanged_date>February 23, 2017</lastchanged_date>
  <firstreceived_date>December 1, 2010</firstreceived_date>
  <!-- New date names                                                                           -->
  <study_first_submitted>December 1, 2010</study_first_submitted>
  <study_first_submitted_qc>December 1, 2010</study_first_submitted_qc>
  <study_first_posted type="Estimate">December 2, 2010</study_first_posted>
  <last_update_submitted>February 23, 2017</last_update_submitted>
  <last_update_submitted_qc>February 23, 2017</last_update_submitted_qc>
  <last_update_posted type="Actual">February 27, 2017</last_update_posted>
  <!-- End of dates                                                                             -->
  <responsible_party>
    <responsible_party_type>Sponsor</responsible_party_type>
  </responsible_party>
  <keyword>Donepezil hydrochloride</keyword>
  <keyword>Alzheimer's Disease</keyword>
  <condition_browse>
    <!-- CAUTION:  The following MeSH terms are assigned with an imperfect algorithm            -->
    <mesh_term>Alzheimer Disease</mesh_term>
  </condition_browse>
  <intervention_browse>
    <!-- CAUTION:  The following MeSH terms are assigned with an imperfect algorithm            -->
    <mesh_term>Donepezil</mesh_term>
  </intervention_browse>
  <!-- Results have not yet been posted for this study                                          -->
</clinical_study>

