<?xml version="1.0" encoding="UTF-8"?>
<clinical_study rank="386">
  <!-- This xml conforms to an XML Schema at:
    https://clinicaltrials.gov/ct2/html/images/info/public.xsd -->
  <required_header>
    <download_date>ClinicalTrials.gov processed this data on November 07, 2017</download_date>
    <link_text>Link to the current ClinicalTrials.gov record.</link_text>
    <url>https://clinicaltrials.gov/show/NCT00420420</url>
  </required_header>
  <id_info>
    <org_study_id>0249-011</org_study_id>
    <secondary_id>2006_534</secondary_id>
    <nct_id>NCT00420420</nct_id>
  </id_info>
  <brief_title>MK0249 for the Symptomatic Treatment of Alzheimer's Disease (MK0249-011)</brief_title>
  <official_title>A Randomized, Double-Blind, Placebo-Controlled, Parallel-Group Trial to Evaluate the Safety and Efficacy of MK0249 for the Symptomatic Treatment of Alzheimer's Disease</official_title>
  <sponsors>
    <lead_sponsor>
      <agency>Merck Sharp &amp; Dohme Corp.</agency>
      <agency_class>Industry</agency_class>
    </lead_sponsor>
  </sponsors>
  <source>Merck Sharp &amp; Dohme Corp.</source>
  <brief_summary>
    <textblock>
      The purpose of this study is to test the efficacy and safety of an investigational medication
      for improving symptoms of Alzheimer's Disease. Subjects will receive either active medication
      or placebo for 28 days. Tests of memory, concentration will be included. Safety will be
      monitored using routine clinical and laboratory tests.
    </textblock>
  </brief_summary>
  <overall_status>Completed</overall_status>
  <start_date>November 2006</start_date>
  <completion_date type="Actual">August 2008</completion_date>
  <primary_completion_date type="Actual">August 2008</primary_completion_date>
  <phase>Phase 2</phase>
  <study_type>Interventional</study_type>
  <has_expanded_access>No</has_expanded_access>
  <study_design_info>
    <allocation>Randomized</allocation>
    <intervention_model>Parallel Assignment</intervention_model>
    <primary_purpose>Treatment</primary_purpose>
    <masking>Double (Participant, Investigator)</masking>
  </study_design_info>
  <primary_outcome>
    <measure>Week 4 Change From Baseline in Computerized Neuropsychological Test Battery (CNTB): Short CNTB Summary Score.</measure>
    <time_frame>Baseline and Week 4</time_frame>
    <description>The CNTB was used to evaluate cognitive function, as measured by the mean change from Baseline to Week 4 in the short CNTB summary score. The short CNTB summary score was scored as the mean score across 5 modules: Word List Learning-Selective Reminding, Word List Learning-Delayed Recall, Simple Reaction Time, Choice Reaction Time, and Visual Memory subtests. The short CNTB summary score ranges from 0 to 100, with higher scores (and positive changes from baseline) indicating better performance.</description>
  </primary_outcome>
  <primary_outcome>
    <measure>Week 4 Change From Baseline in Alzheimer's Disease Assessment Scale-Cognitive Subscale (ADAS-Cog): ADAS-Cog Total Score</measure>
    <time_frame>Baseline and Week 4</time_frame>
    <description>The ADAS-Cog, scored as the total score of 11 tasks including mazes was used to evaluate cognitive function, as measured by the mean change from Baseline to Week 4 in the ADAS-Cog total score. The ADAS-Cog total score ranges from 0 to 70, with higher total scores indicating more impairment. Lower scores (and negative changes from Baseline) indicate better performance.</description>
  </primary_outcome>
  <secondary_outcome>
    <measure>Week 4 Change From Baseline in Cognition Summary Score (CSS)</measure>
    <time_frame>Baseline and Week 4</time_frame>
    <description>The CSS was used to evaluate cognitive function as measured by the mean change from Baseline to Week 4 in the CSS total score. The CSS was derived from the correct sequence percentage from the Route Test and 6 of the CNTB scores (the CSS was scored as the mean of the 7 scores). CSS scores can range from 0 to 100, higher scores (and positive changes from baseline) indicate better performance.</description>
  </secondary_outcome>
  <other_outcome>
    <measure>Baseline: Short CNTB Summary Score.</measure>
    <time_frame>Baseline</time_frame>
    <description>The CNTB was used to evaluate cognitive function, as measured by the mean change from Baseline to Week 4 in the short CNTB summary score. The short CNTB summary score was scored as the mean score across 5 modules: Word List Learning-Selective Reminding, Word List Learning-Delayed Recall, Simple Reaction Time, Choice Reaction Time, and Visual Memory subtests. The short CNTB summary score ranges from 0 to 100, with higher scores (and positive changes from baseline) indicating better performance.</description>
  </other_outcome>
  <other_outcome>
    <measure>Baseline: ADAS-Cog Total Score</measure>
    <time_frame>Baseline</time_frame>
    <description>The ADAS-Cog, scored as the total score of 11 tasks including mazes was used to evaluate cognitive function, as measured by the mean change from Baseline to Week 4 in the ADAS-Cog total score. The ADAS-Cog total score ranges from 0 to 70, with higher total scores indicating more impairment. Lower scores (and negative changes from Baseline) indicate better performance.</description>
  </other_outcome>
  <other_outcome>
    <measure>Baseline: Cognition Summary Score (CSS)</measure>
    <time_frame>Baseline</time_frame>
    <description>The CSS was used to evaluate cognitive function as measured by the mean change from Baseline to Week 4 in the CSS total score. The CSS was derived from the correct sequence percentage from the Route Test and 6 of the CNTB scores (the CSS was scored as the mean of the 7 scores). CSS scores can range from 0 to 100, higher scores (and positive changes from baseline) indicate better performance.</description>
  </other_outcome>
  <number_of_arms>2</number_of_arms>
  <enrollment type="Actual">144</enrollment>
  <condition>Alzheimer's Disease</condition>
  <arm_group>
    <arm_group_label>MK0249</arm_group_label>
    <arm_group_type>Experimental</arm_group_type>
  </arm_group>
  <arm_group>
    <arm_group_label>placebo</arm_group_label>
    <arm_group_type>Placebo Comparator</arm_group_type>
  </arm_group>
  <intervention>
    <intervention_type>Drug</intervention_type>
    <intervention_name>MK0249</intervention_name>
    <description>MK0249 two (2) 2.5 mg capsules quaque die (qd) for 28 day treatment period.</description>
    <arm_group_label>MK0249</arm_group_label>
  </intervention>
  <intervention>
    <intervention_type>Drug</intervention_type>
    <intervention_name>Comparator: Placebo (unspecified)</intervention_name>
    <description>MK0249 two (2) 2.5 mg Pbo capsules qd for a 28 day treatment period</description>
    <arm_group_label>placebo</arm_group_label>
  </intervention>
  <eligibility>
    <criteria>
      <textblock>
        Inclusion Criteria:

          -  Male or females

          -  Age at least 55 years or older

          -  Mild-to-moderate Alzheimer's Disease, with Mini Mental State Examination (MMSE)
             between 18 and 26, inclusive, Modified Hachinski Ischemic Scale (MHIS) score =/&lt;4,
             Global CDR score of 1 or 2, and who have a reliable informant/caregiver to accompany
             patient to all clinic visits

          -  If using symptomatic Alzheimer's Disease treatments, patients must be on the
             medication for 3 months and on a STABLE DOSE for at least 2 months

        Exclusion Criteria:

          -  Patients cannot be living in a skilled nursing facility

          -  Patients cannot have poorly-controlled hypertension

          -  Patients cannot have the following conditions within 6 months of screening:
             significant cardiovascular disorders, active major depressive disorder,
             gastroesophageal reflux disease (GERD), or clinically significant sleep disorder

          -  Various concomitant therapy restrictions
      </textblock>
    </criteria>
    <gender>All</gender>
    <minimum_age>55 Years</minimum_age>
    <maximum_age>N/A</maximum_age>
    <healthy_volunteers>No</healthy_volunteers>
  </eligibility>
  <overall_official>
    <last_name>Medical Monitor</last_name>
    <role>Study Director</role>
    <affiliation>Merck Sharp &amp; Dohme Corp.</affiliation>
  </overall_official>
  <removed_countries>
    <country>United States</country>
  </removed_countries>
  <results_reference>
    <citation>Egan M, Yaari R, Liu L, Ryan M, Peng Y, Lines C, Michelson D. Pilot randomized controlled study of a histamine receptor inverse agonist in the symptomatic treatment of AD. Curr Alzheimer Res. 2012 May;9(4):481-90.</citation>
    <PMID>22272611</PMID>
  </results_reference>
  <verification_date>January 2015</verification_date>
  <!-- Old date names will be dropped in a few months (sometime in 2018)                        -->
  <lastchanged_date>January 28, 2015</lastchanged_date>
  <firstreceived_date>January 9, 2007</firstreceived_date>
  <firstreceived_results_date>October 25, 2010</firstreceived_results_date>
  <!-- New date names                                                                           -->
  <study_first_submitted>January 9, 2007</study_first_submitted>
  <study_first_submitted_qc>January 10, 2007</study_first_submitted_qc>
  <study_first_posted type="Estimate">January 11, 2007</study_first_posted>
  <results_first_submitted>October 25, 2010</results_first_submitted>
  <results_first_submitted_qc>October 25, 2010</results_first_submitted_qc>
  <results_first_posted type="Estimate">November 18, 2010</results_first_posted>
  <last_update_submitted>January 28, 2015</last_update_submitted>
  <last_update_submitted_qc>January 28, 2015</last_update_submitted_qc>
  <last_update_posted type="Estimate">February 12, 2015</last_update_posted>
  <!-- End of dates                                                                             -->
  <responsible_party>
    <responsible_party_type>Sponsor</responsible_party_type>
  </responsible_party>
  <condition_browse>
    <!-- CAUTION:  The following MeSH terms are assigned with an imperfect algorithm            -->
    <mesh_term>Alzheimer Disease</mesh_term>
  </condition_browse>

  <clinical_results>

    <participant_flow>
      <recruitment_details>First Patient Dosed: 13 JAN 2007; Last Patient Last Treatment: 14 AUG 2008. 15 U.S. outpatient centers.</recruitment_details>
      <pre_assignment_details>At Visit 1, patients were assessed using the protocol inclusion and exclusion criteria, then, if deemed eligible, patients were randomized at Visit 3.</pre_assignment_details>
      <group_list>
        <group group_id="P1">
          <title>MK0249 (5 mg)</title>
          <description>Patients were randomly assigned to 28 days of treatment with 5 mg MK-0249 taken orally daily (qd).</description>
        </group>
        <group group_id="P2">
          <title>Placebo</title>
          <description>Patients were randomly assigned to 28 days of treatment with matching placebo taken orally daily (qd).</description>
        </group>
      </group_list>
      <period_list>
        <period>
          <title>Overall Study</title>
          <milestone_list>
            <milestone>
              <title>STARTED</title>
              <participants_list>
                <participants group_id="P1" count="73">Number of patients randomized.</participants>
                <participants group_id="P2" count="71">Number of patients randomized.</participants>
              </participants_list>
            </milestone>
            <milestone>
              <title>COMPLETED</title>
              <participants_list>
                <participants group_id="P1" count="65">One patient from the MK-0249 arm discontinued the trial due to an AE prior to receiving study drug.</participants>
                <participants group_id="P2" count="67"/>
              </participants_list>
            </milestone>
            <milestone>
              <title>NOT COMPLETED</title>
              <participants_list>
                <participants group_id="P1" count="8"/>
                <participants group_id="P2" count="4"/>
              </participants_list>
            </milestone>
          </milestone_list>
          <drop_withdraw_reason_list>
            <drop_withdraw_reason>
              <title>Adverse Event</title>
              <participants_list>
                <participants group_id="P1" count="5"/>
                <participants group_id="P2" count="3"/>
              </participants_list>
            </drop_withdraw_reason>
            <drop_withdraw_reason>
              <title>Protocol Violation</title>
              <participants_list>
                <participants group_id="P1" count="1"/>
                <participants group_id="P2" count="1"/>
              </participants_list>
            </drop_withdraw_reason>
            <drop_withdraw_reason>
              <title>Withdrawal by Subject</title>
              <participants_list>
                <participants group_id="P1" count="1"/>
                <participants group_id="P2" count="0"/>
              </participants_list>
            </drop_withdraw_reason>
            <drop_withdraw_reason>
              <title>sponsor decision (abnormal ECG @ screen)</title>
              <participants_list>
                <participants group_id="P1" count="1"/>
                <participants group_id="P2" count="0"/>
              </participants_list>
            </drop_withdraw_reason>
          </drop_withdraw_reason_list>
        </period>
      </period_list>
    </participant_flow>

    <baseline>
      <group_list>
        <group group_id="B1">
          <title>MK0249 (5 mg)</title>
          <description>Patients were randomly assigned to 28 days of treatment with 5 mg MK-0249 taken orally daily (qd).</description>
        </group>
        <group group_id="B2">
          <title>Placebo</title>
          <description>Patients were randomly assigned to 28 days of treatment with matching placebo taken orally daily (qd).</description>
        </group>
        <group group_id="B3">
          <title>Total</title>
          <description>Total of all reporting groups</description>
        </group>
      </group_list>
      <analyzed_list>
        <analyzed>
          <units>Participants</units>
          <scope>Overall</scope>
          <count_list>
            <count group_id="B1" value="73"/>
            <count group_id="B2" value="71"/>
            <count group_id="B3" value="144"/>
          </count_list>
        </analyzed>
      </analyzed_list>
      <measure_list>
        <measure>
          <title>Age</title>
          <units>years</units>
          <param>Mean</param>
          <dispersion>Standard Deviation</dispersion>
          <class_list>
            <class>
              <category_list>
                <category>
                  <measurement_list>
                    <measurement group_id="B1" value="74.4" spread="6.91"/>
                    <measurement group_id="B2" value="73.7" spread="8.91"/>
                    <measurement group_id="B3" value="74.05" spread="7.91"/>
                  </measurement_list>
                </category>
              </category_list>
            </class>
          </class_list>
        </measure>
        <measure>
          <title>Gender</title>
          <units>participants</units>
          <param>Number</param>
          <class_list>
            <class>
              <title>Female</title>
              <category_list>
                <category>
                  <measurement_list>
                    <measurement group_id="B1" value="43"/>
                    <measurement group_id="B2" value="36"/>
                    <measurement group_id="B3" value="79"/>
                  </measurement_list>
                </category>
              </category_list>
            </class>
            <class>
              <title>Male</title>
              <category_list>
                <category>
                  <measurement_list>
                    <measurement group_id="B1" value="30"/>
                    <measurement group_id="B2" value="35"/>
                    <measurement group_id="B3" value="65"/>
                  </measurement_list>
                </category>
              </category_list>
            </class>
          </class_list>
        </measure>
      </measure_list>
    </baseline>

    <outcome_list>
      <outcome>
        <type>Primary</type>
        <title>Week 4 Change From Baseline in Computerized Neuropsychological Test Battery (CNTB): Short CNTB Summary Score.</title>
        <description>The CNTB was used to evaluate cognitive function, as measured by the mean change from Baseline to Week 4 in the short CNTB summary score. The short CNTB summary score was scored as the mean score across 5 modules: Word List Learning-Selective Reminding, Word List Learning-Delayed Recall, Simple Reaction Time, Choice Reaction Time, and Visual Memory subtests. The short CNTB summary score ranges from 0 to 100, with higher scores (and positive changes from baseline) indicating better performance.</description>
        <time_frame>Baseline and Week 4</time_frame>
        <population>Full Analysis Set: All patients who were randomized, took at least one dose of study medication, and had at least one efficacy measurement at either Baseline, Week 2 or Week 4. Patients were counted in the treatment group to which they were randomized.</population>
        <group_list>
          <group group_id="O1">
            <title>MK0249 (5 mg)</title>
            <description>Patients were randomly assigned to 28 days of treatment with 5 mg MK-0249 taken orally daily (qd).</description>
          </group>
          <group group_id="O2">
            <title>Placebo</title>
            <description>Patients were randomly assigned to 28 days of treatment with matching placebo taken orally daily (qd).</description>
          </group>
        </group_list>
        <measure>
          <title>Week 4 Change From Baseline in Computerized Neuropsychological Test Battery (CNTB): Short CNTB Summary Score.</title>
          <description>The CNTB was used to evaluate cognitive function, as measured by the mean change from Baseline to Week 4 in the short CNTB summary score. The short CNTB summary score was scored as the mean score across 5 modules: Word List Learning-Selective Reminding, Word List Learning-Delayed Recall, Simple Reaction Time, Choice Reaction Time, and Visual Memory subtests. The short CNTB summary score ranges from 0 to 100, with higher scores (and positive changes from baseline) indicating better performance.</description>
          <population>Full Analysis Set: All patients who were randomized, took at least one dose of study medication, and had at least one efficacy measurement at either Baseline, Week 2 or Week 4. Patients were counted in the treatment group to which they were randomized.</population>
          <units>units on a scale</units>
          <param>Mean</param>
          <dispersion>Standard Error</dispersion>
          <analyzed_list>
            <analyzed>
              <units>Participants</units>
              <scope>Measure</scope>
              <count_list>
                <count group_id="O1" value="59"/>
                <count group_id="O2" value="62"/>
              </count_list>
            </analyzed>
          </analyzed_list>
          <class_list>
            <class>
              <category_list>
                <category>
                  <measurement_list>
                    <measurement group_id="O1" value="0.13" spread="0.61"/>
                    <measurement group_id="O2" value="-0.76" spread="0.57"/>
                  </measurement_list>
                </category>
              </category_list>
            </class>
          </class_list>
        </measure>
        <analysis_list>
          <analysis>
            <group_id_list>
              <group_id>O1</group_id>
              <group_id>O2</group_id>
            </group_id_list>
            <groups_desc>comparison at Week 4</groups_desc>
            <non_inferiority_type>Superiority or Other</non_inferiority_type>
            <p_value>0.283</p_value>
            <p_value_desc>A longitudinal mixed model was used to compare groups, including factors for week, strata (MMSE score and concomitant AD therapy), treatment, and week-by-treatment interaction.</p_value_desc>
            <method>Mixed Models Analysis</method>
          </analysis>
        </analysis_list>
      </outcome>
      <outcome>
        <type>Secondary</type>
        <title>Week 4 Change From Baseline in Cognition Summary Score (CSS)</title>
        <description>The CSS was used to evaluate cognitive function as measured by the mean change from Baseline to Week 4 in the CSS total score. The CSS was derived from the correct sequence percentage from the Route Test and 6 of the CNTB scores (the CSS was scored as the mean of the 7 scores). CSS scores can range from 0 to 100, higher scores (and positive changes from baseline) indicate better performance.</description>
        <time_frame>Baseline and Week 4</time_frame>
        <population>Full Analysis Set: All patients who were randomized, took at least one dose of study medication, and had at least one efficacy measurement at either Baseline, Week 2 or Week 4. Patients were counted in the treatment group to which they were randomized.</population>
        <group_list>
          <group group_id="O1">
            <title>MK0249 (5 mg)</title>
            <description>Patients were randomly assigned to 28 days of treatment with 5 mg MK-0249 taken orally daily (qd).</description>
          </group>
          <group group_id="O2">
            <title>Placebo</title>
            <description>Patients were randomly assigned to 28 days of treatment with matching placebo taken orally daily (qd).</description>
          </group>
        </group_list>
        <measure>
          <title>Week 4 Change From Baseline in Cognition Summary Score (CSS)</title>
          <description>The CSS was used to evaluate cognitive function as measured by the mean change from Baseline to Week 4 in the CSS total score. The CSS was derived from the correct sequence percentage from the Route Test and 6 of the CNTB scores (the CSS was scored as the mean of the 7 scores). CSS scores can range from 0 to 100, higher scores (and positive changes from baseline) indicate better performance.</description>
          <population>Full Analysis Set: All patients who were randomized, took at least one dose of study medication, and had at least one efficacy measurement at either Baseline, Week 2 or Week 4. Patients were counted in the treatment group to which they were randomized.</population>
          <units>units on a scale</units>
          <param>Mean</param>
          <dispersion>Standard Error</dispersion>
          <analyzed_list>
            <analyzed>
              <units>Participants</units>
              <scope>Measure</scope>
              <count_list>
                <count group_id="O1" value="49"/>
                <count group_id="O2" value="51"/>
              </count_list>
            </analyzed>
          </analyzed_list>
          <class_list>
            <class>
              <category_list>
                <category>
                  <measurement_list>
                    <measurement group_id="O1" value="1.19" spread="0.75"/>
                    <measurement group_id="O2" value="-0.19" spread="0.72"/>
                  </measurement_list>
                </category>
              </category_list>
            </class>
          </class_list>
        </measure>
        <analysis_list>
          <analysis>
            <group_id_list>
              <group_id>O1</group_id>
              <group_id>O2</group_id>
            </group_id_list>
            <groups_desc>comparison at week 4</groups_desc>
            <non_inferiority_type>Superiority or Other</non_inferiority_type>
            <p_value>0.180</p_value>
            <p_value_desc>A longitudinal mixed model was used to compare groups, including factors for week, strata (MMSE score and concomitant AD therapy), treatment, and week-by-treatment interaction.</p_value_desc>
            <method>Mixed Models Analysis</method>
          </analysis>
        </analysis_list>
      </outcome>
      <outcome>
        <type>Primary</type>
        <title>Week 4 Change From Baseline in Alzheimer's Disease Assessment Scale-Cognitive Subscale (ADAS-Cog): ADAS-Cog Total Score</title>
        <description>The ADAS-Cog, scored as the total score of 11 tasks including mazes was used to evaluate cognitive function, as measured by the mean change from Baseline to Week 4 in the ADAS-Cog total score. The ADAS-Cog total score ranges from 0 to 70, with higher total scores indicating more impairment. Lower scores (and negative changes from Baseline) indicate better performance.</description>
        <time_frame>Baseline and Week 4</time_frame>
        <population>Full Analysis Set: All patients who were randomized, took at least one dose of study medication, and had at least one efficacy measurement at either Baseline, Week 2 or Week 4. Patients were counted in the treatment group to which they were randomized.</population>
        <group_list>
          <group group_id="O1">
            <title>MK0249 (5 mg)</title>
            <description>Patients were randomly assigned to 28 days of treatment with 5 mg MK-0249 taken orally daily (qd).</description>
          </group>
          <group group_id="O2">
            <title>Placebo</title>
            <description>Patients were randomly assigned to 28 days of treatment with matching placebo taken orally daily (qd).</description>
          </group>
        </group_list>
        <measure>
          <title>Week 4 Change From Baseline in Alzheimer's Disease Assessment Scale-Cognitive Subscale (ADAS-Cog): ADAS-Cog Total Score</title>
          <description>The ADAS-Cog, scored as the total score of 11 tasks including mazes was used to evaluate cognitive function, as measured by the mean change from Baseline to Week 4 in the ADAS-Cog total score. The ADAS-Cog total score ranges from 0 to 70, with higher total scores indicating more impairment. Lower scores (and negative changes from Baseline) indicate better performance.</description>
          <population>Full Analysis Set: All patients who were randomized, took at least one dose of study medication, and had at least one efficacy measurement at either Baseline, Week 2 or Week 4. Patients were counted in the treatment group to which they were randomized.</population>
          <units>units on a scale</units>
          <param>Mean</param>
          <dispersion>Standard Error</dispersion>
          <analyzed_list>
            <analyzed>
              <units>Participants</units>
              <scope>Measure</scope>
              <count_list>
                <count group_id="O1" value="70"/>
                <count group_id="O2" value="68"/>
              </count_list>
            </analyzed>
          </analyzed_list>
          <class_list>
            <class>
              <category_list>
                <category>
                  <measurement_list>
                    <measurement group_id="O1" value="-1.42" spread="0.50"/>
                    <measurement group_id="O2" value="-1.17" spread="0.49"/>
                  </measurement_list>
                </category>
              </category_list>
            </class>
          </class_list>
        </measure>
        <analysis_list>
          <analysis>
            <group_id_list>
              <group_id>O1</group_id>
              <group_id>O2</group_id>
            </group_id_list>
            <groups_desc>comparison at Week 4</groups_desc>
            <non_inferiority_type>Superiority or Other</non_inferiority_type>
            <p_value>0.716</p_value>
            <p_value_desc>A longitudinal mixed model was used to compare groups, including factors for week, strata (MMSE score and concomitant AD therapy), treatment, and week-by-treatment interaction.</p_value_desc>
            <method>Mixed Models Analysis</method>
          </analysis>
        </analysis_list>
      </outcome>
      <outcome>
        <type>Other Pre-specified</type>
        <title>Baseline: Short CNTB Summary Score.</title>
        <description>The CNTB was used to evaluate cognitive function, as measured by the mean change from Baseline to Week 4 in the short CNTB summary score. The short CNTB summary score was scored as the mean score across 5 modules: Word List Learning-Selective Reminding, Word List Learning-Delayed Recall, Simple Reaction Time, Choice Reaction Time, and Visual Memory subtests. The short CNTB summary score ranges from 0 to 100, with higher scores (and positive changes from baseline) indicating better performance.</description>
        <time_frame>Baseline</time_frame>
        <population>Full Analysis Set: All patients who were randomized, took at least one dose of study medication, and had at least one efficacy measurement at either Baseline, Week 2 or Week 4. Patients were counted in the treatment group to which they were randomized.</population>
        <group_list>
          <group group_id="O1">
            <title>MK0249 (5 mg)</title>
            <description>Patients were randomly assigned to 28 days of treatment with 5 mg MK-0249 taken orally daily (qd).</description>
          </group>
          <group group_id="O2">
            <title>Placebo</title>
            <description>Patients were randomly assigned to 28 days of treatment with matching placebo taken orally daily (qd).</description>
          </group>
        </group_list>
        <measure>
          <title>Baseline: Short CNTB Summary Score.</title>
          <description>The CNTB was used to evaluate cognitive function, as measured by the mean change from Baseline to Week 4 in the short CNTB summary score. The short CNTB summary score was scored as the mean score across 5 modules: Word List Learning-Selective Reminding, Word List Learning-Delayed Recall, Simple Reaction Time, Choice Reaction Time, and Visual Memory subtests. The short CNTB summary score ranges from 0 to 100, with higher scores (and positive changes from baseline) indicating better performance.</description>
          <population>Full Analysis Set: All patients who were randomized, took at least one dose of study medication, and had at least one efficacy measurement at either Baseline, Week 2 or Week 4. Patients were counted in the treatment group to which they were randomized.</population>
          <units>units on a scale</units>
          <param>Mean</param>
          <dispersion>Standard Deviation</dispersion>
          <analyzed_list>
            <analyzed>
              <units>Participants</units>
              <scope>Measure</scope>
              <count_list>
                <count group_id="O1" value="64"/>
                <count group_id="O2" value="68"/>
              </count_list>
            </analyzed>
          </analyzed_list>
          <class_list>
            <class>
              <category_list>
                <category>
                  <measurement_list>
                    <measurement group_id="O1" value="35.98" spread="5.72"/>
                    <measurement group_id="O2" value="36.23" spread="6.59"/>
                  </measurement_list>
                </category>
              </category_list>
            </class>
          </class_list>
        </measure>
      </outcome>
      <outcome>
        <type>Other Pre-specified</type>
        <title>Baseline: ADAS-Cog Total Score</title>
        <description>The ADAS-Cog, scored as the total score of 11 tasks including mazes was used to evaluate cognitive function, as measured by the mean change from Baseline to Week 4 in the ADAS-Cog total score. The ADAS-Cog total score ranges from 0 to 70, with higher total scores indicating more impairment. Lower scores (and negative changes from Baseline) indicate better performance.</description>
        <time_frame>Baseline</time_frame>
        <population>Full Analysis Set: All patients who were randomized, took at least one dose of study medication, and had at least one efficacy measurement at either Baseline, Week 2 or Week 4. Patients were counted in the treatment group to which they were randomized.</population>
        <group_list>
          <group group_id="O1">
            <title>MK0249 (5 mg)</title>
            <description>Patients were randomly assigned to 28 days of treatment with 5 mg MK-0249 taken orally daily (qd).</description>
          </group>
          <group group_id="O2">
            <title>Placebo</title>
            <description>Patients were randomly assigned to 28 days of treatment with matching placebo taken orally daily (qd).</description>
          </group>
        </group_list>
        <measure>
          <title>Baseline: ADAS-Cog Total Score</title>
          <description>The ADAS-Cog, scored as the total score of 11 tasks including mazes was used to evaluate cognitive function, as measured by the mean change from Baseline to Week 4 in the ADAS-Cog total score. The ADAS-Cog total score ranges from 0 to 70, with higher total scores indicating more impairment. Lower scores (and negative changes from Baseline) indicate better performance.</description>
          <population>Full Analysis Set: All patients who were randomized, took at least one dose of study medication, and had at least one efficacy measurement at either Baseline, Week 2 or Week 4. Patients were counted in the treatment group to which they were randomized.</population>
          <units>units on a scale</units>
          <param>Mean</param>
          <dispersion>Standard Deviation</dispersion>
          <analyzed_list>
            <analyzed>
              <units>Participants</units>
              <scope>Measure</scope>
              <count_list>
                <count group_id="O1" value="73"/>
                <count group_id="O2" value="70"/>
              </count_list>
            </analyzed>
          </analyzed_list>
          <class_list>
            <class>
              <category_list>
                <category>
                  <measurement_list>
                    <measurement group_id="O1" value="19.08" spread="7.51"/>
                    <measurement group_id="O2" value="18.42" spread="7.32"/>
                  </measurement_list>
                </category>
              </category_list>
            </class>
          </class_list>
        </measure>
      </outcome>
      <outcome>
        <type>Other Pre-specified</type>
        <title>Baseline: Cognition Summary Score (CSS)</title>
        <description>The CSS was used to evaluate cognitive function as measured by the mean change from Baseline to Week 4 in the CSS total score. The CSS was derived from the correct sequence percentage from the Route Test and 6 of the CNTB scores (the CSS was scored as the mean of the 7 scores). CSS scores can range from 0 to 100, higher scores (and positive changes from baseline) indicate better performance.</description>
        <time_frame>Baseline</time_frame>
        <population>Full Analysis Set: All patients who were randomized, took at least one dose of study medication, and had at least one efficacy measurement at either Baseline, Week 2 or Week 4. Patients were counted in the treatment group to which they were randomized.</population>
        <group_list>
          <group group_id="O1">
            <title>MK0249 (5 mg)</title>
            <description>Patients were randomly assigned to 28 days of treatment with 5 mg MK-0249 taken orally daily (qd).</description>
          </group>
          <group group_id="O2">
            <title>Placebo</title>
            <description>Patients were randomly assigned to 28 days of treatment with matching placebo taken orally daily (qd).</description>
          </group>
        </group_list>
        <measure>
          <title>Baseline: Cognition Summary Score (CSS)</title>
          <description>The CSS was used to evaluate cognitive function as measured by the mean change from Baseline to Week 4 in the CSS total score. The CSS was derived from the correct sequence percentage from the Route Test and 6 of the CNTB scores (the CSS was scored as the mean of the 7 scores). CSS scores can range from 0 to 100, higher scores (and positive changes from baseline) indicate better performance.</description>
          <population>Full Analysis Set: All patients who were randomized, took at least one dose of study medication, and had at least one efficacy measurement at either Baseline, Week 2 or Week 4. Patients were counted in the treatment group to which they were randomized.</population>
          <units>units on a scale</units>
          <param>Mean</param>
          <dispersion>Standard Deviation</dispersion>
          <analyzed_list>
            <analyzed>
              <units>Participants</units>
              <scope>Measure</scope>
              <count_list>
                <count group_id="O1" value="56"/>
                <count group_id="O2" value="57"/>
              </count_list>
            </analyzed>
          </analyzed_list>
          <class_list>
            <class>
              <category_list>
                <category>
                  <measurement_list>
                    <measurement group_id="O1" value="42.31" spread="7.35"/>
                    <measurement group_id="O2" value="43.79" spread="7.32"/>
                  </measurement_list>
                </category>
              </category_list>
            </class>
          </class_list>
        </measure>
      </outcome>
    </outcome_list>

    <reported_events>
      <time_frame>Patients were assessed for AEs from Visit 2 (Day 0) Baseline through Visit 8 (Day 43) Post-Study Safety Visit.</time_frame>
      <group_list>
        <group group_id="E1">
          <title>MK0249 (5 mg)</title>
          <description>Patients were randomly assigned to 28 days of treatment with 5 mg MK-0249 taken orally daily (qd).</description>
        </group>
        <group group_id="E2">
          <title>Placebo</title>
          <description>Patients were randomly assigned to 28 days of treatment with matching placebo taken orally daily (qd).</description>
        </group>
      </group_list>
      <serious_events>
        <default_assessment>Non-systematic Assessment</default_assessment>
        <category_list>
          <category>
            <title>Total</title>
            <event_list>
              <event>
                <sub_title>Total, serious adverse events</sub_title>
                <counts group_id="E1" subjects_affected="3" subjects_at_risk="73"/>
                <counts group_id="E2" subjects_affected="1" subjects_at_risk="70"/>
              </event>
            </event_list>
          </category>
          <category>
            <title>Injury, poisoning and procedural complications</title>
            <event_list>
              <event>
                <sub_title>Accidental Overdose</sub_title>
                <counts group_id="E1" subjects_affected="0" subjects_at_risk="73"/>
                <counts group_id="E2" subjects_affected="1" subjects_at_risk="70"/>
              </event>
              <event>
                <sub_title>Hip fracture</sub_title>
                <counts group_id="E1" subjects_affected="1" subjects_at_risk="73"/>
                <counts group_id="E2" subjects_affected="0" subjects_at_risk="70"/>
              </event>
            </event_list>
          </category>
          <category>
            <title>Neoplasms benign, malignant and unspecified (incl cysts and polyps)</title>
            <event_list>
              <event>
                <sub_title>Basal cell carcinoma</sub_title>
                <counts group_id="E1" subjects_affected="1" subjects_at_risk="73"/>
                <counts group_id="E2" subjects_affected="0" subjects_at_risk="70"/>
              </event>
            </event_list>
          </category>
          <category>
            <title>Respiratory, thoracic and mediastinal disorders</title>
            <event_list>
              <event>
                <sub_title>Lung infiltration</sub_title>
                <counts group_id="E1" subjects_affected="1" subjects_at_risk="73"/>
                <counts group_id="E2" subjects_affected="0" subjects_at_risk="70"/>
              </event>
            </event_list>
          </category>
        </category_list>
      </serious_events>
      <other_events>
        <frequency_threshold>2</frequency_threshold>
        <default_assessment>Non-systematic Assessment</default_assessment>
        <category_list>
          <category>
            <title>Total</title>
            <event_list>
              <event>
                <sub_title>Total, other adverse events</sub_title>
                <counts group_id="E1" subjects_affected="29" subjects_at_risk="73"/>
                <counts group_id="E2" subjects_affected="9" subjects_at_risk="70"/>
              </event>
            </event_list>
          </category>
          <category>
            <title>Gastrointestinal disorders</title>
            <event_list>
              <event>
                <sub_title>Diarrhoea</sub_title>
                <counts group_id="E1" subjects_affected="6" subjects_at_risk="73"/>
                <counts group_id="E2" subjects_affected="2" subjects_at_risk="70"/>
              </event>
              <event>
                <sub_title>Dry mouth</sub_title>
                <counts group_id="E1" subjects_affected="3" subjects_at_risk="73"/>
                <counts group_id="E2" subjects_affected="0" subjects_at_risk="70"/>
              </event>
              <event>
                <sub_title>Dyspepsia</sub_title>
                <counts group_id="E1" subjects_affected="2" subjects_at_risk="73"/>
                <counts group_id="E2" subjects_affected="0" subjects_at_risk="70"/>
              </event>
              <event>
                <sub_title>Nausea</sub_title>
                <counts group_id="E1" subjects_affected="2" subjects_at_risk="73"/>
                <counts group_id="E2" subjects_affected="2" subjects_at_risk="70"/>
              </event>
              <event>
                <sub_title>Stomach discomfort</sub_title>
                <counts group_id="E1" subjects_affected="4" subjects_at_risk="73"/>
                <counts group_id="E2" subjects_affected="0" subjects_at_risk="70"/>
              </event>
              <event>
                <sub_title>Vomiting</sub_title>
                <counts group_id="E1" subjects_affected="3" subjects_at_risk="73"/>
                <counts group_id="E2" subjects_affected="0" subjects_at_risk="70"/>
              </event>
            </event_list>
          </category>
          <category>
            <title>Infections and infestations</title>
            <event_list>
              <event>
                <sub_title>Nasopharyngitis</sub_title>
                <counts group_id="E1" subjects_affected="2" subjects_at_risk="73"/>
                <counts group_id="E2" subjects_affected="1" subjects_at_risk="70"/>
              </event>
              <event>
                <sub_title>Urinary tract infection</sub_title>
                <counts group_id="E1" subjects_affected="3" subjects_at_risk="73"/>
                <counts group_id="E2" subjects_affected="2" subjects_at_risk="70"/>
              </event>
            </event_list>
          </category>
          <category>
            <title>Injury, poisoning and procedural complications</title>
            <event_list>
              <event>
                <sub_title>Excoriation</sub_title>
                <counts group_id="E1" subjects_affected="2" subjects_at_risk="73"/>
                <counts group_id="E2" subjects_affected="0" subjects_at_risk="70"/>
              </event>
              <event>
                <sub_title>Fall</sub_title>
                <counts group_id="E1" subjects_affected="2" subjects_at_risk="73"/>
                <counts group_id="E2" subjects_affected="3" subjects_at_risk="70"/>
              </event>
            </event_list>
          </category>
          <category>
            <title>Investigations</title>
            <event_list>
              <event>
                <sub_title>Electrocardiogram QT prolonged</sub_title>
                <counts group_id="E1" subjects_affected="2" subjects_at_risk="73"/>
                <counts group_id="E2" subjects_affected="0" subjects_at_risk="70"/>
              </event>
            </event_list>
          </category>
          <category>
            <title>Musculoskeletal and connective tissue disorders</title>
            <event_list>
              <event>
                <sub_title>Arthralgia</sub_title>
                <counts group_id="E1" subjects_affected="2" subjects_at_risk="73"/>
                <counts group_id="E2" subjects_affected="0" subjects_at_risk="70"/>
              </event>
              <event>
                <sub_title>Muscle spasms</sub_title>
                <counts group_id="E1" subjects_affected="4" subjects_at_risk="73"/>
                <counts group_id="E2" subjects_affected="0" subjects_at_risk="70"/>
              </event>
            </event_list>
          </category>
          <category>
            <title>Nervous system disorders</title>
            <event_list>
              <event>
                <sub_title>Dizziness</sub_title>
                <counts group_id="E1" subjects_affected="2" subjects_at_risk="73"/>
                <counts group_id="E2" subjects_affected="1" subjects_at_risk="70"/>
              </event>
              <event>
                <sub_title>Headache</sub_title>
                <counts group_id="E1" subjects_affected="6" subjects_at_risk="73"/>
                <counts group_id="E2" subjects_affected="1" subjects_at_risk="70"/>
              </event>
            </event_list>
          </category>
          <category>
            <title>Psychiatric disorders</title>
            <event_list>
              <event>
                <sub_title>Insomnia</sub_title>
                <counts group_id="E1" subjects_affected="4" subjects_at_risk="73"/>
                <counts group_id="E2" subjects_affected="0" subjects_at_risk="70"/>
              </event>
            </event_list>
          </category>
        </category_list>
      </other_events>
    </reported_events>

    <certain_agreements>
      <pi_employee>Principal Investigators are NOT employed by the organization sponsoring the study.</pi_employee>
      <restrictive_agreement>Merck agreements may vary with individual investigators, but will not prohibit any investigator from publishing. Merck supports the publication of results from all centers of a multi-center trial but requests that reports based on single-site data not precede the primary publication of the entire clinical trial.</restrictive_agreement>
    </certain_agreements>
    <point_of_contact>
      <name_or_title>Senior Vice President, Global Clinical Development</name_or_title>
      <organization>Merck Sharp &amp; Dohme Corp.</organization>
      <phone>1-800-672-6372</phone>
      <email>ClinicalTrialsDisclosure@merck.com</email>
    </point_of_contact>
  </clinical_results>
</clinical_study>

