<?xml version="1.0" encoding="UTF-8"?>
<clinical_study rank="189">
  <!-- This xml conforms to an XML Schema at:
    https://clinicaltrials.gov/ct2/html/images/info/public.xsd -->
  <required_header>
    <download_date>ClinicalTrials.gov processed this data on November 07, 2017</download_date>
    <link_text>Link to the current ClinicalTrials.gov record.</link_text>
    <url>https://clinicaltrials.gov/show/NCT00088387</url>
  </required_header>
  <id_info>
    <org_study_id>040243</org_study_id>
    <secondary_id>04-N-0243</secondary_id>
    <nct_id>NCT00088387</nct_id>
  </id_info>
  <brief_title>Effect of Lithium and Divalproex in Alzheimer's Disease</brief_title>
  <official_title>Glycogen Synthetase Kinase 3 (GSK-3) Inhibition in Alzheimer's Disease</official_title>
  <sponsors>
    <lead_sponsor>
      <agency>National Institute of Neurological Disorders and Stroke (NINDS)</agency>
      <agency_class>NIH</agency_class>
    </lead_sponsor>
  </sponsors>
  <source>National Institutes of Health Clinical Center (CC)</source>
  <brief_summary>
    <textblock>
      This study will examine the effect of the drugs lithium and divalproex (Depakote) on tau
      proteins, a type of protein in the brain and spinal fluid that are altered in patients with
      Alzheimer's disease. Both drugs are approved by the Food and Drug Administration to treat
      mood disorders, and both have been shown in animal studies to decrease the amount of altered
      tau protein. This study will determine whether lithium alone or in combination with
      divalproex reduces the altered tau protein in the spinal fluid of patients with Alzheimer's
      disease.

      Patients with Alzheimer's disease who are between 40 and 90 years of age may be eligible for
      this study. Candidates are screened with a medical history and physical examination,
      neurologic and neuropsychological evaluation, blood and urine tests, electrocardiogram (EKG),
      and, if needed, a magnetic resonance imaging (MRI) scan of the brain.

      Participants undergo the following tests and procedures:

        -  Drug treatment: Patients take study drugs for 6 weeks.

        -  Weekly clinic visits: Patients come to the clinic once a week for a physical
           examination, blood and urine tests, a review of drug side effects, and to receive the
           next week's supply of medications.

        -  Lumbar puncture (spinal tap): Patients have a lumbar puncture at study weeks 2, 4, and 6
           to measure various brain chemicals and tau proteins in the cerebrospinal fluid (CSF),
           which bathes the brain and spinal cord. For this test, a local anesthetic is given and a
           needle is inserted in the space between the bones in the lower back where the CSF
           circulates below the spinal cord. A small amount of fluid is collected through the
           needle.

        -  Follow-up visit: Two weeks after completing the study medication, patients return to the
           clinic for a final evaluation, including a physical examination and blood and urine
           tests.
    </textblock>
  </brief_summary>
  <detailed_description>
    <textblock>
      The overall objective of this study is to examine the acute effects of lithium alone and/or
      in combination with divalproex on surrogate measures of neuroprotective activity in patients
      with Alzheimer's disease. It is hypothesized that at safe and tolerable doses these drugs
      will inhibit glycogen synthase kinase-3 activity and reduce the phosphorylated tau epitopes
      threonine-181 and threonine-231 implicated in the pathogenesis of this disorder. In this
      proof-of-principle study, efficacy on reducing tau phosphorylated epitopes will be assessed
      through cerebrospinal fluid (CSF) measurements. Safety will be monitored by means of frequent
      clinical evaluations and laboratory tests.
    </textblock>
  </detailed_description>
  <overall_status>Completed</overall_status>
  <start_date>July 2004</start_date>
  <completion_date>March 2005</completion_date>
  <phase>Phase 2</phase>
  <study_type>Interventional</study_type>
  <has_expanded_access>No</has_expanded_access>
  <study_design_info>
    <primary_purpose>Treatment</primary_purpose>
  </study_design_info>
  <enrollment>35</enrollment>
  <condition>Alzheimer Disease</condition>
  <intervention>
    <intervention_type>Drug</intervention_type>
    <intervention_name>Divalproex</intervention_name>
  </intervention>
  <intervention>
    <intervention_type>Drug</intervention_type>
    <intervention_name>Lithium</intervention_name>
  </intervention>
  <eligibility>
    <criteria>
      <textblock>
        INCLUSION CRITERIA:

        Patient is between the ages of 40 and 90 (inclusive).

        Patient will have a diagnosis of AD; the study will be confined to patients who are able to
        provide consent (pass a capacity assessment).

        The modified Hachinski Ischemia Score must be less than 4.

        Brain MRI performed within 15 months of enrollment must be compatible with the diagnosis of
        AD.

        Patient and/or caregiver are willing to adhere to protocol requirements as evidenced by
        written, informed consent.

        EXCLUSION CRITERIA:

        Patients meeting any of the following exclusion criteria during screening or during the
        study will not be enrolled or will be immediately excluded from the study, as appropriate:

        Patient has a history of any medical condition that can reasonably be expected to subject
        the patient to unwarranted risk.

        Patient has clinically significant laboratory abnormalities that would preclude
        administration of lithium and divalproex.

        Patient is taking a prohibited concomitant medication. The following medications are
        forbidden for at least one month prior to the treatment phase (unless otherwise noted) and
        during the course of the study:

        Any investigational drugs;

        Anti-depressants (eligibility will be considered as long as dosage remains stable
        throughout the study);

        Anticonvulsants and other mood stabilizing drugs;

        Treatment that may provoke lithium toxicity due to reduced renal clearance, including
        metronidazole, spectinomycin, tetracycline;

        Treatment that may substantially increase steady-state plasma lithium levels resulting in
        lithium toxicity, including angiotensin-converting enzyme inhibitors, NSAIDS, diuretics;

        Treatment that may increase the risk of neurotoxicity, including calcium channel blocking
        agents;

        Drugs that may increase urinary lithium excretion resulting in lower serum lithium
        concentrations, such as acetazolamide, urea, xanthine preparations, alkalinizing agents
        such as sodium bicarbonate, theophylline;

        Drugs that interact with lithium, including methyldopa;

        Neuroleptics (eligibility will be considered as long as dosage remains stable throughout
        the study). If patient is on existing atypical neuroleptic drugs, these will be continued
        at the same dose. Patients will not start a new prescription for atypical antipsychotics
        during the study;

        Drugs that may prolong the effects of lithium, including neuromuscular blocking agents;

        Digoxin, warfarin.

        Patient has not been using an adequate contraceptive method for the last 30 days or
        unwilling to continue contraception throughout the study, or is not at least one year
        post-menopausal (if female).

        Patient is pregnant or breastfeeding.

        Patient has participated in a clinical study with an investigational drug within the last
        30 days.

        Patient has a condition (such as active drug or alcohol abuse) that, in the opinion of the
        investigators, would interfere with compliance or safety.

        Patient has known hypersensitivity to lithium or divalproex.

        Patient's inability to swallow tablets or to comply with medication schedule.

        Patient has no adequate caregiver.

        Patient and/or caregiver are unwilling to sign an informed consent or to comply with
        protocol requirements.

        Patient is unwilling to have lumbar puncture.
      </textblock>
    </criteria>
    <gender>All</gender>
    <minimum_age>N/A</minimum_age>
    <maximum_age>N/A</maximum_age>
    <healthy_volunteers>No</healthy_volunteers>
  </eligibility>
  <location>
    <facility>
      <name>National Institute of Neurological Disorders and Stroke (NINDS)</name>
      <address>
        <city>Bethesda</city>
        <state>Maryland</state>
        <zip>20892</zip>
        <country>United States</country>
      </address>
    </facility>
  </location>
  <location_countries>
    <country>United States</country>
  </location_countries>
  <reference>
    <citation>Bloom BS, de Pouvourville N, Straus WL. Cost of illness of Alzheimer's disease: how useful are current estimates? Gerontologist. 2003 Apr;43(2):158-64.</citation>
    <PMID>12677073</PMID>
  </reference>
  <reference>
    <citation>Knopman D. Pharmacotherapy for Alzheimer's disease: 2002. Clin Neuropharmacol. 2003 Mar-Apr;26(2):93-101. Review.</citation>
    <PMID>12671529</PMID>
  </reference>
  <reference>
    <citation>Arai H, Terajima M, Miura M, Higuchi S, Muramatsu T, Machida N, Seiki H, Takase S, Clark CM, Lee VM, et al. Tau in cerebrospinal fluid: a potential diagnostic marker in Alzheimer's disease. Ann Neurol. 1995 Oct;38(4):649-52.</citation>
    <PMID>7574462</PMID>
  </reference>
  <verification_date>March 2005</verification_date>
  <!-- Old date names will be dropped in a few months (sometime in 2018)                        -->
  <lastchanged_date>March 3, 2008</lastchanged_date>
  <firstreceived_date>July 23, 2004</firstreceived_date>
  <!-- New date names                                                                           -->
  <study_first_submitted>July 23, 2004</study_first_submitted>
  <study_first_submitted_qc>July 23, 2004</study_first_submitted_qc>
  <study_first_posted type="Estimate">July 26, 2004</study_first_posted>
  <last_update_submitted>March 3, 2008</last_update_submitted>
  <last_update_submitted_qc>March 3, 2008</last_update_submitted_qc>
  <last_update_posted type="Estimate">March 4, 2008</last_update_posted>
  <!-- End of dates                                                                             -->
  <keyword>Tau</keyword>
  <keyword>T181</keyword>
  <keyword>T231</keyword>
  <keyword>Amyloid Beta</keyword>
  <keyword>Beta-Catenin</keyword>
  <keyword>Alzheimer Disease</keyword>
  <keyword>AD</keyword>
  <condition_browse>
    <!-- CAUTION:  The following MeSH terms are assigned with an imperfect algorithm            -->
    <mesh_term>Alzheimer Disease</mesh_term>
  </condition_browse>
  <intervention_browse>
    <!-- CAUTION:  The following MeSH terms are assigned with an imperfect algorithm            -->
    <mesh_term>Lithium Carbonate</mesh_term>
  </intervention_browse>
  <!-- Results have not yet been posted for this study                                          -->
</clinical_study>

