<?xml version="1.0" encoding="UTF-8"?>
<clinical_study rank="200">
  <!-- This xml conforms to an XML Schema at:
    https://clinicaltrials.gov/ct2/html/images/info/public.xsd -->
  <required_header>
    <download_date>ClinicalTrials.gov processed this data on November 07, 2017</download_date>
    <link_text>Link to the current ClinicalTrials.gov record.</link_text>
    <url>https://clinicaltrials.gov/show/NCT02094729</url>
  </required_header>
  <id_info>
    <org_study_id>BAN2401-J081-104</org_study_id>
    <nct_id>NCT02094729</nct_id>
  </id_info>
  <brief_title>A Randomized, Double-blind, Placebo-controlled Study to Assess Safety, Tolerability, Pharmacokinetics, Immunogenicity, and Pharmacodynamic Response of Repeated Intravenous Infusions of BAN2401 in Subjects With Mild Cognitive Impairment Due to Alzheimer's Disease and Mild Alzheimer's Disease</brief_title>
  <official_title>A Randomized, Double-blind, Placebo-controlled Study to Assess Safety, Tolerability, Pharmacokinetics, Immunogenicity, and Pharmacodynamic Response of Repeated Intravenous Infusions of BAN2401 in Subjects With Mild Cognitive Impairment Due to Alzheimer's Disease and Mild Alzheimer's Disease</official_title>
  <sponsors>
    <lead_sponsor>
      <agency>Eisai Co., Ltd.</agency>
      <agency_class>Industry</agency_class>
    </lead_sponsor>
  </sponsors>
  <source>Eisai Inc.</source>
  <oversight_info>
    <has_dmc>No</has_dmc>
  </oversight_info>
  <brief_summary>
    <textblock>
      The purpose of this study is to assess the safety, tolerability, pharmacokinetics,
      immunogenicity, and pharmacodynamic response of repeated intravenous infusions of BAN2401 in
      subjects with mild cognitive impairment (MCI) due to Alzheimer's disease (AD) and mild
      Alzheimer's disease.
    </textblock>
  </brief_summary>
  <detailed_description>
    <textblock>
      This is a multicenter, randomized, placebo-controlled, double-blind, multiple ascending dose
      study in a total of 24 subjects (8 subjects per cohort) with MCI due to AD and mild AD. The
      study consists of three cohorts to evaluate the safety, tolerability and PK of BAN2401 at
      three dose levels (2.5, 5, and 10 mg/kg). Each cohort consists of Screening Period before
      randomization, Treatment Period from randomization to last dose, and Follow-up Period after
      last dose. Cohorts 1, 2, and 3 will receive 2.5 mg/kg, 5 mg/kg, and 10 mg/kg of BAN2401,
      respectively.
    </textblock>
  </detailed_description>
  <overall_status>Completed</overall_status>
  <start_date>September 2013</start_date>
  <completion_date type="Actual">May 2015</completion_date>
  <primary_completion_date type="Actual">March 2015</primary_completion_date>
  <phase>Phase 1</phase>
  <study_type>Interventional</study_type>
  <has_expanded_access>No</has_expanded_access>
  <study_design_info>
    <allocation>Randomized</allocation>
    <intervention_model>Parallel Assignment</intervention_model>
    <primary_purpose>Treatment</primary_purpose>
    <masking>Double (Participant, Investigator)</masking>
  </study_design_info>
  <primary_outcome>
    <measure>Number of Participants with Adverse Events as a Measure of Safety and Tolerability</measure>
    <time_frame>Up to 14 weeks</time_frame>
    <description>Safety assessment variables will include all adverse events (AEs) including serious and non-serious AEs; laboratory parameters (hematology, blood chemistry, and urinalysis); vital signs; electrocardiograms; and physical examination; as well as a risk of suicide using C-SSRS and brain MRI.</description>
  </primary_outcome>
  <secondary_outcome>
    <measure>Pharmacokinetics of BAN2401: Maximum Concentration (Cmax)</measure>
    <time_frame>Up to 14 weeks</time_frame>
    <description>Cmax after single and repeated administrations based on non-compartmental analysis.</description>
  </secondary_outcome>
  <secondary_outcome>
    <measure>Pharmacokinetics of BAN2401: time attain to Cmax (tmax)</measure>
    <time_frame>Up to 14 weeks</time_frame>
    <description>tmax after single and repeated administrations based on non-compartmental analysis.</description>
  </secondary_outcome>
  <secondary_outcome>
    <measure>Pharmacokinetics of BAN2401: Area under the curve (AUC)</measure>
    <time_frame>Up to 14 weeks</time_frame>
    <description>AUC after single and repeated administrations based on non-compartmental analysis.</description>
  </secondary_outcome>
  <secondary_outcome>
    <measure>Pharmacokinetics of BAN2401: Drug Clearance (CL)</measure>
    <time_frame>Up to 14 weeks</time_frame>
    <description>CL after single and repeated administrations based on non-compartmental analysis.</description>
  </secondary_outcome>
  <secondary_outcome>
    <measure>Pharmacokinetics of BAN2401: apparent volume of distribution at steady state (Vss)</measure>
    <time_frame>Up to 14 weeks</time_frame>
    <description>Vss after single and repeated administrations based on non-compartmental analysis.</description>
  </secondary_outcome>
  <secondary_outcome>
    <measure>Investigation of the effect of repeated intravenous infusions of BAN2401 on the immunogenicity and CSF biomarkers</measure>
    <time_frame>Up to 14 weeks</time_frame>
    <description>Summary statistics (mean, standard deviation, median, minimum and maximum) will be calculated for each measurement of CSF concentrations of AB1-40, AB1-42, AB1-x, total tau and p-tau and their percent changes from baseline.</description>
  </secondary_outcome>
  <secondary_outcome>
    <measure>Investigation of the effect of apolipoprotein allele4 (ApoE4) on the safety, tolerability and pharmacodynamic (PD) response of repeated intravenous infusions of BAN2401</measure>
    <time_frame>Up to 14 weeks</time_frame>
  </secondary_outcome>
  <number_of_arms>4</number_of_arms>
  <enrollment type="Actual">26</enrollment>
  <condition>Alzheimer's Disease</condition>
  <arm_group>
    <arm_group_label>BAN2401 2.5 mg/kg</arm_group_label>
    <arm_group_type>Experimental</arm_group_type>
    <description>Cohorts 1: Intravenous infusions of 2.5 mg/kg BAN2401</description>
  </arm_group>
  <arm_group>
    <arm_group_label>BAN2401 5 mg/kg</arm_group_label>
    <arm_group_type>Experimental</arm_group_type>
    <description>Cohorts 2: Intravenous infusions of 5 mg/kg BAN2401</description>
  </arm_group>
  <arm_group>
    <arm_group_label>BAN2401 10 mg/kg</arm_group_label>
    <arm_group_type>Experimental</arm_group_type>
    <description>Cohorts 3: Intravenous infusions of 10 mg/kg BAN2401</description>
  </arm_group>
  <arm_group>
    <arm_group_label>Placebo</arm_group_label>
    <arm_group_type>Placebo Comparator</arm_group_type>
    <description>Intravenous infusions of placebo for 60 +/- 10 minutes.</description>
  </arm_group>
  <intervention>
    <intervention_type>Drug</intervention_type>
    <intervention_name>BAN2401 2.5 mg/kg</intervention_name>
    <description>Cohorts 1: Intravenous infusions of 2.5 mg/kg BAN2401 for 60 +/- 10 minutes.</description>
    <arm_group_label>BAN2401 2.5 mg/kg</arm_group_label>
  </intervention>
  <intervention>
    <intervention_type>Drug</intervention_type>
    <intervention_name>BAN2401 5 mg/kg</intervention_name>
    <description>Cohorts 2: Intravenous infusions of 5 mg/kg BAN2401 for 60 +/- 10 minutes.</description>
    <arm_group_label>BAN2401 5 mg/kg</arm_group_label>
  </intervention>
  <intervention>
    <intervention_type>Drug</intervention_type>
    <intervention_name>BAN2401 10 mg/kg</intervention_name>
    <description>Cohorts 3: Intravenous infusions of 10 mg/kg BAN2401 for 60 +/- 10 minutes</description>
    <arm_group_label>BAN2401 10 mg/kg</arm_group_label>
  </intervention>
  <intervention>
    <intervention_type>Drug</intervention_type>
    <intervention_name>Placebo</intervention_name>
    <description>Intravenous infusions of placebo for 60 +/- 10 minutes.</description>
    <arm_group_label>Placebo</arm_group_label>
  </intervention>
  <eligibility>
    <criteria>
      <textblock>
        Inclusion Criteria

        MCI due to AD

          1. Subjects who have clinical and cognitive symptoms consistent with the National
             Institute on Aging-Alzheimer's Association (NIA-AA) core criteria for MCI

          2. Subjects who have a Clinical Dementia Rating (CDR) of 0.5 and a memory box score of
             0.5 or greater at Screening

          3. Subjects who report a history of subjective memory decline with slow progression at
             least 1 year before Screening, or subjects whose information provider or attending
             physician reports a history of memory decline with slow progression at least 1 year
             before Screening

          4. Subjects with objective impairment in episodic memory as indicated by 1-1.5 standard
             deviations below age-adjusted mean in the Wechsler Memory Scale-Revised (WMS-R)
             logical memory II (delayed recall) at Screening:

               -  less than or equal to 15 for age 50 to 64 years

               -  less than or equal to 12 for age 65 to 69 years

               -  less than or equal to 11 for age 70 to 74 years

               -  less than or equal to 9 for age 75 to 79 years

               -  less than or equal to 7 for age 80 to 90 years

             Mild AD

          5. Subjects who meet the NIA-AA core clinical criteria for probable AD

          6. Subjects who have a CDR of 0.5 or 1.0 and a memory box score of 0.5 or greater at
             Screening

             All subjects

          7. Male or female subjects aged between 50 and 90 years, inclusive, at obtaining informed
             consent

          8. Subjects who have an Mini Mental State Examination (MMSE) score greater than or equal
             to 22 and less than or equal to 30 at Screening

          9. Body Mass Index (BMI) less than 35 kg/m2 at Screening

         10. Females must not be pregnant or lactating, and specified contraceptive precautions
             must be followed

         11. Subjects must have identified caregivers/informants

         12. Must have an informant or a caregiver who will provide written informed consent
             voluntarily and is able to spend 3 days a week with the subject (4 hours per day), and
             is able to support the subject during the study period by providing necessary patient
             information, assisting treatment compliance, and accompanying the subject to all
             scheduled visits (if needed) throughout the study.

         13. Provide voluntary written informed consent (obtaining as much as possible from
             subjects, but mandatory from their legal guardians).

         14. Willing and able to comply with all aspects of the protocol.

        Exclusion Criteria

          1. Any neurological condition that may affect cognitive impairment

          2. History of transient ischemic attacks (TIA), stroke, or seizures within 12 months of
             Screening

          3. Any psychiatric diagnosis or symptoms (e.g., hallucinations, major depression, or
             delusions) that could interfere with study procedures in the subject

          4. Any medical devices contraindicated for MRI scanning (e.g., cardiac
             pacemaker/defibrillator, ferromagnetic metal implants, any devices other than those
             approved as safe for use in MRI scanners)

          5. Evidence of infection, tumor, stroke or other clinically significant lesions that
             could indicate a dementia diagnosis other than AD on brain MRI at Screening

          6. Evidence of other clinically significant lesions that could indicate a dementia
             diagnosis other than AD on brain MRI at Screening, or other significant pathological
             findings on brain MRI at Screening

          7. A prolonged QT interval (QTcF greater than or equal to 450 ms) as demonstrated by a
             repeated ECG at Screening

          8. Any other clinically significant conditions (e.g., cardiac, respiratory,
             gastrointestinal, renal disease) that in the opinion of the investigator(s) could
             affect the subject's safety or interfere with the study assessments

          9. Severe visual or hearing impairment that would prevent the subject from performing
             psychometric tests accurately.
      </textblock>
    </criteria>
    <gender>All</gender>
    <minimum_age>50 Years</minimum_age>
    <maximum_age>90 Years</maximum_age>
    <healthy_volunteers>No</healthy_volunteers>
  </eligibility>
  <location>
    <facility>
      <address>
        <city>Kobe</city>
        <state>Hyogo</state>
        <country>Japan</country>
      </address>
    </facility>
  </location>
  <location>
    <facility>
      <address>
        <city>Sendai</city>
        <state>Miyagi</state>
        <country>Japan</country>
      </address>
    </facility>
  </location>
  <location>
    <facility>
      <address>
        <city>Kurashiki</city>
        <state>Okayama</state>
        <country>Japan</country>
      </address>
    </facility>
  </location>
  <location>
    <facility>
      <address>
        <city>Koto-ku</city>
        <state>Tokyo</state>
        <country>Japan</country>
      </address>
    </facility>
  </location>
  <location_countries>
    <country>Japan</country>
  </location_countries>
  <verification_date>June 2015</verification_date>
  <!-- Old date names will be dropped in a few months (sometime in 2018)                        -->
  <lastchanged_date>June 4, 2015</lastchanged_date>
  <firstreceived_date>January 9, 2014</firstreceived_date>
  <!-- New date names                                                                           -->
  <study_first_submitted>January 9, 2014</study_first_submitted>
  <study_first_submitted_qc>March 19, 2014</study_first_submitted_qc>
  <study_first_posted type="Estimate">March 24, 2014</study_first_posted>
  <last_update_submitted>June 4, 2015</last_update_submitted>
  <last_update_submitted_qc>June 4, 2015</last_update_submitted_qc>
  <last_update_posted type="Estimate">June 8, 2015</last_update_posted>
  <!-- End of dates                                                                             -->
  <responsible_party>
    <responsible_party_type>Sponsor</responsible_party_type>
  </responsible_party>
  <keyword>mild cognitive impairment</keyword>
  <keyword>Alzheimer's disease</keyword>
  <condition_browse>
    <!-- CAUTION:  The following MeSH terms are assigned with an imperfect algorithm            -->
    <mesh_term>Alzheimer Disease</mesh_term>
    <mesh_term>Cognitive Dysfunction</mesh_term>
  </condition_browse>
  <!-- Results have not yet been posted for this study                                          -->
</clinical_study>

