<?xml version="1.0" encoding="UTF-8"?>
<clinical_study rank="178">
  <!-- This xml conforms to an XML Schema at:
    https://clinicaltrials.gov/ct2/html/images/info/public.xsd -->
  <required_header>
    <download_date>ClinicalTrials.gov processed this data on November 07, 2017</download_date>
    <link_text>Link to the current ClinicalTrials.gov record.</link_text>
    <url>https://clinicaltrials.gov/show/NCT02494531</url>
  </required_header>
  <id_info>
    <org_study_id>P120134</org_study_id>
    <nct_id>NCT02494531</nct_id>
  </id_info>
  <brief_title>Illiteracy and Vulnerability to Alzheimer's Disease: Evaluation of Amyloid Pathology by PET Imaging</brief_title>
  <acronym>AVILL</acronym>
  <official_title>Illiteracy and Vulnerability to Alzheimer's Disease: Evaluation of Amyloid Pathology by PET Imaging</official_title>
  <sponsors>
    <lead_sponsor>
      <agency>Assistance Publique - Hôpitaux de Paris</agency>
      <agency_class>Other</agency_class>
    </lead_sponsor>
  </sponsors>
  <source>Assistance Publique - Hôpitaux de Paris</source>
  <brief_summary>
    <textblock>
      The goal of this study is to improve the diagnosis of Alzheimer's disease (AD) at two
      different stages (MCI and dementia) in illiterate subjects, using FDG- fluorodeoxyglucose -
      and florbetapir F 18 -PET imaging. This study will compare amyloid load and cerebral
      metabolism dysfunction in literate versus illiterate MCI and AD patients.
    </textblock>
  </brief_summary>
  <detailed_description>
    <textblock>
      Illiterate, with a higher rate in the elder and in multi-cultural population reaching, then,
      20%. Most of these patients are not usually included in research studies.

      Thus, AVILL would specifically focus on lower educated and illiterate patients and on use of
      PET imaging for early diagnosis. This study would take advantage of the collaboration with
      the recently launched Memento cohort.

      RATIONALE:

        1. The diagnosis of AD at the early stages of the disease appears to be crucial. MCI is now
           considered as the 1st clinical stage of the disease, after a long pre-clinical period.

        2. Cognitive reserve modulates the relationship between cerebral lesions and their clinical
           manifestations by limiting the negative impact of cerebral lesion on cognition.
           Education is a commonly-used proxy of cognitive reserve. Education interacts with AD
           pathology such that a greater pathological burden is required to show an effect on
           cognition among subjects with more education. Lower education and illiteracy are thus
           considered as risk factor of developing AD

        3. Diagnosing MCI and AD in lower educated and illiterate patients is a real challenge
           because of:

             1. -difficulties in cognitive evaluation which mostly relies on educational background
                and reading abilities,

             2. -poor adaptation of neuropsychological tests,

             3. -lack of clinical and imaging data concerning these patients, who are often
                excluded from studies, and poor knowledge of the evolution of the disease from the
                earlier signs (MCI) to dementia.

        4. Quantification of amyloid deposit by PET imaging could therefore be useful for the
           diagnosis of AD in illiterate patients.

      GENERAL OBJECTIVES:

        -  non educated patient amyloid load could differ from educated patient amyloid load at the
           same stage of cognitive impairment

        -  PET amyloid imaging using florbetapir F 18 could detect non educated patients with AD
           risk at early stage and could help clinical evaluation which is particularly difficult
           in this population.

        -  uptake level of florbetapir F 18 could be different in MCI and AD non educated patients
           compared to educated patients which are the basis of the objectives.
    </textblock>
  </detailed_description>
  <overall_status>Recruiting</overall_status>
  <start_date>May 2015</start_date>
  <completion_date type="Anticipated">January 2020</completion_date>
  <primary_completion_date type="Anticipated">January 2019</primary_completion_date>
  <phase>N/A</phase>
  <study_type>Interventional</study_type>
  <has_expanded_access>No</has_expanded_access>
  <study_design_info>
    <intervention_model>Single Group Assignment</intervention_model>
    <primary_purpose>Diagnostic</primary_purpose>
    <masking>None (Open Label)</masking>
  </study_design_info>
  <primary_outcome>
    <measure>Comparison of the amount of amyloid deposits using florbetapir-18 Fluor-PET between illiterate and literate MCI patients</measure>
    <time_frame>Within 2 months after inclusion</time_frame>
    <description>Comparison between the 2 groups (educated and non -educated) of florbetapir-18 Fluor Standardized Uptake Values (SUV) ratios (max and mean of SUVr) in MCI patients</description>
  </primary_outcome>
  <secondary_outcome>
    <measure>Comparison of the amount of amyloid deposits using florbetapir-18 Fluor-PET between illiterate and literate AD patients,</measure>
    <time_frame>Within 2 months after inclusion</time_frame>
    <description>Comparison of florbetapir-18 Fluor SUV (Standardized Uptake Values) ratios (max and mean of SUVr) in the different groups as defined above</description>
  </secondary_outcome>
  <secondary_outcome>
    <measure>Comparison of the amyloid deposit location between the 2 groups (literate and illiterate)</measure>
    <time_frame>Within 2 months after inclusion</time_frame>
    <description>Group comparison of qualitative topography of amyloid burden</description>
  </secondary_outcome>
  <secondary_outcome>
    <measure>correlation between amyloid load and metabolism dysfunction using Fluorodeoxyglucose (FDG)-PET in each groups</measure>
    <time_frame>Within 2 months after inclusion</time_frame>
    <description>Group comparison of topography of amyloid deposit and FDG metabolism</description>
  </secondary_outcome>
  <number_of_arms>1</number_of_arms>
  <enrollment type="Anticipated">80</enrollment>
  <condition>Alzheimer Disease</condition>
  <arm_group>
    <arm_group_label>Positon Emission Tomographic (PET)-scan</arm_group_label>
    <arm_group_type>Other</arm_group_type>
    <description>2 PET-scan: Fluorodeoxyglucose-PET and florbetapir F 18-PET</description>
  </arm_group>
  <intervention>
    <intervention_type>Radiation</intervention_type>
    <intervention_name>Fluorodeoxyglucose-PET</intervention_name>
    <description>Fluorodeoxyglucose-PET performed within 2 months</description>
    <arm_group_label>Positon Emission Tomographic (PET)-scan</arm_group_label>
  </intervention>
  <intervention>
    <intervention_type>Radiation</intervention_type>
    <intervention_name>florbetapir F 18-PET</intervention_name>
    <description>florbetapir F 18-PET performed within 2 months</description>
    <arm_group_label>Positon Emission Tomographic (PET)-scan</arm_group_label>
  </intervention>
  <eligibility>
    <criteria>
      <textblock>
        Inclusion Criteria:

          1. For all patients enrolled in the study:

               -  Aged 18 years and above

               -  Visual and auditory acuity adequate for neuropsychological testing

               -  Having signed an informed consent

               -  Being affiliated to health insurance

          2. For MCI patients:

             For this group, the criteria are the same as those of Memento but with specially
             designed neuropsychological tests for illiterate/low educated patients.

               -  Performing worse than one standard deviation to the mean (compared to age and
                  educational norms) in one or more cognitive domains (neuropsychological tests
                  battery exploring memory, language, praxis, vision, executive functions); this
                  deviation is required to be documented by tests performed less than 6 months age

               -  Clinical dementia Rating scale &lt; or = 0.5

          3. For AD patients

               -  Fulfilling DSM IV criteria of AD

               -  Clinical Dementia Rating scale &gt; 0.5 Patients are defined as &quot;illiterate&quot; having
                  5 or less years of schooling, and &quot;literate&quot; when having more than 5 years

        Exclusion Criteria:

          -  Being under guardianship

          -  Residence in skilling nursing facility

          -  Pregnant or breast feeding women

          -  Alzheimer's disease caused by gene mutations

          -  Brain MRI exclusion criteria (pacemakers, aneurysm clips, artificial heart valves, ear
             implants, metal fragments or foreign objects in the eyes, skin, or body) or refusing
             MRI

          -  Neurological disease such as: treated epilepsy, treated Parkinson's disease,
             Huntington disease, brain tumour, subdural haematoma, progressive supranuclear palsy,
             history of head trauma followed by persistent neurological deficits, history of stroke

          -  Schizophrenia or other psychiatric history (DSM-IV criteria)
      </textblock>
    </criteria>
    <gender>All</gender>
    <minimum_age>18 Years</minimum_age>
    <maximum_age>N/A</maximum_age>
    <healthy_volunteers>No</healthy_volunteers>
  </eligibility>
  <overall_official>
    <last_name>Catherine Belin, Dr</last_name>
    <role>Principal Investigator</role>
    <affiliation>ASSISTANCE PUBLIQUE HOPITAUX DE PARIS (hospial Avicenne)</affiliation>
  </overall_official>
  <overall_official>
    <last_name>AMEL OUSLIMANI, PM</last_name>
    <role>Study Director</role>
    <affiliation>Assistance Publique - Hôpitaux de Paris, DRCD</affiliation>
  </overall_official>
  <overall_contact>
    <last_name>Catherine Belin, Dr</last_name>
    <phone>01 48 95 54 01</phone>
    <email>catherine.belin@avc.aphp.fr</email>
  </overall_contact>
  <overall_contact_backup>
    <last_name>Nacira DARGHAL, PM</last_name>
    <phone>01 48 95 74 73</phone>
    <email>nacira.darghal@avc.aphp.fr</email>
  </overall_contact_backup>
  <location>
    <facility>
      <name>Hospital Avicenne-Neurology</name>
      <address>
        <city>Bobigny</city>
        <zip>93000</zip>
        <country>France</country>
      </address>
    </facility>
    <status>Recruiting</status>
    <contact>
      <last_name>Catherine BELIN, DR</last_name>
      <phone>0033148955401</phone>
      <email>catherine.belin@aphp.fr</email>
    </contact>
  </location>
  <location_countries>
    <country>France</country>
  </location_countries>
  <verification_date>December 2016</verification_date>
  <!-- Old date names will be dropped in a few months (sometime in 2018)                        -->
  <lastchanged_date>December 2, 2016</lastchanged_date>
  <firstreceived_date>May 4, 2015</firstreceived_date>
  <!-- New date names                                                                           -->
  <study_first_submitted>May 4, 2015</study_first_submitted>
  <study_first_submitted_qc>July 9, 2015</study_first_submitted_qc>
  <study_first_posted type="Estimate">July 10, 2015</study_first_posted>
  <last_update_submitted>December 2, 2016</last_update_submitted>
  <last_update_submitted_qc>December 2, 2016</last_update_submitted_qc>
  <last_update_posted type="Estimate">December 5, 2016</last_update_posted>
  <!-- End of dates                                                                             -->
  <responsible_party>
    <responsible_party_type>Sponsor</responsible_party_type>
  </responsible_party>
  <keyword>Alzheimer Disease</keyword>
  <keyword>PET</keyword>
  <keyword>diagnosis</keyword>
  <keyword>MCI</keyword>
  <keyword>illiterate</keyword>
  <condition_browse>
    <!-- CAUTION:  The following MeSH terms are assigned with an imperfect algorithm            -->
    <mesh_term>Alzheimer Disease</mesh_term>
  </condition_browse>
  <intervention_browse>
    <!-- CAUTION:  The following MeSH terms are assigned with an imperfect algorithm            -->
    <mesh_term>Fluorodeoxyglucose F18</mesh_term>
    <mesh_term>Deoxyglucose</mesh_term>
  </intervention_browse>
  <!-- Results have not yet been posted for this study                                          -->
</clinical_study>

