<?xml version="1.0" encoding="UTF-8"?>
<clinical_study rank="432">
  <!-- This xml conforms to an XML Schema at:
    https://clinicaltrials.gov/ct2/html/images/info/public.xsd -->
  <required_header>
    <download_date>ClinicalTrials.gov processed this data on November 07, 2017</download_date>
    <link_text>Link to the current ClinicalTrials.gov record.</link_text>
    <url>https://clinicaltrials.gov/show/NCT03283059</url>
  </required_header>
  <id_info>
    <org_study_id>OHAAS-III</org_study_id>
    <nct_id>NCT03283059</nct_id>
  </id_info>
  <brief_title>Octohydroaminoacridine Succinate Tablet for Mild-to-Moderate Alzheimer's Disease</brief_title>
  <official_title>Phase III Trial of Octohydroaminoacridine Succinate Tablet for Mild-to-Moderate Alzheimer's Disease: a 26 Weeks, Randomized, Double-blind, Double-dummy, Placebo- and Positive- Parallel Controlled and Extended Single Arm to 54 Weeks Multicentre Study</official_title>
  <sponsors>
    <lead_sponsor>
      <agency>Shanghai Mental Health Center</agency>
      <agency_class>Other</agency_class>
    </lead_sponsor>
    <collaborator>
      <agency>Changchun Huayang High-tech Co., Ltd</agency>
      <agency_class>Industry</agency_class>
    </collaborator>
    <collaborator>
      <agency>Jiangsu Sheneryang High-tech Co., Ltd</agency>
      <agency_class>Other</agency_class>
    </collaborator>
  </sponsors>
  <source>Shanghai Mental Health Center</source>
  <oversight_info>
    <is_fda_regulated_drug>No</is_fda_regulated_drug>
    <is_fda_regulated_device>No</is_fda_regulated_device>
  </oversight_info>
  <brief_summary>
    <textblock>
      Inhibition of acetylcholinesterase has been a effective treatment for Alzheimer's disease.
      Octohydroaminoacridine, a new acetylcholinesterase inhibitor, is a potential treatment for
      Alzheimer's disease. The investigators conducted a 26 weeks, randomized, double-blind,
      double-dummy, placebo- and positive- parallel controlled and extended single arm to 54 weeks
      multicentre phase III clinical trial to investigate the effects of octohydroaminoacridine in
      patients with mild-to-moderate Alzheimer's disease. Patients were randomized to receive
      placebo thrice daily, or octohydroaminoacridine 4 mg/TID or ARICEPT 5mg/QD.
    </textblock>
  </brief_summary>
  <overall_status>Recruiting</overall_status>
  <start_date type="Actual">August 16, 2017</start_date>
  <completion_date type="Anticipated">February 16, 2020</completion_date>
  <primary_completion_date type="Anticipated">September 16, 2019</primary_completion_date>
  <phase>Phase 3</phase>
  <study_type>Interventional</study_type>
  <has_expanded_access>No</has_expanded_access>
  <study_design_info>
    <allocation>Randomized</allocation>
    <intervention_model>Parallel Assignment</intervention_model>
    <primary_purpose>Treatment</primary_purpose>
    <masking>Single (Participant)</masking>
  </study_design_info>
  <primary_outcome>
    <measure>Alzheimer's Disease Assessment Scale-Cognitive section (ADAS-Cog)</measure>
    <time_frame>26 weeks double-blind study and 28 weeks extention study</time_frame>
    <description>The change of ADAS-Cog from baseline to endpoint among three arms.</description>
  </primary_outcome>
  <secondary_outcome>
    <measure>Clinician's Interview Based Impression of Change - plus (CIBIC+)</measure>
    <time_frame>26 weeks double-blind study and 28 weeks extention study</time_frame>
    <description>The change of CIBIC+ from baseline to endpoint among three arms.</description>
  </secondary_outcome>
  <secondary_outcome>
    <measure>Activities of Daily Living (ADL)</measure>
    <time_frame>26 weeks double-blind study and 28 weeks extention study</time_frame>
    <description>The change of ADL from baseline to endpoint among three arms.</description>
  </secondary_outcome>
  <secondary_outcome>
    <measure>Neuropsychiatric Inventory (NPI)</measure>
    <time_frame>26 weeks double-blind study and 28 weeks extention study</time_frame>
    <description>The change of NPI from baseline to endpoint among three arms.</description>
  </secondary_outcome>
  <number_of_arms>3</number_of_arms>
  <enrollment type="Anticipated">600</enrollment>
  <condition>Alzheimer Disease</condition>
  <arm_group>
    <arm_group_label>Octohydroaminoacridine Succinate Tablet</arm_group_label>
    <arm_group_type>Experimental</arm_group_type>
    <description>Octohydroaminoacridine Succinate Tablet 4mg P.O. tid</description>
  </arm_group>
  <arm_group>
    <arm_group_label>Aricept</arm_group_label>
    <arm_group_type>Active Comparator</arm_group_type>
    <description>Aricept 5mg/day P.O.</description>
  </arm_group>
  <arm_group>
    <arm_group_label>Placebo</arm_group_label>
    <arm_group_type>Placebo Comparator</arm_group_type>
    <description>Placebo P.O. tid</description>
  </arm_group>
  <intervention>
    <intervention_type>Drug</intervention_type>
    <intervention_name>Octohydroaminoacridine Succinate</intervention_name>
    <description>Octohydroaminoacridine Succinate Tablet:4mg P.O. tid</description>
    <arm_group_label>Octohydroaminoacridine Succinate Tablet</arm_group_label>
  </intervention>
  <intervention>
    <intervention_type>Drug</intervention_type>
    <intervention_name>Aricept</intervention_name>
    <description>Aricept 5mg/day, P.O.</description>
    <arm_group_label>Aricept</arm_group_label>
  </intervention>
  <intervention>
    <intervention_type>Drug</intervention_type>
    <intervention_name>Placebos</intervention_name>
    <description>Placebo Tablet: P.O. tid</description>
    <arm_group_label>Placebo</arm_group_label>
  </intervention>
  <eligibility>
    <criteria>
      <textblock>
        Inclusion Criteria:

          1. Age 50-85 years (including 50 and 85 years old), male or female;

          2. Diagnose probable AD in accordance with the National Institute Aging and Alzheimer's
             Association (NIA-AA) (2011);

          3. Mild-to-moderate AD patients, MMSE 11-26 (including 11 and 26, primary school
             education subjects from 11 to 22);

          4. Hachinski Incheinic Score (HIS) less than 4 points;

          5. Hamilton depression scale /17 Version (HAMD) score less than 10 points;

          6. Memory decline at least 12 months, and the decline is progressive;

          7. Brain MRI examination was done within 6 months before screening;

          8. Neurological examination had no obvious signs (except due to AD disease or peripheral
             injury);

          9. Females were postmenopausal (menopause beyond 24 weeks), or accepted the surgical
             sterilization, or women of childbearing age agreed to take effective contraceptive
             measures during the study. Women of childbearing age or menopausal time shorter than
             24 weeks must do the urine pregnancy test and results to be negative during the
             screening period;

         10. Subjects should have stable and reliable caregivers, or have frequent contact with
             caregivers (at least 4 days per week, at least 2 hours per day), caregivers will help
             patients to participate in the study. Caregivers must accompany the subjects in the
             study visit to provide valuable information for the NPI, ADCS-ADL and CIBIC-plus
             scales assessments;

         11. Subjects have at least primary school education level, and have the ability to
             complete the determination of cognitive ability assessments and other tests;

         12. The participants and legal guardian must sign informed consent.

        Exclusion Criteria:

          1. Brain MRI examination showed significant focal lesions, moderate-to-severe white
             matter lesions, and key parts lacunar infarction such as the thalamus, hippocampus,
             entorhinal cortex, cortical and subcortical gray matter nuclei;

          2. Other type of dementia except AD;

          3. Suffered from nervous system diseases (including stroke, optic myelopathy, Parkinson's
             disease, epilepsy, etc);

          4. Psychotic patients, according to the DSM-5 criteria, include schizophrenia or other
             psychiatry disorders, bipolar disorder, major depression disorder, or delirium;

          5. Abnormal laboratory test results: HBsAg and HBeAg and/or HbcAb positive and active
             stage of hepatitis B, liver function (ALT, AST) more than 1.2 times of the upper limit
             of the normal range, Cr exceeds the upper limit of normal, white blood cell count less
             than 4 x 109/L or platelet less than 100 x 109/L, hemoglobin less than 100g/L, blood
             glucose concentration of diabetic subjects (random) is more than 13.9mmol/L;

          6. Systolic pressure was more than 160mmHg or less than 90mmHg, diastolic blood pressure
             was more than 100mmHg or less than 60mmHg;

          7. With unstable or serious heart, lung, liver, kidney and hematopoietic system diseases
             (including unstable angina, myocardial infarction, uncontrolled asthma, gastric
             cancer, et al), or resting heart rate after 10 minutes of rest was less than 60 BPM,
             or QTc (QTc B (Bazett's correction value) or QTc F (Fridericia's correction value))
             was equal or greater than 450msec, or with bundle branch block, the QTc B or QTc F was
             equal or greater than 480msec, or the researchers estimate there were abnormal EKG
             results which cannot be randomized to the study;

          8. There was uncorrected of visual and auditory disturbances, and neuropsychological
             tests and scale assessments cannot be completed by the subject;

          9. Subject was currently using Alzheimer's disease drugs and cannot be terminate the
             treatment;

         10. Subjects that cannot take the test drug according to the prescription should be
             excluded;

         11. Alcohol abuse or drug abuse;

         12. Pregnant or lactating women;

         13. Participated in other clinical pharmacological tests within 30 days before screening
             visit;

         14. The researchers believe that the subject was impossible to complete the study;

         15. Participants were employees of the study and immediate family members, employees of
             CRO company or sponsor and their immediate family members.
      </textblock>
    </criteria>
    <gender>All</gender>
    <minimum_age>50 Years</minimum_age>
    <maximum_age>85 Years</maximum_age>
    <healthy_volunteers>No</healthy_volunteers>
  </eligibility>
  <overall_official>
    <last_name>Shifu Xiao, M.D., Ph.D.</last_name>
    <role>Principal Investigator</role>
    <affiliation>Shanghai Mental Health Center</affiliation>
  </overall_official>
  <overall_contact>
    <last_name>Shifu Xiao, M.D., Ph.D.</last_name>
    <phone>+86 21 64387250</phone>
    <phone_ext>73441</phone_ext>
    <email>xiaoshifu@msn.com</email>
  </overall_contact>
  <overall_contact_backup>
    <last_name>Tao Wang, M.D., Ph.D.</last_name>
    <phone>+86 18017311279</phone>
    <email>wtshhwy@163.com</email>
  </overall_contact_backup>
  <location>
    <facility>
      <name>Shanghai Mental Health Center</name>
      <address>
        <city>Shanghai</city>
        <state>Shanghai</state>
        <zip>200030</zip>
        <country>China</country>
      </address>
    </facility>
    <status>Recruiting</status>
    <contact>
      <last_name>Shifu Xiao, M.D., Ph.D.</last_name>
      <phone>+86 21 64387250</phone>
      <phone_ext>73441</phone_ext>
      <email>xiaoshifu@msn.com</email>
    </contact>
    <contact_backup>
      <last_name>Tao Wang, M.D., Ph.D.</last_name>
      <phone>+86 18017311279</phone>
      <email>wtshhwy@163.com</email>
    </contact_backup>
  </location>
  <location_countries>
    <country>China</country>
  </location_countries>
  <verification_date>September 2017</verification_date>
  <!-- Old date names will be dropped in a few months (sometime in 2018)                        -->
  <lastchanged_date>October 8, 2017</lastchanged_date>
  <firstreceived_date>September 12, 2017</firstreceived_date>
  <!-- New date names                                                                           -->
  <study_first_submitted>September 12, 2017</study_first_submitted>
  <study_first_submitted_qc>September 12, 2017</study_first_submitted_qc>
  <study_first_posted type="Actual">September 14, 2017</study_first_posted>
  <last_update_submitted>October 8, 2017</last_update_submitted>
  <last_update_submitted_qc>October 8, 2017</last_update_submitted_qc>
  <last_update_posted type="Actual">October 10, 2017</last_update_posted>
  <!-- End of dates                                                                             -->
  <responsible_party>
    <responsible_party_type>Sponsor</responsible_party_type>
  </responsible_party>
  <condition_browse>
    <!-- CAUTION:  The following MeSH terms are assigned with an imperfect algorithm            -->
    <mesh_term>Alzheimer Disease</mesh_term>
  </condition_browse>
  <intervention_browse>
    <!-- CAUTION:  The following MeSH terms are assigned with an imperfect algorithm            -->
    <mesh_term>Donepezil</mesh_term>
  </intervention_browse>
  <!-- Results have not yet been posted for this study                                          -->
</clinical_study>

