<?xml version="1.0" encoding="UTF-8"?>
<clinical_study rank="110">
  <!-- This xml conforms to an XML Schema at:
    https://clinicaltrials.gov/ct2/html/images/info/public.xsd -->
  <required_header>
    <download_date>ClinicalTrials.gov processed this data on November 07, 2017</download_date>
    <link_text>Link to the current ClinicalTrials.gov record.</link_text>
    <url>https://clinicaltrials.gov/show/NCT00469456</url>
  </required_header>
  <id_info>
    <org_study_id>MEM-MD-71</org_study_id>
    <nct_id>NCT00469456</nct_id>
  </id_info>
  <brief_title>Effect of Memantine on Functional Communication in Patients With Alzheimer's Disease</brief_title>
  <official_title>A Randomized, Double-Blind, Placebo-Controlled Evaluation of the Efficacy of Memantine on Functional Communication in Patients With Alzheimer's Disease (AD)</official_title>
  <sponsors>
    <lead_sponsor>
      <agency>Forest Laboratories</agency>
      <agency_class>Industry</agency_class>
    </lead_sponsor>
  </sponsors>
  <source>Forest Laboratories</source>
  <brief_summary>
    <textblock>
      The objective of this study is to evaluate the effect of memantine versus placebo on
      functional communication in patients with Alzheimer's Disease
    </textblock>
  </brief_summary>
  <overall_status>Completed</overall_status>
  <start_date>April 2007</start_date>
  <completion_date type="Actual">November 2008</completion_date>
  <primary_completion_date type="Actual">November 2008</primary_completion_date>
  <phase>Phase 4</phase>
  <study_type>Interventional</study_type>
  <has_expanded_access>No</has_expanded_access>
  <study_design_info>
    <allocation>Randomized</allocation>
    <intervention_model>Parallel Assignment</intervention_model>
    <primary_purpose>Treatment</primary_purpose>
    <masking>Triple (Participant, Care Provider, Investigator)</masking>
  </study_design_info>
  <primary_outcome>
    <measure>Change From Baseline in Functional Linguistic Communication Inventory (FLCI) at Week 12</measure>
    <time_frame>Baseline to Week 12</time_frame>
  </primary_outcome>
  <secondary_outcome>
    <measure>Change From Baseline in American Speech-Language-Hearing Association Functional Assessment of Communication Skills for Adults (ASHA FACS) [Total Score of Social Communication and Communication of Basic Needs Subscores] at Week 12</measure>
    <time_frame>Baseline to Week 12</time_frame>
  </secondary_outcome>
  <number_of_arms>2</number_of_arms>
  <enrollment type="Actual">265</enrollment>
  <condition>Alzheimer's Disease</condition>
  <arm_group>
    <arm_group_label>1</arm_group_label>
    <arm_group_type>Active Comparator</arm_group_type>
    <description>Memantine 20mg (10mg twice daily) oral administration for 12 weeks</description>
  </arm_group>
  <arm_group>
    <arm_group_label>2</arm_group_label>
    <arm_group_type>Placebo Comparator</arm_group_type>
    <description>Placebo oral administration twice daily for 12 weeks</description>
  </arm_group>
  <intervention>
    <intervention_type>Drug</intervention_type>
    <intervention_name>Memantine</intervention_name>
    <description>Memantine 20mg (10mg twice daily) oral administration for 12 weeks</description>
    <arm_group_label>1</arm_group_label>
    <other_name>Namenda®</other_name>
  </intervention>
  <intervention>
    <intervention_type>Drug</intervention_type>
    <intervention_name>placebo</intervention_name>
    <description>Placebo oral administration twice daily for 12 weeks</description>
    <arm_group_label>2</arm_group_label>
  </intervention>
  <eligibility>
    <criteria>
      <textblock>
        Inclusion Criteria:

          -  Male and female outpatients, 50 years or older, native English speakers, meeting
             National Institute of Neurological and Communicative Disorders and Stroke--Alzheimer's
             Disease and Related Disorders Association (NINCDS-ADRDA) criteria for probable AD with
             a Mini Mental State Examination (MMSE) score of 10 to 19 at Screening and Baseline

        Exclusion Criteria:

          -  Current Diagnostic and Statistical Manual of Mental Disorders--Fourth Edition (DSM-IV)
             Axis I disorder other than AD

          -  Previous imaging results not consistent with the diagnosis of AD

          -  Modified Hachinski Ischemia Score greater than 4

          -  Evidence of other neurologic disorders

          -  Clinically significant systemic disease

          -  A known or suspected history of alcohol or drug abuse in the past 5 years

          -  Taking excluded medication

          -  Previous treatment with commercial memantine
      </textblock>
    </criteria>
    <gender>All</gender>
    <minimum_age>50 Years</minimum_age>
    <maximum_age>N/A</maximum_age>
    <healthy_volunteers>No</healthy_volunteers>
  </eligibility>
  <overall_official>
    <last_name>F C Potocnik</last_name>
    <role>Principal Investigator</role>
  </overall_official>
  <location>
    <facility>
      <name>Forest Investigative Site</name>
      <address>
        <city>East Gosford</city>
        <state>New South Wales</state>
        <zip>2250</zip>
        <country>Australia</country>
      </address>
    </facility>
  </location>
  <location>
    <facility>
      <name>Forest Investigative Site</name>
      <address>
        <city>Hornsby</city>
        <state>New South Wales</state>
        <zip>2077</zip>
        <country>Australia</country>
      </address>
    </facility>
  </location>
  <location>
    <facility>
      <name>Forest Investigative Site</name>
      <address>
        <city>Kogarah</city>
        <state>New South Wales</state>
        <zip>2217</zip>
        <country>Australia</country>
      </address>
    </facility>
  </location>
  <location>
    <facility>
      <name>Forest Investigative Site</name>
      <address>
        <city>Newcastle</city>
        <state>New South Wales</state>
        <zip>2300</zip>
        <country>Australia</country>
      </address>
    </facility>
  </location>
  <location>
    <facility>
      <name>Forest Investigative Site</name>
      <address>
        <city>Randwick</city>
        <state>New South Wales</state>
        <zip>2031</zip>
        <country>Australia</country>
      </address>
    </facility>
  </location>
  <location>
    <facility>
      <name>Forest Investigative Site</name>
      <address>
        <city>Chermside</city>
        <state>Queensland</state>
        <zip>4032</zip>
        <country>Australia</country>
      </address>
    </facility>
  </location>
  <location>
    <facility>
      <name>Forest Investigative Site</name>
      <address>
        <city>Toowoomba</city>
        <state>Queensland</state>
        <zip>4350</zip>
        <country>Australia</country>
      </address>
    </facility>
  </location>
  <location>
    <facility>
      <name>Forest Investigative Site</name>
      <address>
        <city>Adelaide</city>
        <state>South Australia</state>
        <zip>5000</zip>
        <country>Australia</country>
      </address>
    </facility>
  </location>
  <location>
    <facility>
      <name>Forest Investigative Site</name>
      <address>
        <city>Woodville</city>
        <state>South Australia</state>
        <zip>5011</zip>
        <country>Australia</country>
      </address>
    </facility>
  </location>
  <location>
    <facility>
      <name>Forest Investigative Site</name>
      <address>
        <city>Box Hill</city>
        <state>Victoria</state>
        <zip>3182</zip>
        <country>Australia</country>
      </address>
    </facility>
  </location>
  <location>
    <facility>
      <name>Forest Investigative Site</name>
      <address>
        <city>Frankston</city>
        <state>Victoria</state>
        <zip>3199</zip>
        <country>Australia</country>
      </address>
    </facility>
  </location>
  <location>
    <facility>
      <name>Forest Investigative Site</name>
      <address>
        <city>Heidelberg West</city>
        <state>Victoria</state>
        <zip>3081</zip>
        <country>Australia</country>
      </address>
    </facility>
  </location>
  <location>
    <facility>
      <name>Forest Investigative Site</name>
      <address>
        <city>Kew</city>
        <state>Victoria</state>
        <zip>3101</zip>
        <country>Australia</country>
      </address>
    </facility>
  </location>
  <location>
    <facility>
      <name>Forest Investigative Site</name>
      <address>
        <city>Perth</city>
        <state>Western Australia</state>
        <zip>6001</zip>
        <country>Australia</country>
      </address>
    </facility>
  </location>
  <location>
    <facility>
      <name>Forest Investigative Site</name>
      <address>
        <city>Christchurch</city>
        <zip>8022</zip>
        <country>New Zealand</country>
      </address>
    </facility>
  </location>
  <location>
    <facility>
      <name>Forest Investigative Site</name>
      <address>
        <city>North Shore</city>
        <zip>0622</zip>
        <country>New Zealand</country>
      </address>
    </facility>
  </location>
  <location>
    <facility>
      <name>Forest Investigative Site</name>
      <address>
        <city>Timaru</city>
        <zip>8022</zip>
        <country>New Zealand</country>
      </address>
    </facility>
  </location>
  <location>
    <facility>
      <name>Forest Investigative Site</name>
      <address>
        <city>George</city>
        <state>E. Cape</state>
        <zip>6529</zip>
        <country>South Africa</country>
      </address>
    </facility>
  </location>
  <location>
    <facility>
      <name>Forest Investigative Site</name>
      <address>
        <city>Port Elizabeth</city>
        <state>E. Cape</state>
        <zip>6014</zip>
        <country>South Africa</country>
      </address>
    </facility>
  </location>
  <location>
    <facility>
      <name>Forest Investigative Site</name>
      <address>
        <city>Johannesburg</city>
        <state>Gauteng</state>
        <zip>2052</zip>
        <country>South Africa</country>
      </address>
    </facility>
  </location>
  <location>
    <facility>
      <name>Forest Investigative Site</name>
      <address>
        <city>Johannesburg</city>
        <state>Gauteng</state>
        <zip>4001</zip>
        <country>South Africa</country>
      </address>
    </facility>
  </location>
  <location>
    <facility>
      <name>Forest Investigative Site</name>
      <address>
        <city>Pretoria</city>
        <state>Gauteng</state>
        <zip>0182</zip>
        <country>South Africa</country>
      </address>
    </facility>
  </location>
  <location>
    <facility>
      <name>Forest Investigative Site</name>
      <address>
        <city>Durban</city>
        <state>KZ-Natal</state>
        <zip>4001</zip>
        <country>South Africa</country>
      </address>
    </facility>
  </location>
  <location>
    <facility>
      <name>Forest Investigative Site</name>
      <address>
        <city>Cape Town</city>
        <state>W. Cape</state>
        <zip>7500</zip>
        <country>South Africa</country>
      </address>
    </facility>
  </location>
  <location>
    <facility>
      <name>Forest Investigative Site</name>
      <address>
        <city>Cape Town</city>
        <state>W. Cape</state>
        <zip>7530</zip>
        <country>South Africa</country>
      </address>
    </facility>
  </location>
  <location_countries>
    <country>Australia</country>
    <country>New Zealand</country>
    <country>South Africa</country>
  </location_countries>
  <removed_countries>
    <country>United States</country>
  </removed_countries>
  <verification_date>December 2009</verification_date>
  <!-- Old date names will be dropped in a few months (sometime in 2018)                        -->
  <lastchanged_date>December 21, 2009</lastchanged_date>
  <firstreceived_date>May 2, 2007</firstreceived_date>
  <firstreceived_results_date>November 3, 2009</firstreceived_results_date>
  <!-- New date names                                                                           -->
  <study_first_submitted>May 2, 2007</study_first_submitted>
  <study_first_submitted_qc>May 3, 2007</study_first_submitted_qc>
  <study_first_posted type="Estimate">May 4, 2007</study_first_posted>
  <results_first_submitted>November 3, 2009</results_first_submitted>
  <results_first_submitted_qc>November 3, 2009</results_first_submitted_qc>
  <results_first_posted type="Estimate">December 7, 2009</results_first_posted>
  <last_update_submitted>December 21, 2009</last_update_submitted>
  <last_update_submitted_qc>December 21, 2009</last_update_submitted_qc>
  <last_update_posted type="Estimate">December 24, 2009</last_update_posted>
  <!-- End of dates                                                                             -->
  <responsible_party>
    <name_title>Stephen Graham, PhD, Sr. Director</name_title>
    <organization>Forest Research Institute, a division of Forest Laboratories, Inc.</organization>
  </responsible_party>
  <keyword>memantine</keyword>
  <keyword>Alzheimer's Disease</keyword>
  <keyword>communication</keyword>
  <condition_browse>
    <!-- CAUTION:  The following MeSH terms are assigned with an imperfect algorithm            -->
    <mesh_term>Alzheimer Disease</mesh_term>
  </condition_browse>
  <intervention_browse>
    <!-- CAUTION:  The following MeSH terms are assigned with an imperfect algorithm            -->
    <mesh_term>Memantine</mesh_term>
  </intervention_browse>

  <clinical_results>

    <participant_flow>
      <recruitment_details>The recruitment period was from May 24, 2007 to July 29, 2008 at 25 centers in three countries [14 in Australia, 3 in New Zealand, 8 in South Africa].</recruitment_details>
      <pre_assignment_details>Study consisted of up to 2 weeks single-blind placebo treatment followed by 12 weeks double-blind treatment. At end of single-blind placebo treatment, patients (pts) meeting entry criteria were randomized (1:1) to 1 of 2 double-blind treatment groups receiving memantine or placebo. Pts not meeting inclusion/exclusion criteria were not randomized.</pre_assignment_details>
      <group_list>
        <group group_id="P1">
          <title>Placebo</title>
          <description>Matching placebo, oral administration, twice daily for 12 weeks</description>
        </group>
        <group group_id="P2">
          <title>Memantine</title>
          <description>Memantine 20mg (10mg twice daily), oral administration for 12 weeks</description>
        </group>
      </group_list>
      <period_list>
        <period>
          <title>Overall Study</title>
          <milestone_list>
            <milestone>
              <title>STARTED</title>
              <participants_list>
                <participants group_id="P1" count="129">Safety Population defined as all patients who took at least one dose of double-blind study drug</participants>
                <participants group_id="P2" count="135">Safety Population defined as all patients who took at least one dose of double-blind study drug.</participants>
              </participants_list>
            </milestone>
            <milestone>
              <title>COMPLETED</title>
              <participants_list>
                <participants group_id="P1" count="120"/>
                <participants group_id="P2" count="131"/>
              </participants_list>
            </milestone>
            <milestone>
              <title>NOT COMPLETED</title>
              <participants_list>
                <participants group_id="P1" count="9"/>
                <participants group_id="P2" count="4"/>
              </participants_list>
            </milestone>
          </milestone_list>
          <drop_withdraw_reason_list>
            <drop_withdraw_reason>
              <title>Adverse Event</title>
              <participants_list>
                <participants group_id="P1" count="4"/>
                <participants group_id="P2" count="3"/>
              </participants_list>
            </drop_withdraw_reason>
            <drop_withdraw_reason>
              <title>Protocol Violation</title>
              <participants_list>
                <participants group_id="P1" count="1"/>
                <participants group_id="P2" count="0"/>
              </participants_list>
            </drop_withdraw_reason>
            <drop_withdraw_reason>
              <title>Withdrawal by Subject</title>
              <participants_list>
                <participants group_id="P1" count="4"/>
                <participants group_id="P2" count="1"/>
              </participants_list>
            </drop_withdraw_reason>
          </drop_withdraw_reason_list>
        </period>
      </period_list>
    </participant_flow>

    <baseline>
      <group_list>
        <group group_id="B1">
          <title>Placebo</title>
          <description>Matching placebo, oral administration, twice daily for 12 weeks</description>
        </group>
        <group group_id="B2">
          <title>Memantine</title>
          <description>Memantine 20mg (10mg twice daily), oral administration for 12 weeks</description>
        </group>
        <group group_id="B3">
          <title>Total</title>
          <description>Total of all reporting groups</description>
        </group>
      </group_list>
      <analyzed_list>
        <analyzed>
          <units>Participants</units>
          <scope>Overall</scope>
          <count_list>
            <count group_id="B1" value="129"/>
            <count group_id="B2" value="135"/>
            <count group_id="B3" value="264"/>
          </count_list>
        </analyzed>
      </analyzed_list>
      <measure_list>
        <measure>
          <title>Age, Customized</title>
          <units>participants</units>
          <param>Number</param>
          <class_list>
            <class>
              <title>&lt;=64 years</title>
              <category_list>
                <category>
                  <measurement_list>
                    <measurement group_id="B1" value="19"/>
                    <measurement group_id="B2" value="13"/>
                    <measurement group_id="B3" value="32"/>
                  </measurement_list>
                </category>
              </category_list>
            </class>
            <class>
              <title>65-74 years</title>
              <category_list>
                <category>
                  <measurement_list>
                    <measurement group_id="B1" value="33"/>
                    <measurement group_id="B2" value="51"/>
                    <measurement group_id="B3" value="84"/>
                  </measurement_list>
                </category>
              </category_list>
            </class>
            <class>
              <title>75-84 years</title>
              <category_list>
                <category>
                  <measurement_list>
                    <measurement group_id="B1" value="59"/>
                    <measurement group_id="B2" value="56"/>
                    <measurement group_id="B3" value="115"/>
                  </measurement_list>
                </category>
              </category_list>
            </class>
            <class>
              <title>&gt;=85 years</title>
              <category_list>
                <category>
                  <measurement_list>
                    <measurement group_id="B1" value="18"/>
                    <measurement group_id="B2" value="15"/>
                    <measurement group_id="B3" value="33"/>
                  </measurement_list>
                </category>
              </category_list>
            </class>
          </class_list>
        </measure>
        <measure>
          <title>Age</title>
          <units>years</units>
          <param>Mean</param>
          <dispersion>Standard Deviation</dispersion>
          <class_list>
            <class>
              <category_list>
                <category>
                  <measurement_list>
                    <measurement group_id="B1" value="75.1" spread="8.68"/>
                    <measurement group_id="B2" value="74.8" spread="8.05"/>
                    <measurement group_id="B3" value="74.9" spread="8.35"/>
                  </measurement_list>
                </category>
              </category_list>
            </class>
          </class_list>
        </measure>
        <measure>
          <title>Gender</title>
          <description>One patient was randomized but did not receive study drug.</description>
          <units>participants</units>
          <param>Number</param>
          <class_list>
            <class>
              <title>Female</title>
              <category_list>
                <category>
                  <measurement_list>
                    <measurement group_id="B1" value="74"/>
                    <measurement group_id="B2" value="80"/>
                    <measurement group_id="B3" value="154"/>
                  </measurement_list>
                </category>
              </category_list>
            </class>
            <class>
              <title>Male</title>
              <category_list>
                <category>
                  <measurement_list>
                    <measurement group_id="B1" value="55"/>
                    <measurement group_id="B2" value="55"/>
                    <measurement group_id="B3" value="110"/>
                  </measurement_list>
                </category>
              </category_list>
            </class>
          </class_list>
        </measure>
        <measure>
          <title>Region of Enrollment</title>
          <units>participants</units>
          <param>Number</param>
          <class_list>
            <class>
              <title>Australia</title>
              <category_list>
                <category>
                  <measurement_list>
                    <measurement group_id="B1" value="55"/>
                    <measurement group_id="B2" value="55"/>
                    <measurement group_id="B3" value="110"/>
                  </measurement_list>
                </category>
              </category_list>
            </class>
            <class>
              <title>South Africa</title>
              <category_list>
                <category>
                  <measurement_list>
                    <measurement group_id="B1" value="58"/>
                    <measurement group_id="B2" value="62"/>
                    <measurement group_id="B3" value="120"/>
                  </measurement_list>
                </category>
              </category_list>
            </class>
            <class>
              <title>New Zealand</title>
              <category_list>
                <category>
                  <measurement_list>
                    <measurement group_id="B1" value="16"/>
                    <measurement group_id="B2" value="18"/>
                    <measurement group_id="B3" value="34"/>
                  </measurement_list>
                </category>
              </category_list>
            </class>
          </class_list>
        </measure>
      </measure_list>
    </baseline>

    <outcome_list>
      <outcome>
        <type>Primary</type>
        <title>Change From Baseline in Functional Linguistic Communication Inventory (FLCI) at Week 12</title>
        <description>FLCI is a standardized &amp; validated instrument for evaluating functional communication in pts with moderate-to-severe Alzheimer's that can be used to obtain Baseline information &amp; to track patients' capabilities thereafter. The FLCI evaluates 10 areas: greeting and naming, answering questions, writing, sign comprehension, object-to-picture matching, word reading and comprehension, following commands, pantomime, gesture, and conversation. The FLCI total score ranges from 0 to 87, a higher score denotes better functional communication, and takes approximately 30 minutes to complete.</description>
        <time_frame>Baseline to Week 12</time_frame>
        <population>Primary efficacy analysis was based on the Intent-to-Treat (ITT) Population. The ITT Population will consist of all patients in the Safety Population who had at least one post-Baseline assessment of the primary efficacy parameter, FLCI. The last-observation-carried-forward approach was used to impute missing post-Baseline values.</population>
        <group_list>
          <group group_id="O1">
            <title>Placebo</title>
            <description>Matching placebo, oral administration, twice daily for 12 weeks</description>
          </group>
          <group group_id="O2">
            <title>Memantine</title>
            <description>Memantine 20mg (10mg twice daily), oral administration for 12 weeks</description>
          </group>
        </group_list>
        <measure>
          <title>Change From Baseline in Functional Linguistic Communication Inventory (FLCI) at Week 12</title>
          <description>FLCI is a standardized &amp; validated instrument for evaluating functional communication in pts with moderate-to-severe Alzheimer's that can be used to obtain Baseline information &amp; to track patients' capabilities thereafter. The FLCI evaluates 10 areas: greeting and naming, answering questions, writing, sign comprehension, object-to-picture matching, word reading and comprehension, following commands, pantomime, gesture, and conversation. The FLCI total score ranges from 0 to 87, a higher score denotes better functional communication, and takes approximately 30 minutes to complete.</description>
          <population>Primary efficacy analysis was based on the Intent-to-Treat (ITT) Population. The ITT Population will consist of all patients in the Safety Population who had at least one post-Baseline assessment of the primary efficacy parameter, FLCI. The last-observation-carried-forward approach was used to impute missing post-Baseline values.</population>
          <units>Units on a scale</units>
          <param>Least Squares Mean</param>
          <dispersion>Standard Error</dispersion>
          <analyzed_list>
            <analyzed>
              <units>Participants</units>
              <scope>Measure</scope>
              <count_list>
                <count group_id="O1" value="124"/>
                <count group_id="O2" value="133"/>
              </count_list>
            </analyzed>
          </analyzed_list>
          <class_list>
            <class>
              <category_list>
                <category>
                  <measurement_list>
                    <measurement group_id="O1" value="-0.6" spread="0.59"/>
                    <measurement group_id="O2" value="0.7" spread="0.57"/>
                  </measurement_list>
                </category>
              </category_list>
            </class>
          </class_list>
        </measure>
        <analysis_list>
          <analysis>
            <group_id_list>
              <group_id>O1</group_id>
              <group_id>O2</group_id>
            </group_id_list>
            <groups_desc>The primary efficacy parameter was change from Baseline to Week 12 in FLCI total score. Missing FLCI total scores at Week 12 were imputed using the last-observation-carried-forward (LOCF) approach.</groups_desc>
            <non_inferiority_type>Superiority or Other</non_inferiority_type>
            <p_value>0.070</p_value>
            <method>ANCOVA</method>
            <param_type>Mean Difference (Final Values)</param_type>
            <param_value>1.3</param_value>
            <ci_percent>95</ci_percent>
            <ci_lower_limit>-0.1</ci_lower_limit>
            <ci_upper_limit>2.8</ci_upper_limit>
          </analysis>
        </analysis_list>
      </outcome>
      <outcome>
        <type>Secondary</type>
        <title>Change From Baseline in American Speech-Language-Hearing Association Functional Assessment of Communication Skills for Adults (ASHA FACS) [Total Score of Social Communication and Communication of Basic Needs Subscores] at Week 12</title>
        <description>The ASHA FACS assesses &amp; measures functional communication skills of adults with speech, language, &amp; cognitive communication disorders. The measure, which comprises 43 items and takes approximately 20 minutes to complete, assesses functional communication in four areas: social communication; communication of basic needs; reading, writing, and number concepts; and daily planning. Total score of subdomains [Social Communication and Communication of Basic Needs] ranges from 0-196. A higher score denotes better communication.</description>
        <time_frame>Baseline to Week 12</time_frame>
        <population>The secondary efficacy analysis was based on the ITT Population. The last-observation-carried-forward approach was used to impute missing post-Baseline values.</population>
        <group_list>
          <group group_id="O1">
            <title>Placebo</title>
            <description>Matching placebo, oral administration, twice daily for 12 weeks</description>
          </group>
          <group group_id="O2">
            <title>Memantine</title>
            <description>Memantine 20mg (10mg twice daily), oral administration for 12 weeks</description>
          </group>
        </group_list>
        <measure>
          <title>Change From Baseline in American Speech-Language-Hearing Association Functional Assessment of Communication Skills for Adults (ASHA FACS) [Total Score of Social Communication and Communication of Basic Needs Subscores] at Week 12</title>
          <description>The ASHA FACS assesses &amp; measures functional communication skills of adults with speech, language, &amp; cognitive communication disorders. The measure, which comprises 43 items and takes approximately 20 minutes to complete, assesses functional communication in four areas: social communication; communication of basic needs; reading, writing, and number concepts; and daily planning. Total score of subdomains [Social Communication and Communication of Basic Needs] ranges from 0-196. A higher score denotes better communication.</description>
          <population>The secondary efficacy analysis was based on the ITT Population. The last-observation-carried-forward approach was used to impute missing post-Baseline values.</population>
          <units>Units on a scale</units>
          <param>Least Squares Mean</param>
          <dispersion>Standard Error</dispersion>
          <analyzed_list>
            <analyzed>
              <units>Participants</units>
              <scope>Measure</scope>
              <count_list>
                <count group_id="O1" value="124"/>
                <count group_id="O2" value="133"/>
              </count_list>
            </analyzed>
          </analyzed_list>
          <class_list>
            <class>
              <category_list>
                <category>
                  <measurement_list>
                    <measurement group_id="O1" value="-5.3" spread="2.06"/>
                    <measurement group_id="O2" value="0.5" spread="1.99"/>
                  </measurement_list>
                </category>
              </category_list>
            </class>
          </class_list>
        </measure>
        <analysis_list>
          <analysis>
            <group_id_list>
              <group_id>O1</group_id>
              <group_id>O2</group_id>
            </group_id_list>
            <groups_desc>The secondary efficacy parameter was change from Baseline at Week 12 in the total score of the Social Communication subscale and Communication of Basic Needs subscale of the ASHA FACS. Missing scores at week 12 were imputed using the last-observation-carried-forward (LOCF) approach.</groups_desc>
            <non_inferiority_type>Superiority or Other</non_inferiority_type>
            <p_value>0.022</p_value>
            <method>ANCOVA</method>
            <param_type>Mean Difference (Final Values)</param_type>
            <param_value>5.9</param_value>
            <ci_percent>95</ci_percent>
            <ci_lower_limit>0.9</ci_lower_limit>
            <ci_upper_limit>10.9</ci_upper_limit>
          </analysis>
        </analysis_list>
      </outcome>
    </outcome_list>

    <reported_events>
      <time_frame>Occurring on or after the date of the first dose of double-blind study medication and within 30 days of the date of last dose of double-blind study medication.</time_frame>
      <group_list>
        <group group_id="E1">
          <title>Placebo</title>
          <description>Matching placebo, oral administration, twice daily for 12 weeks</description>
        </group>
        <group group_id="E2">
          <title>Memantine</title>
          <description>Memantine 20mg (10mg twice daily), oral administration for 12 weeks</description>
        </group>
      </group_list>
      <serious_events>
        <default_vocab>MedDRA 10.0</default_vocab>
        <default_assessment>Systematic Assessment</default_assessment>
        <category_list>
          <category>
            <title>Total</title>
            <event_list>
              <event>
                <sub_title>Total, serious adverse events</sub_title>
                <counts group_id="E1" subjects_affected="13" subjects_at_risk="129"/>
                <counts group_id="E2" subjects_affected="4" subjects_at_risk="135"/>
              </event>
            </event_list>
          </category>
          <category>
            <title>Cardiac disorders</title>
            <event_list>
              <event>
                <sub_title>Angina Unstable</sub_title>
                <counts group_id="E1" subjects_affected="0" subjects_at_risk="129"/>
                <counts group_id="E2" subjects_affected="1" subjects_at_risk="135"/>
              </event>
              <event>
                <sub_title>Atrioventricular Block First Degree</sub_title>
                <counts group_id="E1" subjects_affected="1" subjects_at_risk="129"/>
                <counts group_id="E2" subjects_affected="0" subjects_at_risk="135"/>
              </event>
            </event_list>
          </category>
          <category>
            <title>Ear and labyrinth disorders</title>
            <event_list>
              <event>
                <sub_title>Vestibular Disorder</sub_title>
                <counts group_id="E1" subjects_affected="0" subjects_at_risk="129"/>
                <counts group_id="E2" subjects_affected="1" subjects_at_risk="135"/>
              </event>
            </event_list>
          </category>
          <category>
            <title>Gastrointestinal disorders</title>
            <event_list>
              <event>
                <sub_title>Abdominal Pain</sub_title>
                <counts group_id="E1" subjects_affected="0" subjects_at_risk="129"/>
                <counts group_id="E2" subjects_affected="1" subjects_at_risk="135"/>
              </event>
              <event>
                <sub_title>Constipation</sub_title>
                <counts group_id="E1" subjects_affected="1" subjects_at_risk="129"/>
                <counts group_id="E2" subjects_affected="0" subjects_at_risk="135"/>
              </event>
              <event>
                <sub_title>Gastric Ulcer</sub_title>
                <counts group_id="E1" subjects_affected="1" subjects_at_risk="129"/>
                <counts group_id="E2" subjects_affected="0" subjects_at_risk="135"/>
              </event>
              <event>
                <sub_title>Hiatus Hernia</sub_title>
                <counts group_id="E1" subjects_affected="1" subjects_at_risk="129"/>
                <counts group_id="E2" subjects_affected="0" subjects_at_risk="135"/>
              </event>
            </event_list>
          </category>
          <category>
            <title>Hepatobiliary disorders</title>
            <event_list>
              <event>
                <sub_title>Bile Duct Stone</sub_title>
                <counts group_id="E1" subjects_affected="1" subjects_at_risk="129"/>
                <counts group_id="E2" subjects_affected="0" subjects_at_risk="135"/>
              </event>
            </event_list>
          </category>
          <category>
            <title>Infections and infestations</title>
            <event_list>
              <event>
                <sub_title>Urinary Tract Infection</sub_title>
                <counts group_id="E1" subjects_affected="2" subjects_at_risk="129"/>
                <counts group_id="E2" subjects_affected="0" subjects_at_risk="135"/>
              </event>
              <event>
                <sub_title>Gastrointeritis Yersinia</sub_title>
                <counts group_id="E1" subjects_affected="1" subjects_at_risk="129"/>
                <counts group_id="E2" subjects_affected="0" subjects_at_risk="135"/>
              </event>
              <event>
                <sub_title>Pneumonia Aspiration</sub_title>
                <counts group_id="E1" subjects_affected="0" subjects_at_risk="129"/>
                <counts group_id="E2" subjects_affected="1" subjects_at_risk="135"/>
              </event>
              <event>
                <sub_title>Upper Respiratory Tract Infection</sub_title>
                <counts group_id="E1" subjects_affected="1" subjects_at_risk="129"/>
                <counts group_id="E2" subjects_affected="0" subjects_at_risk="135"/>
              </event>
            </event_list>
          </category>
          <category>
            <title>Injury, poisoning and procedural complications</title>
            <event_list>
              <event>
                <sub_title>Fall</sub_title>
                <counts group_id="E1" subjects_affected="1" subjects_at_risk="129"/>
                <counts group_id="E2" subjects_affected="0" subjects_at_risk="135"/>
              </event>
              <event>
                <sub_title>Femur Fracture</sub_title>
                <counts group_id="E1" subjects_affected="1" subjects_at_risk="129"/>
                <counts group_id="E2" subjects_affected="0" subjects_at_risk="135"/>
              </event>
            </event_list>
          </category>
          <category>
            <title>Neoplasms benign, malignant and unspecified (incl cysts and polyps)</title>
            <event_list>
              <event>
                <sub_title>Squamous Cell Carcinoma of Skin</sub_title>
                <counts group_id="E1" subjects_affected="1" subjects_at_risk="129"/>
                <counts group_id="E2" subjects_affected="0" subjects_at_risk="135"/>
              </event>
            </event_list>
          </category>
          <category>
            <title>Nervous system disorders</title>
            <event_list>
              <event>
                <sub_title>Syncope</sub_title>
                <counts group_id="E1" subjects_affected="2" subjects_at_risk="129"/>
                <counts group_id="E2" subjects_affected="0" subjects_at_risk="135"/>
              </event>
              <event>
                <sub_title>Cerebellar Infarction</sub_title>
                <counts group_id="E1" subjects_affected="1" subjects_at_risk="129"/>
                <counts group_id="E2" subjects_affected="0" subjects_at_risk="135"/>
              </event>
            </event_list>
          </category>
        </category_list>
      </serious_events>
      <other_events>
        <frequency_threshold>5</frequency_threshold>
        <default_vocab>MedDRA 10.0</default_vocab>
        <default_assessment>Systematic Assessment</default_assessment>
        <category_list>
          <category>
            <title>Total</title>
            <event_list>
              <event>
                <sub_title>Total, other adverse events</sub_title>
                <counts group_id="E1" subjects_affected="2" subjects_at_risk="129"/>
                <counts group_id="E2" subjects_affected="7" subjects_at_risk="135"/>
              </event>
            </event_list>
          </category>
          <category>
            <title>Nervous system disorders</title>
            <event_list>
              <event>
                <sub_title>Dizziness</sub_title>
                <counts group_id="E1" subjects_affected="2" subjects_at_risk="129"/>
                <counts group_id="E2" subjects_affected="7" subjects_at_risk="135"/>
              </event>
            </event_list>
          </category>
        </category_list>
      </other_events>
    </reported_events>

    <certain_agreements>
      <pi_employee>Principal Investigators are NOT employed by the organization sponsoring the study.</pi_employee>
      <restrictive_agreement>Sponsor can review results communications prior to public release &amp; can embargo communications re: results for 90 days from time submitted to sponsor for review. PI shall not disclose sponsor's confidential info. Upon sponsor's request, PI shall delete any proprietary info &amp; shall not include raw data in pub. On sponsor's request, PI shall delay submission for any pub while sponsor files patent apps. If trial is multi-center, PI agrees that first publication shall be a multi-center pub.</restrictive_agreement>
    </certain_agreements>
    <point_of_contact>
      <name_or_title>Stephen Graham, PhD</name_or_title>
      <organization>Forest Research Institute, a subsidiary of Forest Laboratories Inc.</organization>
      <phone>201-427-8156</phone>
      <email>stephen.graham@frx.com</email>
    </point_of_contact>
  </clinical_results>
</clinical_study>

