<?xml version="1.0" encoding="UTF-8"?>
<clinical_study rank="100">
  <!-- This xml conforms to an XML Schema at:
    https://clinicaltrials.gov/ct2/html/images/info/public.xsd -->
  <required_header>
    <download_date>ClinicalTrials.gov processed this data on November 07, 2017</download_date>
    <link_text>Link to the current ClinicalTrials.gov record.</link_text>
    <url>https://clinicaltrials.gov/show/NCT00702780</url>
  </required_header>
  <id_info>
    <org_study_id>SNUDC001</org_study_id>
    <nct_id>NCT00702780</nct_id>
  </id_info>
  <brief_title>Progression Delaying Effect of Escitalopram in Alzheimer's Disease</brief_title>
  <acronym>ESAD</acronym>
  <official_title>Multi-center, Randomized, Placebo-controlled, Double-blind Clinical Trial of Escitalopram on the Progression Delaying Effect in Alzheimer's Disease</official_title>
  <sponsors>
    <lead_sponsor>
      <agency>Seoul National University Hospital</agency>
      <agency_class>Other</agency_class>
    </lead_sponsor>
    <collaborator>
      <agency>H. Lundbeck A/S</agency>
      <agency_class>Industry</agency_class>
    </collaborator>
  </sponsors>
  <source>Seoul National University Hospital</source>
  <oversight_info>
    <has_dmc>Yes</has_dmc>
  </oversight_info>
  <brief_summary>
    <textblock>
      This study aimed to test whether escitalopram would slow the brain atrophy in patients with
      mild to moderate AD over the 52-week period.
    </textblock>
  </brief_summary>
  <detailed_description>
    <textblock>
      -  Study institutions: Four university hospitals in Korea

        -  Design: Multi-center, randomized, placebo-controlled, double-blind clinical trial

        -  Subjects: 74 probable Alzheimer's disease patients who have been taking donepezil at
           stable dose within 2 months (Escitalopram 37 : Placebo 37)
    </textblock>
  </detailed_description>
  <overall_status>Completed</overall_status>
  <start_date>November 2008</start_date>
  <completion_date type="Actual">September 2011</completion_date>
  <primary_completion_date type="Actual">September 2011</primary_completion_date>
  <phase>N/A</phase>
  <study_type>Interventional</study_type>
  <has_expanded_access>No</has_expanded_access>
  <study_design_info>
    <allocation>Randomized</allocation>
    <intervention_model>Parallel Assignment</intervention_model>
    <primary_purpose>Treatment</primary_purpose>
    <masking>Quadruple (Participant, Care Provider, Investigator, Outcomes Assessor)</masking>
  </study_design_info>
  <primary_outcome>
    <measure>% Change of Hippocampus Volume</measure>
    <time_frame>52 weeks</time_frame>
  </primary_outcome>
  <primary_outcome>
    <measure>% Change of Whole Brain Volume</measure>
    <time_frame>52 weeks</time_frame>
  </primary_outcome>
  <number_of_arms>2</number_of_arms>
  <enrollment type="Actual">74</enrollment>
  <condition>Alzheimer's Disease</condition>
  <arm_group>
    <arm_group_label>Escitalopram</arm_group_label>
    <arm_group_type>Experimental</arm_group_type>
    <description>Escitalopram 20mg tablet by mouth once a day</description>
  </arm_group>
  <arm_group>
    <arm_group_label>Placebo</arm_group_label>
    <arm_group_type>Placebo Comparator</arm_group_type>
    <description>Placebo 20mg tablet by mouth once a day</description>
  </arm_group>
  <intervention>
    <intervention_type>Drug</intervention_type>
    <intervention_name>escitalopram</intervention_name>
    <description>5 mg/day for 2 weeks, 10 mg/day for 2 weeks and 20 mg/day for 48 weeks (maintaining donepezil at the previous stable dose during the whole trial period)</description>
    <arm_group_label>Escitalopram</arm_group_label>
    <other_name>Lexapro</other_name>
  </intervention>
  <intervention>
    <intervention_type>Drug</intervention_type>
    <intervention_name>placebo</intervention_name>
    <description>5mg/day for 2 weeks, 10mg/day for 2 weeks and 20mg/day for 48 weeks (maintaining donepezil at the previous stable dose during the whole trial period)</description>
    <arm_group_label>Placebo</arm_group_label>
  </intervention>
  <eligibility>
    <criteria>
      <textblock>
        Inclusion Criteria:

          -  Age:40~90 years

          -  Education:not illiterate

          -  Clinical Dementia Rating (CDR):0.5~2

          -  Modified Hachinski Ischemic Score (Rosen et al., 1979):less than 4

          -  Dementia according to DSM-IV criteria

          -  Probable Alzheimer's disease according to NINCDS-ADRDA criteria

          -  Current ongoing donepezil medication at stable doses (5 ~ 10 mg/day) for at least 2
             months

        Exclusion criteria:

          -  Evidence of delirium, confusion or altered consciousness

          -  Evidence of Parkinson's disease, stroke, brain tumor and normal pressure hydrocephalus

          -  Evidence of infectious or inflammatory brain disease

          -  Evidence of serious cerebrovascular diseases

          -  Current major depressive disorder or other major psychiatric illnesses

          -  Evidence of serious or unstable medical illnesses which can significantly change
             cognitive state

          -  History of alcohol or other substance dependence

          -  Any antidepressant medications within the previous 4 weeks

          -  Absence of a reliable and cooperative collateral informant

          -  Any conditions which prohibit MRI scan, such as presence of pacemaker or
             cerebrovascular clip, and claustrophobia

          -  Evidence of focal brain lesions on MRI including lacunes and white matter
             hyperintensity lesions of grade 2 or more by Fazeka scale
      </textblock>
    </criteria>
    <gender>All</gender>
    <minimum_age>40 Years</minimum_age>
    <maximum_age>90 Years</maximum_age>
    <healthy_volunteers>No</healthy_volunteers>
  </eligibility>
  <overall_official>
    <last_name>Dong Young Lee, MD, PhD</last_name>
    <role>Principal Investigator</role>
    <affiliation>Dept. of Neuropsychiatry, Seoul National University Hospital &amp; Seoul National University College of Medicine</affiliation>
  </overall_official>
  <overall_official>
    <last_name>Jong Inn Woo, MD, PhD</last_name>
    <role>Principal Investigator</role>
    <affiliation>Dept. of Neuropsychiatry, Seoul National University Hospital &amp; Seoul National University College of Medicine</affiliation>
  </overall_official>
  <location>
    <facility>
      <name>Kangwon National University Hospital</name>
      <address>
        <city>Chuncheon</city>
        <country>Korea, Republic of</country>
      </address>
    </facility>
  </location>
  <location>
    <facility>
      <name>Seoul National University Bundang Hospital</name>
      <address>
        <city>Seongnam</city>
        <country>Korea, Republic of</country>
      </address>
    </facility>
  </location>
  <location>
    <facility>
      <name>Seoul National University Hospital</name>
      <address>
        <city>Seoul</city>
        <zip>110-744</zip>
        <country>Korea, Republic of</country>
      </address>
    </facility>
  </location>
  <location>
    <facility>
      <name>Konkuk University Hospital</name>
      <address>
        <city>Seoul</city>
        <country>Korea, Republic of</country>
      </address>
    </facility>
  </location>
  <location_countries>
    <country>Korea, Republic of</country>
  </location_countries>
  <verification_date>May 2014</verification_date>
  <!-- Old date names will be dropped in a few months (sometime in 2018)                        -->
  <lastchanged_date>May 13, 2014</lastchanged_date>
  <firstreceived_date>June 15, 2008</firstreceived_date>
  <firstreceived_results_date>April 10, 2014</firstreceived_results_date>
  <!-- New date names                                                                           -->
  <study_first_submitted>June 15, 2008</study_first_submitted>
  <study_first_submitted_qc>June 18, 2008</study_first_submitted_qc>
  <study_first_posted type="Estimate">June 20, 2008</study_first_posted>
  <results_first_submitted>April 10, 2014</results_first_submitted>
  <results_first_submitted_qc>May 13, 2014</results_first_submitted_qc>
  <results_first_posted type="Estimate">June 13, 2014</results_first_posted>
  <last_update_submitted>May 13, 2014</last_update_submitted>
  <last_update_submitted_qc>May 13, 2014</last_update_submitted_qc>
  <last_update_posted type="Estimate">June 13, 2014</last_update_posted>
  <!-- End of dates                                                                             -->
  <responsible_party>
    <responsible_party_type>Principal Investigator</responsible_party_type>
    <investigator_affiliation>Seoul National University Hospital</investigator_affiliation>
    <investigator_full_name>Dong Young Lee</investigator_full_name>
    <investigator_title>Professor</investigator_title>
  </responsible_party>
  <keyword>Alzheimer's disease</keyword>
  <keyword>escitalopram</keyword>
  <keyword>MRI</keyword>
  <condition_browse>
    <!-- CAUTION:  The following MeSH terms are assigned with an imperfect algorithm            -->
    <mesh_term>Alzheimer Disease</mesh_term>
  </condition_browse>
  <intervention_browse>
    <!-- CAUTION:  The following MeSH terms are assigned with an imperfect algorithm            -->
    <mesh_term>Citalopram</mesh_term>
    <mesh_term>Dexetimide</mesh_term>
  </intervention_browse>

  <clinical_results>

    <participant_flow>
      <group_list>
        <group group_id="P1">
          <title>Escitalopram</title>
          <description>escitalopram 20mg qd</description>
        </group>
        <group group_id="P2">
          <title>Placebo</title>
          <description>placebo 20mg qd</description>
        </group>
      </group_list>
      <period_list>
        <period>
          <title>Overall Study</title>
          <milestone_list>
            <milestone>
              <title>STARTED</title>
              <participants_list>
                <participants group_id="P1" count="37"/>
                <participants group_id="P2" count="37"/>
              </participants_list>
            </milestone>
            <milestone>
              <title>COMPLETED</title>
              <participants_list>
                <participants group_id="P1" count="28"/>
                <participants group_id="P2" count="29"/>
              </participants_list>
            </milestone>
            <milestone>
              <title>NOT COMPLETED</title>
              <participants_list>
                <participants group_id="P1" count="9"/>
                <participants group_id="P2" count="8"/>
              </participants_list>
            </milestone>
          </milestone_list>
        </period>
      </period_list>
    </participant_flow>

    <baseline>
      <group_list>
        <group group_id="B1">
          <title>Escitalopram</title>
          <description>escitalopram 20mg qd</description>
        </group>
        <group group_id="B2">
          <title>Placebo</title>
          <description>placebo 20mg qd</description>
        </group>
        <group group_id="B3">
          <title>Total</title>
          <description>Total of all reporting groups</description>
        </group>
      </group_list>
      <analyzed_list>
        <analyzed>
          <units>Participants</units>
          <scope>Overall</scope>
          <count_list>
            <count group_id="B1" value="28"/>
            <count group_id="B2" value="29"/>
            <count group_id="B3" value="57"/>
          </count_list>
        </analyzed>
      </analyzed_list>
      <measure_list>
        <measure>
          <title>Age</title>
          <units>years</units>
          <param>Mean</param>
          <dispersion>Standard Deviation</dispersion>
          <class_list>
            <class>
              <category_list>
                <category>
                  <measurement_list>
                    <measurement group_id="B1" value="74.33" spread="7.12"/>
                    <measurement group_id="B2" value="74.82" spread="9.19"/>
                    <measurement group_id="B3" value="74.58" spread="8.17"/>
                  </measurement_list>
                </category>
              </category_list>
            </class>
          </class_list>
        </measure>
        <measure>
          <title>Gender</title>
          <units>participants</units>
          <param>Number</param>
          <class_list>
            <class>
              <title>Female</title>
              <category_list>
                <category>
                  <measurement_list>
                    <measurement group_id="B1" value="15"/>
                    <measurement group_id="B2" value="21"/>
                    <measurement group_id="B3" value="36"/>
                  </measurement_list>
                </category>
              </category_list>
            </class>
            <class>
              <title>Male</title>
              <category_list>
                <category>
                  <measurement_list>
                    <measurement group_id="B1" value="13"/>
                    <measurement group_id="B2" value="8"/>
                    <measurement group_id="B3" value="21"/>
                  </measurement_list>
                </category>
              </category_list>
            </class>
          </class_list>
        </measure>
      </measure_list>
    </baseline>

    <outcome_list>
      <outcome>
        <type>Primary</type>
        <title>% Change of Hippocampus Volume</title>
        <time_frame>52 weeks</time_frame>
        <population>The analysis was performed for per-protocol (PP) population, which included participants who had both baseline and follow-up MRI scan suitable for analysis.</population>
        <group_list>
          <group group_id="O1">
            <title>Escitalopram</title>
            <description>escitalopram 20mg qd</description>
          </group>
          <group group_id="O2">
            <title>Placebo</title>
            <description>placebo 20mg qd</description>
          </group>
        </group_list>
        <measure>
          <title>% Change of Hippocampus Volume</title>
          <population>The analysis was performed for per-protocol (PP) population, which included participants who had both baseline and follow-up MRI scan suitable for analysis.</population>
          <units>percentage of change</units>
          <param>Mean</param>
          <dispersion>Standard Deviation</dispersion>
          <analyzed_list>
            <analyzed>
              <units>Participants</units>
              <scope>Measure</scope>
              <count_list>
                <count group_id="O1" value="28"/>
                <count group_id="O2" value="29"/>
              </count_list>
            </analyzed>
          </analyzed_list>
          <class_list>
            <class>
              <category_list>
                <category>
                  <measurement_list>
                    <measurement group_id="O1" value="-7.63" spread="7.32"/>
                    <measurement group_id="O2" value="-7.28" spread="5.76"/>
                  </measurement_list>
                </category>
              </category_list>
            </class>
          </class_list>
        </measure>
      </outcome>
      <outcome>
        <type>Primary</type>
        <title>% Change of Whole Brain Volume</title>
        <time_frame>52 weeks</time_frame>
        <population>The analysis was performed for per-protocol (PP) population, which included participants who had both baseline and follow-up MRI scan suitable for analysis.</population>
        <group_list>
          <group group_id="O1">
            <title>Escitalopram</title>
            <description>escitalopram 20mg qd</description>
          </group>
          <group group_id="O2">
            <title>Placebo</title>
            <description>placebo 20mg qd</description>
          </group>
        </group_list>
        <measure>
          <title>% Change of Whole Brain Volume</title>
          <population>The analysis was performed for per-protocol (PP) population, which included participants who had both baseline and follow-up MRI scan suitable for analysis.</population>
          <units>percentage of change</units>
          <param>Mean</param>
          <dispersion>Standard Deviation</dispersion>
          <analyzed_list>
            <analyzed>
              <units>Participants</units>
              <scope>Measure</scope>
              <count_list>
                <count group_id="O1" value="28"/>
                <count group_id="O2" value="29"/>
              </count_list>
            </analyzed>
          </analyzed_list>
          <class_list>
            <class>
              <category_list>
                <category>
                  <measurement_list>
                    <measurement group_id="O1" value="-3.27" spread="2.69"/>
                    <measurement group_id="O2" value="-2.30" spread="3.08"/>
                  </measurement_list>
                </category>
              </category_list>
            </class>
          </class_list>
        </measure>
      </outcome>
    </outcome_list>

    <reported_events>
      <time_frame>Baseline, and 2, 4, 8, 16, 28, 40, 52 weeks after baseline.</time_frame>
      <group_list>
        <group group_id="E1">
          <title>Escitalopram</title>
          <description>Escitalopram 20mg qd</description>
        </group>
        <group group_id="E2">
          <title>Placebo</title>
          <description>Placebo 20mg qd</description>
        </group>
      </group_list>
      <serious_events>
        <default_assessment>Systematic Assessment</default_assessment>
        <category_list>
          <category>
            <title>Total</title>
            <event_list>
              <event>
                <sub_title>Total, serious adverse events</sub_title>
                <counts group_id="E1" subjects_affected="2" subjects_at_risk="37"/>
                <counts group_id="E2" subjects_affected="3" subjects_at_risk="37"/>
              </event>
            </event_list>
          </category>
          <category>
            <title>Gastrointestinal disorders</title>
            <event_list>
              <event>
                <sub_title>Vomiting</sub_title>
                <counts group_id="E1" subjects_affected="0" subjects_at_risk="37"/>
                <counts group_id="E2" subjects_affected="1" subjects_at_risk="37"/>
              </event>
            </event_list>
          </category>
          <category>
            <title>Hepatobiliary disorders</title>
            <event_list>
              <event>
                <sub_title>Jaundice</sub_title>
                <counts group_id="E1" subjects_affected="1" subjects_at_risk="37"/>
                <counts group_id="E2" subjects_affected="0" subjects_at_risk="37"/>
              </event>
            </event_list>
          </category>
          <category>
            <title>Respiratory, thoracic and mediastinal disorders</title>
            <event_list>
              <event>
                <sub_title>Pneumonia</sub_title>
                <counts group_id="E1" subjects_affected="0" subjects_at_risk="37"/>
                <counts group_id="E2" subjects_affected="1" subjects_at_risk="37"/>
              </event>
            </event_list>
          </category>
          <category>
            <title>Social circumstances</title>
            <event_list>
              <event>
                <sub_title>Death by traffic accident</sub_title>
                <counts group_id="E1" subjects_affected="1" subjects_at_risk="37"/>
                <counts group_id="E2" subjects_affected="0" subjects_at_risk="37"/>
              </event>
            </event_list>
          </category>
          <category>
            <title>Vascular disorders</title>
            <event_list>
              <event>
                <sub_title>Cerebral hemorrhage</sub_title>
                <counts group_id="E1" subjects_affected="0" subjects_at_risk="37"/>
                <counts group_id="E2" subjects_affected="1" subjects_at_risk="37"/>
              </event>
            </event_list>
          </category>
        </category_list>
      </serious_events>
      <other_events>
        <frequency_threshold>0</frequency_threshold>
        <default_assessment>Systematic Assessment</default_assessment>
        <category_list>
          <category>
            <title>Total</title>
            <event_list>
              <event>
                <sub_title>Total, other adverse events</sub_title>
                <counts group_id="E1" subjects_affected="13" subjects_at_risk="37"/>
                <counts group_id="E2" subjects_affected="7" subjects_at_risk="37"/>
              </event>
            </event_list>
          </category>
          <category>
            <title>Endocrine disorders</title>
            <event_list>
              <event>
                <sub_title>hypoglycemia</sub_title>
                <counts group_id="E1" subjects_affected="1" subjects_at_risk="37"/>
                <counts group_id="E2" subjects_affected="0" subjects_at_risk="37"/>
              </event>
            </event_list>
          </category>
          <category>
            <title>Gastrointestinal disorders</title>
            <event_list>
              <event>
                <sub_title>vomiting</sub_title>
                <counts group_id="E1" subjects_affected="0" subjects_at_risk="37"/>
                <counts group_id="E2" subjects_affected="1" subjects_at_risk="37"/>
              </event>
              <event>
                <sub_title>anorexia</sub_title>
                <counts group_id="E1" subjects_affected="1" subjects_at_risk="37"/>
                <counts group_id="E2" subjects_affected="1" subjects_at_risk="37"/>
              </event>
              <event>
                <sub_title>abdominal pain</sub_title>
                <counts group_id="E1" subjects_affected="0" subjects_at_risk="37"/>
                <counts group_id="E2" subjects_affected="1" subjects_at_risk="37"/>
              </event>
              <event>
                <sub_title>diarrhea</sub_title>
                <counts group_id="E1" subjects_affected="1" subjects_at_risk="37"/>
                <counts group_id="E2" subjects_affected="0" subjects_at_risk="37"/>
              </event>
              <event>
                <sub_title>constipation</sub_title>
                <counts group_id="E1" subjects_affected="0" subjects_at_risk="37"/>
                <counts group_id="E2" subjects_affected="1" subjects_at_risk="37"/>
              </event>
            </event_list>
          </category>
          <category>
            <title>General disorders</title>
            <event_list>
              <event>
                <sub_title>somnolence</sub_title>
                <counts group_id="E1" subjects_affected="1" subjects_at_risk="37"/>
                <counts group_id="E2" subjects_affected="0" subjects_at_risk="37"/>
              </event>
            </event_list>
          </category>
          <category>
            <title>Injury, poisoning and procedural complications</title>
            <event_list>
              <event>
                <sub_title>fall</sub_title>
                <counts group_id="E1" subjects_affected="0" subjects_at_risk="37"/>
                <counts group_id="E2" subjects_affected="1" subjects_at_risk="37"/>
              </event>
            </event_list>
          </category>
          <category>
            <title>Neoplasms benign, malignant and unspecified (incl cysts and polyps)</title>
            <event_list>
              <event>
                <sub_title>cancer</sub_title>
                <counts group_id="E1" subjects_affected="1" subjects_at_risk="37"/>
                <counts group_id="E2" subjects_affected="1" subjects_at_risk="37"/>
              </event>
            </event_list>
          </category>
          <category>
            <title>Nervous system disorders</title>
            <event_list>
              <event>
                <sub_title>dizziness</sub_title>
                <counts group_id="E1" subjects_affected="4" subjects_at_risk="37"/>
                <counts group_id="E2" subjects_affected="0" subjects_at_risk="37"/>
              </event>
              <event>
                <sub_title>tremor</sub_title>
                <counts group_id="E1" subjects_affected="1" subjects_at_risk="37"/>
                <counts group_id="E2" subjects_affected="0" subjects_at_risk="37"/>
              </event>
            </event_list>
          </category>
          <category>
            <title>Psychiatric disorders</title>
            <event_list>
              <event>
                <sub_title>violent behavior</sub_title>
                <counts group_id="E1" subjects_affected="1" subjects_at_risk="37"/>
                <counts group_id="E2" subjects_affected="0" subjects_at_risk="37"/>
              </event>
            </event_list>
          </category>
          <category>
            <title>Renal and urinary disorders</title>
            <event_list>
              <event>
                <sub_title>urinary incontinence</sub_title>
                <counts group_id="E1" subjects_affected="1" subjects_at_risk="37"/>
                <counts group_id="E2" subjects_affected="0" subjects_at_risk="37"/>
              </event>
            </event_list>
          </category>
          <category>
            <title>Respiratory, thoracic and mediastinal disorders</title>
            <event_list>
              <event>
                <sub_title>cough</sub_title>
                <counts group_id="E1" subjects_affected="1" subjects_at_risk="37"/>
                <counts group_id="E2" subjects_affected="0" subjects_at_risk="37"/>
              </event>
              <event>
                <sub_title>bronchitis</sub_title>
                <counts group_id="E1" subjects_affected="0" subjects_at_risk="37"/>
                <counts group_id="E2" subjects_affected="1" subjects_at_risk="37"/>
              </event>
            </event_list>
          </category>
        </category_list>
      </other_events>
    </reported_events>

    <certain_agreements>
      <pi_employee>All Principal Investigators ARE employed by the organization sponsoring the study.</pi_employee>
      <restrictive_agreement>There is NOT an agreement between Principal Investigators and the Sponsor (or its agents) that restricts the PI's rights to discuss or publish trial results after the trial is completed. </restrictive_agreement>
    </certain_agreements>
    <point_of_contact>
      <name_or_title>Young Min Choe</name_or_title>
      <organization>Seoul National University Hospital</organization>
      <phone>82-2-2072-1730</phone>
      <email>howlow44@daum.net</email>
    </point_of_contact>
  </clinical_results>
</clinical_study>

