<?xml version="1.0" encoding="UTF-8"?>
<clinical_study rank="135">
  <!-- This xml conforms to an XML Schema at:
    https://clinicaltrials.gov/ct2/html/images/info/public.xsd -->
  <required_header>
    <download_date>ClinicalTrials.gov processed this data on November 07, 2017</download_date>
    <link_text>Link to the current ClinicalTrials.gov record.</link_text>
    <url>https://clinicaltrials.gov/show/NCT00018473</url>
  </required_header>
  <id_info>
    <org_study_id>EPID-006-98F</org_study_id>
    <nct_id>NCT00018473</nct_id>
  </id_info>
  <brief_title>Gene-Environment Interactions in Alzheimer's Disease</brief_title>
  <official_title>Gene-Environment Interactions in Alzheimer's Disease</official_title>
  <sponsors>
    <lead_sponsor>
      <agency>VA Office of Research and Development</agency>
      <agency_class>U.S. Fed</agency_class>
    </lead_sponsor>
  </sponsors>
  <source>VA Office of Research and Development</source>
  <brief_summary>
    <textblock>
      This study will create Alzheimer 's disease risk profiles for defined combinations of
      genotypes and environmental exposures. This study will carry out a molecular epidemiologic
      study to identify genetic and environmental risks factors using state of the art techniques.
      The following will be done during the course of this study 1) Recruit both Alzheimer's
      patients and cognitively normal aged veterans. 2) Evaluate gene interaction in Alzheimer's
      disease. 3) Evaluate gene-environment interactions on the risk of Alzheimer's disease. These
      procedures should initially address the question as to whether certain genes either
      independently or synergistically modify the risk of Alzheimer's disease. This study will also
      determine whether certain environmental factors (smoking, alcohol consumption etc.) can
      modify the risk of AD and whether this effect is dependent on certain genetic backgrounds.
      This study will provide information that will be useful in designing therapies, develop risk
      factor profiles to be further tested in future studies, designating patients for specific
      therapies based on genetic factors and providing data and genetic material for future
      studies. This study will also provide a cohort of older and well characterized cognitively
      normal veterans for prospective genetic epidemiological studies on aging.
    </textblock>
  </brief_summary>
  <overall_status>Completed</overall_status>
  <start_date>April 1999</start_date>
  <completion_date>March 2004</completion_date>
  <phase>N/A</phase>
  <study_type>Observational</study_type>
  <has_expanded_access>No</has_expanded_access>
  <condition>Alzheimer's Disease</condition>
  <eligibility>
    <criteria>
      <textblock>
        The GRECC located at this hospital represents the leading edge of clinical care focusing on
        the needs of the aging veteran. We will recruit all 100 patients currently hospitalized at
        the Dementia Unit. We will also recruit from the outpatient memory clinic. We will enroll
        400 AD patients total. Since, cases and controls will be ascertained from the same
        population, we also expect the socioeconomic status of individuals in these two groups to
        be the same. In the past year 9600 patients were treated on an outpatient basis. They were
        almost entirely white and male (&gt;90%). The age demographics are 23% between 60-69, 23%
        between 70-79 and 5 % 80 or greater. The outpatients are seen for a wide variety of
        conditions. We plan to enroll 100 patients a year for 4 years (400 total). They will be
        seen once and have the same neuropsychological exams as the AD patients. Control subjects
        will be enrolled if their Mini-Mental score is greater than 24.
      </textblock>
    </criteria>
    <gender>All</gender>
    <minimum_age>N/A</minimum_age>
    <maximum_age>N/A</maximum_age>
    <healthy_volunteers>Accepts Healthy Volunteers</healthy_volunteers>
  </eligibility>
  <location>
    <facility>
      <name>VAMC- Bedford (Station 518)</name>
      <address>
        <city>Bedford</city>
        <state>Massachusetts</state>
        <zip>01730</zip>
        <country>United States</country>
      </address>
    </facility>
  </location>
  <location_countries>
    <country>United States</country>
  </location_countries>
  <verification_date>December 2004</verification_date>
  <!-- Old date names will be dropped in a few months (sometime in 2018)                        -->
  <lastchanged_date>January 20, 2009</lastchanged_date>
  <firstreceived_date>July 3, 2001</firstreceived_date>
  <!-- New date names                                                                           -->
  <study_first_submitted>July 3, 2001</study_first_submitted>
  <study_first_submitted_qc>July 4, 2001</study_first_submitted_qc>
  <study_first_posted type="Estimate">July 5, 2001</study_first_posted>
  <last_update_submitted>January 20, 2009</last_update_submitted>
  <last_update_submitted_qc>January 20, 2009</last_update_submitted_qc>
  <last_update_posted type="Estimate">January 21, 2009</last_update_posted>
  <!-- End of dates                                                                             -->
  <keyword>Risk Factors</keyword>
  <keyword>Genes</keyword>
  <keyword>Epidemiology</keyword>
  <keyword>Apolipoproteins E</keyword>
  <keyword>Alzheimer's Disease</keyword>
  <condition_browse>
    <!-- CAUTION:  The following MeSH terms are assigned with an imperfect algorithm            -->
    <mesh_term>Alzheimer Disease</mesh_term>
  </condition_browse>
  <!-- Results have not yet been posted for this study                                          -->
</clinical_study>

