<?xml version="1.0" encoding="UTF-8"?>
<clinical_study rank="281">
  <!-- This xml conforms to an XML Schema at:
    https://clinicaltrials.gov/ct2/html/images/info/public.xsd -->
  <required_header>
    <download_date>ClinicalTrials.gov processed this data on November 07, 2017</download_date>
    <link_text>Link to the current ClinicalTrials.gov record.</link_text>
    <url>https://clinicaltrials.gov/show/NCT00013923</url>
  </required_header>
  <id_info>
    <org_study_id>IA0027</org_study_id>
    <nct_id>NCT00013923</nct_id>
  </id_info>
  <brief_title>Effectiveness of A Nutritional Brain Metabolic Enhancer for Alzheimer Disease</brief_title>
  <official_title>A Nutritional Brain Metabolic Enhancer for Alzheimer Disease</official_title>
  <sponsors>
    <lead_sponsor>
      <agency>National Institute on Aging (NIA)</agency>
      <agency_class>NIH</agency_class>
    </lead_sponsor>
    <collaborator>
      <agency>Burke Medical Research Institute</agency>
      <agency_class>Other</agency_class>
    </collaborator>
  </sponsors>
  <source>National Institute on Aging (NIA)</source>
  <brief_summary>
    <textblock>
      The purpose of this study is to evaluate the effectiveness of a nutritional supplement that
      has been developed to improve the brain function of a patient with Alzheimer's disease.
    </textblock>
  </brief_summary>
  <detailed_description>
    <textblock>
      The ability of the brain to use its major fuel, the sugar glucose, is reduced in Alzheimer's
      disease. A nutritional supplement has been developed to improve the function of the Alzheimer
      brain by increasing its ability to use sugar effectively. The ingredients of the supplement
      are natural products, and are found in the normal American diet. Results have been
      encouraging in open trials where the patients knew they were taking the active medicine.
      Patients are now being invited to participate in a placebo-controlled trial lasting 3 months,
      followed by a 3-month open label trial where all patients will receive the active
      preparation.

      This is a double-blind, placebo-controlled, parallel-group, 3 month trial followed by a
      3-month open-label period, of a nutritional supplement designed to improve brain metabolism
      and function in patients with Alzheimer's disease (AD). The design of the nutritional
      supplement is based on replicated observations of abnormalities in mitochondria in AD. The
      constituents of the nutritional supplement are components of the normal American diet, and
      are classified by the FDA as GRAS (Generally Regarded As Safe). Results with the supplement
      have been favorable in preliminary, open trials (eg mean improvement in MMSE score of +4.9,
      range +3 to +8, n = 7, P &lt;0.0004).

      During the placebo-controlled portion of the trial, half of the participants will receive the
      active preparation and half a sugar pill. During this first phase, neither the patients nor
      those testing them will know who is taking active medicine and who is taking placebo. The
      active supplement or placebo are taken as 1 tablespoon twice a day, between meals. If
      desired, the supplement or placebo can be stirred into, or washed down with, water, coffee or
      tea without milk or sugar, or the soft drink TAB. Patient visits to the Burke Medical
      Research Institute will be once a month, after the screening and baseline visits.

      The supplement is taken as one tablespoon of a fluid, between meals. Since other sugars or
      citrate can be expected to interfere with the actions of the supplements, food or drinks
      containing sugar or citrate and diet drinks containing citrate are to be avoided for 1 1/2
      hour before and 1 1/2 hour after taking the supplement. No significant adverse events have
      been associated with this supplement. However, standard precautions for patient safety are
      being taken, including medical examination and clinical laboratory tests at screening and at
      the completion of the double-blind and open-label phases.
    </textblock>
  </detailed_description>
  <overall_status>Completed</overall_status>
  <completion_date type="Actual">June 2005</completion_date>
  <primary_completion_date type="Actual">June 2005</primary_completion_date>
  <phase>Phase 2</phase>
  <study_type>Interventional</study_type>
  <has_expanded_access>No</has_expanded_access>
  <study_design_info>
    <allocation>Randomized</allocation>
    <intervention_model>Parallel Assignment</intervention_model>
    <primary_purpose>Treatment</primary_purpose>
    <masking>Double</masking>
  </study_design_info>
  <enrollment>40</enrollment>
  <condition>Alzheimer Disease</condition>
  <intervention>
    <intervention_type>Drug</intervention_type>
    <intervention_name>Nutritional Supplement</intervention_name>
  </intervention>
  <eligibility>
    <criteria>
      <textblock>
        Inclusion criteria include:

          -  A documented diagnosis of Alzheimer's disease;

          -  MMSE score between 10 and 26 inclusive;

          -  A reliable caregiver to ensure compliance.

        Exclusion criteria include:

          -  diabetes, unstable medical illness, myocardial infarction or cancer diagnosed within
             the previous 12 months, or treatment with systemic steroids.

          -  Patients being treated for depression or other psychiatric symptomatology are
             eligible, if their symptoms are under control on a stable dose of medication
      </textblock>
    </criteria>
    <gender>All</gender>
    <minimum_age>50 Years</minimum_age>
    <maximum_age>N/A</maximum_age>
    <healthy_volunteers>No</healthy_volunteers>
  </eligibility>
  <overall_official>
    <last_name>John P Blass, MD, PhD</last_name>
    <role>Principal Investigator</role>
    <affiliation>Burke Medical Research Institute</affiliation>
  </overall_official>
  <location>
    <facility>
      <name>Burke Medical Research Institute</name>
      <address>
        <city>White Plains</city>
        <state>New York</state>
        <zip>10605</zip>
        <country>United States</country>
      </address>
    </facility>
  </location>
  <location_countries>
    <country>United States</country>
  </location_countries>
  <reference>
    <citation>Blass JP. The mitochondrial spiral. An adequate cause of dementia in the Alzheimer's syndrome. Ann N Y Acad Sci. 2000;924:170-83. Review.</citation>
    <PMID>11193795</PMID>
  </reference>
  <reference>
    <citation>Blass JP, Sheu RK, Gibson GE. Inherent abnormalities in energy metabolism in Alzheimer disease. Interaction with cerebrovascular compromise. Ann N Y Acad Sci. 2000 Apr;903:204-21. Review.</citation>
    <PMID>10818509</PMID>
  </reference>
  <reference>
    <citation>Manning CA, Ragozzino ME, Gold PE. Glucose enhancement of memory in patients with probable senile dementia of the Alzheimer's type. Neurobiol Aging. 1993 Nov-Dec;14(6):523-8.</citation>
    <PMID>8295654</PMID>
  </reference>
  <verification_date>August 2003</verification_date>
  <!-- Old date names will be dropped in a few months (sometime in 2018)                        -->
  <lastchanged_date>December 10, 2009</lastchanged_date>
  <firstreceived_date>April 2, 2001</firstreceived_date>
  <!-- New date names                                                                           -->
  <study_first_submitted>April 2, 2001</study_first_submitted>
  <study_first_submitted_qc>April 2, 2001</study_first_submitted_qc>
  <study_first_posted type="Estimate">April 3, 2001</study_first_posted>
  <last_update_submitted>December 10, 2009</last_update_submitted>
  <last_update_submitted_qc>December 10, 2009</last_update_submitted_qc>
  <last_update_posted type="Estimate">December 11, 2009</last_update_posted>
  <!-- End of dates                                                                             -->
  <keyword>Nutritional Supplement</keyword>
  <condition_browse>
    <!-- CAUTION:  The following MeSH terms are assigned with an imperfect algorithm            -->
    <mesh_term>Alzheimer Disease</mesh_term>
  </condition_browse>
  <!-- Results have not yet been posted for this study                                          -->
</clinical_study>

