<?xml version="1.0" encoding="UTF-8"?>
<clinical_study rank="483">
  <!-- This xml conforms to an XML Schema at:
    https://clinicaltrials.gov/ct2/html/images/info/public.xsd -->
  <required_header>
    <download_date>ClinicalTrials.gov processed this data on November 07, 2017</download_date>
    <link_text>Link to the current ClinicalTrials.gov record.</link_text>
    <url>https://clinicaltrials.gov/show/NCT01723826</url>
  </required_header>
  <id_info>
    <org_study_id>GN28525</org_study_id>
    <secondary_id>2012-003242-33</secondary_id>
    <nct_id>NCT01723826</nct_id>
  </id_info>
  <brief_title>A Long-Term Safety Extension of Studies ABE4869g and ABE4955g in Participants With Mild to Moderate Alzheimer's Disease Treated With Crenezumab</brief_title>
  <official_title>A Multicenter, Open-Label, Long-Term Safety Extension of Phase II Studies ABE4869g and ABE4955g in Patients With Mild to Moderate Alzheimer's Disease</official_title>
  <sponsors>
    <lead_sponsor>
      <agency>Genentech, Inc.</agency>
      <agency_class>Industry</agency_class>
    </lead_sponsor>
  </sponsors>
  <source>Genentech, Inc.</source>
  <oversight_info>
    <is_fda_regulated_drug>Yes</is_fda_regulated_drug>
    <is_fda_regulated_device>No</is_fda_regulated_device>
  </oversight_info>
  <brief_summary>
    <textblock>
      This Phase II, open-label extension (OLE), multicenter study will evaluate the long-term
      safety and tolerability of crenezumab in participants with mild to moderate Alzheimer's
      disease who have participated in and completed the treatment period of the Phase II Study
      ABE4869g (NCT01343966) or ABE4955g (NCT01397578). Participants who received placebo in Study
      ABE4869g (NCT01343966) or ABE4955g (NCT01397578) will receive crenezumab. Anticipated time on
      study treatment is 144 weeks.
    </textblock>
  </brief_summary>
  <overall_status>Completed</overall_status>
  <start_date type="Actual">December 7, 2012</start_date>
  <completion_date type="Actual">February 8, 2017</completion_date>
  <primary_completion_date type="Actual">February 8, 2017</primary_completion_date>
  <phase>Phase 2</phase>
  <study_type>Interventional</study_type>
  <has_expanded_access>No</has_expanded_access>
  <study_design_info>
    <intervention_model>Single Group Assignment</intervention_model>
    <primary_purpose>Treatment</primary_purpose>
    <masking>None (Open Label)</masking>
  </study_design_info>
  <primary_outcome>
    <measure>Percentage of Participants with Adverse Events</measure>
    <time_frame>Baseline up to 153 weeks</time_frame>
  </primary_outcome>
  <primary_outcome>
    <measure>Percentage of Participants by Nature of Adverse Events</measure>
    <time_frame>Baseline up to 153 weeks</time_frame>
  </primary_outcome>
  <primary_outcome>
    <measure>Percentage of Participants by Severity of Adverse Events</measure>
    <time_frame>Baseline up to 153 weeks</time_frame>
  </primary_outcome>
  <primary_outcome>
    <measure>Percentage of Participants with Human Anti-Therapeutic Antibody (ATA) Formation</measure>
    <time_frame>Baseline up to 153 weeks</time_frame>
  </primary_outcome>
  <primary_outcome>
    <measure>Percentage of Participants with Amyloid-Related Imaging Abnormalities-Edema/Effusions (ARIA-E)</measure>
    <time_frame>Baseline, Weeks 23, 47, 71, 97, 121 and 153</time_frame>
  </primary_outcome>
  <primary_outcome>
    <measure>Percentage of Participants with Amyloid-Related Imaging Abnormalities-Hemorrhage (ARIA-H)</measure>
    <time_frame>Baseline, Weeks 23, 47, 71, 97, 121 and 153</time_frame>
  </primary_outcome>
  <number_of_arms>1</number_of_arms>
  <enrollment type="Actual">360</enrollment>
  <condition>Alzheimer's Disease</condition>
  <arm_group>
    <arm_group_label>Crenezumab</arm_group_label>
    <arm_group_type>Experimental</arm_group_type>
    <description>Participants will receive intravenous infusion of crenezumab every 4 weeks for 144 weeks.</description>
  </arm_group>
  <intervention>
    <intervention_type>Drug</intervention_type>
    <intervention_name>Crenezumab</intervention_name>
    <description>Participants will receive intravenous infusion of crenezumab every 4 weeks for 144 weeks.</description>
    <arm_group_label>Crenezumab</arm_group_label>
    <other_name>RO5490245</other_name>
  </intervention>
  <eligibility>
    <criteria>
      <textblock>
        Inclusion Criteria:

          -  Previous participation in Study ABE4869g or ABE4955g and completion of the Week 73
             visit

          -  Adequate visual and auditory acuity, in the investigator's judgment, to allow for
             neuropsychological testing

          -  Availability of a person (&quot;caregiver&quot;) who can provide information on activities of
             daily living and behavior in order to complete the study-specific assessments

          -  Diagnosis of probable Alzheimer's disease according to the National Institute on
             Neurological and Communication Disease and Stroke/Alzheimer's Disease and Related
             Disorders Association (NINCDS-ADRDA) criteria (McKhann et al. 1984)

          -  Mini-Mental State Examination (MMSE) score of 10 or more at screening (Folstein et al.
             1975)

          -  For male participants with partners with reproductive potential, agreement to use a
             reliable means of contraception (e.g., condoms) during the study and for at least 8
             weeks following the last dose of study drug

          -  For female participants, a negative pregnancy test at screening

        Exclusion Criteria:

          -  Early treatment and/or study discontinuation prior to completion of the Week 73 visit
             of Genentech Study ABE4869g or ABE4955g

          -  Early discontinuation from the treatment schedule of a prior version of Study GN28525
             for safety reasons. If treatment discontinuation occurred for safety reasons,
             participants may not re-start dosing on extended treatment schedules offered in
             amendments to Study GN28525

          -  Inability to tolerate Magnetic Resonance Imaging (MRI) procedures or contraindication
             to MRI

          -  Female participants with reproductive potential: Female participants must either have
             undergone documented surgical sterilization or have not experienced menstruation for
             at least 12 consecutive months

          -  Severe or unstable medical condition that, in the opinion of the investigator or
             Sponsor, would interfere with the participant's ability to complete the study
             assessments or would require the equivalent of institutional or hospital care

          -  History or presence of clinically evident vascular disease potentially affecting the
             brain

          -  History of severe, clinically significant central nervous system trauma

          -  History or presence of clinically relevant intracranial tumor

          -  Presence of infections that affect the brain function or history of infections that
             resulted in neurologic sequelae

          -  History or presence of systemic autoimmune disorders potentially causing progressive
             neurologic disease

          -  History or presence of a neurologic disease other than Alzheimer's disease that may
             affect cognition

          -  History of severe allergic, anaphylactic, or other hypersensitivity reactions to
             chimeric, human, or humanized antibodies or fusion proteins

          -  Evidence of malignancies (except squamous cell cancer or basal cell cancer of the
             skin), acute infections, renal failure that requires dialysis, or other unstable
             medical disease not related to Alzheimer's disease that, in the investigator's
             opinion, would preclude participant's participation. Cancer that is not being actively
             treated with anti-cancer therapy or radiotherapy as well as cancers which are
             considered to have low probability of recurrence are allowed

          -  History or presence of atrial fibrillation that, in the investigator's judgment, poses
             a risk for future stroke

          -  Chronic kidney disease of Stage greater than or equal to (&gt;=) 4, according to the
             National Kidney Foundation Kidney Disease Outcomes Quality Initiative (NKF KDOQI)
             guidelines for chronic kidney disease (CKD)

          -  Impaired hepatic function

          -  Impaired coagulation (activated partial thromboplastin time [aPTT] greater than [&gt;]
             1.2 times upper limit of normal [ULN])

          -  Platelet count less than (&lt;) 100,000 per microliter (mcL)

          -  Presence at screening of superficial siderosis of central nervous system, more than 8
             cerebral microhemorrhages, or evidence of a prior cerebral macrohemorrhage

          -  Presence at screening of any other significant cerebral abnormalities, including
             ARIA-E

          -  Treatment with anticoagulation medications within 2 weeks prior to enrollment.
             Clopidogrel, dipyridamole, and aspirin are permitted

          -  Treatment with anticholinergic antidepressants, typical antipsychotics, or
             barbiturates within 2 weeks prior to enrollment. All other antidepressants and
             atypical antipsychotics are allowed with certain restrictions as defined in the
             protocol

          -  Chronic use of opiates, opioids, or benzodiazepines

          -  Any biologic therapy within 75 weeks prior to enrollment

          -  Any investigational agent (other than crenezumab) within 75 weeks prior to enrollment

          -  Treatment with anticholinergic antidepressants, typical antipsychotics, barbiturates,
             or narcotics within 5 half-lives or 3 months prior to screening, whichever is longer.
             All other antidepressants and atypical antipsychotics are allowed. Chronic use of
             benzodiazepines is not allowed; however, the intermittent use of benzodiazepines is
             allowed, except within 2 days prior to any neurocognitive assessment
      </textblock>
    </criteria>
    <gender>All</gender>
    <minimum_age>50 Years</minimum_age>
    <maximum_age>N/A</maximum_age>
    <healthy_volunteers>No</healthy_volunteers>
  </eligibility>
  <overall_official>
    <last_name>Clinical Trials</last_name>
    <role>Study Director</role>
    <affiliation>Genentech, Inc.</affiliation>
  </overall_official>
  <location>
    <facility>
      <name>Banner Alzheimer's Institute</name>
      <address>
        <city>Phoenix</city>
        <state>Arizona</state>
        <zip>85020</zip>
        <country>United States</country>
      </address>
    </facility>
  </location>
  <location>
    <facility>
      <name>Mayo Clinic</name>
      <address>
        <city>Scottsdale</city>
        <state>Arizona</state>
        <zip>85259</zip>
        <country>United States</country>
      </address>
    </facility>
  </location>
  <location>
    <facility>
      <name>Banner Sun Health Research Insitute</name>
      <address>
        <city>Sun City</city>
        <state>Arizona</state>
        <zip>85351</zip>
        <country>United States</country>
      </address>
    </facility>
  </location>
  <location>
    <facility>
      <name>Pharmacology Research Inst</name>
      <address>
        <city>Encino</city>
        <state>California</state>
        <zip>91316</zip>
        <country>United States</country>
      </address>
    </facility>
  </location>
  <location>
    <facility>
      <name>Margolin Brain Institute</name>
      <address>
        <city>Fresno</city>
        <state>California</state>
        <zip>93720</zip>
        <country>United States</country>
      </address>
    </facility>
  </location>
  <location>
    <facility>
      <name>Univ of CA San Diego; Neurosciences Comp.Alzheimer's</name>
      <address>
        <city>La Jolla</city>
        <state>California</state>
        <zip>92037</zip>
        <country>United States</country>
      </address>
    </facility>
  </location>
  <location>
    <facility>
      <name>USC School of Medicine</name>
      <address>
        <city>Los Angeles</city>
        <state>California</state>
        <zip>90033</zip>
        <country>United States</country>
      </address>
    </facility>
  </location>
  <location>
    <facility>
      <name>University of California Los Angeles (UCLA)</name>
      <address>
        <city>Los Angeles</city>
        <state>California</state>
        <zip>90095</zip>
        <country>United States</country>
      </address>
    </facility>
  </location>
  <location>
    <facility>
      <name>Pharmacology Research Inst</name>
      <address>
        <city>Newport Beach</city>
        <state>California</state>
        <zip>92660</zip>
        <country>United States</country>
      </address>
    </facility>
  </location>
  <location>
    <facility>
      <name>Pacific Neuroscience Med Grp</name>
      <address>
        <city>Oxnard</city>
        <state>California</state>
        <zip>93030</zip>
        <country>United States</country>
      </address>
    </facility>
  </location>
  <location>
    <facility>
      <name>Stanford Univ Medical Center</name>
      <address>
        <city>Palo Alto</city>
        <state>California</state>
        <zip>94304</zip>
        <country>United States</country>
      </address>
    </facility>
  </location>
  <location>
    <facility>
      <name>University of California Davis Medical System</name>
      <address>
        <city>Sacramento</city>
        <state>California</state>
        <zip>95817</zip>
        <country>United States</country>
      </address>
    </facility>
  </location>
  <location>
    <facility>
      <name>Pacific Research Network - PRN</name>
      <address>
        <city>San Diego</city>
        <state>California</state>
        <zip>92103</zip>
        <country>United States</country>
      </address>
    </facility>
  </location>
  <location>
    <facility>
      <name>Uni of California San Francisco</name>
      <address>
        <city>San Francisco</city>
        <state>California</state>
        <zip>94117</zip>
        <country>United States</country>
      </address>
    </facility>
  </location>
  <location>
    <facility>
      <name>Redwood Regional Medical Group</name>
      <address>
        <city>Santa Rosa</city>
        <state>California</state>
        <zip>95403</zip>
        <country>United States</country>
      </address>
    </facility>
  </location>
  <location>
    <facility>
      <name>Yale University</name>
      <address>
        <city>New Haven</city>
        <state>Connecticut</state>
        <zip>06511</zip>
        <country>United States</country>
      </address>
    </facility>
  </location>
  <location>
    <facility>
      <name>Florida Atlantic University; College of Medicine</name>
      <address>
        <city>Boca Raton</city>
        <state>Florida</state>
        <zip>33431</zip>
        <country>United States</country>
      </address>
    </facility>
  </location>
  <location>
    <facility>
      <name>Meridien Research</name>
      <address>
        <city>Brooksville</city>
        <state>Florida</state>
        <zip>34601</zip>
        <country>United States</country>
      </address>
    </facility>
  </location>
  <location>
    <facility>
      <name>Brain Matters Research, Inc.</name>
      <address>
        <city>Delray Beach</city>
        <state>Florida</state>
        <zip>33445</zip>
        <country>United States</country>
      </address>
    </facility>
  </location>
  <location>
    <facility>
      <name>Miami Jewish Health Systems; Clinical Research</name>
      <address>
        <city>Miami</city>
        <state>Florida</state>
        <zip>33137</zip>
        <country>United States</country>
      </address>
    </facility>
  </location>
  <location>
    <facility>
      <name>Collier Neurologic Specialists</name>
      <address>
        <city>Naples</city>
        <state>Florida</state>
        <zip>34102</zip>
        <country>United States</country>
      </address>
    </facility>
  </location>
  <location>
    <facility>
      <name>Compass Research</name>
      <address>
        <city>Orlando</city>
        <state>Florida</state>
        <zip>32806</zip>
        <country>United States</country>
      </address>
    </facility>
  </location>
  <location>
    <facility>
      <name>Axiom Clinical Research of Florida</name>
      <address>
        <city>Tampa</city>
        <state>Florida</state>
        <zip>33609</zip>
        <country>United States</country>
      </address>
    </facility>
  </location>
  <location>
    <facility>
      <name>Premiere Research Institute</name>
      <address>
        <city>West Palm Beach</city>
        <state>Florida</state>
        <zip>33407</zip>
        <country>United States</country>
      </address>
    </facility>
  </location>
  <location>
    <facility>
      <name>Dekalb Neurology Associates</name>
      <address>
        <city>Decatur</city>
        <state>Georgia</state>
        <zip>30033</zip>
        <country>United States</country>
      </address>
    </facility>
  </location>
  <location>
    <facility>
      <name>Rush Alzheimer's Disease Cntr.</name>
      <address>
        <city>Chicago</city>
        <state>Illinois</state>
        <zip>60612</zip>
        <country>United States</country>
      </address>
    </facility>
  </location>
  <location>
    <facility>
      <name>Alexian Brothers Neurosci Inst</name>
      <address>
        <city>Elk Grove Village</city>
        <state>Illinois</state>
        <zip>60007</zip>
        <country>United States</country>
      </address>
    </facility>
  </location>
  <location>
    <facility>
      <name>Indiana Univ School of Med</name>
      <address>
        <city>Indianapolis</city>
        <state>Indiana</state>
        <zip>46202</zip>
        <country>United States</country>
      </address>
    </facility>
  </location>
  <location>
    <facility>
      <name>Louisiana Research Associates</name>
      <address>
        <city>New Orleans</city>
        <state>Louisiana</state>
        <zip>70114</zip>
        <country>United States</country>
      </address>
    </facility>
  </location>
  <location>
    <facility>
      <name>Hattiesburg Clinic</name>
      <address>
        <city>Hattiesburg</city>
        <state>Mississippi</state>
        <zip>39401</zip>
        <country>United States</country>
      </address>
    </facility>
  </location>
  <location>
    <facility>
      <name>Millennium Psychiatric Associates, LLC</name>
      <address>
        <city>Creve Coeur</city>
        <state>Missouri</state>
        <zip>63141</zip>
        <country>United States</country>
      </address>
    </facility>
  </location>
  <location>
    <facility>
      <name>Cleveland Clinic Lou Ruvo; Center for Brain Research</name>
      <address>
        <city>Las Vegas</city>
        <state>Nevada</state>
        <zip>89106</zip>
        <country>United States</country>
      </address>
    </facility>
  </location>
  <location>
    <facility>
      <name>Memory Enhancement Center of America, Inc.</name>
      <address>
        <city>Eatontown</city>
        <state>New Jersey</state>
        <zip>07724</zip>
        <country>United States</country>
      </address>
    </facility>
  </location>
  <location>
    <facility>
      <name>NeuroCognitive Institute</name>
      <address>
        <city>Mount Arlington</city>
        <state>New Jersey</state>
        <zip>07856</zip>
        <country>United States</country>
      </address>
    </facility>
  </location>
  <location>
    <facility>
      <name>Empire Neurology, PC</name>
      <address>
        <city>Latham</city>
        <state>New York</state>
        <zip>12210</zip>
        <country>United States</country>
      </address>
    </facility>
  </location>
  <location>
    <facility>
      <name>Litwin Zucker Research Ctr.; Feinstein Inst. Med. Rsch.</name>
      <address>
        <city>Manhasset</city>
        <state>New York</state>
        <zip>11030</zip>
        <country>United States</country>
      </address>
    </facility>
  </location>
  <location>
    <facility>
      <name>Columbia University Medical Center</name>
      <address>
        <city>New York</city>
        <state>New York</state>
        <zip>10032</zip>
        <country>United States</country>
      </address>
    </facility>
  </location>
  <location>
    <facility>
      <name>University of Rochester Medical Center; Monroe Community Hospital</name>
      <address>
        <city>Rochester</city>
        <state>New York</state>
        <zip>14627</zip>
        <country>United States</country>
      </address>
    </facility>
  </location>
  <location>
    <facility>
      <name>Investigational Drug Service; Univ of Rochester Medical Ctr</name>
      <address>
        <city>Rochester</city>
        <state>New York</state>
        <zip>14642</zip>
        <country>United States</country>
      </address>
    </facility>
  </location>
  <location>
    <facility>
      <name>Raleigh Neurology Associates</name>
      <address>
        <city>Raleigh</city>
        <state>North Carolina</state>
        <zip>27607-6520</zip>
        <country>United States</country>
      </address>
    </facility>
  </location>
  <location>
    <facility>
      <name>Summit Research Network Inc.</name>
      <address>
        <city>Portland</city>
        <state>Oregon</state>
        <zip>97210</zip>
        <country>United States</country>
      </address>
    </facility>
  </location>
  <location>
    <facility>
      <name>The Clinical Trial Center, LLC</name>
      <address>
        <city>Jenkintown</city>
        <state>Pennsylvania</state>
        <zip>19046</zip>
        <country>United States</country>
      </address>
    </facility>
  </location>
  <location>
    <facility>
      <name>Rhode Island Mood &amp; Memory Research Institute</name>
      <address>
        <city>East Providence</city>
        <state>Rhode Island</state>
        <zip>02914</zip>
        <country>United States</country>
      </address>
    </facility>
  </location>
  <location>
    <facility>
      <name>Butler Hospital</name>
      <address>
        <city>Providence</city>
        <state>Rhode Island</state>
        <zip>02906</zip>
        <country>United States</country>
      </address>
    </facility>
  </location>
  <location>
    <facility>
      <name>Medical Uni of South Carolina</name>
      <address>
        <city>North Charleston</city>
        <state>South Carolina</state>
        <zip>29425</zip>
        <country>United States</country>
      </address>
    </facility>
  </location>
  <location>
    <facility>
      <name>Alzheimers Disease &amp; Memory Disorders Center; Department of Neurology Baylor College of Medicine</name>
      <address>
        <city>Houston</city>
        <state>Texas</state>
        <zip>77030</zip>
        <country>United States</country>
      </address>
    </facility>
  </location>
  <location>
    <facility>
      <name>Clinical Neuroscience Research Associates, Inc.</name>
      <address>
        <city>Bennington</city>
        <state>Vermont</state>
        <zip>05201</zip>
        <country>United States</country>
      </address>
    </facility>
  </location>
  <location>
    <facility>
      <name>The Med Arts Health Rsrch Grp</name>
      <address>
        <city>Kelowna</city>
        <state>British Columbia</state>
        <zip>V1Y 3G8</zip>
        <country>Canada</country>
      </address>
    </facility>
  </location>
  <location>
    <facility>
      <name>University of British Columbia Hospital; Division of Neurology</name>
      <address>
        <city>Vancouver</city>
        <state>British Columbia</state>
        <zip>V6T 2B5</zip>
        <country>Canada</country>
      </address>
    </facility>
  </location>
  <location>
    <facility>
      <name>Capitol District Health Authority</name>
      <address>
        <city>Halilfax</city>
        <state>Nova Scotia</state>
        <zip>B3H 2E1</zip>
        <country>Canada</country>
      </address>
    </facility>
  </location>
  <location>
    <facility>
      <name>Jbn Medical Diagnostic Services Inc.</name>
      <address>
        <city>Burlington</city>
        <state>Ontario</state>
        <zip>L7M 4Y1</zip>
        <country>Canada</country>
      </address>
    </facility>
  </location>
  <location>
    <facility>
      <name>Hotel Dieu Hospital</name>
      <address>
        <city>Kingston</city>
        <state>Ontario</state>
        <zip>K7L 2V7</zip>
        <country>Canada</country>
      </address>
    </facility>
  </location>
  <location>
    <facility>
      <name>St. Joseph's HC-Parkwood Hosp</name>
      <address>
        <city>London</city>
        <state>Ontario</state>
        <zip>N6C 5J1</zip>
        <country>Canada</country>
      </address>
    </facility>
  </location>
  <location>
    <facility>
      <name>Bruyere Continuing Care</name>
      <address>
        <city>Ottawa</city>
        <state>Ontario</state>
        <zip>K1N 5C8</zip>
        <country>Canada</country>
      </address>
    </facility>
  </location>
  <location>
    <facility>
      <name>Kawartha Regional Memory Clinic</name>
      <address>
        <city>Peterborough</city>
        <state>Ontario</state>
        <zip>K9H 2P4</zip>
        <country>Canada</country>
      </address>
    </facility>
  </location>
  <location>
    <facility>
      <name>Toronto Memory Program (Neurology Research Inc.)</name>
      <address>
        <city>Toronto</city>
        <state>Ontario</state>
        <zip>M3B 2S7</zip>
        <country>Canada</country>
      </address>
    </facility>
  </location>
  <location>
    <facility>
      <name>Clinique Neuro Rive-Sud</name>
      <address>
        <city>Greenfield Park</city>
        <state>Quebec</state>
        <zip>J4V 2J2</zip>
        <country>Canada</country>
      </address>
    </facility>
  </location>
  <location>
    <facility>
      <name>Hôpital Maisonneuve-Rosemont/Polyclinique;Recherche Clinique</name>
      <address>
        <city>Montreal</city>
        <state>Quebec</state>
        <zip>H1T 2M4</zip>
        <country>Canada</country>
      </address>
    </facility>
  </location>
  <location>
    <facility>
      <name>CHAUQ Hopital Enfant-Jesus</name>
      <address>
        <city>Quebec City</city>
        <state>Quebec</state>
        <zip>G1J 1Z4</zip>
        <country>Canada</country>
      </address>
    </facility>
  </location>
  <location>
    <facility>
      <name>McGill Univeristy; Douglas Mental Health University Institute; Neurological and Psychiatric</name>
      <address>
        <city>Verdun</city>
        <state>Quebec</state>
        <zip>H4H 1R3</zip>
        <country>Canada</country>
      </address>
    </facility>
  </location>
  <location>
    <facility>
      <name>Hopital neurologique Pierre Wertheimer - CHU Lyon; Neurologie</name>
      <address>
        <city>Bron</city>
        <zip>69677</zip>
        <country>France</country>
      </address>
    </facility>
  </location>
  <location>
    <facility>
      <name>CHU de Limoges Hopital Dupuytren; Service de Medecine Geriatrique</name>
      <address>
        <city>Limoges</city>
        <zip>87042</zip>
        <country>France</country>
      </address>
    </facility>
  </location>
  <location>
    <facility>
      <name>Hopital Central; Neurologie</name>
      <address>
        <city>Nancy</city>
        <zip>54035</zip>
        <country>France</country>
      </address>
    </facility>
  </location>
  <location>
    <facility>
      <name>Hopital Nord Laennec</name>
      <address>
        <city>Nantes</city>
        <zip>44093</zip>
        <country>France</country>
      </address>
    </facility>
  </location>
  <location>
    <facility>
      <name>CHU de Rouen Hopital; Service de Neurologie</name>
      <address>
        <city>Rouen</city>
        <zip>76031</zip>
        <country>France</country>
      </address>
    </facility>
  </location>
  <location>
    <facility>
      <name>Hôpital Civil de Strasbourg</name>
      <address>
        <city>Strasbourg</city>
        <zip>67091</zip>
        <country>France</country>
      </address>
    </facility>
  </location>
  <location>
    <facility>
      <name>Univ Berlin; Klin fur Psychi &amp; Psycho Charite</name>
      <address>
        <city>Berlin</city>
        <zip>12203</zip>
        <country>Germany</country>
      </address>
    </facility>
  </location>
  <location>
    <facility>
      <name>Bezirkskrankenhaus Günzburg</name>
      <address>
        <city>Günzburg</city>
        <zip>89312</zip>
        <country>Germany</country>
      </address>
    </facility>
  </location>
  <location>
    <facility>
      <name>Zentralinstitut fuer Seelische Gesundheit</name>
      <address>
        <city>Mannheim</city>
        <zip>68159</zip>
        <country>Germany</country>
      </address>
    </facility>
  </location>
  <location>
    <facility>
      <name>Ludwig-Maximilians-Univ.</name>
      <address>
        <city>Munchen</city>
        <zip>81377</zip>
        <country>Germany</country>
      </address>
    </facility>
  </location>
  <location>
    <facility>
      <name>Klinikum rechts der Isar der Technischen Universität München</name>
      <address>
        <city>Munchen</city>
        <zip>81675</zip>
        <country>Germany</country>
      </address>
    </facility>
  </location>
  <location>
    <facility>
      <name>Universitätsklinik Tübingen; Psychiatrie und Psychotherapie</name>
      <address>
        <city>Tubingen</city>
        <zip>72076</zip>
        <country>Germany</country>
      </address>
    </facility>
  </location>
  <location>
    <facility>
      <name>Fundació ACE</name>
      <address>
        <city>BArcelon</city>
        <state>Barcelona</state>
        <zip>08034</zip>
        <country>Spain</country>
      </address>
    </facility>
  </location>
  <location>
    <facility>
      <name>Hospital General de Catalunya</name>
      <address>
        <city>San Cugat del Valles</city>
        <state>Barcelona</state>
        <zip>08195</zip>
        <country>Spain</country>
      </address>
    </facility>
  </location>
  <location>
    <facility>
      <name>Policlinica Guipuzcoa</name>
      <address>
        <city>San Sebastian</city>
        <state>Guipuzcoa</state>
        <zip>20009</zip>
        <country>Spain</country>
      </address>
    </facility>
  </location>
  <location>
    <facility>
      <name>Hospital de Cruces; Servicio de Neurologia</name>
      <address>
        <city>Barakaldo</city>
        <state>Vizcaya</state>
        <zip>48903</zip>
        <country>Spain</country>
      </address>
    </facility>
  </location>
  <location>
    <facility>
      <name>Complejo Hospitalario Universitario de Albacete</name>
      <address>
        <city>Albacete</city>
        <zip>2006</zip>
        <country>Spain</country>
      </address>
    </facility>
  </location>
  <location>
    <facility>
      <name>Clinica Ruber, 4 planta; Servicio de Neurologia</name>
      <address>
        <city>Madrid</city>
        <zip>28006</zip>
        <country>Spain</country>
      </address>
    </facility>
  </location>
  <location>
    <facility>
      <name>The Rice Centre; Royal United Hospital</name>
      <address>
        <city>Bath</city>
        <zip>BA1 3NG</zip>
        <country>United Kingdom</country>
      </address>
    </facility>
  </location>
  <location>
    <facility>
      <name>West London Research Unit; Brentford Lodge</name>
      <address>
        <city>Brentford</city>
        <zip>TW8 8DS</zip>
        <country>United Kingdom</country>
      </address>
    </facility>
  </location>
  <location>
    <facility>
      <name>Royal Sussex County Hospital, CIRU Level 5</name>
      <address>
        <city>Brighton</city>
        <zip>BN2 5BE</zip>
        <country>United Kingdom</country>
      </address>
    </facility>
  </location>
  <location>
    <facility>
      <name>Glasgow Memory Clinic</name>
      <address>
        <city>Glasgow</city>
        <zip>G20 0XA</zip>
        <country>United Kingdom</country>
      </address>
    </facility>
  </location>
  <location>
    <facility>
      <name>The National Hospital for Neurology &amp; Neurosurgery; Dementia Research Center</name>
      <address>
        <city>London, GT LON</city>
        <zip>WC1N 3BG</zip>
        <country>United Kingdom</country>
      </address>
    </facility>
  </location>
  <location>
    <facility>
      <name>Southampton General Hospital; Pharmacy</name>
      <address>
        <city>Southampton</city>
        <zip>SO16 6YD</zip>
        <country>United Kingdom</country>
      </address>
    </facility>
  </location>
  <location>
    <facility>
      <name>Moorgreen Hospital; Memory Assessment &amp; Rsch Ctr</name>
      <address>
        <city>Southampton</city>
        <zip>SO30 3JB</zip>
        <country>United Kingdom</country>
      </address>
    </facility>
  </location>
  <location>
    <facility>
      <name>Great Western Hosp.; Kingshill Research Ctr</name>
      <address>
        <city>Swindon</city>
        <zip>SN3 6BW</zip>
        <country>United Kingdom</country>
      </address>
    </facility>
  </location>
  <location_countries>
    <country>Canada</country>
    <country>France</country>
    <country>Germany</country>
    <country>Spain</country>
    <country>United Kingdom</country>
    <country>United States</country>
  </location_countries>
  <removed_countries>
    <country>Czech Republic</country>
  </removed_countries>
  <verification_date>July 2017</verification_date>
  <!-- Old date names will be dropped in a few months (sometime in 2018)                        -->
  <lastchanged_date>July 7, 2017</lastchanged_date>
  <firstreceived_date>November 6, 2012</firstreceived_date>
  <!-- New date names                                                                           -->
  <study_first_submitted>November 6, 2012</study_first_submitted>
  <study_first_submitted_qc>November 6, 2012</study_first_submitted_qc>
  <study_first_posted type="Estimate">November 8, 2012</study_first_posted>
  <last_update_submitted>July 7, 2017</last_update_submitted>
  <last_update_submitted_qc>July 7, 2017</last_update_submitted_qc>
  <last_update_posted type="Actual">July 11, 2017</last_update_posted>
  <!-- End of dates                                                                             -->
  <responsible_party>
    <responsible_party_type>Sponsor</responsible_party_type>
  </responsible_party>
  <condition_browse>
    <!-- CAUTION:  The following MeSH terms are assigned with an imperfect algorithm            -->
    <mesh_term>Alzheimer Disease</mesh_term>
  </condition_browse>
  <!-- Results have not yet been posted for this study                                          -->
</clinical_study>

