<?xml version="1.0" encoding="UTF-8"?>
<clinical_study rank="326">
  <!-- This xml conforms to an XML Schema at:
    https://clinicaltrials.gov/ct2/html/images/info/public.xsd -->
  <required_header>
    <download_date>ClinicalTrials.gov processed this data on November 07, 2017</download_date>
    <link_text>Link to the current ClinicalTrials.gov record.</link_text>
    <url>https://clinicaltrials.gov/show/NCT00443417</url>
  </required_header>
  <id_info>
    <org_study_id>SMART_II_2006</org_study_id>
    <nct_id>NCT00443417</nct_id>
  </id_info>
  <brief_title>A Trial of SK-PC-B70M in Mild to Moderate Alzheimer's Disease</brief_title>
  <official_title>Dose Finding Study to Assess the Efficacy and Safety of SK-PC-B70M in Patients With Mild to Moderate Alzheimer's Disease</official_title>
  <sponsors>
    <lead_sponsor>
      <agency>SK Chemicals Co.,Ltd.</agency>
      <agency_class>Industry</agency_class>
    </lead_sponsor>
  </sponsors>
  <source>SK Chemicals Co.,Ltd.</source>
  <brief_summary>
    <textblock>
      The purpose of this study is to find optimistic dose and to evaluate the efficacy and safety
      of SK-PC-B70M in patients with mild to moderate Alzheimer's disease.
    </textblock>
  </brief_summary>
  <overall_status>Completed</overall_status>
  <start_date>April 2007</start_date>
  <completion_date type="Actual">January 2009</completion_date>
  <primary_completion_date type="Actual">January 2009</primary_completion_date>
  <phase>Phase 2</phase>
  <study_type>Interventional</study_type>
  <has_expanded_access>No</has_expanded_access>
  <study_design_info>
    <allocation>Randomized</allocation>
    <intervention_model>Parallel Assignment</intervention_model>
    <primary_purpose>Treatment</primary_purpose>
    <masking>Quadruple (Participant, Care Provider, Investigator, Outcomes Assessor)</masking>
  </study_design_info>
  <primary_outcome>
    <measure>ADAS-cog(Alzheimer's Disease Assessment Scale-Cognitive subscale)</measure>
    <time_frame>30 minutes</time_frame>
  </primary_outcome>
  <secondary_outcome>
    <measure>MMSE(Mini Mental State Examination)</measure>
    <time_frame>10 minutes</time_frame>
  </secondary_outcome>
  <secondary_outcome>
    <measure>CDR-SB(Clinical Dementia Rating Sum of Box)</measure>
    <time_frame>20 minutes</time_frame>
  </secondary_outcome>
  <secondary_outcome>
    <measure>QOL-AD(Quality of Life in Alzheimer's Disease)</measure>
    <time_frame>10 minutes</time_frame>
  </secondary_outcome>
  <secondary_outcome>
    <measure>Delayed Word-Recall Task</measure>
    <time_frame>5 minute</time_frame>
  </secondary_outcome>
  <secondary_outcome>
    <measure>Symbol Digit Modalities Test</measure>
    <time_frame>5 minutes</time_frame>
  </secondary_outcome>
  <secondary_outcome>
    <measure>Digit Backward</measure>
    <time_frame>5 minutes</time_frame>
  </secondary_outcome>
  <secondary_outcome>
    <measure>Maze Task</measure>
    <time_frame>3 minutes</time_frame>
  </secondary_outcome>
  <secondary_outcome>
    <measure>Digit Cancellation Task</measure>
    <time_frame>5 minutes</time_frame>
  </secondary_outcome>
  <secondary_outcome>
    <measure>Verbal Fluency-Categories</measure>
    <time_frame>1 minutes</time_frame>
  </secondary_outcome>
  <secondary_outcome>
    <measure>Concentration / Distractibility</measure>
    <time_frame>1 minutes</time_frame>
  </secondary_outcome>
  <secondary_outcome>
    <measure>GDS</measure>
    <time_frame>10 minutes</time_frame>
  </secondary_outcome>
  <number_of_arms>4</number_of_arms>
  <enrollment type="Anticipated">188</enrollment>
  <condition>Alzheimer's Disease</condition>
  <arm_group>
    <arm_group_label>1</arm_group_label>
    <arm_group_type>Placebo Comparator</arm_group_type>
  </arm_group>
  <arm_group>
    <arm_group_label>2</arm_group_label>
    <arm_group_type>Active Comparator</arm_group_type>
    <description>200mg qd</description>
  </arm_group>
  <arm_group>
    <arm_group_label>3</arm_group_label>
    <arm_group_type>Active Comparator</arm_group_type>
    <description>200mg bid</description>
  </arm_group>
  <arm_group>
    <arm_group_label>4</arm_group_label>
    <arm_group_type>Active Comparator</arm_group_type>
    <description>400mg qd</description>
  </arm_group>
  <intervention>
    <intervention_type>Drug</intervention_type>
    <intervention_name>SK-PC-B70M</intervention_name>
    <description>dosage, frequency</description>
    <arm_group_label>1</arm_group_label>
    <arm_group_label>2</arm_group_label>
    <arm_group_label>3</arm_group_label>
    <arm_group_label>4</arm_group_label>
  </intervention>
  <eligibility>
    <criteria>
      <textblock>
        Inclusion Criteria:

          -  Age range : 50 ~ 85 years

          -  Clinical diagnosis of probable Alzheimer's disease (DSM-IV and NINCDS-ADRDA criteria)

          -  MRI within the last 12 months consistent with a diagnosis of AD

          -  MMSE score 10 to 26

          -  AChEI or memantine was discontinued at least 3 months prior to screening

        Exclusion Criteria:

          -  Patient in mild cognitive impairment (MCI; CDR-SB &lt;2.5)

          -  Other central nervous disease

          -  hypothyroidism, Vitamin B12/ Folic acid deficiency, hypercalcemia, neurosyphilis, AIDS

          -  T.I.A or Major infarction within the last 12 months

          -  Any serious disorder that could limit the ability of the patient to participate in the
             study

          -  COPD or asthma

          -  Any condition which would make the patient or the caregiver, in the opinion of the
             investigator, unsuitable for the study
      </textblock>
    </criteria>
    <gender>All</gender>
    <minimum_age>55 Years</minimum_age>
    <maximum_age>85 Years</maximum_age>
    <healthy_volunteers>No</healthy_volunteers>
  </eligibility>
  <overall_official>
    <last_name>Seol Heui Han, MD, PhD</last_name>
    <role>Principal Investigator</role>
    <affiliation>Konkuk University Hospital</affiliation>
  </overall_official>
  <location>
    <facility>
      <name>SKchemicalsI nvestigational Site</name>
      <address>
        <city>Seoul</city>
        <country>Korea, Republic of</country>
      </address>
    </facility>
  </location>
  <location_countries>
    <country>Korea, Republic of</country>
  </location_countries>
  <verification_date>January 2008</verification_date>
  <!-- Old date names will be dropped in a few months (sometime in 2018)                        -->
  <lastchanged_date>December 8, 2009</lastchanged_date>
  <firstreceived_date>March 5, 2007</firstreceived_date>
  <!-- New date names                                                                           -->
  <study_first_submitted>March 5, 2007</study_first_submitted>
  <study_first_submitted_qc>March 5, 2007</study_first_submitted_qc>
  <study_first_posted type="Estimate">March 6, 2007</study_first_posted>
  <last_update_submitted>December 8, 2009</last_update_submitted>
  <last_update_submitted_qc>December 8, 2009</last_update_submitted_qc>
  <last_update_posted type="Estimate">December 9, 2009</last_update_posted>
  <!-- End of dates                                                                             -->
  <responsible_party>
    <name_title>Clinical research team</name_title>
    <organization>SK Chemicals Co.,Ltd.</organization>
  </responsible_party>
  <condition_browse>
    <!-- CAUTION:  The following MeSH terms are assigned with an imperfect algorithm            -->
    <mesh_term>Alzheimer Disease</mesh_term>
  </condition_browse>
  <!-- Results have not yet been posted for this study                                          -->
</clinical_study>

