<?xml version="1.0" encoding="UTF-8"?>
<clinical_study rank="19">
  <!-- This xml conforms to an XML Schema at:
    https://clinicaltrials.gov/ct2/html/images/info/public.xsd -->
  <required_header>
    <download_date>ClinicalTrials.gov processed this data on November 07, 2017</download_date>
    <link_text>Link to the current ClinicalTrials.gov record.</link_text>
    <url>https://clinicaltrials.gov/show/NCT01715350</url>
  </required_header>
  <id_info>
    <org_study_id>PM012-P2</org_study_id>
    <nct_id>NCT01715350</nct_id>
  </id_info>
  <brief_title>Study to Explore the Optimal Dosage/Administration in Alzheimer's Disease</brief_title>
  <acronym>ADD</acronym>
  <official_title>A Phase 2 Clinical Study to Explore the Optimal Dosage/Administration of PM012 Tablet in Alzheimer's Disease: Double-Blind, Randomized Between Placebo Control Group and Dose Groups, Parallel-Design, Multicenter Study</official_title>
  <sponsors>
    <lead_sponsor>
      <agency>Purimed Co., Ltd.</agency>
      <agency_class>Industry</agency_class>
    </lead_sponsor>
    <collaborator>
      <agency>ADM Korea Inc</agency>
      <agency_class>Industry</agency_class>
    </collaborator>
  </sponsors>
  <source>Purimed Co., Ltd.</source>
  <oversight_info>
    <has_dmc>Yes</has_dmc>
  </oversight_info>
  <brief_summary>
    <textblock>
      The investigators intend to perform exploratory evaluation of the treatment effectiveness and
      safety of PM012 Tablet of PuriMED Co., Ltd. at 2 doses in Korean patients with mild to
      moderate dementia of Alzheimer's type. To achieve this, this study aims to compare each dose
      with placebo control for the efficacy and safety to explore the clinically optimal dose of
      PM012 Tablet for therapeutic confirmatory (phase 3) clinical studies.
    </textblock>
  </brief_summary>
  <detailed_description>
    <textblock>
      1. Period of study

           -48 months from the date of KFDA approval of the protocol

        2. Study subjects

           -Patients with mild to moderate Alzheimer's disease

        3. Study objectives

             1. Primary objective

                  -  To compare the efficacy of 2 doses of PM012 Tablet and placebo based on
                     cognitive effect assessed by ADAS-cog at Week 12 post-dose

             2. Secondary objectives

                  -  To compare the efficacy of 2 doses of PM012 Tablet and placebo based on
                     cognitive effect assessed by ADAS-cog at Week 8 post-dose

                  -  To compare the efficacy of 2 doses of PM012 Tablet and placebo based on
                     overall functional effect assessed by CDR at Weeks 8 and 12 post-dose

                  -  To compare the efficacy of 2 doses of PM012 Tablet and placebo based on
                     activities of daily living assessed by K-IADL at Weeks 8 and 12 post-dose

                  -  To compare the efficacy of 2 doses of PM012 Tablet and placebo based on
                     behavioral changes assessed by NPI at Weeks 8 and 12 post-dose

                  -  To compare the efficacy of 2 doses of PM012 Tablet and placebo based on
                     cognitive effect assessed by K-MMSE at Weeks 8 and 12 post-dose

                  -  To compare the efficacy of 2 doses of PM012 Tablet and placebo based on
                     improvement on VAS assessed by Senile Dementia Pattern Identification
                     Diagnosis System at Weeks 8 and 12 post-dose

        4. Study drug / Comparator

           -650-mg PM012 Tablet by PuriMED Co., Ltd. / Placebo

        5. Dosage/ Administration and Method of administration

             1. Placebo group

                  -  Morning:Placebo 2T, Evening:Placebo 2T

             2. Dose group 1

                  -  Morning:Placebo 1T+Study drug 1T, Evening:Placebo 1T+Study drug 1T

             3. Dose group 2

                  -  Morning:Study drug 2T, Evening:Study drug 2T

             4. Study drug is 650-mg PM012 tablet

             5. The drug will be taken with water within 30 minutes after breakfast and supper.

             6. Even if no meal is taken, dosing will not be omitted and the drug should be taken
                with enough amount of water.

        6. Treatment duration

           -12 weeks

        7. Number of subjects

             1. placebo group

                  -  Efficacy population:42, Drop-out(20%)included:53

             2. Dose group 1

                  -  Efficacy population:42, Drop-out(20%)included:53

             3. Dose group 2

                  -  Efficacy population:42, Drop-out(20%)included:53

             4. Total

                  -  Efficacy population:126, Drop-out(20%)included:159

        8. Study method

             -  This study is designed to be a multicenter, randomized, double-blind, parallel
                placebo group and 2 dose groups, phase 2 clinical study in patients with dementia
                of Alzheimer's type aged ≥ 50 and ≤ 85 years.

             -  Once a subject voluntarily provides the written consent to participate in the
                study, he/she will be randomized only if meeting the inclusion criteria and
                exclusion criteria through screening test. Randomized subjects will receive the
                study drug or the placebo for 12 weeks.
    </textblock>
  </detailed_description>
  <overall_status>Completed</overall_status>
  <start_date>May 2012</start_date>
  <completion_date type="Actual">June 2015</completion_date>
  <primary_completion_date type="Actual">September 2014</primary_completion_date>
  <phase>Phase 2</phase>
  <study_type>Interventional</study_type>
  <has_expanded_access>No</has_expanded_access>
  <study_design_info>
    <allocation>Randomized</allocation>
    <intervention_model>Parallel Assignment</intervention_model>
    <primary_purpose>Treatment</primary_purpose>
    <masking>Quadruple (Participant, Care Provider, Investigator, Outcomes Assessor)</masking>
  </study_design_info>
  <primary_outcome>
    <measure>ADAS-cog</measure>
    <time_frame>Week 12 post-dose</time_frame>
    <description>* To compare the efficacy of 2 doses of PM012 Tablet and placebo based on cognitive effect assessed by ADAS-cog at Week 12 post-dose</description>
  </primary_outcome>
  <secondary_outcome>
    <measure>ADAS-cog</measure>
    <time_frame>Weeks 8 post-dose</time_frame>
    <description>* To compare the efficacy of 2 doses of PM012 Tablet and placebo based on cognitive effect assessed by ADAS-cog at Week 8 post-dose</description>
  </secondary_outcome>
  <secondary_outcome>
    <measure>CDR</measure>
    <time_frame>Weeks 8 and 12 post-dose</time_frame>
    <description>* To compare the efficacy of 2 doses of PM012 Tablet and placebo based on overall functional effect assessed by CDR at Weeks 8 and 12 post-dose</description>
  </secondary_outcome>
  <secondary_outcome>
    <measure>K-IADL</measure>
    <time_frame>Weeks 8 and 12 post-dose</time_frame>
    <description>* To compare the efficacy of 2 doses of PM012 Tablet and placebo based on activities of daily living assessed by K-IADL at Weeks 8 and 12 post-dose</description>
  </secondary_outcome>
  <secondary_outcome>
    <measure>NPI</measure>
    <time_frame>Weeks 8 and 12 post-dose</time_frame>
    <description>* To compare the efficacy of 2 doses of PM012 Tablet and placebo based on behavioral changes assessed by NPI at Weeks 8 and 12 post-dose</description>
  </secondary_outcome>
  <secondary_outcome>
    <measure>K-MMSE</measure>
    <time_frame>Weeks 8 and 12 post-dose</time_frame>
    <description>* To compare the efficacy of 2 doses of PM012 Tablet and placebo based on cognitive effect assessed by K-MMSE at Weeks 8 and 12 post-dose</description>
  </secondary_outcome>
  <secondary_outcome>
    <measure>VAS</measure>
    <time_frame>at Weeks 8 and 12 post-dose</time_frame>
    <description>* To compare the efficacy of 2 doses of PM012 Tablet and placebo based on improvement on VAS assessed by Senile Dementia Pattern Identification Diagnosis System at Weeks 8 and 12 post-dose</description>
  </secondary_outcome>
  <secondary_outcome>
    <measure>AE</measure>
    <time_frame>while the subject is receiving the treatment</time_frame>
    <description>* To compare the safety based on treatment-emergent adverse events, laboratory tests (hematology/blood chemistry, urinalysis), physical examination, vital signs</description>
  </secondary_outcome>
  <number_of_arms>3</number_of_arms>
  <enrollment type="Actual">151</enrollment>
  <condition>Alzheimer's Disease</condition>
  <arm_group>
    <arm_group_label>Placebo group</arm_group_label>
    <arm_group_type>Placebo Comparator</arm_group_type>
    <description>• Drug : Placebo 2 tablet
The drug will be taken with water within 30 minutes after breakfast and supper. Even if no meal is taken, dosing will not be omitted and the drug should be taken with enough amount of water.</description>
  </arm_group>
  <arm_group>
    <arm_group_label>Dose group 1</arm_group_label>
    <arm_group_type>Experimental</arm_group_type>
    <description>Drug : Placebo 1 tablet + Study drug 1 tablet
Study drug(650-mg PM012 tablet)
The drug will be taken with water within 30 minutes after breakfast and supper. Even if no meal is taken, dosing will not be omitted and the drug should be taken with enough amount of water.</description>
  </arm_group>
  <arm_group>
    <arm_group_label>Dose group 2</arm_group_label>
    <arm_group_type>Experimental</arm_group_type>
    <description>Drug : Study drug 2 tablet
Study drug (650-mg PM012 tablet)
The drug will be taken with water within 30 minutes after breakfast and supper. Even if no meal is taken, dosing will not be omitted and the drug should be taken with enough amount of water.</description>
  </arm_group>
  <intervention>
    <intervention_type>Drug</intervention_type>
    <intervention_name>PM012</intervention_name>
    <description>The drug will be taken with water within 30 minutes after breakfast and supper.
650mg/1 tablet, PO, 12weeks</description>
    <arm_group_label>Dose group 1</arm_group_label>
    <arm_group_label>Dose group 2</arm_group_label>
    <other_name>650-mg PM012 tablet</other_name>
  </intervention>
  <intervention>
    <intervention_type>Drug</intervention_type>
    <intervention_name>Placebo</intervention_name>
    <description>The drug will be taken with water within 30 minutes after breakfast and supper.
650mg/1 tablet, PO, 12weeks</description>
    <arm_group_label>Placebo group</arm_group_label>
    <arm_group_label>Dose group 1</arm_group_label>
    <other_name>Placebo (for PM012)</other_name>
  </intervention>
  <eligibility>
    <criteria>
      <textblock>
        Inclusion Criteria:

          -  1)Male and female patients aged ≥ 50 and ≤ 85 years

          -  2)Clinically diagnosed with probable Alzheimer's disease based on DSM-IV and
             NINCDS-ADRDA criteria

          -  3)K-MMSE score of 12~26 at screening visit

          -  4)For females: 2 years of confirmed menopause or surgical sterilization.

          -  5)Able to walk (including the use of aids)

          -  6)Able to perform procedures for cognitive and other tests

          -  7)Residing with a life-long guardian willing to accompany the subject's on all visits,
             oversee his/her compliance with the procedures specified in the protocol and the study
             drug, and report his/her condition.

          -  8)Having signed him/herself or his/her legally acceptable representative having signed
             the written informed consent form

        Exclusion Criteria:

          -  1)Possible, probable, or definite vascular dementia by NINDS-AIREN criteria

          -  2)History and/or evidence (result of CT or MRI performed within the past 12 months or
             at screening) of other CNS disease (cerebrovascular disease, structural or
             developmental anomaly, epilepsy, contagious, degenerative or infectious/demyelinating
             CNS condition) as a cause of dementia

          -  3)Delusion, delirium, epilepsy and other neurological pathology on neurological
             examination

          -  4)Abnormal test result on vitamin B12, syphilis serology, and thyroid stimulating
             hormone (TSH) tests that are thought to contribute to the subject's dementia severity
             or be a cause of dementia

          -  5)History of significant psychiatric disease such as schizophrenia or bipolar
             affective disorder that may interfere with the participation in this study in the
             opinion of the investigator, or current depression (GDS ≥ 18)

          -  6)Past history of known or suspected seizures including febrile convulsion,
             unexplained recent unconsciousness or past history of significant head trauma with
             unconsciousness.

          -  7)Gastrointestinal, endocrine and cardiovascular disease not controlled by diet or
             pharmacologic therapy

          -  8)Cardiac disease such as myocardial infarction or valvular disease of heart,
             arrhythmia within 3 months of the study start

          -  9)Diabetes mellitus not controlled by hypoglycemic agent or insulin-dependent diabetes
             mellitus

          -  10)Past history of alcohol or other drug abuse

          -  11)Having taken acetylcholinesterase inhibitor or memantine within the past 3 months

          -  12)Hypertension with systolic blood pressure of &gt; 165 mmHg or diastolic blood pressure
             of &gt; 96 mmHg

          -  13)Severe renal impairment (serum creatinine ≥ 1.7 mg/dl)

          -  14)Severe hepatic impairment (ALT, AST, or bilirubin ≥ 2.0 x upper limit of normal)

          -  15)Is taking or expected to take disallowed concomitant medication

          -  16)History of clinically significant drug hypersensitivity

          -  17)Is ineligible to participate in this study in the judgment of the investigator
      </textblock>
    </criteria>
    <gender>All</gender>
    <minimum_age>50 Years</minimum_age>
    <maximum_age>85 Years</maximum_age>
    <healthy_volunteers>No</healthy_volunteers>
  </eligibility>
  <overall_official>
    <last_name>Seoung-Hun Cho, M.D.</last_name>
    <role>Principal Investigator</role>
    <affiliation>Kyung Hee University Oriental Medicine Hospital</affiliation>
  </overall_official>
  <overall_official>
    <last_name>Chang-Uk Lee, M.D.</last_name>
    <role>Principal Investigator</role>
    <affiliation>The Catholic University of Korea</affiliation>
  </overall_official>
  <overall_official>
    <last_name>Hyun-Kook Lim, M.D.</last_name>
    <role>Principal Investigator</role>
    <affiliation>Saint Vincent's Hospital, Korea</affiliation>
  </overall_official>
  <overall_official>
    <last_name>Jun-Hong Lee, M.D.</last_name>
    <role>Principal Investigator</role>
    <affiliation>National Health Insurance Service Ilsan Hospital</affiliation>
  </overall_official>
  <location>
    <facility>
      <name>Kyung Hee University Oriental Medicine Hospital</name>
      <address>
        <city>Seoul</city>
        <state>Dongdaemun-gu</state>
        <zip>130-872</zip>
        <country>Korea, Republic of</country>
      </address>
    </facility>
  </location>
  <location>
    <facility>
      <name>National Health Insurance Corporation Ilsan Hospital</name>
      <address>
        <city>Goyang</city>
        <state>Ilsandong-gu</state>
        <zip>410-719</zip>
        <country>Korea, Republic of</country>
      </address>
    </facility>
  </location>
  <location>
    <facility>
      <name>The Catholic University of Korea, St. Vincent's Hospital</name>
      <address>
        <city>Suwon</city>
        <state>Paldal-gu</state>
        <zip>442-72</zip>
        <country>Korea, Republic of</country>
      </address>
    </facility>
  </location>
  <location>
    <facility>
      <name>The Catholic University of Korea, Seoul St. Mary's Hospital</name>
      <address>
        <city>Seoul</city>
        <state>Seocho-gu</state>
        <zip>137-701</zip>
        <country>Korea, Republic of</country>
      </address>
    </facility>
  </location>
  <location_countries>
    <country>Korea, Republic of</country>
  </location_countries>
  <verification_date>April 2016</verification_date>
  <!-- Old date names will be dropped in a few months (sometime in 2018)                        -->
  <lastchanged_date>April 15, 2016</lastchanged_date>
  <firstreceived_date>October 24, 2012</firstreceived_date>
  <!-- New date names                                                                           -->
  <study_first_submitted>October 24, 2012</study_first_submitted>
  <study_first_submitted_qc>October 25, 2012</study_first_submitted_qc>
  <study_first_posted type="Estimate">October 26, 2012</study_first_posted>
  <last_update_submitted>April 15, 2016</last_update_submitted>
  <last_update_submitted_qc>April 15, 2016</last_update_submitted_qc>
  <last_update_posted type="Estimate">April 18, 2016</last_update_posted>
  <!-- End of dates                                                                             -->
  <responsible_party>
    <responsible_party_type>Sponsor</responsible_party_type>
  </responsible_party>
  <keyword>Alzheimer's Disease</keyword>
  <condition_browse>
    <!-- CAUTION:  The following MeSH terms are assigned with an imperfect algorithm            -->
    <mesh_term>Alzheimer Disease</mesh_term>
  </condition_browse>
  <!-- Results have not yet been posted for this study                                          -->
</clinical_study>

