<?xml version="1.0" encoding="UTF-8"?>
<clinical_study rank="80">
  <!-- This xml conforms to an XML Schema at:
    https://clinicaltrials.gov/ct2/html/images/info/public.xsd -->
  <required_header>
    <download_date>ClinicalTrials.gov processed this data on November 07, 2017</download_date>
    <link_text>Link to the current ClinicalTrials.gov record.</link_text>
    <url>https://clinicaltrials.gov/show/NCT00094952</url>
  </required_header>
  <id_info>
    <org_study_id>IA0054</org_study_id>
    <secondary_id>AG022374</secondary_id>
    <nct_id>NCT00094952</nct_id>
  </id_info>
  <brief_title>Biomarkers and Early Alzheimer's Disease</brief_title>
  <official_title>Biomarkers and Early Alzheimer's Disease</official_title>
  <sponsors>
    <lead_sponsor>
      <agency>National Institute on Aging (NIA)</agency>
      <agency_class>NIH</agency_class>
    </lead_sponsor>
  </sponsors>
  <source>National Institute on Aging (NIA)</source>
  <brief_summary>
    <textblock>
      The main goal of this project is to use imaging and biomarkers to identify cognitively normal
      elderly people who are at increased risk for developing mild cognitive impairment (MCI). MCI
      is the earliest clinically detectable evidence for brain changes due to Alzheimer's disease
      (AD). The second goal of this project is to describe the inter-relationships among anatomical
      biomarkers, cerebrospinal fluid biomarkers, and cognition measures in those elderly people
      who develop MCI.
    </textblock>
  </brief_summary>
  <detailed_description>
    <textblock>
      The goal of this project is to use magnetic resonance imaging (MRI) and cerebrospinal fluid
      (CSF) biomarkers to identify cognitively normal participants who show the earliest clinically
      detectable brain changes of Alzheimer's disease (AD).

      The major hypothesis for this study is that CSF P-tau231 measurement improves the accuracy of
      MRI and cerebrospinal fluid (CSF) measurements in predicting mild cognitive impairment (MCI).
      Validation of this hypothesis can lead to improved diagnostic tools for detecting AD as early
      as possible.

      This 5-year longitudinal study will involve a baseline exam and two 18-month followup exams.
      Participants will undergo MRI scans, CSF collection and blood samples, neuropsychological
      performance testing, and medical, neurological and psychiatric assessment. The screening and
      diagnostic evaluations will be carried out by the New York University Alzheimer Disease Core
      Center (ADCC) and the NYU Center for Brain Health.

      This study will enroll a minimum of 80 cognitively normal participants, 60 to 80 years of
      age, with English as their first language, with about 12 years of formal education, and who
      are living in the metropolitan New York City area. All participants will receive baseline and
      follow-up evaluations to rule out confounding medical, neurological, and psychiatric
      conditions that could affect cognition. The study coordinator will maintain 6-month telephone
      contact with all participants and their caregivers who are part of the project.
    </textblock>
  </detailed_description>
  <overall_status>Unknown status</overall_status>
  <last_known_status>Recruiting</last_known_status>
  <start_date>April 2003</start_date>
  <completion_date>March 2008</completion_date>
  <phase>N/A</phase>
  <study_type>Observational</study_type>
  <has_expanded_access>No</has_expanded_access>
  <study_design_info>
    <time_perspective>Prospective</time_perspective>
  </study_design_info>
  <enrollment type="Anticipated">80</enrollment>
  <condition>Alzheimer's Disease</condition>
  <eligibility>
    <criteria>
      <textblock>
        Inclusion Criteria:

          -  Individuals of either sex, with a high school education, and between the ages of 60
             and 80 years living in the New York City metropolitan area.

          -  Minimum of 12 years education.

          -  Participants will be classified as within normal limits on medical, psychiatric and
             neuropsychological examinations (performance that is better than -1.5 sd of the NYU
             norm based WMS-R delayed memory index).

          -  Participants will have a global deterioration scale (GDS)=1 or 2. Those enrolled in
             the High-Risk group will have a GDS=2 and have a score of &gt;25 on the Memory Complaint
             Questionnaire (MCQ). In high risk memory loss cases, an informed family member or
             caregiver will be interviewed to confirm that the participant can perform specific
             tasks.

        Exclusion Criteria:

          -  Past history or MRI evidence of brain damage including significant trauma, stroke,
             hydrocephalus, lacunar infarcts, seizures, mental retardation or serious neurological
             disorder.

          -  Significant history of alcoholism or drug abuse.

          -  History of psychiatric illness (e.g., schizophrenia, mania, Post-Traumatic Stress
             Disorder [PTSD], or depression).

          -  Any focal neurological signs or significant neuropathology.

          -  A score of 4 or greater on the Modified Hachinski Ischemia Scale, indicative of
             cerebrovascular disease.

          -  A total score of 16 or more on the Hamilton Depression Scale to exclude possible cases
             of primary depression.

          -  Evidence of clinically relevant and uncontrolled hypertensive, cardiac, pulmonary,
             vascular, metabolic or hematologic conditions.

          -  Physical impairment of such severity as to adversely affect the validity of
             psychological testing.

          -  Hostility or refusal to cooperate.

          -  Any prosthetic devices (e.g., pacemaker or surgical clips) that could be affected by
             the magnetic field employed during MRI imaging.

          -  History of familial early onset dementia.
      </textblock>
    </criteria>
    <gender>All</gender>
    <minimum_age>60 Years</minimum_age>
    <maximum_age>80 Years</maximum_age>
    <healthy_volunteers>Accepts Healthy Volunteers</healthy_volunteers>
  </eligibility>
  <overall_official>
    <last_name>Mony J. de Leon, Ed.D.</last_name>
    <role>Principal Investigator</role>
    <affiliation>Center for Brain Health, Silberstein Institute</affiliation>
  </overall_official>
  <overall_contact>
    <last_name>Kenneth E. Rich</last_name>
    <phone>212-263-7563</phone>
    <email>kenneth.rich@med.nyu.edu</email>
  </overall_contact>
  <overall_contact_backup>
    <last_name>Anna Hemraj</last_name>
    <phone>212-263-1091</phone>
    <email>dhanmatie.hemraj@nyumc.org</email>
  </overall_contact_backup>
  <location>
    <facility>
      <name>Center for Brain Health, Silberstein Institute, New York University School of Medicine</name>
      <address>
        <city>New York</city>
        <state>New York</state>
        <zip>10016</zip>
        <country>United States</country>
      </address>
    </facility>
    <status>Recruiting</status>
    <contact>
      <last_name>Kenneth E. Rich</last_name>
      <phone>212-263-7563</phone>
      <email>kenneth.rich@med.nyu.edu</email>
    </contact>
    <investigator>
      <last_name>Mony J. de Leon, Ed.D.</last_name>
      <role>Principal Investigator</role>
    </investigator>
  </location>
  <location_countries>
    <country>United States</country>
  </location_countries>
  <link>
    <url>http://aging.med.nyu.edu/</url>
    <description>Silberstein Institute for Aging and Dementia, New York University School of Medicine</description>
  </link>
  <reference>
    <citation>Rusinek H, De Santi S, Frid D, Tsui WH, Tarshish CY, Convit A, de Leon MJ. Regional brain atrophy rate predicts future cognitive decline: 6-year longitudinal MR imaging study of normal aging. Radiology. 2003 Dec;229(3):691-6.</citation>
    <PMID>14657306</PMID>
  </reference>
  <reference>
    <citation>Buerger K, Teipel SJ, Zinkowski R, Blennow K, Arai H, Engel R, Hofmann-Kiefer K, McCulloch C, Ptok U, Heun R, Andreasen N, DeBernardis J, Kerkman D, Moeller H, Davies P, Hampel H. CSF tau protein phosphorylated at threonine 231 correlates with cognitive decline in MCI subjects. Neurology. 2002 Aug 27;59(4):627-9. Erratum in: Neurology. 2004 Sep 28;63(6):1144.</citation>
    <PMID>12196665</PMID>
  </reference>
  <reference>
    <citation>de Leon MJ, Segal S, Tarshish CY, DeSanti S, Zinkowski R, Mehta PD, Convit A, Caraos C, Rusinek H, Tsui W, Saint Louis LA, DeBernardis J, Kerkman D, Qadri F, Gary A, Lesbre P, Wisniewski T, Poirier J, Davies P. Longitudinal cerebrospinal fluid tau load increases in mild cognitive impairment. Neurosci Lett. 2002 Nov 29;333(3):183-6.</citation>
    <PMID>12429378</PMID>
  </reference>
  <verification_date>September 2009</verification_date>
  <!-- Old date names will be dropped in a few months (sometime in 2018)                        -->
  <lastchanged_date>September 16, 2009</lastchanged_date>
  <firstreceived_date>October 28, 2004</firstreceived_date>
  <!-- New date names                                                                           -->
  <study_first_submitted>October 28, 2004</study_first_submitted>
  <study_first_submitted_qc>October 28, 2004</study_first_submitted_qc>
  <study_first_posted type="Estimate">October 29, 2004</study_first_posted>
  <last_update_submitted>September 16, 2009</last_update_submitted>
  <last_update_submitted_qc>September 16, 2009</last_update_submitted_qc>
  <last_update_posted type="Estimate">September 18, 2009</last_update_posted>
  <!-- End of dates                                                                             -->
  <keyword>Mild Cognitive Impairment</keyword>
  <keyword>Alzheimer's disease</keyword>
  <keyword>magnetic resonance imaging</keyword>
  <keyword>cerebrospinal fluid (CSF) biomarkers</keyword>
  <condition_browse>
    <!-- CAUTION:  The following MeSH terms are assigned with an imperfect algorithm            -->
    <mesh_term>Alzheimer Disease</mesh_term>
  </condition_browse>
  <!-- Results have not yet been posted for this study                                          -->
</clinical_study>

