<?xml version="1.0" encoding="UTF-8"?>
<clinical_study rank="462">
  <!-- This xml conforms to an XML Schema at:
    https://clinicaltrials.gov/ct2/html/images/info/public.xsd -->
  <required_header>
    <download_date>ClinicalTrials.gov processed this data on November 07, 2017</download_date>
    <link_text>Link to the current ClinicalTrials.gov record.</link_text>
    <url>https://clinicaltrials.gov/show/NCT00575055</url>
  </required_header>
  <id_info>
    <org_study_id>ELN115727-302</org_study_id>
    <nct_id>NCT00575055</nct_id>
  </id_info>
  <brief_title>Bapineuzumab in Patients With Mild to Moderate Alzheimer's Disease (ApoE4 Carrier)</brief_title>
  <official_title>A Phase 3, Multicenter, Randomized, Double-Blind, Placebo-Controlled, Parallel-Group, Efficacy and Safety Trial of Bapineuzumab (AAB-001, ELN115727) In Patients With Mild to Moderate Alzheimer's Disease Who Are Apolipoprotein E4 Carriers.</official_title>
  <sponsors>
    <lead_sponsor>
      <agency>JANSSEN Alzheimer Immunotherapy Research &amp; Development, LLC</agency>
      <agency_class>Industry</agency_class>
    </lead_sponsor>
    <collaborator>
      <agency>Pfizer</agency>
      <agency_class>Industry</agency_class>
    </collaborator>
  </sponsors>
  <source>JANSSEN Alzheimer Immunotherapy Research &amp; Development, LLC</source>
  <brief_summary>
    <textblock>
      This is a multicenter, double-blind, placebo controlled, randomized, outpatient, multiple
      dose study in male and female patients ages 50 to less than 89 years with mild to moderate
      AD. Approximately 200 study sites in the US and Canada will be involved. Patients will be
      randomized to receive either bapineuzumab or placebo. Each patient's participation will last
      approximately 1.5 years.

      Bapineuzumab is a humanized monoclonal antibody, which binds to and clears beta amyloid
      peptide, and is designed to provide antibodies to beta amyloid directly to the patient.
    </textblock>
  </brief_summary>
  <overall_status>Completed</overall_status>
  <start_date>December 2007</start_date>
  <completion_date type="Actual">April 2012</completion_date>
  <primary_completion_date type="Actual">April 2012</primary_completion_date>
  <phase>Phase 3</phase>
  <study_type>Interventional</study_type>
  <has_expanded_access>No</has_expanded_access>
  <study_design_info>
    <allocation>Randomized</allocation>
    <intervention_model>Parallel Assignment</intervention_model>
    <primary_purpose>Treatment</primary_purpose>
    <masking>Quadruple (Participant, Care Provider, Investigator, Outcomes Assessor)</masking>
  </study_design_info>
  <primary_outcome>
    <measure>Cognitive and Functional</measure>
    <time_frame>18 months</time_frame>
  </primary_outcome>
  <secondary_outcome>
    <measure>Cognitive and Global</measure>
    <time_frame>18 months</time_frame>
  </secondary_outcome>
  <secondary_outcome>
    <measure>Imaging and biochemical biomarkers of disease status</measure>
    <time_frame>18 months</time_frame>
  </secondary_outcome>
  <number_of_arms>3</number_of_arms>
  <enrollment type="Actual">1121</enrollment>
  <condition>Alzheimer's Disease</condition>
  <arm_group>
    <arm_group_label>Bapineuzumab 0.5 mg/kg</arm_group_label>
    <arm_group_type>Experimental</arm_group_type>
    <description>infusion every 13 weeks for a total of 6 infusions</description>
  </arm_group>
  <arm_group>
    <arm_group_label>Placebo Dose</arm_group_label>
    <arm_group_type>Placebo Comparator</arm_group_type>
    <description>infusion every 13 weeks for a total of 6 infusions.</description>
  </arm_group>
  <arm_group>
    <arm_group_label>Bapineuzumab 1.0 m/kg</arm_group_label>
    <arm_group_type>Experimental</arm_group_type>
    <description>infusion every 13 weeks for a total of 6 infusions.</description>
  </arm_group>
  <intervention>
    <intervention_type>Drug</intervention_type>
    <intervention_name>Bapineuzumab 0.5 mg/kg</intervention_name>
    <description>given by infusion every 13 weeks for a total of 6 infusions.</description>
    <arm_group_label>Bapineuzumab 0.5 mg/kg</arm_group_label>
    <other_name>AAB-001</other_name>
  </intervention>
  <intervention>
    <intervention_type>Drug</intervention_type>
    <intervention_name>Placebo Control</intervention_name>
    <description>given by infusion every 13 weeks for a total of 6 infusions.</description>
    <arm_group_label>Placebo Dose</arm_group_label>
  </intervention>
  <intervention>
    <intervention_type>Drug</intervention_type>
    <intervention_name>Bapineuzumab 1.0 m/kg</intervention_name>
    <description>given by infusion every 13 weeks for a total of 6 infusions.</description>
    <arm_group_label>Bapineuzumab 1.0 m/kg</arm_group_label>
    <other_name>AAB-001</other_name>
  </intervention>
  <eligibility>
    <criteria>
      <textblock>
        Inclusion Criteria:

          -  Diagnosis of probable AD

          -  Age from 50 to less than 89

          -  Mini-Mental Status Exam score of 16-26 inclusive

          -  Brain magnetic resonance imaging (MRI) scan consistent with the diagnosis of AD

          -  Stable doses of medications (cholinesterase inhibitors and memantine allowed)

          -  Caregiver able to attend all clinic visits with patient

        Exclusion Criteria:

          -  Significant neurological disease other than AD

          -  Major psychiatric disorder

          -  Significant systemic illness

          -  History of stroke or seizure, autoimmune disease, myocardial infarction within the
             last 2 years

          -  Smoking greater than 20 cigarettes per day

          -  Anticonvulsants, anti-Parkinson's, anticoagulant, or narcotic medications

          -  Prior treatment experimental immunotherapeutics or vaccines for AD

          -  Women of childbearing potential

          -  Presence of pacemakers, CSF shunts, or foreign metal objects in the eyes, skin or body
      </textblock>
    </criteria>
    <gender>All</gender>
    <minimum_age>50 Years</minimum_age>
    <maximum_age>88 Years</maximum_age>
    <healthy_volunteers>No</healthy_volunteers>
  </eligibility>
  <location>
    <facility>
      <name>University of Alabama Hospital (UAB)</name>
      <address>
        <city>Birmingham</city>
        <state>Alabama</state>
        <zip>35205</zip>
        <country>United States</country>
      </address>
    </facility>
  </location>
  <location>
    <facility>
      <name>Dedicated Clinical Research, Inc.</name>
      <address>
        <city>Goodyear</city>
        <state>Arizona</state>
        <zip>85395</zip>
        <country>United States</country>
      </address>
    </facility>
  </location>
  <location>
    <facility>
      <name>Banner Alzheimer's Institute</name>
      <address>
        <city>Phoenix</city>
        <state>Arizona</state>
        <zip>85006</zip>
        <country>United States</country>
      </address>
    </facility>
  </location>
  <location>
    <facility>
      <name>HOPE Research Institute, LLC</name>
      <address>
        <city>Phoenix</city>
        <state>Arizona</state>
        <zip>85050</zip>
        <country>United States</country>
      </address>
    </facility>
  </location>
  <location>
    <facility>
      <name>Banner Research Institute</name>
      <address>
        <city>Sun City</city>
        <state>Arizona</state>
        <zip>85351</zip>
        <country>United States</country>
      </address>
    </facility>
  </location>
  <location>
    <facility>
      <name>University of Arizona College of Medicine, Health Sciences Center</name>
      <address>
        <city>Tucson</city>
        <state>Arizona</state>
        <zip>85724</zip>
        <country>United States</country>
      </address>
    </facility>
  </location>
  <location>
    <facility>
      <name>Northwest NeuroSpecialists, PLLC</name>
      <address>
        <city>Tucson</city>
        <state>Arizona</state>
        <zip>85741</zip>
        <country>United States</country>
      </address>
    </facility>
  </location>
  <location>
    <facility>
      <name>Clinical Trials Inc.</name>
      <address>
        <city>Little Rock</city>
        <state>Arkansas</state>
        <zip>72205</zip>
        <country>United States</country>
      </address>
    </facility>
  </location>
  <location>
    <facility>
      <name>East Bay Physicians Medical Group</name>
      <address>
        <city>Berkeley</city>
        <state>California</state>
        <zip>94705</zip>
        <country>United States</country>
      </address>
    </facility>
  </location>
  <location>
    <facility>
      <name>AVI Clinical Research</name>
      <address>
        <city>Carson</city>
        <state>California</state>
        <zip>90746</zip>
        <country>United States</country>
      </address>
    </facility>
  </location>
  <location>
    <facility>
      <name>ATP Clinical Research, Inc</name>
      <address>
        <city>Costa Mesa</city>
        <state>California</state>
        <zip>92626</zip>
        <country>United States</country>
      </address>
    </facility>
  </location>
  <location>
    <facility>
      <name>Pharmacology Research Institute</name>
      <address>
        <city>Encino</city>
        <state>California</state>
        <zip>91316</zip>
        <country>United States</country>
      </address>
    </facility>
  </location>
  <location>
    <facility>
      <name>Margolin Brain Institute</name>
      <address>
        <city>Fresno</city>
        <state>California</state>
        <zip>93720</zip>
        <country>United States</country>
      </address>
    </facility>
  </location>
  <location>
    <facility>
      <name>Neurology Center of North Orange County</name>
      <address>
        <city>Fullerton</city>
        <state>California</state>
        <zip>92835</zip>
        <country>United States</country>
      </address>
    </facility>
  </location>
  <location>
    <facility>
      <name>Coordinated Clinical Research</name>
      <address>
        <city>La Jolla</city>
        <state>California</state>
        <zip>92037</zip>
        <country>United States</country>
      </address>
    </facility>
  </location>
  <location>
    <facility>
      <name>University of California San Diego</name>
      <address>
        <city>La Jolla</city>
        <state>California</state>
        <zip>92037</zip>
        <country>United States</country>
      </address>
    </facility>
  </location>
  <location>
    <facility>
      <name>Senior Clinical Trials, Inc</name>
      <address>
        <city>Laguna Hills</city>
        <state>California</state>
        <zip>92653</zip>
        <country>United States</country>
      </address>
    </facility>
  </location>
  <location>
    <facility>
      <name>Collaborative NeuroScience Network, Inc.</name>
      <address>
        <city>Long Beach</city>
        <state>California</state>
        <zip>90806</zip>
        <country>United States</country>
      </address>
    </facility>
  </location>
  <location>
    <facility>
      <name>Pharmacology Research Institute</name>
      <address>
        <city>Los Alamitos</city>
        <state>California</state>
        <zip>90720</zip>
        <country>United States</country>
      </address>
    </facility>
  </location>
  <location>
    <facility>
      <name>Vintage Institute for Clinical Research, Inc</name>
      <address>
        <city>Los Angeles</city>
        <state>California</state>
        <zip>90035</zip>
        <country>United States</country>
      </address>
    </facility>
  </location>
  <location>
    <facility>
      <name>UCLA Department of Neurology</name>
      <address>
        <city>Los Angeles</city>
        <state>California</state>
        <zip>90095</zip>
        <country>United States</country>
      </address>
    </facility>
  </location>
  <location>
    <facility>
      <name>Pharmacology Research Institute</name>
      <address>
        <city>Newport Beach</city>
        <state>California</state>
        <zip>92660</zip>
        <country>United States</country>
      </address>
    </facility>
  </location>
  <location>
    <facility>
      <name>Neurology Center</name>
      <address>
        <city>Oceanside</city>
        <state>California</state>
        <zip>92056</zip>
        <country>United States</country>
      </address>
    </facility>
  </location>
  <location>
    <facility>
      <name>University of California Irvine Medical Center</name>
      <address>
        <city>Orange</city>
        <state>California</state>
        <zip>92868</zip>
        <country>United States</country>
      </address>
    </facility>
  </location>
  <location>
    <facility>
      <name>Neuro-Therapeutics Inc.</name>
      <address>
        <city>Pasadena</city>
        <state>California</state>
        <zip>91105</zip>
        <country>United States</country>
      </address>
    </facility>
  </location>
  <location>
    <facility>
      <name>Sutter Neuroscience Medical Group</name>
      <address>
        <city>Sacramento</city>
        <state>California</state>
        <zip>95816</zip>
        <country>United States</country>
      </address>
    </facility>
  </location>
  <location>
    <facility>
      <name>University of California Davis Alzheimer's Disease Research Center</name>
      <address>
        <city>Sacramento</city>
        <state>California</state>
        <zip>95817</zip>
        <country>United States</country>
      </address>
    </facility>
  </location>
  <location>
    <facility>
      <name>Artemis Institute for Clinical Research</name>
      <address>
        <city>San Diego</city>
        <state>California</state>
        <zip>92123</zip>
        <country>United States</country>
      </address>
    </facility>
  </location>
  <location>
    <facility>
      <name>Sharp Mesa Vista Hospital</name>
      <address>
        <city>San Diego</city>
        <state>California</state>
        <zip>92123</zip>
        <country>United States</country>
      </address>
    </facility>
  </location>
  <location>
    <facility>
      <name>San Francisco Clinical Research Center</name>
      <address>
        <city>San Francisco</city>
        <state>California</state>
        <zip>94109</zip>
        <country>United States</country>
      </address>
    </facility>
  </location>
  <location>
    <facility>
      <name>University of California at San Francisco Medical Center at Parnassus</name>
      <address>
        <city>San Francisco</city>
        <state>California</state>
        <zip>94117</zip>
        <country>United States</country>
      </address>
    </facility>
  </location>
  <location>
    <facility>
      <name>Neurological Research Institute</name>
      <address>
        <city>Santa Monica</city>
        <state>California</state>
        <zip>90404</zip>
        <country>United States</country>
      </address>
    </facility>
  </location>
  <location>
    <facility>
      <name>Schuster Medical Research Institute</name>
      <address>
        <city>Sherman Oaks</city>
        <state>California</state>
        <zip>91403</zip>
        <country>United States</country>
      </address>
    </facility>
  </location>
  <location>
    <facility>
      <name>Diablo Clinical Research, Inc.</name>
      <address>
        <city>Walnut Creek</city>
        <state>California</state>
        <zip>94598</zip>
        <country>United States</country>
      </address>
    </facility>
  </location>
  <location>
    <facility>
      <name>Alpine Clinical Research Center</name>
      <address>
        <city>Boulder</city>
        <state>Colorado</state>
        <zip>80304</zip>
        <country>United States</country>
      </address>
    </facility>
  </location>
  <location>
    <facility>
      <name>Mile High Research Center</name>
      <address>
        <city>Denver</city>
        <state>Colorado</state>
        <zip>80218</zip>
        <country>United States</country>
      </address>
    </facility>
  </location>
  <location>
    <facility>
      <name>Advanced Neurosciences Research, LLC</name>
      <address>
        <city>Fort Collins</city>
        <state>Colorado</state>
        <zip>80528</zip>
        <country>United States</country>
      </address>
    </facility>
  </location>
  <location>
    <facility>
      <name>Associated Neurologists, PC</name>
      <address>
        <city>Danbury</city>
        <state>Connecticut</state>
        <zip>06810</zip>
        <country>United States</country>
      </address>
    </facility>
  </location>
  <location>
    <facility>
      <name>Associated Neurologists of Southern CT, P.C.</name>
      <address>
        <city>Fairfield</city>
        <state>Connecticut</state>
        <zip>06824</zip>
        <country>United States</country>
      </address>
    </facility>
  </location>
  <location>
    <facility>
      <name>Institute for Neurodegenerative Disorders</name>
      <address>
        <city>New Haven</city>
        <state>Connecticut</state>
        <zip>06510</zip>
        <country>United States</country>
      </address>
    </facility>
  </location>
  <location>
    <facility>
      <name>Yale University School of Medicine</name>
      <address>
        <city>New Haven</city>
        <state>Connecticut</state>
        <zip>06510</zip>
        <country>United States</country>
      </address>
    </facility>
  </location>
  <location>
    <facility>
      <name>Research Center for Clinical Studies, Inc</name>
      <address>
        <city>Norwalk</city>
        <state>Connecticut</state>
        <zip>06851</zip>
        <country>United States</country>
      </address>
    </facility>
  </location>
  <location>
    <facility>
      <name>Chase Medical Research, LLC</name>
      <address>
        <city>Waterbury</city>
        <state>Connecticut</state>
        <zip>06708</zip>
        <country>United States</country>
      </address>
    </facility>
  </location>
  <location>
    <facility>
      <name>Christiana Care Health Services</name>
      <address>
        <city>Newark</city>
        <state>Delaware</state>
        <zip>19713</zip>
        <country>United States</country>
      </address>
    </facility>
  </location>
  <location>
    <facility>
      <name>Georgetown University Medical Center</name>
      <address>
        <city>Washington</city>
        <state>District of Columbia</state>
        <zip>20057</zip>
        <country>United States</country>
      </address>
    </facility>
  </location>
  <location>
    <facility>
      <name>JEM Research, LLC</name>
      <address>
        <city>Atlantis</city>
        <state>Florida</state>
        <zip>33462</zip>
        <country>United States</country>
      </address>
    </facility>
  </location>
  <location>
    <facility>
      <name>Bradenton Research Center, Inc</name>
      <address>
        <city>Bradenton</city>
        <state>Florida</state>
        <zip>34205</zip>
        <country>United States</country>
      </address>
    </facility>
  </location>
  <location>
    <facility>
      <name>Quantum Laboratories, Inc.</name>
      <address>
        <city>Deerfield Beach</city>
        <state>Florida</state>
        <zip>33064</zip>
        <country>United States</country>
      </address>
    </facility>
  </location>
  <location>
    <facility>
      <name>Brain Matters Research</name>
      <address>
        <city>Delray Beach</city>
        <state>Florida</state>
        <zip>33445</zip>
        <country>United States</country>
      </address>
    </facility>
  </location>
  <location>
    <facility>
      <name>Neurologic Consultants, P.A.</name>
      <address>
        <city>Fort Lauderdale</city>
        <state>Florida</state>
        <zip>33308</zip>
        <country>United States</country>
      </address>
    </facility>
  </location>
  <location>
    <facility>
      <name>Clinical Physiology Associates, Inc.</name>
      <address>
        <city>Fort Myers</city>
        <state>Florida</state>
        <zip>33916</zip>
        <country>United States</country>
      </address>
    </facility>
  </location>
  <location>
    <facility>
      <name>Emerald Coast Mood &amp; Memory, PA.</name>
      <address>
        <city>Fort Walton Beach</city>
        <state>Florida</state>
        <zip>32547</zip>
        <country>United States</country>
      </address>
    </facility>
  </location>
  <location>
    <facility>
      <name>Neuropsychiatric Research Center of Southwest Florida</name>
      <address>
        <city>Ft. Myers</city>
        <state>Florida</state>
        <zip>33912</zip>
        <country>United States</country>
      </address>
    </facility>
  </location>
  <location>
    <facility>
      <name>MD Clinical</name>
      <address>
        <city>Hallandale Beach</city>
        <state>Florida</state>
        <zip>33009</zip>
        <country>United States</country>
      </address>
    </facility>
  </location>
  <location>
    <facility>
      <name>Mayo Clinic College of Medicine</name>
      <address>
        <city>Jacksonville</city>
        <state>Florida</state>
        <zip>32224</zip>
        <country>United States</country>
      </address>
    </facility>
  </location>
  <location>
    <facility>
      <name>Neurology Associates</name>
      <address>
        <city>Maitland</city>
        <state>Florida</state>
        <zip>32751</zip>
        <country>United States</country>
      </address>
    </facility>
  </location>
  <location>
    <facility>
      <name>Melbourne Internal Medicine Associates, MIMA</name>
      <address>
        <city>Melbourne</city>
        <state>Florida</state>
        <zip>32901</zip>
        <country>United States</country>
      </address>
    </facility>
  </location>
  <location>
    <facility>
      <name>Pharmax Research Clinic, LLC</name>
      <address>
        <city>Miami</city>
        <state>Florida</state>
        <zip>33126</zip>
        <country>United States</country>
      </address>
    </facility>
  </location>
  <location>
    <facility>
      <name>Miami Jewish Health Systems</name>
      <address>
        <city>Miami</city>
        <state>Florida</state>
        <zip>33137</zip>
        <country>United States</country>
      </address>
    </facility>
  </location>
  <location>
    <facility>
      <name>Allied Clinical Trials, Inc.</name>
      <address>
        <city>Miami</city>
        <state>Florida</state>
        <zip>33156</zip>
        <country>United States</country>
      </address>
    </facility>
  </location>
  <location>
    <facility>
      <name>Renstar Medical Research</name>
      <address>
        <city>Ocala</city>
        <state>Florida</state>
        <zip>34471</zip>
        <country>United States</country>
      </address>
    </facility>
  </location>
  <location>
    <facility>
      <name>Compass Research, LLC</name>
      <address>
        <city>Orlando</city>
        <state>Florida</state>
        <zip>32806</zip>
        <country>United States</country>
      </address>
    </facility>
  </location>
  <location>
    <facility>
      <name>Palm Beach Neurological Center/Advanced Research Consultants</name>
      <address>
        <city>Palm Beach Gardens</city>
        <state>Florida</state>
        <zip>33418</zip>
        <country>United States</country>
      </address>
    </facility>
  </location>
  <location>
    <facility>
      <name>Neurostudies, Inc</name>
      <address>
        <city>Port Charlotte</city>
        <state>Florida</state>
        <zip>33952</zip>
        <country>United States</country>
      </address>
    </facility>
  </location>
  <location>
    <facility>
      <name>The Roskamp Institute, Inc</name>
      <address>
        <city>Sarasota</city>
        <state>Florida</state>
        <zip>34243</zip>
        <country>United States</country>
      </address>
    </facility>
  </location>
  <location>
    <facility>
      <name>Miami Research Associates</name>
      <address>
        <city>South Miami</city>
        <state>Florida</state>
        <zip>33143</zip>
        <country>United States</country>
      </address>
    </facility>
  </location>
  <location>
    <facility>
      <name>Suncoast Neuroscience Associates, Inc.</name>
      <address>
        <city>St Petersburg</city>
        <state>Florida</state>
        <zip>33713</zip>
        <country>United States</country>
      </address>
    </facility>
  </location>
  <location>
    <facility>
      <name>Meridien Research</name>
      <address>
        <city>St. Petersburg</city>
        <state>Florida</state>
        <zip>33709</zip>
        <country>United States</country>
      </address>
    </facility>
  </location>
  <location>
    <facility>
      <name>Axiom Clinical Research of Florida</name>
      <address>
        <city>Tampa</city>
        <state>Florida</state>
        <zip>33609</zip>
        <country>United States</country>
      </address>
    </facility>
  </location>
  <location>
    <facility>
      <name>Johnnie B. Byrd Sr. Alzheimer's Center and Research Institute</name>
      <address>
        <city>Tampa</city>
        <state>Florida</state>
        <zip>33613</zip>
        <country>United States</country>
      </address>
    </facility>
  </location>
  <location>
    <facility>
      <name>Stedman Clinical Trials, LLC</name>
      <address>
        <city>Tampa</city>
        <state>Florida</state>
        <zip>33613</zip>
        <country>United States</country>
      </address>
    </facility>
  </location>
  <location>
    <facility>
      <name>University of South Florida Suncoast Alzheimer's and Gerontology Center</name>
      <address>
        <city>Tampa</city>
        <state>Florida</state>
        <zip>33613</zip>
        <country>United States</country>
      </address>
    </facility>
  </location>
  <location>
    <facility>
      <name>Premiere Research Institute</name>
      <address>
        <city>West Palm Beach</city>
        <state>Florida</state>
        <zip>33407</zip>
        <country>United States</country>
      </address>
    </facility>
  </location>
  <location>
    <facility>
      <name>Emory University, School of Medicine</name>
      <address>
        <city>Atlanta</city>
        <state>Georgia</state>
        <zip>30322</zip>
        <country>United States</country>
      </address>
    </facility>
  </location>
  <location>
    <facility>
      <name>Multiple Sclerosis Center of Atlanta</name>
      <address>
        <city>Atlanta</city>
        <state>Georgia</state>
        <zip>30327</zip>
        <country>United States</country>
      </address>
    </facility>
  </location>
  <location>
    <facility>
      <name>NeuroTrials Research, Inc.</name>
      <address>
        <city>Atlanta</city>
        <state>Georgia</state>
        <zip>30342</zip>
        <country>United States</country>
      </address>
    </facility>
  </location>
  <location>
    <facility>
      <name>Medical Research and Health Educational Foundation, Inc</name>
      <address>
        <city>Columbus</city>
        <state>Georgia</state>
        <zip>31909</zip>
        <country>United States</country>
      </address>
    </facility>
  </location>
  <location>
    <facility>
      <name>DeKalb Neurology Associates, LLC</name>
      <address>
        <city>Decatur</city>
        <state>Georgia</state>
        <zip>30033</zip>
        <country>United States</country>
      </address>
    </facility>
  </location>
  <location>
    <facility>
      <name>Gwinnett Medical Center</name>
      <address>
        <city>Lawrenceville</city>
        <state>Georgia</state>
        <zip>30045</zip>
        <country>United States</country>
      </address>
    </facility>
  </location>
  <location>
    <facility>
      <name>University of Chicago Medical Center</name>
      <address>
        <city>Chicago</city>
        <state>Illinois</state>
        <zip>60637</zip>
        <country>United States</country>
      </address>
    </facility>
  </location>
  <location>
    <facility>
      <name>Alexian Brothers Neurosciences Institute</name>
      <address>
        <city>Elk Grove Village</city>
        <state>Illinois</state>
        <zip>60007</zip>
        <country>United States</country>
      </address>
    </facility>
  </location>
  <location>
    <facility>
      <name>Southern Illinois University, School of Medicine</name>
      <address>
        <city>Springfield</city>
        <state>Illinois</state>
        <zip>62794</zip>
        <country>United States</country>
      </address>
    </facility>
  </location>
  <location>
    <facility>
      <name>Elkhart Clinic, LLC</name>
      <address>
        <city>Elkhart</city>
        <state>Indiana</state>
        <zip>46514</zip>
        <country>United States</country>
      </address>
    </facility>
  </location>
  <location>
    <facility>
      <name>Indiana University School of Medicine</name>
      <address>
        <city>Indianapolis</city>
        <state>Indiana</state>
        <zip>46202</zip>
        <country>United States</country>
      </address>
    </facility>
  </location>
  <location>
    <facility>
      <name>University of Kansas Medical Center</name>
      <address>
        <city>Kansas City</city>
        <state>Kansas</state>
        <zip>66160</zip>
        <country>United States</country>
      </address>
    </facility>
  </location>
  <location>
    <facility>
      <name>Mid America Neuroscience Institute</name>
      <address>
        <city>Lenexa</city>
        <state>Kansas</state>
        <zip>66214</zip>
        <country>United States</country>
      </address>
    </facility>
  </location>
  <location>
    <facility>
      <name>Associates in Neurology, PSC</name>
      <address>
        <city>Lexington</city>
        <state>Kentucky</state>
        <zip>40513</zip>
        <country>United States</country>
      </address>
    </facility>
  </location>
  <location>
    <facility>
      <name>University of Kentucky</name>
      <address>
        <city>Lexington</city>
        <state>Kentucky</state>
        <zip>40536</zip>
        <country>United States</country>
      </address>
    </facility>
  </location>
  <location>
    <facility>
      <name>Four Rivers Clinical Research, Inc</name>
      <address>
        <city>Paducah</city>
        <state>Kentucky</state>
        <zip>42003</zip>
        <country>United States</country>
      </address>
    </facility>
  </location>
  <location>
    <facility>
      <name>Lake Charles Clinical Trials</name>
      <address>
        <city>Lake Charles</city>
        <state>Louisiana</state>
        <zip>70629</zip>
        <country>United States</country>
      </address>
    </facility>
  </location>
  <location>
    <facility>
      <name>Louisiana State University Health Sciences Center</name>
      <address>
        <city>Shreveport</city>
        <state>Louisiana</state>
        <zip>70112</zip>
        <country>United States</country>
      </address>
    </facility>
  </location>
  <location>
    <facility>
      <name>J. Gary Booker, MD, APMC</name>
      <address>
        <city>Shreveport</city>
        <state>Louisiana</state>
        <zip>71104</zip>
        <country>United States</country>
      </address>
    </facility>
  </location>
  <location>
    <facility>
      <name>Maine Medical Partners Neurology</name>
      <address>
        <city>Scarborough</city>
        <state>Maine</state>
        <zip>04074</zip>
        <country>United States</country>
      </address>
    </facility>
  </location>
  <location>
    <facility>
      <name>University of Maryland</name>
      <address>
        <city>Baltimore</city>
        <state>Maryland</state>
        <zip>21201</zip>
        <country>United States</country>
      </address>
    </facility>
  </location>
  <location>
    <facility>
      <name>Johns Hopkins University School of Medicine</name>
      <address>
        <city>Baltimore</city>
        <state>Maryland</state>
        <zip>21224</zip>
        <country>United States</country>
      </address>
    </facility>
  </location>
  <location>
    <facility>
      <name>McLean Hospital</name>
      <address>
        <city>Belmont</city>
        <state>Massachusetts</state>
        <zip>02478</zip>
        <country>United States</country>
      </address>
    </facility>
  </location>
  <location>
    <facility>
      <name>Brigham and Women's Hospital</name>
      <address>
        <city>Boston</city>
        <state>Massachusetts</state>
        <zip>02115</zip>
        <country>United States</country>
      </address>
    </facility>
  </location>
  <location>
    <facility>
      <name>Boston University School of Medicine</name>
      <address>
        <city>Boston</city>
        <state>Massachusetts</state>
        <zip>02118</zip>
        <country>United States</country>
      </address>
    </facility>
  </location>
  <location>
    <facility>
      <name>ActivMed Practices and Research, Inc</name>
      <address>
        <city>Haverhill</city>
        <state>Massachusetts</state>
        <zip>01830</zip>
        <country>United States</country>
      </address>
    </facility>
  </location>
  <location>
    <facility>
      <name>Neurocare, Inc</name>
      <address>
        <city>Newton</city>
        <state>Massachusetts</state>
        <zip>02459</zip>
        <country>United States</country>
      </address>
    </facility>
  </location>
  <location>
    <facility>
      <name>Neuroscience Research of the Berkshires</name>
      <address>
        <city>Pittsfield</city>
        <state>Massachusetts</state>
        <zip>01201</zip>
        <country>United States</country>
      </address>
    </facility>
  </location>
  <location>
    <facility>
      <name>Donald S. Marks, MD, P.C.</name>
      <address>
        <city>Plymouth</city>
        <state>Massachusetts</state>
        <zip>02360</zip>
        <country>United States</country>
      </address>
    </facility>
  </location>
  <location>
    <facility>
      <name>Springfield Neurology Associates</name>
      <address>
        <city>Springfield</city>
        <state>Massachusetts</state>
        <zip>01104</zip>
        <country>United States</country>
      </address>
    </facility>
  </location>
  <location>
    <facility>
      <name>University of Michigan</name>
      <address>
        <city>Ann Arbor</city>
        <state>Michigan</state>
        <zip>48105</zip>
        <country>United States</country>
      </address>
    </facility>
  </location>
  <location>
    <facility>
      <name>Henry Ford Hospital</name>
      <address>
        <city>Detroit</city>
        <state>Michigan</state>
        <zip>48202</zip>
        <country>United States</country>
      </address>
    </facility>
  </location>
  <location>
    <facility>
      <name>Michigan State University</name>
      <address>
        <city>East Lansing</city>
        <state>Michigan</state>
        <zip>48824</zip>
        <country>United States</country>
      </address>
    </facility>
  </location>
  <location>
    <facility>
      <name>Saint Mary's Health Care</name>
      <address>
        <city>Grand Rapids</city>
        <state>Michigan</state>
        <zip>49503</zip>
        <country>United States</country>
      </address>
    </facility>
  </location>
  <location>
    <facility>
      <name>Borgess Medical Center/Borgess Research Institute</name>
      <address>
        <city>Kalamazoo</city>
        <state>Michigan</state>
        <zip>49048</zip>
        <country>United States</country>
      </address>
    </facility>
  </location>
  <location>
    <facility>
      <name>Mayo Clinic</name>
      <address>
        <city>Rochester</city>
        <state>Minnesota</state>
        <zip>55905</zip>
        <country>United States</country>
      </address>
    </facility>
  </location>
  <location>
    <facility>
      <name>Hattiesburg Clinic</name>
      <address>
        <city>Hattiesburg</city>
        <state>Mississippi</state>
        <zip>39401</zip>
        <country>United States</country>
      </address>
    </facility>
  </location>
  <location>
    <facility>
      <name>Saint Luke's Hospital, Mid America Brain and Stroke Institute</name>
      <address>
        <city>Kansas City</city>
        <state>Missouri</state>
        <zip>64111</zip>
        <country>United States</country>
      </address>
    </facility>
  </location>
  <location>
    <facility>
      <name>The Center for Pharmaceutical Research</name>
      <address>
        <city>Kansas City</city>
        <state>Missouri</state>
        <zip>64114</zip>
        <country>United States</country>
      </address>
    </facility>
  </location>
  <location>
    <facility>
      <name>St. Louis University School of Medicine</name>
      <address>
        <city>St. Louis</city>
        <state>Missouri</state>
        <zip>63104</zip>
        <country>United States</country>
      </address>
    </facility>
  </location>
  <location>
    <facility>
      <name>Washington University School of Medicine</name>
      <address>
        <city>St. Louis</city>
        <state>Missouri</state>
        <zip>63108</zip>
        <country>United States</country>
      </address>
    </facility>
  </location>
  <location>
    <facility>
      <name>Deaconess Billings Clinical Research Center</name>
      <address>
        <city>Billings</city>
        <state>Montana</state>
        <zip>59101</zip>
        <country>United States</country>
      </address>
    </facility>
  </location>
  <location>
    <facility>
      <name>Advanced Neurology Specialists</name>
      <address>
        <city>Great Falls</city>
        <state>Montana</state>
        <zip>59405</zip>
        <country>United States</country>
      </address>
    </facility>
  </location>
  <location>
    <facility>
      <name>University of Nebraska Medical Center</name>
      <address>
        <city>Omaha</city>
        <state>Nebraska</state>
        <zip>68198-2045</zip>
        <country>United States</country>
      </address>
    </facility>
  </location>
  <location>
    <facility>
      <name>Cleveland Clinic Lou Ruvo Center for Brain Health</name>
      <address>
        <city>Las Vegas</city>
        <state>Nevada</state>
        <zip>89106</zip>
        <country>United States</country>
      </address>
    </facility>
  </location>
  <location>
    <facility>
      <name>Memory Enhancement Center of America, Inc.</name>
      <address>
        <city>Eatontown</city>
        <state>New Jersey</state>
        <zip>07724</zip>
        <country>United States</country>
      </address>
    </facility>
  </location>
  <location>
    <facility>
      <name>Alzheimer's Research Corporation (ARC)</name>
      <address>
        <city>Manchester</city>
        <state>New Jersey</state>
        <zip>08759</zip>
        <country>United States</country>
      </address>
    </facility>
  </location>
  <location>
    <facility>
      <name>The NeuroCognitive Institute</name>
      <address>
        <city>Mount Arlington</city>
        <state>New Jersey</state>
        <zip>07856</zip>
        <country>United States</country>
      </address>
    </facility>
  </location>
  <location>
    <facility>
      <name>Princeton Medical Institute</name>
      <address>
        <city>Princeton</city>
        <state>New Jersey</state>
        <zip>08540</zip>
        <country>United States</country>
      </address>
    </facility>
  </location>
  <location>
    <facility>
      <name>University of Medicine and Dentistry of New Jersey</name>
      <address>
        <city>Stratford</city>
        <state>New Jersey</state>
        <zip>08084</zip>
        <country>United States</country>
      </address>
    </facility>
  </location>
  <location>
    <facility>
      <name>Albuquerque Neuroscience, Inc.</name>
      <address>
        <city>Albuquerque</city>
        <state>New Mexico</state>
        <zip>87109</zip>
        <country>United States</country>
      </address>
    </facility>
  </location>
  <location>
    <facility>
      <name>Upstate Clinical Research, LLC</name>
      <address>
        <city>Albany</city>
        <state>New York</state>
        <zip>12205</zip>
        <country>United States</country>
      </address>
    </facility>
  </location>
  <location>
    <facility>
      <name>Neurological Associates Albany PC</name>
      <address>
        <city>Albany</city>
        <state>New York</state>
        <zip>12208</zip>
        <country>United States</country>
      </address>
    </facility>
  </location>
  <location>
    <facility>
      <name>Neuroscience Research Center at Albany Medical Center</name>
      <address>
        <city>Albany</city>
        <state>New York</state>
        <zip>12208</zip>
        <country>United States</country>
      </address>
    </facility>
  </location>
  <location>
    <facility>
      <name>Five Towns Neuroscience Research</name>
      <address>
        <city>Cedarhurst</city>
        <state>New York</state>
        <zip>11516</zip>
        <country>United States</country>
      </address>
    </facility>
  </location>
  <location>
    <facility>
      <name>Advanced BioBehavioral Sciences</name>
      <address>
        <city>Elmsford</city>
        <state>New York</state>
        <zip>10523</zip>
        <country>United States</country>
      </address>
    </facility>
  </location>
  <location>
    <facility>
      <name>Empire Neurology, PC</name>
      <address>
        <city>Latham</city>
        <state>New York</state>
        <zip>12110</zip>
        <country>United States</country>
      </address>
    </facility>
  </location>
  <location>
    <facility>
      <name>Neurological Care of CNY</name>
      <address>
        <city>Liverpool</city>
        <state>New York</state>
        <zip>13088</zip>
        <country>United States</country>
      </address>
    </facility>
  </location>
  <location>
    <facility>
      <name>Parker Jewish Institute for Health Care &amp; Rehabilitation</name>
      <address>
        <city>New Hyde Park</city>
        <state>New York</state>
        <zip>11040</zip>
        <country>United States</country>
      </address>
    </facility>
  </location>
  <location>
    <facility>
      <name>NYU School of Medicine/Psychiatry</name>
      <address>
        <city>New York</city>
        <state>New York</state>
        <zip>10016</zip>
        <country>United States</country>
      </address>
    </facility>
  </location>
  <location>
    <facility>
      <name>Mt. Sinai School of Medicine</name>
      <address>
        <city>New York</city>
        <state>New York</state>
        <zip>10029</zip>
        <country>United States</country>
      </address>
    </facility>
  </location>
  <location>
    <facility>
      <name>Columbia University Medical Center</name>
      <address>
        <city>New York</city>
        <state>New York</state>
        <zip>10032</zip>
        <country>United States</country>
      </address>
    </facility>
  </location>
  <location>
    <facility>
      <name>Nathan S. Kline Institute for Psychiatric Research</name>
      <address>
        <city>Orangeburg</city>
        <state>New York</state>
        <zip>10962</zip>
        <country>United States</country>
      </address>
    </facility>
  </location>
  <location>
    <facility>
      <name>University of Rochester Medical Center @ Monroe Community Hospital</name>
      <address>
        <city>Rochester</city>
        <state>New York</state>
        <zip>14620</zip>
        <country>United States</country>
      </address>
    </facility>
  </location>
  <location>
    <facility>
      <name>Duke University Medical Center</name>
      <address>
        <city>Durham</city>
        <state>North Carolina</state>
        <zip>27710</zip>
        <country>United States</country>
      </address>
    </facility>
  </location>
  <location>
    <facility>
      <name>Clinical Trials of America, Inc</name>
      <address>
        <city>Hickory</city>
        <state>North Carolina</state>
        <zip>28601</zip>
        <country>United States</country>
      </address>
    </facility>
  </location>
  <location>
    <facility>
      <name>New Hope Clinical Research</name>
      <address>
        <city>Hickory</city>
        <state>North Carolina</state>
        <zip>28601</zip>
        <country>United States</country>
      </address>
    </facility>
  </location>
  <location>
    <facility>
      <name>Raleigh Neurology Associates</name>
      <address>
        <city>Raleigh</city>
        <state>North Carolina</state>
        <zip>27607</zip>
        <country>United States</country>
      </address>
    </facility>
  </location>
  <location>
    <facility>
      <name>Wake Forest University Health Sciences</name>
      <address>
        <city>Winston-Salem</city>
        <state>North Carolina</state>
        <zip>27157</zip>
        <country>United States</country>
      </address>
    </facility>
  </location>
  <location>
    <facility>
      <name>University Hospitals of Cleveland, Case Medical Center, Memory and Cognition Center</name>
      <address>
        <city>Beachwood</city>
        <state>Ohio</state>
        <zip>44122</zip>
        <country>United States</country>
      </address>
    </facility>
  </location>
  <location>
    <facility>
      <name>Neuro-Behavioral Clinical Research, Inc</name>
      <address>
        <city>Canton</city>
        <state>Ohio</state>
        <zip>44718</zip>
        <country>United States</country>
      </address>
    </facility>
  </location>
  <location>
    <facility>
      <name>NeuroCare Center, Inc</name>
      <address>
        <city>Canton</city>
        <state>Ohio</state>
        <zip>44718</zip>
        <country>United States</country>
      </address>
    </facility>
  </location>
  <location>
    <facility>
      <name>The Ohio State University</name>
      <address>
        <city>Columbus</city>
        <state>Ohio</state>
        <zip>43210</zip>
        <country>United States</country>
      </address>
    </facility>
  </location>
  <location>
    <facility>
      <name>Neurology Specialists, Inc.</name>
      <address>
        <city>Dayton</city>
        <state>Ohio</state>
        <zip>45417</zip>
        <country>United States</country>
      </address>
    </facility>
  </location>
  <location>
    <facility>
      <name>Lynn Health Science Institute</name>
      <address>
        <city>Oklahoma City</city>
        <state>Oklahoma</state>
        <zip>73112</zip>
        <country>United States</country>
      </address>
    </facility>
  </location>
  <location>
    <facility>
      <name>Red River Medical Research Center, LLC</name>
      <address>
        <city>Oklahoma City</city>
        <state>Oklahoma</state>
        <zip>73112</zip>
        <country>United States</country>
      </address>
    </facility>
  </location>
  <location>
    <facility>
      <name>Providence Medical Group-Medford Neurology</name>
      <address>
        <city>Medford</city>
        <state>Oregon</state>
        <zip>97504</zip>
        <country>United States</country>
      </address>
    </facility>
  </location>
  <location>
    <facility>
      <name>Summit Research Group, LLC</name>
      <address>
        <city>Portland</city>
        <state>Oregon</state>
        <zip>97210</zip>
        <country>United States</country>
      </address>
    </facility>
  </location>
  <location>
    <facility>
      <name>Providence Health Service System, AD Center, Brain Institute</name>
      <address>
        <city>Portland</city>
        <state>Oregon</state>
        <zip>97225</zip>
        <country>United States</country>
      </address>
    </facility>
  </location>
  <location>
    <facility>
      <name>Oregon Health &amp; Sciences University</name>
      <address>
        <city>Portland</city>
        <state>Oregon</state>
        <zip>97239</zip>
        <country>United States</country>
      </address>
    </facility>
  </location>
  <location>
    <facility>
      <name>Abington Neurological Assoc</name>
      <address>
        <city>Abington</city>
        <state>Pennsylvania</state>
        <zip>19001</zip>
        <country>United States</country>
      </address>
    </facility>
  </location>
  <location>
    <facility>
      <name>Lehigh Valley Health Network</name>
      <address>
        <city>Allentown</city>
        <state>Pennsylvania</state>
        <zip>18103</zip>
        <country>United States</country>
      </address>
    </facility>
  </location>
  <location>
    <facility>
      <name>The Clinical Trial Center, LLC</name>
      <address>
        <city>Jenkintown</city>
        <state>Pennsylvania</state>
        <zip>19046</zip>
        <country>United States</country>
      </address>
    </facility>
  </location>
  <location>
    <facility>
      <name>Drexel University College of Medicine</name>
      <address>
        <city>Philadelphia</city>
        <state>Pennsylvania</state>
        <zip>19102</zip>
        <country>United States</country>
      </address>
    </facility>
  </location>
  <location>
    <facility>
      <name>Penn Memory Center</name>
      <address>
        <city>Philadelphia</city>
        <state>Pennsylvania</state>
        <zip>19104</zip>
        <country>United States</country>
      </address>
    </facility>
  </location>
  <location>
    <facility>
      <name>Jefferson Hospital for Neuroscience</name>
      <address>
        <city>Philadelphia</city>
        <state>Pennsylvania</state>
        <zip>19107</zip>
        <country>United States</country>
      </address>
    </facility>
  </location>
  <location>
    <facility>
      <name>Clinical Trials Research Services, LLC</name>
      <address>
        <city>Pittsburgh</city>
        <state>Pennsylvania</state>
        <zip>15206</zip>
        <country>United States</country>
      </address>
    </facility>
  </location>
  <location>
    <facility>
      <name>University of Virginia</name>
      <address>
        <city>Pittsburgh</city>
        <state>Pennsylvania</state>
        <zip>15213</zip>
        <country>United States</country>
      </address>
    </facility>
  </location>
  <location>
    <facility>
      <name>Universtiy of Pittsburgh</name>
      <address>
        <city>Pittsburgh</city>
        <state>Pennsylvania</state>
        <zip>15213</zip>
        <country>United States</country>
      </address>
    </facility>
  </location>
  <location>
    <facility>
      <name>Rhode Island Mood and Memory Research Institute</name>
      <address>
        <city>East Providence</city>
        <state>Rhode Island</state>
        <zip>02914</zip>
        <country>United States</country>
      </address>
    </facility>
  </location>
  <location>
    <facility>
      <name>Rhode Island Hospital</name>
      <address>
        <city>Providence</city>
        <state>Rhode Island</state>
        <zip>02903</zip>
        <country>United States</country>
      </address>
    </facility>
  </location>
  <location>
    <facility>
      <name>Butler Hospital</name>
      <address>
        <city>Providence</city>
        <state>Rhode Island</state>
        <zip>02906</zip>
        <country>United States</country>
      </address>
    </facility>
  </location>
  <location>
    <facility>
      <name>Medical University of South Carolina</name>
      <address>
        <city>N. Charleston</city>
        <state>South Carolina</state>
        <zip>29406</zip>
        <country>United States</country>
      </address>
    </facility>
  </location>
  <location>
    <facility>
      <name>Avera Research Institute</name>
      <address>
        <city>Sioux Falls</city>
        <state>South Dakota</state>
        <zip>57105</zip>
        <country>United States</country>
      </address>
    </facility>
  </location>
  <location>
    <facility>
      <name>Neurology Clinic, PC</name>
      <address>
        <city>Cordova</city>
        <state>Tennessee</state>
        <zip>38018</zip>
        <country>United States</country>
      </address>
    </facility>
  </location>
  <location>
    <facility>
      <name>Psychiatric Consultants, PC</name>
      <address>
        <city>Franklin</city>
        <state>Tennessee</state>
        <zip>37067</zip>
        <country>United States</country>
      </address>
    </facility>
  </location>
  <location>
    <facility>
      <name>East Tennessee State University</name>
      <address>
        <city>Johnson City</city>
        <state>Tennessee</state>
        <zip>37614-1707</zip>
        <country>United States</country>
      </address>
    </facility>
  </location>
  <location>
    <facility>
      <name>Volunteer Research Group</name>
      <address>
        <city>Knoxville</city>
        <state>Tennessee</state>
        <zip>37920</zip>
        <country>United States</country>
      </address>
    </facility>
  </location>
  <location>
    <facility>
      <name>Texas Neurology, PA</name>
      <address>
        <city>Dallas</city>
        <state>Texas</state>
        <zip>75214</zip>
        <country>United States</country>
      </address>
    </facility>
  </location>
  <location>
    <facility>
      <name>University of North Texas/Health Sciences Center-Fort Worth</name>
      <address>
        <city>Fort Worth</city>
        <state>Texas</state>
        <zip>76106</zip>
        <country>United States</country>
      </address>
    </facility>
  </location>
  <location>
    <facility>
      <name>Baylor College of Medicine</name>
      <address>
        <city>Houston</city>
        <state>Texas</state>
        <zip>77030</zip>
        <country>United States</country>
      </address>
    </facility>
  </location>
  <location>
    <facility>
      <name>Innovative Clinical Trials</name>
      <address>
        <city>San Antonio</city>
        <state>Texas</state>
        <zip>78229</zip>
        <country>United States</country>
      </address>
    </facility>
  </location>
  <location>
    <facility>
      <name>Integra Clinical Research, LLC</name>
      <address>
        <city>San Antonio</city>
        <state>Texas</state>
        <zip>78231</zip>
        <country>United States</country>
      </address>
    </facility>
  </location>
  <location>
    <facility>
      <name>Wasatch Clinical Research</name>
      <address>
        <city>Salt Lake City</city>
        <state>Utah</state>
        <zip>84107</zip>
        <country>United States</country>
      </address>
    </facility>
  </location>
  <location>
    <facility>
      <name>University of Utah, Dept. of Neurology</name>
      <address>
        <city>Salt Lake City</city>
        <state>Utah</state>
        <zip>84108</zip>
        <country>United States</country>
      </address>
    </facility>
  </location>
  <location>
    <facility>
      <name>The Memory Clinic</name>
      <address>
        <city>Bennington</city>
        <state>Vermont</state>
        <zip>05201</zip>
        <country>United States</country>
      </address>
    </facility>
  </location>
  <location>
    <facility>
      <name>Fletcher Allen Health Care</name>
      <address>
        <city>Burlington</city>
        <state>Vermont</state>
        <zip>05401</zip>
        <country>United States</country>
      </address>
    </facility>
  </location>
  <location>
    <facility>
      <name>Innovative Clinical Research Center</name>
      <address>
        <city>Alexandria</city>
        <state>Virginia</state>
        <zip>22304</zip>
        <country>United States</country>
      </address>
    </facility>
  </location>
  <location>
    <facility>
      <name>Alliance Research Group, LLC</name>
      <address>
        <city>Richmond</city>
        <state>Virginia</state>
        <zip>23230</zip>
        <country>United States</country>
      </address>
    </facility>
  </location>
  <location>
    <facility>
      <name>University of Washington Veterans Affairs</name>
      <address>
        <city>Seattle</city>
        <state>Washington</state>
        <zip>98108</zip>
        <country>United States</country>
      </address>
    </facility>
  </location>
  <location>
    <facility>
      <name>Pacific Medical Centers</name>
      <address>
        <city>Seattle</city>
        <state>Washington</state>
        <zip>98144</zip>
        <country>United States</country>
      </address>
    </facility>
  </location>
  <location>
    <facility>
      <name>University of Wisconsin School of Medicine and Public Health</name>
      <address>
        <city>Madison</city>
        <state>Wisconsin</state>
        <zip>53705</zip>
        <country>United States</country>
      </address>
    </facility>
  </location>
  <location>
    <facility>
      <name>Medical College of Wisconsin</name>
      <address>
        <city>Milwaukee</city>
        <state>Wisconsin</state>
        <zip>53226</zip>
        <country>United States</country>
      </address>
    </facility>
  </location>
  <location_countries>
    <country>United States</country>
  </location_countries>
  <removed_countries>
    <country>Canada</country>
  </removed_countries>
  <verification_date>October 2013</verification_date>
  <!-- Old date names will be dropped in a few months (sometime in 2018)                        -->
  <lastchanged_date>October 30, 2013</lastchanged_date>
  <firstreceived_date>December 10, 2007</firstreceived_date>
  <firstreceived_results_disposition_date>September 27, 2013</firstreceived_results_disposition_date>
  <!-- New date names                                                                           -->
  <study_first_submitted>December 10, 2007</study_first_submitted>
  <study_first_submitted_qc>December 13, 2007</study_first_submitted_qc>
  <study_first_posted type="Estimate">December 17, 2007</study_first_posted>
  <disposition_first_submitted>September 27, 2013</disposition_first_submitted>
  <disposition_first_submitted_qc>September 27, 2013</disposition_first_submitted_qc>
  <disposition_first_posted type="Estimate">October 28, 2013</disposition_first_posted>
  <last_update_submitted>October 30, 2013</last_update_submitted>
  <last_update_submitted_qc>October 30, 2013</last_update_submitted_qc>
  <last_update_posted type="Estimate">November 25, 2013</last_update_posted>
  <!-- End of dates                                                                             -->
  <responsible_party>
    <responsible_party_type>Sponsor</responsible_party_type>
  </responsible_party>
  <condition_browse>
    <!-- CAUTION:  The following MeSH terms are assigned with an imperfect algorithm            -->
    <mesh_term>Alzheimer Disease</mesh_term>
  </condition_browse>
  <!-- Results have not yet been posted, but a results disposition has been submitted           -->
</clinical_study>

