<?xml version="1.0" encoding="UTF-8"?>
<clinical_study rank="287">
  <!-- This xml conforms to an XML Schema at:
    https://clinicaltrials.gov/ct2/html/images/info/public.xsd -->
  <required_header>
    <download_date>ClinicalTrials.gov processed this data on November 07, 2017</download_date>
    <link_text>Link to the current ClinicalTrials.gov record.</link_text>
    <url>https://clinicaltrials.gov/show/NCT00477659</url>
  </required_header>
  <id_info>
    <org_study_id>A2501055</org_study_id>
    <secondary_id>E2020-A001-416</secondary_id>
    <nct_id>NCT00477659</nct_id>
  </id_info>
  <brief_title>Neural Correlates In Mild Alzheimer's Disease</brief_title>
  <official_title>A Single Center Study To Examine Neural Correlates Of Cognition In Subjects With Mild Alzheimer's Disease After Three Months Of Open Label Donepezil HCl (Aricept® ) Treatment</official_title>
  <sponsors>
    <lead_sponsor>
      <agency>Eisai Inc.</agency>
      <agency_class>Industry</agency_class>
    </lead_sponsor>
    <collaborator>
      <agency>Pfizer</agency>
      <agency_class>Industry</agency_class>
    </collaborator>
  </sponsors>
  <source>Eisai Inc.</source>
  <oversight_info>
    <has_dmc>No</has_dmc>
  </oversight_info>
  <brief_summary>
    <textblock>
      The objective of this study is to identify neural correlates of cognitive improvement after
      three months of donepezil HCl in subjects with mild Alzheimer's Disease (AD), measuring the
      Functional Hippocampus Connectivity Index (HCI) and Cerebral Blood Flow (CBF) Perfusion in
      the Medial Temporal Lobe network. The hypothesis is that donepezil HCl will improve MTL
      connectivity and CBF Perfusion in the MTL-projected target regions, which will significantly
      correlate with cognitive improvement in mild AD subjects.
    </textblock>
  </brief_summary>
  <overall_status>Completed</overall_status>
  <start_date>July 2007</start_date>
  <completion_date type="Actual">August 2008</completion_date>
  <primary_completion_date type="Actual">August 2008</primary_completion_date>
  <phase>Phase 4</phase>
  <study_type>Interventional</study_type>
  <has_expanded_access>No</has_expanded_access>
  <study_design_info>
    <allocation>Non-Randomized</allocation>
    <intervention_model>Single Group Assignment</intervention_model>
    <primary_purpose>Treatment</primary_purpose>
    <masking>None (Open Label)</masking>
  </study_design_info>
  <primary_outcome>
    <measure>Functional magnetic resonance imaging to identify neural correlates of cognitive improvement after 3 months of donepezil HCl in subjects w/ mild AD, using the Functional Hippocampus Connectivity Index (HCI) and Cerebral Blood Flow (CBF) Perfusion</measure>
    <time_frame>12 weeks</time_frame>
  </primary_outcome>
  <secondary_outcome>
    <measure>Mini Mental State Exam, Alzheimer's Disease Assess,emt Scale-cognitive subscale, Neuropsychiatric Inventory and Instrumental Activities of Daily Living scales at screen and week 12.</measure>
    <time_frame>12 weeks</time_frame>
  </secondary_outcome>
  <number_of_arms>1</number_of_arms>
  <enrollment type="Actual">14</enrollment>
  <condition>Alzheimer's Disease</condition>
  <arm_group>
    <arm_group_label>Donepezil</arm_group_label>
    <arm_group_type>Experimental</arm_group_type>
  </arm_group>
  <intervention>
    <intervention_type>Drug</intervention_type>
    <intervention_name>donepezil HCl (Aricept)</intervention_name>
    <description>Oral donepezil 5mg/day for 4 weeks, followed by 10 mg/day for 8 weeks</description>
    <arm_group_label>Donepezil</arm_group_label>
    <other_name>E2020</other_name>
  </intervention>
  <eligibility>
    <criteria>
      <textblock>
        Inclusion Criteria:

          -  Men and women, aged 50 and older with mild Alzheimer's disease (MMSE scores of 20 to
             30 are allowed).

          -  Diagnostic evidence of Alzheimer's disease.

          -  Previous use of cholinesterase inhibitors (other than Aricept) and memantine allowed.

        Exclusion Criteria:

          -  Prior use of Aricept, pacemakers and insulin dependent diabetes are not allowed.
      </textblock>
    </criteria>
    <gender>All</gender>
    <minimum_age>50 Years</minimum_age>
    <maximum_age>N/A</maximum_age>
    <healthy_volunteers>No</healthy_volunteers>
  </eligibility>
  <overall_official>
    <last_name>Pfizer CT.gov Call Center</last_name>
    <role>Study Director</role>
    <affiliation>Pfizer</affiliation>
  </overall_official>
  <location>
    <facility>
      <name>Pfizer Investigational Site</name>
      <address>
        <city>Milwaukee</city>
        <state>Wisconsin</state>
        <zip>53226</zip>
        <country>United States</country>
      </address>
    </facility>
  </location>
  <location_countries>
    <country>United States</country>
  </location_countries>
  <link>
    <url>https://trialinfoemail.pfizer.com/pages/landing.aspx?StudyID=A2501055&amp;StudyName=Neural%20Correlates%20In%20Mild%20Alzheimer%27s%20Disease</url>
    <description>To obtain contact information for a study center near you, click here.</description>
  </link>
  <verification_date>May 2009</verification_date>
  <!-- Old date names will be dropped in a few months (sometime in 2018)                        -->
  <lastchanged_date>May 6, 2009</lastchanged_date>
  <firstreceived_date>May 23, 2007</firstreceived_date>
  <!-- New date names                                                                           -->
  <study_first_submitted>May 23, 2007</study_first_submitted>
  <study_first_submitted_qc>May 23, 2007</study_first_submitted_qc>
  <study_first_posted type="Estimate">May 24, 2007</study_first_posted>
  <last_update_submitted>May 6, 2009</last_update_submitted>
  <last_update_submitted_qc>May 6, 2009</last_update_submitted_qc>
  <last_update_posted type="Actual">October 12, 2017</last_update_posted>
  <!-- End of dates                                                                             -->
  <responsible_party>
    <name_title>Director, Clinical Trials Disclosure Group</name_title>
    <organization>Pfizer, Inc.</organization>
  </responsible_party>
  <keyword>fMRI study; open-label donepezil</keyword>
  <condition_browse>
    <!-- CAUTION:  The following MeSH terms are assigned with an imperfect algorithm            -->
    <mesh_term>Alzheimer Disease</mesh_term>
  </condition_browse>
  <intervention_browse>
    <!-- CAUTION:  The following MeSH terms are assigned with an imperfect algorithm            -->
    <mesh_term>Donepezil</mesh_term>
  </intervention_browse>
  <!-- Results have not yet been posted for this study                                          -->
</clinical_study>

