<?xml version="1.0" encoding="UTF-8"?>
<clinical_study rank="209">
  <!-- This xml conforms to an XML Schema at:
    https://clinicaltrials.gov/ct2/html/images/info/public.xsd -->
  <required_header>
    <download_date>ClinicalTrials.gov processed this data on November 07, 2017</download_date>
    <link_text>Link to the current ClinicalTrials.gov record.</link_text>
    <url>https://clinicaltrials.gov/show/NCT00106899</url>
  </required_header>
  <id_info>
    <org_study_id>IA0068</org_study_id>
    <secondary_id>1RC2AG036535</secondary_id>
    <secondary_id>1U01AG024904</secondary_id>
    <nct_id>NCT00106899</nct_id>
  </id_info>
  <brief_title>ADNI: Alzheimer's Disease Neuroimaging Initiative</brief_title>
  <official_title>Alzheimer's Disease Neuroimaging Initiative</official_title>
  <sponsors>
    <lead_sponsor>
      <agency>Alzheimer's Disease Cooperative Study (ADCS)</agency>
      <agency_class>Other</agency_class>
    </lead_sponsor>
    <collaborator>
      <agency>Northern California Institute of Research and Education</agency>
      <agency_class>Other</agency_class>
    </collaborator>
    <collaborator>
      <agency>National Institute on Aging (NIA)</agency>
      <agency_class>NIH</agency_class>
    </collaborator>
    <collaborator>
      <agency>National Institute for Biomedical Imaging and Bioengineering (NIBIB)</agency>
      <agency_class>NIH</agency_class>
    </collaborator>
    <collaborator>
      <agency>Foundation for the National Institutes of Health</agency>
      <agency_class>Other</agency_class>
    </collaborator>
    <collaborator>
      <agency>Alzheimer’s Drug Discovery Foundation</agency>
      <agency_class>Other</agency_class>
    </collaborator>
    <collaborator>
      <agency>Alzheimer's Association</agency>
      <agency_class>Other</agency_class>
    </collaborator>
  </sponsors>
  <source>Alzheimer's Disease Cooperative Study (ADCS)</source>
  <oversight_info>
    <has_dmc>Yes</has_dmc>
  </oversight_info>
  <brief_summary>
    <textblock>
      The purpose of this study is to examine how brain imaging technology can be used with other
      tests to measure the progression of mild cognitive impairment (MCI) and early Alzheimer's
      disease (AD). This information will aid future clinical trials by providing a standard
      assessment tool to measure the effects of treatments being studied.
    </textblock>
  </brief_summary>
  <detailed_description>
    <textblock>
      This study will test whether serial magnetic resonance imaging (MRI), positron emission
      tomography (PET), other biological markers, and clinical and neuropsychological assessment
      can be combined to measure the progression of mild cognitive impairment (MCI) and early
      Alzheimer's disease (AD). The information obtained by studying changes in the brain images of
      MCI and AD patients and healthy individuals, as well as other assessment tools, will be used
      to determine the best methods for measuring treatment effects in patients with MCI and AD.

      Approximately 800 participants, ranging in age from 55 to 90, will be recruited for the
      study: 400 patients with MCI, 200 with early AD, and 200 normal controls. Patients with MCI
      and normal controls will be followed for 3 years, and those with AD will be followed for 2
      years. At 6-month intervals, all participants will be seen in person or contacted by
      telephone. All participants will undergo repeated scanning and blood and urine biomarkers
      will be collected at the time of each scan. All patients will be asked if they are willing to
      undergo lumbar puncture at baseline and year one, with the goal of a minimum of 20% and as
      many as 50% of each group providing CSF (cerebrospinal fluid) samples for analysis and
      storage for future analyses.

      NOTE: Beginning in Spring 2007 a subset of the ADNI participants will be offered the
      opportunity to participate in a supplemental study. The PIB (Pittsburgh Compound B) study
      provides imaging of amyloid plaque burden. PIB PET scans will be conducted in 24 control, 48
      MCI, and 24 AD participants at approximately 16 ADNI PET sites. For entering participants
      with no previous PET FDG scans, controls and MCI participants will be scanned with PIB at
      entry (baseline), 12, 24, and 36 months, and AD participants will be scanned with PIB at
      entry (baseline), 12, and 24 months. For participants who have undergone previous (baseline
      and 6 month) PET FDG scans, controls and MCI participants will be scanned with PIB at 12, 24,
      and 36 months, and AD participants will be scanned with PIB at 12 and 24 months.
    </textblock>
  </detailed_description>
  <overall_status>Completed</overall_status>
  <start_date>July 2005</start_date>
  <completion_date type="Actual">June 2011</completion_date>
  <primary_completion_date type="Actual">June 2011</primary_completion_date>
  <phase>N/A</phase>
  <study_type>Observational</study_type>
  <has_expanded_access>No</has_expanded_access>
  <study_design_info>
    <observational_model>Case Control</observational_model>
    <time_perspective>Prospective</time_perspective>
  </study_design_info>
  <number_of_groups>3</number_of_groups>
  <enrollment type="Actual">818</enrollment>
  <condition>Alzheimer's Disease</condition>
  <arm_group>
    <arm_group_label>1</arm_group_label>
    <description>Mild Cognitive Impairment (MCI); scans performed at screening/baseline, 6, 12, 18, 24, and 36 months</description>
  </arm_group>
  <arm_group>
    <arm_group_label>2</arm_group_label>
    <description>Early Alzheimer's disease (AD); scans performed at screening/baseline, 6, 12, and 24 months</description>
  </arm_group>
  <arm_group>
    <arm_group_label>3</arm_group_label>
    <description>Unaffected/normal controls; scans performed at baseline/screening, 6, 12, 24, and 36 months</description>
  </arm_group>
  <intervention>
    <intervention_type>Procedure</intervention_type>
    <intervention_name>Magnetic Resonance Imaging (MRI)</intervention_name>
    <description>MRI scans</description>
    <arm_group_label>1</arm_group_label>
    <arm_group_label>2</arm_group_label>
    <arm_group_label>3</arm_group_label>
  </intervention>
  <intervention>
    <intervention_type>Procedure</intervention_type>
    <intervention_name>Positron Emission Tomography (PET)</intervention_name>
    <description>PET scans</description>
    <arm_group_label>1</arm_group_label>
    <arm_group_label>2</arm_group_label>
    <arm_group_label>3</arm_group_label>
  </intervention>
  <intervention>
    <intervention_type>Procedure</intervention_type>
    <intervention_name>Lumbar Puncture (LP)</intervention_name>
    <description>collection of cerebrospinal fluid</description>
    <arm_group_label>1</arm_group_label>
    <arm_group_label>2</arm_group_label>
    <arm_group_label>3</arm_group_label>
    <other_name>spinal tap</other_name>
  </intervention>
  <biospec_retention>Samples With DNA</biospec_retention>
  <biospec_descr>
    <textblock>
      blood, urine, cerebrospinal fluid
    </textblock>
  </biospec_descr>
  <eligibility>
    <study_pop>
      <textblock>
        community sample
      </textblock>
    </study_pop>
    <sampling_method>Probability Sample</sampling_method>
    <criteria>
      <textblock>
        Inclusion Criteria:

        Participants will be classified as either MCI patients, AD patients, or normal controls.
        General Inclusion Criteria will apply to all groups, with specific criteria for each group
        as described below:

        General (applies to each category):

          -  Between 55 and 90 years of age (Currently, ADNI sites are only recruiting volunteers
             age 70-90 among people with no memory problems)

          -  Study partner or caregiver to accompany patient to all scheduled visits

          -  Fluent in English or Spanish

          -  Permitted medications stable for at least 4 weeks prior to screening

          -  Adequate visual and auditory acuity to allow neuropsychological testing

          -  Good general health with no additional diseases expected to interfere with the study

          -  Women must be two years post-menopausal or surgically sterile

          -  Willing and able to complete all baseline assessments, and to participate in the 2-3
             year protocol

          -  Willing to undergo neuroimaging and provide DNA and plasma samples as specified

          -  Completed 6 grades of education or sufficient work history to exclude mental
             retardation

          -  Modified Hachinski score &lt;=4

          -  Geriatric Depression Scale &lt;6

        Specific Criteria for MCI and AD patients:

          -  Memory complaint by patient or study partner

          -  Abnormal memory function score on Wechsler Memory Scale (adjusted for education)

          -  Mini-Mental State Exam score between 24 and 30 (MCI) or 20 and 26 (AD)

          -  Clinical Dementia Rating = 0.5; Memory Box score at least 0.5 (MCI) or 1.0 (AD)

        Exclusion Criteria:

          -  Any significant neurologic disease other than Alzheimer's disease

          -  Abnormal baseline MRI

          -  Presence of pacemakers, aneurysm clips, artificial heart valves, ear implants, metal
             fragments or foreign objects in the eyes, skin, or body

          -  Major depression, bipolar disorder, history of schizophrenia

          -  History of alcohol or substance abuse or dependency within the past 2 years

          -  Any significant systemic illness or unstable medical condition which could lead to
             difficulty complying with the protocol

          -  Clinically significant laboratory abnormalities

          -  Residence in skilled nursing facility

          -  Participation in clinical studies involving neuropsychological measures being
             collected more than one time per year

        Specific Exclusion Criteria for MCI and AD:

          -  Psychotic features, agitation or behavioral problems within the last 3 months which
             could lead to difficulty complying with the protocol.

        Prohibited medications:

          -  Specific psychoactive medications (for example, certain antidepressants, anti-anxiety
             medications, sleeping pills, etc.)

          -  Warfarin (Coumadin)

          -  Investigational agents
      </textblock>
    </criteria>
    <gender>All</gender>
    <minimum_age>55 Years</minimum_age>
    <maximum_age>90 Years</maximum_age>
    <healthy_volunteers>Accepts Healthy Volunteers</healthy_volunteers>
  </eligibility>
  <overall_official>
    <last_name>Michael W. Weiner, MD</last_name>
    <role>Principal Investigator</role>
    <affiliation>University of California, San Francisco</affiliation>
  </overall_official>
  <overall_official>
    <last_name>Ronald Petersen, MD, PhD</last_name>
    <role>Principal Investigator</role>
    <affiliation>Mayo Clinic - Rochester, Minnesota</affiliation>
  </overall_official>
  <overall_official>
    <last_name>Paul Aisen, MD</last_name>
    <role>Principal Investigator</role>
    <affiliation>University of California, San Diego</affiliation>
  </overall_official>
  <location>
    <facility>
      <name>University of Alabama</name>
      <address>
        <city>Birmingham</city>
        <state>Alabama</state>
        <zip>35233</zip>
        <country>United States</country>
      </address>
    </facility>
  </location>
  <location>
    <facility>
      <name>Banner Good Samaritan Medical Center</name>
      <address>
        <city>Phoenix</city>
        <state>Arizona</state>
        <zip>85006</zip>
        <country>United States</country>
      </address>
    </facility>
  </location>
  <location>
    <facility>
      <name>Sun Health / Arizona Consortium</name>
      <address>
        <city>Sun City</city>
        <state>Arizona</state>
        <zip>85351</zip>
        <country>United States</country>
      </address>
    </facility>
  </location>
  <location>
    <facility>
      <name>University of California, Irvine</name>
      <address>
        <city>Irvine</city>
        <state>California</state>
        <zip>92697-4285</zip>
        <country>United States</country>
      </address>
    </facility>
  </location>
  <location>
    <facility>
      <name>University of California, Irvine - Brain Imaging Center</name>
      <address>
        <city>Irvine</city>
        <state>California</state>
        <zip>92697</zip>
        <country>United States</country>
      </address>
    </facility>
  </location>
  <location>
    <facility>
      <name>University of California, San Diego</name>
      <address>
        <city>La Jolla</city>
        <state>California</state>
        <zip>92037</zip>
        <country>United States</country>
      </address>
    </facility>
  </location>
  <location>
    <facility>
      <name>University of Southern California</name>
      <address>
        <city>Los Angeles</city>
        <state>California</state>
        <zip>90033</zip>
        <country>United States</country>
      </address>
    </facility>
  </location>
  <location>
    <facility>
      <name>University of California, Los Angeles</name>
      <address>
        <city>Los Angeles</city>
        <state>California</state>
        <zip>90095</zip>
        <country>United States</country>
      </address>
    </facility>
  </location>
  <location>
    <facility>
      <name>University of California, Davis</name>
      <address>
        <city>Sacramento</city>
        <state>California</state>
        <zip>95817</zip>
        <country>United States</country>
      </address>
    </facility>
  </location>
  <location>
    <facility>
      <name>University of California, San Francisco</name>
      <address>
        <city>San Francisco</city>
        <state>California</state>
        <zip>94115</zip>
        <country>United States</country>
      </address>
    </facility>
  </location>
  <location>
    <facility>
      <name>Stanford University</name>
      <address>
        <city>Stanford</city>
        <state>California</state>
        <zip>94304</zip>
        <country>United States</country>
      </address>
    </facility>
  </location>
  <location>
    <facility>
      <name>Olin Neuropsychiatry Research Center</name>
      <address>
        <city>Hartford</city>
        <state>Connecticut</state>
        <zip>06106</zip>
        <country>United States</country>
      </address>
    </facility>
  </location>
  <location>
    <facility>
      <name>Yale University School of Medicine</name>
      <address>
        <city>New Haven</city>
        <state>Connecticut</state>
        <zip>06510</zip>
        <country>United States</country>
      </address>
    </facility>
  </location>
  <location>
    <facility>
      <name>Georgetown University</name>
      <address>
        <city>Washington</city>
        <state>District of Columbia</state>
        <zip>20057</zip>
        <country>United States</country>
      </address>
    </facility>
  </location>
  <location>
    <facility>
      <name>Howard University</name>
      <address>
        <city>Washington</city>
        <state>District of Columbia</state>
        <zip>20060</zip>
        <country>United States</country>
      </address>
    </facility>
  </location>
  <location>
    <facility>
      <name>Mayo Clinic, Jacksonville</name>
      <address>
        <city>Jacksonville</city>
        <state>Florida</state>
        <zip>32224</zip>
        <country>United States</country>
      </address>
    </facility>
  </location>
  <location>
    <facility>
      <name>Wein Center</name>
      <address>
        <city>Miami</city>
        <state>Florida</state>
        <zip>33140</zip>
        <country>United States</country>
      </address>
    </facility>
  </location>
  <location>
    <facility>
      <name>Byrd Alzheimer's Institute</name>
      <address>
        <city>Tampa</city>
        <state>Florida</state>
        <zip>33647</zip>
        <country>United States</country>
      </address>
    </facility>
  </location>
  <location>
    <facility>
      <name>Premiere Neurological Group</name>
      <address>
        <city>West Palm Beach</city>
        <state>Florida</state>
        <zip>33407</zip>
        <country>United States</country>
      </address>
    </facility>
  </location>
  <location>
    <facility>
      <name>Emory University</name>
      <address>
        <city>Atlanta</city>
        <state>Georgia</state>
        <zip>30322</zip>
        <country>United States</country>
      </address>
    </facility>
  </location>
  <location>
    <facility>
      <name>Northwestern University</name>
      <address>
        <city>Chicago</city>
        <state>Illinois</state>
        <zip>60611</zip>
        <country>United States</country>
      </address>
    </facility>
  </location>
  <location>
    <facility>
      <name>Rush University Medical Center/Presbyterian St. Luke's Medical Center</name>
      <address>
        <city>Chicago</city>
        <state>Illinois</state>
        <zip>60612</zip>
        <country>United States</country>
      </address>
    </facility>
  </location>
  <location>
    <facility>
      <name>Indiana University</name>
      <address>
        <city>Indianapolis</city>
        <state>Indiana</state>
        <zip>46202-5120</zip>
        <country>United States</country>
      </address>
    </facility>
  </location>
  <location>
    <facility>
      <name>University of Kansas</name>
      <address>
        <city>Kansas City</city>
        <state>Kansas</state>
        <zip>66160</zip>
        <country>United States</country>
      </address>
    </facility>
  </location>
  <location>
    <facility>
      <name>University of Kentucky</name>
      <address>
        <city>Lexington</city>
        <state>Kentucky</state>
        <zip>40536</zip>
        <country>United States</country>
      </address>
    </facility>
  </location>
  <location>
    <facility>
      <name>Johns Hopkins University</name>
      <address>
        <city>Baltimore</city>
        <state>Maryland</state>
        <zip>21287-7218</zip>
        <country>United States</country>
      </address>
    </facility>
  </location>
  <location>
    <facility>
      <name>Brigham and Women's Hospital</name>
      <address>
        <city>Boston</city>
        <state>Massachusetts</state>
        <zip>02115</zip>
        <country>United States</country>
      </address>
    </facility>
  </location>
  <location>
    <facility>
      <name>Boston University Schools of Medicine and Public Health</name>
      <address>
        <city>Boston</city>
        <state>Massachusetts</state>
        <zip>02118</zip>
        <country>United States</country>
      </address>
    </facility>
  </location>
  <location>
    <facility>
      <name>University of Michigan</name>
      <address>
        <city>Ann Arbor</city>
        <state>Michigan</state>
        <zip>48109</zip>
        <country>United States</country>
      </address>
    </facility>
  </location>
  <location>
    <facility>
      <name>Mayo Clinic, Rochester</name>
      <address>
        <city>Rochester</city>
        <state>Minnesota</state>
        <zip>55901-0144</zip>
        <country>United States</country>
      </address>
    </facility>
  </location>
  <location>
    <facility>
      <name>Washington University</name>
      <address>
        <city>St. Louis</city>
        <state>Missouri</state>
        <zip>63108</zip>
        <country>United States</country>
      </address>
    </facility>
  </location>
  <location>
    <facility>
      <name>University of Nevada School of Medicine</name>
      <address>
        <city>Las Vegas</city>
        <state>Nevada</state>
        <zip>89102</zip>
        <country>United States</country>
      </address>
    </facility>
  </location>
  <location>
    <facility>
      <name>Dartmouth Hitchcock Medical Center</name>
      <address>
        <city>Lebanon</city>
        <state>New Hampshire</state>
        <zip>03756</zip>
        <country>United States</country>
      </address>
    </facility>
  </location>
  <location>
    <facility>
      <name>Albany Medical College</name>
      <address>
        <city>Albany</city>
        <state>New York</state>
        <zip>12208</zip>
        <country>United States</country>
      </address>
    </facility>
  </location>
  <location>
    <facility>
      <name>Dent Neurological Institute</name>
      <address>
        <city>Amherst</city>
        <state>New York</state>
        <zip>14266</zip>
        <country>United States</country>
      </address>
    </facility>
  </location>
  <location>
    <facility>
      <name>New York University</name>
      <address>
        <city>New York</city>
        <state>New York</state>
        <zip>10016</zip>
        <country>United States</country>
      </address>
    </facility>
  </location>
  <location>
    <facility>
      <name>Mount Sinai School of Medicine</name>
      <address>
        <city>New York</city>
        <state>New York</state>
        <zip>10029</zip>
        <country>United States</country>
      </address>
    </facility>
  </location>
  <location>
    <facility>
      <name>Columbia University</name>
      <address>
        <city>New York</city>
        <state>New York</state>
        <zip>11032</zip>
        <country>United States</country>
      </address>
    </facility>
  </location>
  <location>
    <facility>
      <name>Dent Neurological Institute</name>
      <address>
        <city>Orchard Park</city>
        <state>New York</state>
        <zip>14127</zip>
        <country>United States</country>
      </address>
    </facility>
  </location>
  <location>
    <facility>
      <name>University of Rochester Medical Center</name>
      <address>
        <city>Rochester</city>
        <state>New York</state>
        <zip>14620</zip>
        <country>United States</country>
      </address>
    </facility>
  </location>
  <location>
    <facility>
      <name>Neurological Care of CNY</name>
      <address>
        <city>Syracuse</city>
        <state>New York</state>
        <zip>13210</zip>
        <country>United States</country>
      </address>
    </facility>
  </location>
  <location>
    <facility>
      <name>Duke University Medical Center</name>
      <address>
        <city>Durham</city>
        <state>North Carolina</state>
        <zip>27705</zip>
        <country>United States</country>
      </address>
    </facility>
  </location>
  <location>
    <facility>
      <name>Wake Forest University</name>
      <address>
        <city>Winston Salem</city>
        <state>North Carolina</state>
        <zip>27157</zip>
        <country>United States</country>
      </address>
    </facility>
  </location>
  <location>
    <facility>
      <name>Case Western Reserve University</name>
      <address>
        <city>Cleveland</city>
        <state>Ohio</state>
        <zip>44120</zip>
        <country>United States</country>
      </address>
    </facility>
  </location>
  <location>
    <facility>
      <name>Ohio State University</name>
      <address>
        <city>Columbus</city>
        <state>Ohio</state>
        <zip>43210</zip>
        <country>United States</country>
      </address>
    </facility>
  </location>
  <location>
    <facility>
      <name>Oregon Health and Science University</name>
      <address>
        <city>Portland</city>
        <state>Oregon</state>
        <zip>97239</zip>
        <country>United States</country>
      </address>
    </facility>
  </location>
  <location>
    <facility>
      <name>University of Pennsylvania</name>
      <address>
        <city>Philadelphia</city>
        <state>Pennsylvania</state>
        <zip>19104</zip>
        <country>United States</country>
      </address>
    </facility>
  </location>
  <location>
    <facility>
      <name>Jefferson University</name>
      <address>
        <city>Philadelphia</city>
        <state>Pennsylvania</state>
        <zip>19107</zip>
        <country>United States</country>
      </address>
    </facility>
  </location>
  <location>
    <facility>
      <name>University of Pittsburgh</name>
      <address>
        <city>Pittsburgh</city>
        <state>Pennsylvania</state>
        <zip>15213</zip>
        <country>United States</country>
      </address>
    </facility>
  </location>
  <location>
    <facility>
      <name>Rhode Island Hospital</name>
      <address>
        <city>Providence</city>
        <state>Rhode Island</state>
        <zip>02903</zip>
        <country>United States</country>
      </address>
    </facility>
  </location>
  <location>
    <facility>
      <name>Medical University of South Carolina</name>
      <address>
        <city>North Charleston</city>
        <state>South Carolina</state>
        <zip>29406</zip>
        <country>United States</country>
      </address>
    </facility>
  </location>
  <location>
    <facility>
      <name>University of Texas Southwestern Medical Center</name>
      <address>
        <city>Dallas</city>
        <state>Texas</state>
        <zip>75390</zip>
        <country>United States</country>
      </address>
    </facility>
  </location>
  <location>
    <facility>
      <name>Baylor College of Medicine</name>
      <address>
        <city>Houston</city>
        <state>Texas</state>
        <zip>77030</zip>
        <country>United States</country>
      </address>
    </facility>
  </location>
  <location>
    <facility>
      <name>University of Wisconsin</name>
      <address>
        <city>Madison</city>
        <state>Wisconsin</state>
        <zip>53706</zip>
        <country>United States</country>
      </address>
    </facility>
  </location>
  <location>
    <facility>
      <name>University of British Columbia</name>
      <address>
        <city>Vancouver</city>
        <state>British Columbia</state>
        <zip>V6T 2B5</zip>
        <country>Canada</country>
      </address>
    </facility>
  </location>
  <location>
    <facility>
      <name>Parkwood Hospital</name>
      <address>
        <city>London</city>
        <state>Ontario</state>
        <country>Canada</country>
      </address>
    </facility>
  </location>
  <location>
    <facility>
      <name>Saint Joseph's Hospital</name>
      <address>
        <city>London</city>
        <state>Ontario</state>
        <country>Canada</country>
      </address>
    </facility>
  </location>
  <location>
    <facility>
      <name>Sunnybrook and Women's College, Health Sciences Centre, University of Toronto</name>
      <address>
        <city>Toronto</city>
        <state>Ontario</state>
        <country>Canada</country>
      </address>
    </facility>
  </location>
  <location>
    <facility>
      <name>Jewish Hospital Memory Clinic, Quebec</name>
      <address>
        <city>Montreal</city>
        <state>Quebec</state>
        <zip>H3T 1E2</zip>
        <country>Canada</country>
      </address>
    </facility>
  </location>
  <location_countries>
    <country>Canada</country>
    <country>United States</country>
  </location_countries>
  <link>
    <url>http://adni.loni.usc.edu/</url>
    <description>Laboratory of Neuro Imaging: Alzheimer's Disease Neuroimaging Initiative</description>
  </link>
  <link>
    <url>http://www.adcs.org</url>
    <description>Alzheimer's Disease Cooperative Study</description>
  </link>
  <reference>
    <citation>Frank RA, Galasko D, Hampel H, Hardy J, de Leon MJ, Mehta PD, Rogers J, Siemers E, Trojanowski JQ; National Institute on Aging Biological Markers Working Group. Biological markers for therapeutic trials in Alzheimer's disease. Proceedings of the biological markers working group; NIA initiative on neuroimaging in Alzheimer's disease. Neurobiol Aging. 2003 Jul-Aug;24(4):521-36. Review.</citation>
    <PMID>12714109</PMID>
  </reference>
  <reference>
    <citation>Grundman M, Petersen RC, Ferris SH, Thomas RG, Aisen PS, Bennett DA, Foster NL, Jack CR Jr, Galasko DR, Doody R, Kaye J, Sano M, Mohs R, Gauthier S, Kim HT, Jin S, Schultz AN, Schafer K, Mulnard R, van Dyck CH, Mintzer J, Zamrini EY, Cahn-Weiner D, Thal LJ; Alzheimer's Disease Cooperative Study. Mild cognitive impairment can be distinguished from Alzheimer disease and normal aging for clinical trials. Arch Neurol. 2004 Jan;61(1):59-66.</citation>
    <PMID>14732621</PMID>
  </reference>
  <reference>
    <citation>Petersen RC. Mild cognitive impairment clinical trials. Nat Rev Drug Discov. 2003 Aug;2(8):646-53. Review.</citation>
    <PMID>12904814</PMID>
  </reference>
  <verification_date>September 2014</verification_date>
  <!-- Old date names will be dropped in a few months (sometime in 2018)                        -->
  <lastchanged_date>September 15, 2014</lastchanged_date>
  <firstreceived_date>March 31, 2005</firstreceived_date>
  <!-- New date names                                                                           -->
  <study_first_submitted>March 31, 2005</study_first_submitted>
  <study_first_submitted_qc>March 31, 2005</study_first_submitted_qc>
  <study_first_posted type="Estimate">April 1, 2005</study_first_posted>
  <last_update_submitted>September 15, 2014</last_update_submitted>
  <last_update_submitted_qc>September 15, 2014</last_update_submitted_qc>
  <last_update_posted type="Estimate">September 16, 2014</last_update_posted>
  <!-- End of dates                                                                             -->
  <responsible_party>
    <responsible_party_type>Sponsor</responsible_party_type>
  </responsible_party>
  <keyword>neuroimaging</keyword>
  <keyword>brain metabolism</keyword>
  <keyword>biomarkers</keyword>
  <keyword>cognition disorder</keyword>
  <keyword>Mild Cognitive Impairment</keyword>
  <condition_browse>
    <!-- CAUTION:  The following MeSH terms are assigned with an imperfect algorithm            -->
    <mesh_term>Alzheimer Disease</mesh_term>
  </condition_browse>
  <!-- Results have not yet been posted for this study                                          -->
</clinical_study>

