<?xml version="1.0" encoding="UTF-8"?>
<clinical_study rank="183">
  <!-- This xml conforms to an XML Schema at:
    https://clinicaltrials.gov/ct2/html/images/info/public.xsd -->
  <required_header>
    <download_date>ClinicalTrials.gov processed this data on November 07, 2017</download_date>
    <link_text>Link to the current ClinicalTrials.gov record.</link_text>
    <url>https://clinicaltrials.gov/show/NCT00062569</url>
  </required_header>
  <id_info>
    <org_study_id>IA0044</org_study_id>
    <secondary_id>R01NR007893-01A1</secondary_id>
    <nct_id>NCT00062569</nct_id>
  </id_info>
  <brief_title>Bathing Persons With Alzheimer's Disease aT Home (The BATH Study)</brief_title>
  <official_title>Reminiscence During Bathing Persons With Alzheimer's Disease at Home</official_title>
  <sponsors>
    <lead_sponsor>
      <agency>National Institute of Nursing Research (NINR)</agency>
      <agency_class>NIH</agency_class>
    </lead_sponsor>
  </sponsors>
  <source>National Institute of Nursing Research (NINR)</source>
  <oversight_info>
    <has_dmc>No</has_dmc>
  </oversight_info>
  <brief_summary>
    <textblock>
      This study will evaluate the effectiveness of a 3-week reminiscence intervention applied
      during bathing persons with Alzheimer's disease (AD) in decreasing resistiveness to care
      (RTC), relieving patient discomfort, and improving spouse caregiver appraisals of burden,
      capabilities and confidence while bathing the patient. Reminiscence provides opportunities
      for the patient to feel good and recall pleasant memories, easily done by caregivers in a
      home setting. Home visits and telephone calls from trained nurses provide coaching and
      practice for caregivers for the preliminary phase of this study. Each couple will be enrolled
      in the study for approximately 9 weeks. The study will recruit 100 patient/spouse caregiver
      couples randomly divided into one of two groups: reminiscence with coaching, or bathing
      support (control). Bathing support will be provided to participants in both conditions
      including: individualized assessment; education regarding bathing techniques for people with
      dementia; and individualized problem solving. In addition to the bathing support
      intervention, participants in the experimental group will receive a pleasant memories
      interview and reminiscence script with coaching for implementation. Caregivers will keep a
      journal of their experiences in bathing the care recipient.
    </textblock>
  </brief_summary>
  <detailed_description>
    <textblock>
      Bath time is often distressing to persons with Alzheimer's disease (AD), leading to
      behavioral symptoms of resistiveness to care. Encountering these behaviors is distressing for
      caregivers, as well. Most studies of intervention for behavioral symptoms of AD have been
      done in nursing homes, but most care takes place in the home. The overall goal of this
      research is to improve the at-home bathing experience of both patients with AD and their
      spouse caregivers. This study builds on preliminary studies that: 1) developed observational
      measures of patient behaviors, and 2) developed and pilot tested the reminiscence during
      bathing intervention.

      This randomized clinical trial will evaluate the effectiveness of a 3-week reminiscence
      intervention, applied during bathing persons with AD, in decreasing resistiveness to care
      (RTC), relieving patient discomfort, and improving spouse caregiver appraisals of burden,
      self-efficacy with bathing, and satisfaction. Reminiscence provides an intervention that
      draws on preserved individuality and memories, easily implemented by caregivers in a home
      setting. Home visits and telephone calls provide coaching and practice for caregivers in
      implementation. The sample includes 100 patient/spouse caregiver couples, randomized into one
      of two groups: reminiscence with coaching or bathing support (control).

      Bathing support will be provided to participants in both conditions including: individualized
      assessment; education regarding bathing techniques for people with dementia; and
      individualized problem solving. In addition to the bathing support intervention, participants
      in the experimental group will receive a pleasant memories interview and reminiscence script
      with coaching for implementation. Using repeated measures design, observations will be made
      at baseline, post-intervention (5 weeks), and follow-up (8 weeks).

      In the coaching/practicing/support phase of the study, caregivers will receive 1-hour home
      visits by a Nurse Interventionist (NI) for two weeks with caregiver practice and telephone
      support in between the in-home coaching/support visits. During the home visits, the NI will:
      (a) review the written reminiscence script and &quot;crib sheet&quot; with the spouse and role-model
      its use, (b) discuss instructions for delivering the reminiscence intervention to the patient
      immediately prior to and during the bath/shower, (c) teach the spouse to record patient
      behavior and intervention intensity using visual analog scales, and (d) review general
      approaches to bathing including a calm, unhurried approach, smiling, eye contact, brief
      description of what to expect, simple directions with time for the patient to respond,
      encourage patient participation, try not to respond to negative behaviors, praise for
      positive behaviors. Spouse caregivers will be encouraged to practice using the reminiscence
      intervention with every bath/shower for a 2-week period and to record the frequency of
      program implementation throughout the week on the data sheets.
    </textblock>
  </detailed_description>
  <overall_status>Completed</overall_status>
  <start_date>September 2002</start_date>
  <completion_date type="Actual">June 2006</completion_date>
  <primary_completion_date type="Actual">June 2006</primary_completion_date>
  <phase>N/A</phase>
  <study_type>Interventional</study_type>
  <has_expanded_access>No</has_expanded_access>
  <study_design_info>
    <allocation>Randomized</allocation>
    <intervention_model>Parallel Assignment</intervention_model>
    <masking>None (Open Label)</masking>
  </study_design_info>
  <primary_outcome>
    <measure>Care Recipient: Resistiveness to care; discomfort</measure>
    <time_frame>Baseline, post 3-week intervention, and 3-week follow-up.</time_frame>
  </primary_outcome>
  <primary_outcome>
    <measure>Caregiver: Self-efficacy; interactive behaviors</measure>
    <time_frame>Baseline, post 3-week intervention, and 3-week follow-up.</time_frame>
  </primary_outcome>
  <secondary_outcome>
    <measure>Caregiver burden &amp; satisfaction</measure>
    <time_frame>Baseline, post 3-week intervention, and 3-week follow-up.</time_frame>
  </secondary_outcome>
  <number_of_arms>2</number_of_arms>
  <enrollment type="Actual">90</enrollment>
  <condition>Alzheimer Disease</condition>
  <arm_group>
    <arm_group_label>1</arm_group_label>
    <arm_group_type>Experimental</arm_group_type>
  </arm_group>
  <arm_group>
    <arm_group_label>2</arm_group_label>
    <arm_group_type>Experimental</arm_group_type>
  </arm_group>
  <intervention>
    <intervention_type>Behavioral</intervention_type>
    <intervention_name>Bathing Support Intervention (BSI)</intervention_name>
    <description>Bathing Support Intervention - Review of caregiver current practices and perceptions and care recipient behavioral symptoms associated with bathing with pattern analysis based on observation; skill building for bathing and communication techniques; coaching for implementation</description>
    <arm_group_label>1</arm_group_label>
  </intervention>
  <intervention>
    <intervention_type>Behavioral</intervention_type>
    <intervention_name>Caregiver reminiscence with coaching</intervention_name>
    <description>BSI plus Reminiscence - BSI as above plus caregiver interview to ascertain pleasant long-term memories (e.g. stories, pictures, music) developed into a &quot;crib sheet&quot; for caregiver use conversationally prior to and during the bath</description>
    <arm_group_label>2</arm_group_label>
  </intervention>
  <eligibility>
    <criteria>
      <textblock>
        Inclusion:

          -  Have a diagnosis of probable Alzheimer's disease or a related disorder according to
             standard criteria.

          -  Have functional dependence in bathing;

          -  Demonstrate resistiveness to care during bathing;

          -  Live in the community in a home setting (house, apartment, condominium);

          -  Have a primary caregiver spouse or partner who lives with the care recipient and
             agrees to be in the study; and

          -  Have no anticipated admission for long term care within 3 months.

          -  Must be married couples or life partners living with Alzheimer's disease or related
             disorder living within a 15-mile radius of Boston College.

          -  Spouse or caregiver partner is the primary caregiver, including assistance with
             bathing.

          -  Women and minorities are encouraged to participate.

        Exclusion:

          -  Severe concomitant medical conditions of patient or spouse.

          -  Not fluent in English.

          -  Couple resides in an institutional setting.

          -  Couple anticipates a significant change of living situation within three months.

          -  Couple does not meet the above inclusion criteria.
      </textblock>
    </criteria>
    <gender>All</gender>
    <minimum_age>60 Years</minimum_age>
    <maximum_age>N/A</maximum_age>
    <healthy_volunteers>No</healthy_volunteers>
  </eligibility>
  <overall_official>
    <last_name>Ellen K. Mahoney, DNS, RN</last_name>
    <role>Principal Investigator</role>
    <affiliation>Boston College, William F. Connell School of Nursing</affiliation>
  </overall_official>
  <location>
    <facility>
      <name>Boston College, William F. Connell School of Nursing</name>
      <address>
        <city>Chestnut Hill</city>
        <state>Massachusetts</state>
        <zip>02467-3812</zip>
        <country>United States</country>
      </address>
    </facility>
  </location>
  <location_countries>
    <country>United States</country>
  </location_countries>
  <reference>
    <citation>Mahoney EK, Hurley AC, Volicer L, Bell M, Gianotis P, Hartshorn M, Lane P, Lesperance R, MacDonald S, Novakoff L, Rheaume Y, Timms R, Warden V. Development and testing of the Resistiveness to Care Scale. Res Nurs Health. 1999 Feb;22(1):27-38.</citation>
    <PMID>9928961</PMID>
  </reference>
  <reference>
    <citation>Moss SE, Polignano E, White CL, Minichiello MD, Sunderland T. Reminiscence group activities and discourse interaction in Alzheimer's disease. J Gerontol Nurs. 2002 Aug;28(8):36-44.</citation>
    <PMID>12219552</PMID>
  </reference>
  <reference>
    <citation>Mahoney E, Volicer L, Hurley A. (2000). Managing Challenging Behaviors in Persons with Dementia. Baltimore, MD: Health Professions Press.</citation>
  </reference>
  <verification_date>March 2009</verification_date>
  <!-- Old date names will be dropped in a few months (sometime in 2018)                        -->
  <lastchanged_date>March 10, 2009</lastchanged_date>
  <firstreceived_date>June 9, 2003</firstreceived_date>
  <!-- New date names                                                                           -->
  <study_first_submitted>June 9, 2003</study_first_submitted>
  <study_first_submitted_qc>June 11, 2003</study_first_submitted_qc>
  <study_first_posted type="Estimate">June 12, 2003</study_first_posted>
  <last_update_submitted>March 10, 2009</last_update_submitted>
  <last_update_submitted_qc>March 10, 2009</last_update_submitted_qc>
  <last_update_posted type="Estimate">March 12, 2009</last_update_posted>
  <!-- End of dates                                                                             -->
  <responsible_party>
    <name_title>Ellen K. Mahoney</name_title>
    <organization>Boston College</organization>
  </responsible_party>
  <keyword>Alzheimer disease</keyword>
  <keyword>Resistiveness to baths</keyword>
  <keyword>Caregiver stress</keyword>
  <keyword>Bathing support intervention</keyword>
  <keyword>Reminiscence</keyword>
  <keyword>Agitated behavior</keyword>
  <keyword>Resistiveness to care</keyword>
  <condition_browse>
    <!-- CAUTION:  The following MeSH terms are assigned with an imperfect algorithm            -->
    <mesh_term>Alzheimer Disease</mesh_term>
  </condition_browse>
  <!-- Results have not yet been posted for this study                                          -->
</clinical_study>

