<?xml version="1.0" encoding="UTF-8"?>
<clinical_study rank="344">
  <!-- This xml conforms to an XML Schema at:
    https://clinicaltrials.gov/ct2/html/images/info/public.xsd -->
  <required_header>
    <download_date>ClinicalTrials.gov processed this data on November 07, 2017</download_date>
    <link_text>Link to the current ClinicalTrials.gov record.</link_text>
    <url>https://clinicaltrials.gov/show/NCT00409279</url>
  </required_header>
  <id_info>
    <org_study_id>IA0097</org_study_id>
    <secondary_id>Project #195</secondary_id>
    <nct_id>NCT00409279</nct_id>
  </id_info>
  <brief_title>An Innovative Psychosocial Intervention for Adult-Child Caregivers of Parents With Alzheimer's Disease</brief_title>
  <official_title>An Innovative Psychosocial Intervention for Adult-Child Caregivers of Parents With Alzheimer's Disease</official_title>
  <sponsors>
    <lead_sponsor>
      <agency>The Jacob and Valeria Langeloth Foundation</agency>
      <agency_class>Other</agency_class>
    </lead_sponsor>
  </sponsors>
  <source>National Institute on Aging (NIA)</source>
  <oversight_info>
    <has_dmc>Yes</has_dmc>
  </oversight_info>
  <brief_summary>
    <textblock>
      The goal of this project is to test an intervention designed to reduce the incidence and
      magnitude of the negative effects, specifically stress, anxiety, and depression, frequently
      experienced by adult children who are caregivers of a parent with Alzheimer's disease (AD).
    </textblock>
  </brief_summary>
  <detailed_description>
    <textblock>
      Caring for an elderly parent is a growing societal problem, and many studies have shown that
      caring for a person with dementia can have a negative impact on a caregiver's psychological
      and physical health, social life and career, and relationship with the patient. Stress and
      coping models proposed in the AD caregiving literature, and general stress and coping
      theories suggest that by improving caregivers' ability to cope and master the caregiving
      situation, it is possible to avoid or ameliorate the negative emotional consequences of
      caregiving.

      Building upon the results of a pilot study, this study will formally test the efficacy of a
      psychosocial intervention, based on a concept of caregiving that builds on the interests,
      activities, and responsibilities of both the caregiver and patient in creating a care
      strategy. The intervention is designed to reduce the negative effects frequently experienced
      by adult children who care for a parent in the middle stage of Alzheimer's disease.
      Caregivers will learn to engage with their parents in activities that are within the
      patients' remaining functional and cognitive abilities. Caregivers will also be encouraged to
      teach activities to other family members and paid caregivers. The study will also evaluate a
      lower level of intervention, based on written materials.

      It is expected that by increasing knowledge about AD and providing what may be a new
      conceptual approach to relating to a parent at this point in the disease process, 1)
      caregivers and patients may experience a higher level of satisfaction and gratification from
      their interactions, 2) caregivers will gain a sense of control and mastery over a difficult
      situation and thus feel more capable of coping and 3) the patient may maintain a higher level
      of functioning.

      A randomized treatment/control design will be used, and adult-child caregivers who
      participate will be assigned to one of the two levels of intervention, each designed to
      reduce stress, anxiety and depression. The benefits of each intervention will be evaluated by
      looking at the change in scores on widely used measures of the anticipated outcomes among
      caregivers in each group, and their relative benefits will be tested by comparing scores of
      the caregivers in the two groups at two follow-up points, six and nine months after baseline.
    </textblock>
  </detailed_description>
  <overall_status>Unknown status</overall_status>
  <last_known_status>Recruiting</last_known_status>
  <start_date>September 2003</start_date>
  <completion_date type="Anticipated">April 2008</completion_date>
  <primary_completion_date type="Anticipated">April 2008</primary_completion_date>
  <phase>N/A</phase>
  <study_type>Interventional</study_type>
  <has_expanded_access>No</has_expanded_access>
  <study_design_info>
    <allocation>Randomized</allocation>
    <intervention_model>Parallel Assignment</intervention_model>
    <masking>Single (Investigator)</masking>
  </study_design_info>
  <primary_outcome>
    <measure>Changes in measures of depression, stress, and anxiety</measure>
    <time_frame>six and nine months from baseline</time_frame>
  </primary_outcome>
  <number_of_arms>2</number_of_arms>
  <enrollment type="Anticipated">100</enrollment>
  <condition>Alzheimer Disease</condition>
  <arm_group>
    <arm_group_label>1</arm_group_label>
    <arm_group_type>Experimental</arm_group_type>
    <description>multi-component psychosocial intervention</description>
  </arm_group>
  <arm_group>
    <arm_group_label>2</arm_group_label>
    <arm_group_type>No Intervention</arm_group_type>
  </arm_group>
  <intervention>
    <intervention_type>Behavioral</intervention_type>
    <intervention_name>Information, counseling and support</intervention_name>
    <description>individual-family consultation, support group, and ad hoc consultation</description>
    <arm_group_label>1</arm_group_label>
  </intervention>
  <eligibility>
    <criteria>
      <textblock>
        Inclusion Criteria:

          -  Men or women between the ages of 21 and 90

          -  Adult-child caring for at least one parent who has been diagnosed with Alzheimer's
             disease and is in the moderate stage

          -  Person with Alzheimer's disease must be living at home or in a congregate residential
             setting that is like a home

          -  Caregiver must be willing to complete intake and follow-up questionnaires

          -  Caregiver must be willing to attend 2 workshops and 1 individual counseling session

        Exclusion Criteria:

          -  Severe psychological or physical illness

          -  Unwillingness to participate in all aspects of the study
      </textblock>
    </criteria>
    <gender>All</gender>
    <minimum_age>21 Years</minimum_age>
    <maximum_age>90 Years</maximum_age>
    <healthy_volunteers>No</healthy_volunteers>
  </eligibility>
  <overall_official>
    <last_name>Mary S. Mittelman, DrPH</last_name>
    <role>Principal Investigator</role>
    <affiliation>NYU School of Medicine</affiliation>
  </overall_official>
  <overall_contact>
    <last_name>Olanta Barton</last_name>
    <phone>212-263-5710</phone>
    <email>olanta.barton@med.nyu.edu</email>
  </overall_contact>
  <location>
    <facility>
      <name>Aging and Dementia Research Center, Silberstein Institute, NYU School of Medicine</name>
      <address>
        <city>New York</city>
        <state>New York</state>
        <zip>10016</zip>
        <country>United States</country>
      </address>
    </facility>
    <status>Recruiting</status>
    <contact>
      <last_name>Olanta Barton</last_name>
      <phone>212-263-5710</phone>
      <email>olanta.barton@med.nyu.edu</email>
    </contact>
  </location>
  <location_countries>
    <country>United States</country>
  </location_countries>
  <reference>
    <citation>Mittelman MS, Ferris SH, Shulman E, Steinberg G, Ambinder A, Mackell JA, Cohen J. A comprehensive support program: effect on depression in spouse-caregivers of AD patients. Gerontologist. 1995 Dec;35(6):792-802.</citation>
    <PMID>8557206</PMID>
  </reference>
  <reference>
    <citation>Mittelman MS, Ferris SH, Shulman E, Steinberg G, Levin B. A family intervention to delay nursing home placement of patients with Alzheimer disease. A randomized controlled trial. JAMA. 1996 Dec 4;276(21):1725-31.</citation>
    <PMID>8940320</PMID>
  </reference>
  <verification_date>February 2008</verification_date>
  <!-- Old date names will be dropped in a few months (sometime in 2018)                        -->
  <lastchanged_date>February 28, 2008</lastchanged_date>
  <firstreceived_date>December 7, 2006</firstreceived_date>
  <!-- New date names                                                                           -->
  <study_first_submitted>December 7, 2006</study_first_submitted>
  <study_first_submitted_qc>December 7, 2006</study_first_submitted_qc>
  <study_first_posted type="Estimate">December 8, 2006</study_first_posted>
  <last_update_submitted>February 28, 2008</last_update_submitted>
  <last_update_submitted_qc>February 28, 2008</last_update_submitted_qc>
  <last_update_posted type="Estimate">March 3, 2008</last_update_posted>
  <!-- End of dates                                                                             -->
  <responsible_party>
    <name_title>Joseph E. Gaugler, Ph.D., Assistant Professor</name_title>
    <organization>University of Minnesota, School of Nursing</organization>
  </responsible_party>
  <keyword>Aging</keyword>
  <keyword>Parent / Adult-child interaction</keyword>
  <keyword>Family caregivers</keyword>
  <keyword>Alzheimer's</keyword>
  <keyword>Caregiving</keyword>
  <condition_browse>
    <!-- CAUTION:  The following MeSH terms are assigned with an imperfect algorithm            -->
    <mesh_term>Alzheimer Disease</mesh_term>
  </condition_browse>
  <!-- Results have not yet been posted for this study                                          -->
</clinical_study>

