<?xml version="1.0" encoding="UTF-8"?>
<clinical_study rank="426">
  <!-- This xml conforms to an XML Schema at:
    https://clinicaltrials.gov/ct2/html/images/info/public.xsd -->
  <required_header>
    <download_date>ClinicalTrials.gov processed this data on November 07, 2017</download_date>
    <link_text>Link to the current ClinicalTrials.gov record.</link_text>
    <url>https://clinicaltrials.gov/show/NCT03112096</url>
  </required_header>
  <id_info>
    <org_study_id>THK-15001</org_study_id>
    <nct_id>NCT03112096</nct_id>
  </id_info>
  <brief_title>A Phase I [18F]THK-5351 Positron Emission Tomography Study in Healthy Subjects and Alzheimer's Disease</brief_title>
  <official_title>A Phase I [18F]THK-5351 Positron Emission Computed Tomography Study of Biodistribution, Pharmacokinetics and Safety in Cognitively Healthy Subjects and Patients With Alzheimer's Disease</official_title>
  <sponsors>
    <lead_sponsor>
      <agency>Asan Foundation</agency>
      <agency_class>Other</agency_class>
    </lead_sponsor>
  </sponsors>
  <source>Asan Foundation</source>
  <oversight_info>
    <has_dmc>No</has_dmc>
    <is_fda_regulated_drug>No</is_fda_regulated_drug>
    <is_fda_regulated_device>No</is_fda_regulated_device>
  </oversight_info>
  <brief_summary>
    <textblock>
      This is a study to evaluate biodistribution, pharmacokinetics and safety of [18F]THK-5351
      positron emission computed tomography in Cognitively Healthy Subjects and Patients with
      Alzheimer's Disease.
    </textblock>
  </brief_summary>
  <detailed_description>
    <textblock>
      This is a study to evaluate biodistribution, pharmacokinetics and safety of [18F]THK-5351
      positron emission computed tomography. Ten cognitively healthy subjects and 10 patients with
      Alzheimer's Disease will be enrolled. The primary outcome measures are to evaluate
      pharmacokinetics of [18F]THK-5351 Positron Emission Tomography imaging . Tracer
      biodistribution will be evaluated by global and regional standardized uptake value ratio of
      [18F]THK-5351 in the brain. Safety. For safety assessment, a physical examination,
      Electrocardiogram and vital signs will be performed at baseline and at the completion of all
      imaging to assess for interval change.
    </textblock>
  </detailed_description>
  <overall_status>Recruiting</overall_status>
  <start_date type="Actual">May 17, 2017</start_date>
  <completion_date type="Anticipated">August 30, 2018</completion_date>
  <primary_completion_date type="Anticipated">August 30, 2018</primary_completion_date>
  <phase>Phase 1</phase>
  <study_type>Interventional</study_type>
  <has_expanded_access>No</has_expanded_access>
  <study_design_info>
    <allocation>Non-Randomized</allocation>
    <intervention_model>Parallel Assignment</intervention_model>
    <primary_purpose>Diagnostic</primary_purpose>
    <masking>Single (Investigator)</masking>
  </study_design_info>
  <primary_outcome>
    <measure>Pharmacokinetics: Maximum Serum Concentration (Cmax) of [18F]THK-5351</measure>
    <time_frame>0-90 minutes post injection</time_frame>
    <description>Compare time activity curve and calculate maximum serum concentration (Cmax) of each region of interest of [18F]THK-5351 positron emission computed tomography in cognitively healthy subjects and patients with Alzheimer's disease</description>
  </primary_outcome>
  <primary_outcome>
    <measure>Assess global and regional tau deposition as measured by standard uptake value ratio (SUVR) of [18F]THK-5351</measure>
    <time_frame>0-90 minutes post injection or 50-70 minutes post injection</time_frame>
    <description>Compare Standard uptake value ratio (SUVR) and distribution of [18F]THK-5351 in cognitively healthy subjects and patients with Alzheimer's disease</description>
  </primary_outcome>
  <secondary_outcome>
    <measure>Correlation between standard uptake value ratio (SUVR) and distribution volume of ratio(DVR) of [18F]THK-5351 positron emission computed tomography</measure>
    <time_frame>0-90 minutes post injection or 50-70 minutes post injection</time_frame>
    <description>We will evaluate correlation between standard uptake value ratio (SUVR) and distribution volume of ratio(DVR) of[18F]THK-5351 positron emission computed tomography</description>
  </secondary_outcome>
  <secondary_outcome>
    <measure>Optimal scanning time for brain imaging using F-18 THK-5351.</measure>
    <time_frame>0-90 minutes post injection</time_frame>
    <description>PET data will be acquired during a 90-min dynamic brain PET scan and will be started simultaneously with the injection of 10mCi of F-18 THK-5351. Reconstruction of PET imaging with several time frame will be compared.</description>
  </secondary_outcome>
  <secondary_outcome>
    <measure>Concentrations of metabolite in plasma of [18F]THK-5351</measure>
    <time_frame>0-90 minutes post injection or 50-70 minutes post injection</time_frame>
    <description>Plasma metabolite concentrations [18F]THK-5351 will be assessed.</description>
  </secondary_outcome>
  <secondary_outcome>
    <measure>Number of participants with treatment related adverse events as a measure of safety</measure>
    <time_frame>0-90 minutes post injection or 50-70 minutes post injection</time_frame>
    <description>For safety assessment, a physical examination, EKG and vital signs will be performed at baseline and at the completion of all imaging to assess for interval change.</description>
  </secondary_outcome>
  <number_of_arms>2</number_of_arms>
  <enrollment type="Anticipated">20</enrollment>
  <condition>Alzheimer Disease</condition>
  <arm_group>
    <arm_group_label>Cognitively Healthy Subjects</arm_group_label>
    <arm_group_type>Experimental</arm_group_type>
    <description>Cognitively healthy subjects will receive an IV injection, [18F]THK-5351 injection</description>
  </arm_group>
  <arm_group>
    <arm_group_label>Alzheimer's Disease Subjects</arm_group_label>
    <arm_group_type>Experimental</arm_group_type>
    <description>Cognitively healthy subjects will receive an IV injection, [18F]THK-5351 injection</description>
  </arm_group>
  <intervention>
    <intervention_type>Drug</intervention_type>
    <intervention_name>[18F]THK-5351</intervention_name>
    <description>Imaging for evaluating the biodistribution, pharmacokinetics and safety of abnormal tau protein in the brain</description>
    <arm_group_label>Cognitively Healthy Subjects</arm_group_label>
    <arm_group_label>Alzheimer's Disease Subjects</arm_group_label>
    <other_name>FluoroTau</other_name>
  </intervention>
  <eligibility>
    <criteria>
      <textblock>
        Inclusion Criteria;

        - General Subject Inclusion Criteria

        In order to be eligible for participation in this trial, the subject must:

          1. Be able to read at a 6th grade level or equivalent, (as determined by the
             investigator, and must have a history of academic achievement and/or employment
             sufficient to exclude mental retardation.)

          2. Be able to speak, read, hear, and understand the language of the trial staff, and the
             informed consent form, and possess the ability to respond verbally to questions,
             follow instructions, and complete questionnaires and detailed neuropsychological test.

          3. Have results of clinical laboratory tests/physical examination, vital signs, and
             Electrocardiogram within normal limits (at 45 days prior to [18F]THK-5351 Positron
             Emission Tomography scan ) or clinically acceptable to the investigator at screening.

          4. Be able to possess the ability to respond verbally to questions, follow instructions,
             and underwent research assessment, including brain images based on the investigator's
             judgment. Each subject is also able and willing to adhere visit schedules.

          5. If female, not be of childbearing potential as indicated by one of the following

               1. has reached natural menopause, defined as ≥ 24 months of spontaneous amenorrhea
                  or

               2. has had a hysterectomy; or

               3. has had a bilateral oophorectomy (with or without a hysterectomy) and more than 6
                  weeks have passed since the surgery.

          6. Each subject (or legal representative) must sign the informed consent form in
             accordance with local requirements after the scope and nature of the investigation
             have been explained to them, and before screening assessments.

             - Normal Subject Inclusion Criteria

          1. . Be ≥ 20 years of age at the screening visit

          2. Each subject must not report a history of memory decline with gradual onset and slow
             progression, that is either corroborated by an informant who knows the subject well or
             is documented in medical records. Each subject must have general cognitive function
             and activities of daily living sufficiently intact, based on clinical assessment, so
             as not to meet criteria for mild AD dementia (based on DSM-IV-TR(Diagnostic and
             Statistical Manual of Mental Disorders, 4th Edition) and NINCDS-ADRDA(National
             Institute of Neurological and Communicative Disorders and Stroke; Alzheimer's Disease
             and Related Disorders Association) criteria).

          3. Each subject must have results of Korean-Mini Mental State Exam (K-MMSE) at screening
             that is ≥1.5 SD above the appropriate population mean, corrected age and education.

          4. Each subject must not have objective impairment in memory at screening that is ≥1.5 SD
             above the appropriate population mean, corrected age and education, as measured by the
             Seoul Verbal Learning Test (SVLT) delayed recall score of the Seoul Neuropsychological
             Screening Battery (SNSB)-Ⅱ.

          5. Each subject must have normal level of general cognitive function and activities of
             daily living sufficiently intact, that is 0 score as measured by the Clinical Dementia
             Rating (CDR).

          6. Each subject must have an MRI scan obtained at screening that supports diagnosing the
             current status of normal cognition. The MRI for research must be consistent and
             sufficient in quality enough to analyze volume of interest (VOI) with partial volume
             correction (Detailed protocol is described in the MRI scanning manual).

          7. Each subject must be willing to provided blood samples for genotyping apolipoprotein
             E.

               -  Alzheimer's Disease Inclusion Criteria

          1. Be ≥ 50 and &lt; 80 years of age at the Screening Visit.

          2. Each subject must have general cognitive function and activities of daily living
             impairment, based on clinical assessment, so as to meet criteria for AD dementia
             (based on DSM-IV-TR and NINCDS-ADRDA criteria).

          3. Each subject's K-MMSE score ranges 15-26 and CDR 0.5, 1 or 2.

          4. Each subject must have a Rosen-modified Hachinski Ischemia Score ≤ 4 at Screening.

          5. Each subject must have a reliable and competent trial partner/informant who must have
             a close relationship with the subject, and can be accompanied at all visits in this
             study.

          6. Each subject must have an MRI scan obtained at screening that supports diagnosing
             Alzheimer's disease. The MRI for research must be consistent and sufficient in quality
             enough to analyze volume of interest (VOI) with partial volume correction (Detailed
             protocol is described in the MRI scanning manual).

          7. If receiving some medications, be on a stable dose for at least the 4 weeks before
             performing THK5351 PET scan, and the subject must be willing to remain on the same
             dose for the duration of the trial.

          8. Each subject must be willing to provided blood samples for genotyping ApoE.

          9. Each subject must shows positive in amyloid PET scan.

        Exclusion Criteria:

        The subject must be excluded from participating in the trial if the subject fulfil any
        single criteria described below:

          -  General Exclusion Criteria 1. Based on the investigators' judgement, if the patient is
             not capable of communicating with the site personnel, if the patient is not proficient
             in the language in which the psychometric tests will be completed, or if the patient
             is not sufficient for compliance with the study procedures.

             2. The patient has an abnormal physical examination, abnormal laboratory test or
             electrocardiography results at the screening that are clinically significant to affect
             results of the research, as judged by the investigator.

             3. If the patient has or is suspicious of having a hypersensitivity or allergy to
             [18F] THK-5351 or its derivatives.

             4. The patient is pregnant, is attempting to become pregnant, or is nursing
             (breast-feeding) children.

             5. The patient has a history of alcoholism or drug dependency/abuse within the last 2
             years before screening.

             6. The patient has contraindications to undergo PET or MRI, which include but are not
             restricted to the examples below: claustrophobia, cardiac pacemaker, metal devices
             around the eye or spinal cord, cochlear implant, etc.) at the screening visit.

             7. The patient has been treated with any investigational medicinal product (IMP)
             within 30 days prior to the screening visit.

             8. The patient has been tested positive for hepatitis B surface antigen (HBsAg),
             hepatitis C virus antibodies (anti-HCV), HIV Antibody, or syphilis serum test at the
             screening visit.

             9. The patient has been receiving an anti-cholinergic drug in a regular basis within 3
             months prior to the screening visit.

             10. The patient has evidence of a clinically relevant neurological disorders other
             than the disease being studied (i.e., prodromal AD) at screening, including but not
             limited to: territorial cerebral infarction, intracranial hemorrhage, multiple
             sclerosis, neurosyphilis, mental retardation, hypoxic encephalopathy, major head
             trauma with loss of consciousness that led to persistent cognitive deficits.

             11. The patients has disorders related to blood coagulation which could be
             inappropriate for arterial or venous sampling.

          -  Normal Subject Exclusion Criteria 1. The patient has evidence of a clinically
             significant medical disorder, neurological disorder, has an abnormal physical
             examination or abnormal laboratory evaluations from the screening visit, or has other
             abnormal findings that are clinically significant, as judged by the investigator.

             2. The patient has more than one direct family members who were diagnosed with
             Alzheimer's disease.

          -  Alzheimer's Disease Exclusion Criteria

               1. The patient has evidence of any clinically significant neurodegenerative disease,
                  or other serious neurological disorders other than AD including but not limited
                  to stroke, traumatic brain injury, non-Alzheimer tauopathy, Parkinson's disease,
                  or has evidence of a clinically relevant or unstable psychiatric disorders,
                  including but not limited to major depression, schizophrenia, or bipolar
                  disorder.

               2. The patient has more than two direct family members who were diagnosed with
                  Alzheimer's disease.

               3. The patient has a stroke or an evidence of significant cerebrovascular disease
                  from screening imaging scan that is clinically important in the investigator's
                  opinion.

               4. The patient has received any of the treatments targeting tau protein prior to
                  [18F]THK-5351 PET scan.
      </textblock>
    </criteria>
    <gender>All</gender>
    <minimum_age>20 Years</minimum_age>
    <maximum_age>80 Years</maximum_age>
    <healthy_volunteers>Accepts Healthy Volunteers</healthy_volunteers>
  </eligibility>
  <overall_official>
    <last_name>JaeEun Kim</last_name>
    <role>Study Director</role>
    <affiliation>Asan Foundation</affiliation>
  </overall_official>
  <overall_contact>
    <last_name>JaeEun Kim</last_name>
    <phone>+82-2-3010-4572</phone>
    <phone_ext>4571</phone_ext>
    <email>kje0216@amc.seoul.kr</email>
  </overall_contact>
  <overall_contact_backup>
    <last_name>Minyoung Oh, Ph.D</last_name>
    <phone>+82-2-3010-1447</phone>
    <email>my@amc.seoul.kr</email>
  </overall_contact_backup>
  <location>
    <facility>
      <name>Asan Medical Center</name>
      <address>
        <city>Seoul</city>
        <zip>05505</zip>
        <country>Korea, Republic of</country>
      </address>
    </facility>
    <status>Recruiting</status>
    <contact>
      <last_name>JaeEun Kim</last_name>
      <phone>+82-2-3010-4572</phone>
      <email>kje0216@amc.seoul.kr</email>
    </contact>
    <investigator>
      <last_name>Jae Seung Kim, M.D.,Ph.D.</last_name>
      <role>Principal Investigator</role>
    </investigator>
    <investigator>
      <last_name>Jae Hong Lee, M.D.,Ph.D.</last_name>
      <role>Sub-Investigator</role>
    </investigator>
    <investigator>
      <last_name>Seung Jun Oh, Ph.D.</last_name>
      <role>Sub-Investigator</role>
    </investigator>
    <investigator>
      <last_name>Minyoung Oh, M.D.,Ph.D.</last_name>
      <role>Sub-Investigator</role>
    </investigator>
    <investigator>
      <last_name>Jee Hoon Roh, M.D.,Ph.D.</last_name>
      <role>Sub-Investigator</role>
    </investigator>
  </location>
  <location_countries>
    <country>Korea, Republic of</country>
  </location_countries>
  <verification_date>May 2017</verification_date>
  <!-- Old date names will be dropped in a few months (sometime in 2018)                        -->
  <lastchanged_date>May 17, 2017</lastchanged_date>
  <firstreceived_date>March 26, 2017</firstreceived_date>
  <!-- New date names                                                                           -->
  <study_first_submitted>March 26, 2017</study_first_submitted>
  <study_first_submitted_qc>April 12, 2017</study_first_submitted_qc>
  <study_first_posted type="Actual">April 13, 2017</study_first_posted>
  <last_update_submitted>May 17, 2017</last_update_submitted>
  <last_update_submitted_qc>May 17, 2017</last_update_submitted_qc>
  <last_update_posted type="Actual">May 18, 2017</last_update_posted>
  <!-- End of dates                                                                             -->
  <responsible_party>
    <responsible_party_type>Sponsor</responsible_party_type>
  </responsible_party>
  <keyword>Tau</keyword>
  <keyword>neurodegeneration</keyword>
  <keyword>positron emission tomography</keyword>
  <condition_browse>
    <!-- CAUTION:  The following MeSH terms are assigned with an imperfect algorithm            -->
    <mesh_term>Alzheimer Disease</mesh_term>
  </condition_browse>
  <patient_data>
    <sharing_ipd>Undecided</sharing_ipd>
  </patient_data>
  <!-- Results have not yet been posted for this study                                          -->
</clinical_study>

