<?xml version="1.0" encoding="UTF-8"?>
<clinical_study rank="164">
  <!-- This xml conforms to an XML Schema at:
    https://clinicaltrials.gov/ct2/html/images/info/public.xsd -->
  <required_header>
    <download_date>ClinicalTrials.gov processed this data on November 07, 2017</download_date>
    <link_text>Link to the current ClinicalTrials.gov record.</link_text>
    <url>https://clinicaltrials.gov/show/NCT01948791</url>
  </required_header>
  <id_info>
    <org_study_id>CENA713BCN05</org_study_id>
    <nct_id>NCT01948791</nct_id>
  </id_info>
  <brief_title>16w Interventional Study on Titration and Dose/Efficacy Assessment of Exelon in Chinese Alzheimer's Disease Patients</brief_title>
  <acronym>INSTINCT</acronym>
  <official_title>16 Weeks Interventional Study on Titration and Dose/Efficacy Assessment of Exelon (Rivastigmine) in Chinese Alzheimer's Disease Patients (INSTINCT)</official_title>
  <sponsors>
    <lead_sponsor>
      <agency>Novartis Pharmaceuticals</agency>
      <agency_class>Industry</agency_class>
    </lead_sponsor>
  </sponsors>
  <source>Novartis</source>
  <oversight_info>
    <has_dmc>No</has_dmc>
  </oversight_info>
  <brief_summary>
    <textblock>
      To investigate the efficacy of Exelon capsule at maximal tolerated dose in mild to moderate
      Chinese AD patients via dosage titration from 3mg/d to 12mg/d in a 16 weeks duration
    </textblock>
  </brief_summary>
  <overall_status>Completed</overall_status>
  <start_date>August 2014</start_date>
  <completion_date type="Actual">September 2015</completion_date>
  <primary_completion_date type="Actual">September 2015</primary_completion_date>
  <phase>Phase 4</phase>
  <study_type>Interventional</study_type>
  <has_expanded_access>No</has_expanded_access>
  <study_design_info>
    <intervention_model>Single Group Assignment</intervention_model>
    <primary_purpose>Treatment</primary_purpose>
    <masking>None (Open Label)</masking>
  </study_design_info>
  <primary_outcome>
    <measure>Mean Change From Baseline in the Alzheimer's Disease Assessment Scale - Cognitive Subscale (ADAS-cog)</measure>
    <time_frame>Baseline, Week 16</time_frame>
    <description>The Alzheimer's Disease Assessment Scale - cognitive subscale (ADAS-cog) was used to measure change in cognitive function. Alzheimer's disease assessment scale (ADAS) is a scale to measure specific cognitive and behavior disorders in Alzheimer disease (AD) patients. The Alzheimer's disease assessment scale-cognitive subscale (ADAS-Cog) provides a total score range 0-70, and consists of 11 items with lower score indicating lighter impairment and higher total scores indicating more impairment. A negative change score indicates improvement from baseline. Two-sided 95% CI of the difference in the means between baseline and post-baseline values were calculated.</description>
  </primary_outcome>
  <secondary_outcome>
    <measure>Change From Baseline in the Alzheimer's Disease Cooperative Study-Activities of Daily Living (ADCS-ADL) Score</measure>
    <time_frame>Baseline, Week 16</time_frame>
    <description>ADCS-ADL is a scale based on caregiver's assessment of patient's activities of daily life. It is used in clinical studies on dementia &amp; consists of 23 items and is designed to assess patient's basic &amp; instrumental activities of daily life, such as the abilities necessary for personal care, communicating &amp; interacting with other people, maintaining a household, conducting hobbies &amp; interests, &amp; making judgments &amp; decisions. Response to each item is obtained by interview with the caregiver. The basic activities of daily life domain includes mandatory options for best response, or &quot;yes&quot; or &quot;no&quot; questions with separate sub-questions. Higher score &amp; more &quot;yes&quot; answers indicate better level of self-care of patient. Therefore the higher the total score is, the better the patient's functions. The total score is the sum of the scores of all the items &amp; sub-questions,&amp; ranges from 0 to 78. Two-sided 95% CI of the difference in the means between baseline and post-baseline values were calculated.</description>
  </secondary_outcome>
  <secondary_outcome>
    <measure>Change From Baseline in Mini-Mental State Examination (MMSE)</measure>
    <time_frame>Baseline, Week 16</time_frame>
    <description>MMSE was used to determine patient's eligibility to participate, is an easy &amp; practical screening test to identify cognitive disorders. Test consists of 2 parts: language (time orientation, registration &amp; attention) &amp; performance (recall, response to written/verbal commands, writing ability &amp; reproduction of complex polygons); total score range: 0-30; higher score = better function. Positive change score = improvement from baseline. To meet eligibility criteria, patient's MMSE total score at screening had to be 10-26 (inclusive). Interpretation of MMSE by 4 methods: Single Cut0ff: &lt;24=abnormal; Range: &lt;21=Increased odds of dementia; &gt;25=Decreased odds of dementia; Education: 21- abnormal for 8th grade education, &lt;23=abnormal for high school education, &lt;24=abnormal for college education; Severity: 24-30=no cognitive impairment, 18-23=mild cognitive impairment, 0-17=severe cognitive impairment. 2-sided 95% CI of difference in means between baseline &amp; post-baseline values were calculated</description>
  </secondary_outcome>
  <secondary_outcome>
    <measure>Mean Change From Baseline in Neuropsychiatric Inventory (NPI) Score</measure>
    <time_frame>Baseline, Week 16</time_frame>
    <description>This scale assesses a larger scope of the behavior problems/disorders experienced in dementia patients, and identifies the frequency &amp; severity of the behavior disorders, &amp; allows rapid assessment using screening questions. 10 questions in behavior domain &amp; 2 in autonomic nervous system domain were assessed by the investigator interviewing with the caregiver. The NPI-12 total score is the total score of the 12 items, among which the score for each domain is the product of frequency (range: 1-4 points) and severity (range: 1-3 points). The highest score for each domain is 12 points and all the domains have the same weight. Therefore the range of NPI-12 total score is 0-144 points. The NPI-10 total score is the total score of the first 10 items 0-120, which constitute the original form of this scale. A higher NPI total score indicates more severe behavior disorder. Two-sided 95% CI of the difference in the means between baseline and post-baseline values were calculated.</description>
  </secondary_outcome>
  <secondary_outcome>
    <measure>Change From Baseline in Caregiver Burden Inventory (CBI) Score</measure>
    <time_frame>Baseline, Week 16</time_frame>
    <description>CBI, formulated by Novak and Guest in 1989, is a relatively complete and effective scale to measure caregiver burden that has been extensively adopted internationally. CBI has a total of 24 items in 5 domains, i.e., time dependency items (items 1-5), development items (items 6-10), physical health items (items 11-14), social relations items (items 15-18), and emotional heath items (items 19-24). Each item is scored on a 5-point scale based on the intensity of burden (0-4 points), so that the total score is 0-96, a higher score indicating heavier burden. It is a self-administered scale that takes about 10-15 minutes to complete. Two-sided 95% CI of the difference in the means between baseline and post-baseline values were calculated.</description>
  </secondary_outcome>
  <number_of_arms>1</number_of_arms>
  <enrollment type="Actual">222</enrollment>
  <condition>Alzheimer's Disease</condition>
  <arm_group>
    <arm_group_label>ENA713</arm_group_label>
    <arm_group_type>Experimental</arm_group_type>
    <description>Patients had a dose escalation from 3mg/d to 12mg/d to reach individual tolerated dosage during the titration period of 12 weeks.</description>
  </arm_group>
  <intervention>
    <intervention_type>Drug</intervention_type>
    <intervention_name>ENA713</intervention_name>
    <description>The following strengths of Rivastigmine capsules were provided: Rivastigmine capsule strengths: 1.5mg, 3mg, 4.5mg. The 6mg dose was administered as one 1.5mg capsule and one 4.5mg capsule, and when necessary, the 3mg dose could also be administered as two 1.5mg capsules. Rivastigmine was administered from 3mg/d at baseline. Then dose escalation was made in 3mg/d increments, at a minimun of 4 weeks between dose increases to a maximum dose of 12mg/d or the individual's best tolerated dose.</description>
    <arm_group_label>ENA713</arm_group_label>
    <other_name>Rivastigmine</other_name>
  </intervention>
  <eligibility>
    <criteria>
      <textblock>
        Key Inclusion Criteria:

          -  Have a diagnosis of dementia of the Alzheimer's type according to the DSM-IV criteria
             and have a clinical diagnosis of probable AD according to NINCDS/ADRDA criteria

          -  MMSE score of ≥ 10 and ≤ 26

          -  The treatment naïve patient and the one who have stopped the donepezil, galantamine,
             huperzine A, or memantine at least 2 weeks

          -  Be in stable medical condition

          -  Have signed off informed consent form by patients or his/her legal guardian

        Key Exclusion Criteria:

          -  Severe AD

          -  Patients with a history of cerebrovascular disease, Active or uncontrolled epilepsy,
             Active hypothyroidism, asthma, CNS infection, other Neurodegenerative disorders, an
             advanced, severe, progressive, or unstable medical condition

          -  Attending other clinical trials or taking other clinical trial drugs

          -  A score of &gt; 4 on the Modified Hachinski Ischemic Scale (MHIS);

          -  Patients who is using any AChEI or memantine
      </textblock>
    </criteria>
    <gender>All</gender>
    <minimum_age>50 Years</minimum_age>
    <maximum_age>85 Years</maximum_age>
    <healthy_volunteers>No</healthy_volunteers>
  </eligibility>
  <overall_official>
    <last_name>Jianping Jia, MD/PhD</last_name>
    <role>Principal Investigator</role>
    <affiliation>Department of Neurology, Xuanwu HospitalCapital Medical University, Beijing, P.R.China</affiliation>
  </overall_official>
  <location>
    <facility>
      <name>Novartis Investigative Site</name>
      <address>
        <city>Beijing</city>
        <zip>100053</zip>
        <country>China</country>
      </address>
    </facility>
  </location>
  <location_countries>
    <country>China</country>
  </location_countries>
  <verification_date>December 2016</verification_date>
  <!-- Old date names will be dropped in a few months (sometime in 2018)                        -->
  <lastchanged_date>December 20, 2016</lastchanged_date>
  <firstreceived_date>September 19, 2013</firstreceived_date>
  <firstreceived_results_date>September 27, 2016</firstreceived_results_date>
  <!-- New date names                                                                           -->
  <study_first_submitted>September 19, 2013</study_first_submitted>
  <study_first_submitted_qc>September 19, 2013</study_first_submitted_qc>
  <study_first_posted type="Estimate">September 24, 2013</study_first_posted>
  <results_first_submitted>September 27, 2016</results_first_submitted>
  <results_first_submitted_qc>December 20, 2016</results_first_submitted_qc>
  <results_first_posted type="Actual">February 13, 2017</results_first_posted>
  <last_update_submitted>December 20, 2016</last_update_submitted>
  <last_update_submitted_qc>December 20, 2016</last_update_submitted_qc>
  <last_update_posted type="Actual">February 13, 2017</last_update_posted>
  <!-- End of dates                                                                             -->
  <responsible_party>
    <responsible_party_type>Sponsor</responsible_party_type>
  </responsible_party>
  <keyword>Alzheimer's disease</keyword>
  <keyword>ENA713</keyword>
  <keyword>Chinese patients</keyword>
  <keyword>INSTINCT</keyword>
  <condition_browse>
    <!-- CAUTION:  The following MeSH terms are assigned with an imperfect algorithm            -->
    <mesh_term>Alzheimer Disease</mesh_term>
  </condition_browse>
  <intervention_browse>
    <!-- CAUTION:  The following MeSH terms are assigned with an imperfect algorithm            -->
    <mesh_term>Rivastigmine</mesh_term>
  </intervention_browse>

  <clinical_results>

    <participant_flow>
      <recruitment_details>222 patients were screened/enrolled to this study but 41 did not receive study drug.</recruitment_details>
      <pre_assignment_details>The Intention analysis set consists of 165 patients who received at least 1 treatment &amp; had at least 1 assessment on primary efficacy variables.</pre_assignment_details>
      <group_list>
        <group group_id="P1">
          <title>ENA713</title>
          <description>Patients had a dose escalation from 3mg/d to 12mg/d to reach individual tolerated dosage during the titration period of 12 weeks.</description>
        </group>
      </group_list>
      <period_list>
        <period>
          <title>Overall Study</title>
          <milestone_list>
            <milestone>
              <title>STARTED</title>
              <participants_list>
                <participants group_id="P1" count="222"/>
              </participants_list>
            </milestone>
            <milestone>
              <title>COMPLETED</title>
              <participants_list>
                <participants group_id="P1" count="151"/>
              </participants_list>
            </milestone>
            <milestone>
              <title>NOT COMPLETED</title>
              <participants_list>
                <participants group_id="P1" count="71"/>
              </participants_list>
            </milestone>
          </milestone_list>
          <drop_withdraw_reason_list>
            <drop_withdraw_reason>
              <title>Adverse Event</title>
              <participants_list>
                <participants group_id="P1" count="12"/>
              </participants_list>
            </drop_withdraw_reason>
            <drop_withdraw_reason>
              <title>Lack of Efficacy</title>
              <participants_list>
                <participants group_id="P1" count="3"/>
              </participants_list>
            </drop_withdraw_reason>
            <drop_withdraw_reason>
              <title>Protocol Violation</title>
              <participants_list>
                <participants group_id="P1" count="2"/>
              </participants_list>
            </drop_withdraw_reason>
            <drop_withdraw_reason>
              <title>Withdrawal by Subject</title>
              <participants_list>
                <participants group_id="P1" count="5"/>
              </participants_list>
            </drop_withdraw_reason>
            <drop_withdraw_reason>
              <title>Lost to Follow-up</title>
              <participants_list>
                <participants group_id="P1" count="6"/>
              </participants_list>
            </drop_withdraw_reason>
            <drop_withdraw_reason>
              <title>Management issues</title>
              <participants_list>
                <participants group_id="P1" count="1"/>
              </participants_list>
            </drop_withdraw_reason>
            <drop_withdraw_reason>
              <title>Others</title>
              <participants_list>
                <participants group_id="P1" count="7"/>
              </participants_list>
            </drop_withdraw_reason>
            <drop_withdraw_reason>
              <title>Screening failure</title>
              <participants_list>
                <participants group_id="P1" count="35"/>
              </participants_list>
            </drop_withdraw_reason>
          </drop_withdraw_reason_list>
        </period>
      </period_list>
    </participant_flow>

    <baseline>
      <population>Subjects who received at least one treatment, and had at least one post-baseline assessment on primary efficacy variables.</population>
      <group_list>
        <group group_id="B1">
          <title>ENA713</title>
          <description>Patients had a dose escalation from 3mg/d to 12mg/d to reach individual tolerated dosage during the titration period of 12 weeks.</description>
        </group>
      </group_list>
      <analyzed_list>
        <analyzed>
          <units>Participants</units>
          <scope>Overall</scope>
          <count_list>
            <count group_id="B1" value="165"/>
          </count_list>
        </analyzed>
      </analyzed_list>
      <measure_list>
        <measure>
          <title>Age</title>
          <units>Years</units>
          <param>Mean</param>
          <dispersion>Standard Deviation</dispersion>
          <class_list>
            <class>
              <category_list>
                <category>
                  <measurement_list>
                    <measurement group_id="B1" value="69.6" spread="8.4"/>
                  </measurement_list>
                </category>
              </category_list>
            </class>
          </class_list>
        </measure>
        <measure>
          <title>Gender</title>
          <units>Participants</units>
          <param>Count of Participants</param>
          <class_list>
            <class>
              <category_list>
                <category>
                  <title>Female</title>
                  <measurement_list>
                    <measurement group_id="B1" value="101"/>
                  </measurement_list>
                </category>
                <category>
                  <title>Male</title>
                  <measurement_list>
                    <measurement group_id="B1" value="64"/>
                  </measurement_list>
                </category>
              </category_list>
            </class>
          </class_list>
        </measure>
      </measure_list>
    </baseline>

    <outcome_list>
      <outcome>
        <type>Primary</type>
        <title>Mean Change From Baseline in the Alzheimer's Disease Assessment Scale - Cognitive Subscale (ADAS-cog)</title>
        <description>The Alzheimer's Disease Assessment Scale - cognitive subscale (ADAS-cog) was used to measure change in cognitive function. Alzheimer’s disease assessment scale (ADAS) is a scale to measure specific cognitive and behavior disorders in Alzheimer disease (AD) patients. The Alzheimer’s disease assessment scale-cognitive subscale (ADAS-Cog) provides a total score range 0-70, and consists of 11 items with lower score indicating lighter impairment and higher total scores indicating more impairment. A negative change score indicates improvement from baseline. Two-sided 95% CI of the difference in the means between baseline and post-baseline values were calculated.</description>
        <time_frame>Baseline, Week 16</time_frame>
        <population>The Per Protocol (PP) population included all patients who had been enrolled to receive treatment, and who had received at least 1 dose of study drug, had 1 baseline assessment &amp; at least 1 post-baseline efficacy assessment for primary efficacy variable within the Week 16 visit window, and had no major protocol violations.</population>
        <group_list>
          <group group_id="O1">
            <title>ENA713</title>
            <description>Patients had a dose escalation from 3mg/d to 12mg/d to reach individual tolerated dosage during the titration period of 12 weeks.</description>
          </group>
        </group_list>
        <measure>
          <title>Mean Change From Baseline in the Alzheimer's Disease Assessment Scale - Cognitive Subscale (ADAS-cog)</title>
          <description>The Alzheimer's Disease Assessment Scale - cognitive subscale (ADAS-cog) was used to measure change in cognitive function. Alzheimer’s disease assessment scale (ADAS) is a scale to measure specific cognitive and behavior disorders in Alzheimer disease (AD) patients. The Alzheimer’s disease assessment scale-cognitive subscale (ADAS-Cog) provides a total score range 0-70, and consists of 11 items with lower score indicating lighter impairment and higher total scores indicating more impairment. A negative change score indicates improvement from baseline. Two-sided 95% CI of the difference in the means between baseline and post-baseline values were calculated.</description>
          <population>The Per Protocol (PP) population included all patients who had been enrolled to receive treatment, and who had received at least 1 dose of study drug, had 1 baseline assessment &amp; at least 1 post-baseline efficacy assessment for primary efficacy variable within the Week 16 visit window, and had no major protocol violations.</population>
          <units>units on a scale</units>
          <param>Mean</param>
          <dispersion>95% Confidence Interval</dispersion>
          <analyzed_list>
            <analyzed>
              <units>Participants</units>
              <scope>Measure</scope>
              <count_list>
                <count group_id="O1" value="151"/>
              </count_list>
            </analyzed>
          </analyzed_list>
          <class_list>
            <class>
              <category_list>
                <category>
                  <measurement_list>
                    <measurement group_id="O1" value="-2.0" lower_limit="-3.0" upper_limit="1.1"/>
                  </measurement_list>
                </category>
              </category_list>
            </class>
          </class_list>
        </measure>
        <analysis_list>
          <analysis>
            <group_id_list>
              <group_id>O1</group_id>
            </group_id_list>
            <groups_desc>The hypothesis to test the non-inferiority of post-baseline change in ADAS-Cog from baseline was: H0: μP – μB ≥ 1.40, Ha: μP – μB &lt; 1.40 where μP and μB are the ADAS-Cog score (actual) at 16 weeks of Rivastigmine treatment and the baseline ADAS-Cog score (actual), respectively.</groups_desc>
            <non_inferiority_type>Non-Inferiority or Equivalence</non_inferiority_type>
            <non_inferiority_desc>If the upper limit of the 95% confidence interval of the mean difference between the baseline score and post-baseline score falls on the left of MeanP-MeanB+1.40, the post-baseline noninferiority to baseline can be concluded. If the upper limit of the 95% confidence interval of the mean difference between the baseline score and post-baseline score falls on the left of 0, superiority can be concluded.</non_inferiority_desc>
            <p_value>&lt;0.001</p_value>
            <method>t-test, 1 sided</method>
          </analysis>
        </analysis_list>
      </outcome>
      <outcome>
        <type>Secondary</type>
        <title>Change From Baseline in the Alzheimer's Disease Cooperative Study-Activities of Daily Living (ADCS-ADL) Score</title>
        <description>ADCS-ADL is a scale based on caregiver’s assessment of patient’s activities of daily life. It is used in clinical studies on dementia &amp; consists of 23 items and is designed to assess patient’s basic &amp; instrumental activities of daily life, such as the abilities necessary for personal care, communicating &amp; interacting with other people, maintaining a household, conducting hobbies &amp; interests, &amp; making judgments &amp; decisions. Response to each item is obtained by interview with the caregiver. The basic activities of daily life domain includes mandatory options for best response, or “yes” or “no” questions with separate sub-questions. Higher score &amp; more “yes” answers indicate better level of self-care of patient. Therefore the higher the total score is, the better the patient’s functions. The total score is the sum of the scores of all the items &amp; sub-questions,&amp; ranges from 0 to 78. Two-sided 95% CI of the difference in the means between baseline and post-baseline values were calculated.</description>
        <time_frame>Baseline, Week 16</time_frame>
        <population>The Per Protocol (PP) population included all patients who had been enrolled to receive treatment, had received at least 1 dose of study drug, had 1 baseline assessment &amp; at least 1 post-baseline efficacy assessment for primary efficacy variable within the Week 16 visit window &amp; had no major protocol violations.</population>
        <group_list>
          <group group_id="O1">
            <title>ENA713</title>
            <description>Patients had a dose escalation from 3mg/d to 12mg/d to reach individual tolerated dosage during the titration period of 12 weeks.</description>
          </group>
        </group_list>
        <measure>
          <title>Change From Baseline in the Alzheimer's Disease Cooperative Study-Activities of Daily Living (ADCS-ADL) Score</title>
          <description>ADCS-ADL is a scale based on caregiver’s assessment of patient’s activities of daily life. It is used in clinical studies on dementia &amp; consists of 23 items and is designed to assess patient’s basic &amp; instrumental activities of daily life, such as the abilities necessary for personal care, communicating &amp; interacting with other people, maintaining a household, conducting hobbies &amp; interests, &amp; making judgments &amp; decisions. Response to each item is obtained by interview with the caregiver. The basic activities of daily life domain includes mandatory options for best response, or “yes” or “no” questions with separate sub-questions. Higher score &amp; more “yes” answers indicate better level of self-care of patient. Therefore the higher the total score is, the better the patient’s functions. The total score is the sum of the scores of all the items &amp; sub-questions,&amp; ranges from 0 to 78. Two-sided 95% CI of the difference in the means between baseline and post-baseline values were calculated.</description>
          <population>The Per Protocol (PP) population included all patients who had been enrolled to receive treatment, had received at least 1 dose of study drug, had 1 baseline assessment &amp; at least 1 post-baseline efficacy assessment for primary efficacy variable within the Week 16 visit window &amp; had no major protocol violations.</population>
          <units>units on a scale</units>
          <param>Mean</param>
          <dispersion>95% Confidence Interval</dispersion>
          <analyzed_list>
            <analyzed>
              <units>Participants</units>
              <scope>Measure</scope>
              <count_list>
                <count group_id="O1" value="151"/>
              </count_list>
            </analyzed>
          </analyzed_list>
          <class_list>
            <class>
              <category_list>
                <category>
                  <measurement_list>
                    <measurement group_id="O1" value="0.9" lower_limit="-0.5" upper_limit="2.3"/>
                  </measurement_list>
                </category>
              </category_list>
            </class>
          </class_list>
        </measure>
      </outcome>
      <outcome>
        <type>Secondary</type>
        <title>Change From Baseline in Mini-Mental State Examination (MMSE)</title>
        <description>MMSE was used to determine patient’s eligibility to participate, is an easy &amp; practical screening test to identify cognitive disorders. Test consists of 2 parts: language (time orientation, registration &amp; attention) &amp; performance (recall, response to written/verbal commands, writing ability &amp; reproduction of complex polygons); total score range: 0-30; higher score = better function. Positive change score = improvement from baseline. To meet eligibility criteria, patient’s MMSE total score at screening had to be 10-26 (inclusive). Interpretation of MMSE by 4 methods: Single Cut0ff: &lt;24=abnormal; Range: &lt;21=Increased odds of dementia; &gt;25=Decreased odds of dementia; Education: 21- abnormal for 8th grade education, &lt;23=abnormal for high school education, &lt;24=abnormal for college education; Severity: 24-30=no cognitive impairment, 18-23=mild cognitive impairment, 0-17=severe cognitive impairment. 2-sided 95% CI of difference in means between baseline &amp; post-baseline values were calculated</description>
        <time_frame>Baseline, Week 16</time_frame>
        <population>The Per Protocol (PP) population included all patients who had been enrolled to receive treatment, had received at least 1 dose of study drug, had 1 baseline assessment &amp; at least 1 post-baseline efficacy assessment for primary efficacy variable within the Week 16 visit window &amp; had no major protocol violations.</population>
        <group_list>
          <group group_id="O1">
            <title>ENA713</title>
            <description>Patients had a dose escalation from 3mg/d to 12mg/d to reach individual tolerated dosage during the titration period of 12 weeks.</description>
          </group>
        </group_list>
        <measure>
          <title>Change From Baseline in Mini-Mental State Examination (MMSE)</title>
          <description>MMSE was used to determine patient’s eligibility to participate, is an easy &amp; practical screening test to identify cognitive disorders. Test consists of 2 parts: language (time orientation, registration &amp; attention) &amp; performance (recall, response to written/verbal commands, writing ability &amp; reproduction of complex polygons); total score range: 0-30; higher score = better function. Positive change score = improvement from baseline. To meet eligibility criteria, patient’s MMSE total score at screening had to be 10-26 (inclusive). Interpretation of MMSE by 4 methods: Single Cut0ff: &lt;24=abnormal; Range: &lt;21=Increased odds of dementia; &gt;25=Decreased odds of dementia; Education: 21- abnormal for 8th grade education, &lt;23=abnormal for high school education, &lt;24=abnormal for college education; Severity: 24-30=no cognitive impairment, 18-23=mild cognitive impairment, 0-17=severe cognitive impairment. 2-sided 95% CI of difference in means between baseline &amp; post-baseline values were calculated</description>
          <population>The Per Protocol (PP) population included all patients who had been enrolled to receive treatment, had received at least 1 dose of study drug, had 1 baseline assessment &amp; at least 1 post-baseline efficacy assessment for primary efficacy variable within the Week 16 visit window &amp; had no major protocol violations.</population>
          <units>units on a scale</units>
          <param>Mean</param>
          <dispersion>95% Confidence Interval</dispersion>
          <analyzed_list>
            <analyzed>
              <units>Participants</units>
              <scope>Measure</scope>
              <count_list>
                <count group_id="O1" value="151"/>
              </count_list>
            </analyzed>
          </analyzed_list>
          <class_list>
            <class>
              <category_list>
                <category>
                  <measurement_list>
                    <measurement group_id="O1" value="0.3" lower_limit="-0.4" upper_limit="0.8"/>
                  </measurement_list>
                </category>
              </category_list>
            </class>
          </class_list>
        </measure>
      </outcome>
      <outcome>
        <type>Secondary</type>
        <title>Mean Change From Baseline in Neuropsychiatric Inventory (NPI) Score</title>
        <description>This scale assesses a larger scope of the behavior problems/disorders experienced in dementia patients, and identifies the frequency &amp; severity of the behavior disorders, &amp; allows rapid assessment using screening questions. 10 questions in behavior domain &amp; 2 in autonomic nervous system domain were assessed by the investigator interviewing with the caregiver. The NPI-12 total score is the total score of the 12 items, among which the score for each domain is the product of frequency (range: 1–4 points) and severity (range: 1–3 points). The highest score for each domain is 12 points and all the domains have the same weight. Therefore the range of NPI-12 total score is 0–144 points. The NPI-10 total score is the total score of the first 10 items 0-120, which constitute the original form of this scale. A higher NPI total score indicates more severe behavior disorder. Two-sided 95% CI of the difference in the means between baseline and post-baseline values were calculated.</description>
        <time_frame>Baseline, Week 16</time_frame>
        <population>The Per Protocol (PP) population included all patients who had been enrolled to receive treatment, had received at least 1 dose of study drug, had 1 baseline assessment &amp; at least 1 post-baseline efficacy assessment for primary efficacy variable within the Week 16 visit window &amp; had no major protocol violations.</population>
        <group_list>
          <group group_id="O1">
            <title>ENA713</title>
            <description>Patients had a dose escalation from 3mg/d to 12mg/d to reach individual tolerated dosage during the titration period of 12 weeks.</description>
          </group>
        </group_list>
        <measure>
          <title>Mean Change From Baseline in Neuropsychiatric Inventory (NPI) Score</title>
          <description>This scale assesses a larger scope of the behavior problems/disorders experienced in dementia patients, and identifies the frequency &amp; severity of the behavior disorders, &amp; allows rapid assessment using screening questions. 10 questions in behavior domain &amp; 2 in autonomic nervous system domain were assessed by the investigator interviewing with the caregiver. The NPI-12 total score is the total score of the 12 items, among which the score for each domain is the product of frequency (range: 1–4 points) and severity (range: 1–3 points). The highest score for each domain is 12 points and all the domains have the same weight. Therefore the range of NPI-12 total score is 0–144 points. The NPI-10 total score is the total score of the first 10 items 0-120, which constitute the original form of this scale. A higher NPI total score indicates more severe behavior disorder. Two-sided 95% CI of the difference in the means between baseline and post-baseline values were calculated.</description>
          <population>The Per Protocol (PP) population included all patients who had been enrolled to receive treatment, had received at least 1 dose of study drug, had 1 baseline assessment &amp; at least 1 post-baseline efficacy assessment for primary efficacy variable within the Week 16 visit window &amp; had no major protocol violations.</population>
          <units>units on a scale</units>
          <param>Mean</param>
          <dispersion>95% Confidence Interval</dispersion>
          <analyzed_list>
            <analyzed>
              <units>Participants</units>
              <scope>Measure</scope>
              <count_list>
                <count group_id="O1" value="151"/>
              </count_list>
            </analyzed>
          </analyzed_list>
          <class_list>
            <class>
              <title>NPI-10</title>
              <category_list>
                <category>
                  <measurement_list>
                    <measurement group_id="O1" value="-3.6" lower_limit="-5.3" upper_limit="-1.9"/>
                  </measurement_list>
                </category>
              </category_list>
            </class>
            <class>
              <title>NPI-12</title>
              <category_list>
                <category>
                  <measurement_list>
                    <measurement group_id="O1" value="-4.0" lower_limit="-6.2" upper_limit="-1.9"/>
                  </measurement_list>
                </category>
              </category_list>
            </class>
          </class_list>
        </measure>
      </outcome>
      <outcome>
        <type>Secondary</type>
        <title>Change From Baseline in Caregiver Burden Inventory (CBI) Score</title>
        <description>CBI, formulated by Novak and Guest in 1989, is a relatively complete and effective scale to measure caregiver burden that has been extensively adopted internationally. CBI has a total of 24 items in 5 domains, i.e., time dependency items (items 1-5), development items (items 6-10), physical health items (items 11-14), social relations items (items 15-18), and emotional heath items (items 19-24). Each item is scored on a 5-point scale based on the intensity of burden (0-4 points), so that the total score is 0-96, a higher score indicating heavier burden. It is a self-administered scale that takes about 10-15 minutes to complete. Two-sided 95% CI of the difference in the means between baseline and post-baseline values were calculated.</description>
        <time_frame>Baseline, Week 16</time_frame>
        <population>The Per Protocol (PP) population included all patients who had been enrolled to receive treatment, had received at least 1 dose of study drug, had 1 baseline assessment &amp; at least 1 post-baseline efficacy assessment for primary efficacy variable within the Week 16 visit window &amp; had no major protocol violations.</population>
        <group_list>
          <group group_id="O1">
            <title>ENA713</title>
            <description>Patients had a dose escalation from 3mg/d to 12mg/d to reach individual tolerated dosage during the titration period of 12 weeks.</description>
          </group>
        </group_list>
        <measure>
          <title>Change From Baseline in Caregiver Burden Inventory (CBI) Score</title>
          <description>CBI, formulated by Novak and Guest in 1989, is a relatively complete and effective scale to measure caregiver burden that has been extensively adopted internationally. CBI has a total of 24 items in 5 domains, i.e., time dependency items (items 1-5), development items (items 6-10), physical health items (items 11-14), social relations items (items 15-18), and emotional heath items (items 19-24). Each item is scored on a 5-point scale based on the intensity of burden (0-4 points), so that the total score is 0-96, a higher score indicating heavier burden. It is a self-administered scale that takes about 10-15 minutes to complete. Two-sided 95% CI of the difference in the means between baseline and post-baseline values were calculated.</description>
          <population>The Per Protocol (PP) population included all patients who had been enrolled to receive treatment, had received at least 1 dose of study drug, had 1 baseline assessment &amp; at least 1 post-baseline efficacy assessment for primary efficacy variable within the Week 16 visit window &amp; had no major protocol violations.</population>
          <units>units on a scale</units>
          <param>Mean</param>
          <dispersion>95% Confidence Interval</dispersion>
          <analyzed_list>
            <analyzed>
              <units>Participants</units>
              <scope>Measure</scope>
              <count_list>
                <count group_id="O1" value="151"/>
              </count_list>
            </analyzed>
          </analyzed_list>
          <class_list>
            <class>
              <category_list>
                <category>
                  <measurement_list>
                    <measurement group_id="O1" value="-1.4" lower_limit="-3.1" upper_limit="0.4"/>
                  </measurement_list>
                </category>
              </category_list>
            </class>
          </class_list>
        </measure>
      </outcome>
    </outcome_list>

    <reported_events>
      <desc>The safety set consists of 181 patients who received at least one drug treatment and had post-baseline safety assessments.</desc>
      <group_list>
        <group group_id="E1">
          <title>ENA713</title>
          <description>Patients had a dose escalation from 3mg/d to 12mg/d to reach individual tolerated dosage during the titration period of 12 weeks.</description>
        </group>
      </group_list>
      <serious_events>
        <default_vocab>MedDRA 18.0</default_vocab>
        <default_assessment>Systematic Assessment</default_assessment>
        <category_list>
          <category>
            <title>Total</title>
            <event_list>
              <event>
                <sub_title>Total, serious adverse events</sub_title>
                <counts group_id="E1" subjects_affected="7" subjects_at_risk="181"/>
              </event>
            </event_list>
          </category>
          <category>
            <title>Cardiac disorders</title>
            <event_list>
              <event>
                <sub_title>Arteriosclerosis coronary artery</sub_title>
                <counts group_id="E1" subjects_affected="1" subjects_at_risk="181"/>
              </event>
            </event_list>
          </category>
          <category>
            <title>Infections and infestations</title>
            <event_list>
              <event>
                <sub_title>Urinary tract infection</sub_title>
                <counts group_id="E1" subjects_affected="1" subjects_at_risk="181"/>
              </event>
            </event_list>
          </category>
          <category>
            <title>Injury, poisoning and procedural complications</title>
            <event_list>
              <event>
                <sub_title>Ankle fracture</sub_title>
                <counts group_id="E1" subjects_affected="1" subjects_at_risk="181"/>
              </event>
              <event>
                <sub_title>Brain contusion</sub_title>
                <counts group_id="E1" subjects_affected="1" subjects_at_risk="181"/>
              </event>
              <event>
                <sub_title>Contusion</sub_title>
                <counts group_id="E1" subjects_affected="1" subjects_at_risk="181"/>
              </event>
              <event>
                <sub_title>Patella fracture</sub_title>
                <counts group_id="E1" subjects_affected="1" subjects_at_risk="181"/>
              </event>
              <event>
                <sub_title>Pneumocephalus</sub_title>
                <counts group_id="E1" subjects_affected="1" subjects_at_risk="181"/>
              </event>
              <event>
                <sub_title>Pulmonary contusion</sub_title>
                <counts group_id="E1" subjects_affected="1" subjects_at_risk="181"/>
              </event>
              <event>
                <sub_title>Rib fracture</sub_title>
                <counts group_id="E1" subjects_affected="1" subjects_at_risk="181"/>
              </event>
              <event>
                <sub_title>Skin abrasion</sub_title>
                <counts group_id="E1" subjects_affected="1" subjects_at_risk="181"/>
              </event>
              <event>
                <sub_title>Skull fractured base</sub_title>
                <counts group_id="E1" subjects_affected="1" subjects_at_risk="181"/>
              </event>
              <event>
                <sub_title>Soft tissue injury</sub_title>
                <counts group_id="E1" subjects_affected="1" subjects_at_risk="181"/>
              </event>
              <event>
                <sub_title>Subcutaneous haematoma</sub_title>
                <counts group_id="E1" subjects_affected="1" subjects_at_risk="181"/>
              </event>
            </event_list>
          </category>
          <category>
            <title>Musculoskeletal and connective tissue disorders</title>
            <event_list>
              <event>
                <sub_title>Osteoarthritis</sub_title>
                <counts group_id="E1" subjects_affected="1" subjects_at_risk="181"/>
              </event>
            </event_list>
          </category>
          <category>
            <title>Nervous system disorders</title>
            <event_list>
              <event>
                <sub_title>Brain injury</sub_title>
                <counts group_id="E1" subjects_affected="1" subjects_at_risk="181"/>
              </event>
              <event>
                <sub_title>Dizziness</sub_title>
                <counts group_id="E1" subjects_affected="1" subjects_at_risk="181"/>
              </event>
              <event>
                <sub_title>Subarachnoid haemorrhage</sub_title>
                <counts group_id="E1" subjects_affected="1" subjects_at_risk="181"/>
              </event>
            </event_list>
          </category>
          <category>
            <title>Reproductive system and breast disorders</title>
            <event_list>
              <event>
                <sub_title>Uterine prolapse</sub_title>
                <counts group_id="E1" subjects_affected="1" subjects_at_risk="181"/>
              </event>
            </event_list>
          </category>
          <category>
            <title>Respiratory, thoracic and mediastinal disorders</title>
            <event_list>
              <event>
                <sub_title>Pleural effusion</sub_title>
                <counts group_id="E1" subjects_affected="1" subjects_at_risk="181"/>
              </event>
            </event_list>
          </category>
          <category>
            <title>Vascular disorders</title>
            <event_list>
              <event>
                <sub_title>Venous thrombosis limb</sub_title>
                <counts group_id="E1" subjects_affected="1" subjects_at_risk="181"/>
              </event>
            </event_list>
          </category>
        </category_list>
      </serious_events>
      <other_events>
        <frequency_threshold>3</frequency_threshold>
        <default_vocab>MedDRA 18.0</default_vocab>
        <default_assessment>Systematic Assessment</default_assessment>
        <category_list>
          <category>
            <title>Total</title>
            <event_list>
              <event>
                <sub_title>Total, other adverse events</sub_title>
                <counts group_id="E1" subjects_affected="69" subjects_at_risk="181"/>
              </event>
            </event_list>
          </category>
          <category>
            <title>Gastrointestinal disorders</title>
            <event_list>
              <event>
                <sub_title>Abdominal discomfort</sub_title>
                <counts group_id="E1" subjects_affected="9" subjects_at_risk="181"/>
              </event>
              <event>
                <sub_title>Diarrhoea</sub_title>
                <counts group_id="E1" subjects_affected="13" subjects_at_risk="181"/>
              </event>
              <event>
                <sub_title>Nausea</sub_title>
                <counts group_id="E1" subjects_affected="37" subjects_at_risk="181"/>
              </event>
              <event>
                <sub_title>Vomiting</sub_title>
                <counts group_id="E1" subjects_affected="30" subjects_at_risk="181"/>
              </event>
            </event_list>
          </category>
          <category>
            <title>Metabolism and nutrition disorders</title>
            <event_list>
              <event>
                <sub_title>Decreased appetite</sub_title>
                <counts group_id="E1" subjects_affected="14" subjects_at_risk="181"/>
              </event>
            </event_list>
          </category>
          <category>
            <title>Nervous system disorders</title>
            <event_list>
              <event>
                <sub_title>Dizziness</sub_title>
                <counts group_id="E1" subjects_affected="13" subjects_at_risk="181"/>
              </event>
              <event>
                <sub_title>Headache</sub_title>
                <counts group_id="E1" subjects_affected="6" subjects_at_risk="181"/>
              </event>
            </event_list>
          </category>
        </category_list>
      </other_events>
    </reported_events>

    <certain_agreements>
      <pi_employee>Principal Investigators are NOT employed by the organization sponsoring the study.</pi_employee>
      <restrictive_agreement>The terms and conditions of Novartis' agreements with its investigators may vary. However, Novartis does not prohibit any investigator from publishing. Any publications from a single-site are postponed until the publication of the pooled data in the clinical trial.</restrictive_agreement>
    </certain_agreements>
    <limitations_and_caveats>Of the total recruited subjects, 181 subjects received at least one drug treatment and there were post-baseline safety assessment. They were incorporated into the safety population.</limitations_and_caveats>
    <point_of_contact>
      <name_or_title>Study Director</name_or_title>
      <organization>Novartis Pharmaceuticals</organization>
      <phone>862-778-8300</phone>
    </point_of_contact>
  </clinical_results>
</clinical_study>

