<?xml version="1.0" encoding="UTF-8"?>
<clinical_study rank="354">
  <!-- This xml conforms to an XML Schema at:
    https://clinicaltrials.gov/ct2/html/images/info/public.xsd -->
  <required_header>
    <download_date>ClinicalTrials.gov processed this data on November 07, 2017</download_date>
    <link_text>Link to the current ClinicalTrials.gov record.</link_text>
    <url>https://clinicaltrials.gov/show/NCT00408525</url>
  </required_header>
  <id_info>
    <org_study_id>040686</org_study_id>
    <nct_id>NCT00408525</nct_id>
  </id_info>
  <brief_title>Donepezil and Brain Activity Patterns in Those at Risk For Alzheimer's Disease</brief_title>
  <official_title>Efficacy of Donepezil in Normalizing Brain Activation Patterns in People Genetically at Risk for Alzheimer's Disease</official_title>
  <sponsors>
    <lead_sponsor>
      <agency>Vanderbilt University</agency>
      <agency_class>Other</agency_class>
    </lead_sponsor>
  </sponsors>
  <source>Vanderbilt University</source>
  <oversight_info>
    <has_dmc>No</has_dmc>
  </oversight_info>
  <brief_summary>
    <textblock>
      The purpose of the study is to examine patterns of brain activity in people who are at risk
      for memory problems (e.g., Alzheimer's disease or dementia)before and after the medication
      donepezil. Although genetic testing will be done, the results will not be shared with study
      participants.

      Once the genetic testing is completed subjects may continue to the second phase of the study.
      During this time they will be asked to take the medication donepezil (which is approved by
      the FDA for the treatment of Alzheimer's disease).

      Donepezil is not FDA approved for healthy volunteers and is therefore considered
      investigational in this study.
    </textblock>
  </brief_summary>
  <detailed_description>
    <textblock>
      HYPOTHESIS

        1. Cognitively intact individuals with normal brain morphology at genetic risk for
           developing Alzheimer's' Disease (AD) show alterations in brain activation patterns
           during tasks that require memory compared to similar individuals with lower risk for
           developing AD.

        2. Donepezil, a cholinesterase inhibitor, can normalize such brain activation patterns in
           subjects at risk for AD.

      SPECIFIC AIMS

        1. To replicate a recent study1, and compare brain activation in subjects genetically at
           risk for AD (carriers of the є4 allele of the apolipoprotein E gene (APOE)) with
           subjects at lower risk for AD (lacking the є4 allele) during tasks that require memory,
           via functional magnetic resonance imaging (fMRI).

        2. To determine if administration of a drug currently indicated in the treatment of AD,
           donepezil, can reverse fMRI brain activation patterns of at risk subjects to patterns
           similar to those of subjects at lower genetic risk for AD.
    </textblock>
  </detailed_description>
  <overall_status>Unknown status</overall_status>
  <last_known_status>Recruiting</last_known_status>
  <start_date>December 2006</start_date>
  <completion_date type="Anticipated">December 2012</completion_date>
  <primary_completion_date type="Anticipated">December 2012</primary_completion_date>
  <phase>Phase 1/Phase 2</phase>
  <study_type>Interventional</study_type>
  <has_expanded_access>No</has_expanded_access>
  <study_design_info>
    <allocation>Non-Randomized</allocation>
    <intervention_model>Single Group Assignment</intervention_model>
    <primary_purpose>Health Services Research</primary_purpose>
    <masking>None (Open Label)</masking>
  </study_design_info>
  <primary_outcome>
    <measure>Changes in brain activation patterns as measured in an fMRI.</measure>
    <time_frame>8 weeks</time_frame>
  </primary_outcome>
  <number_of_arms>1</number_of_arms>
  <enrollment type="Anticipated">30</enrollment>
  <condition>Alzheimer's Disease</condition>
  <arm_group>
    <arm_group_label>1</arm_group_label>
    <arm_group_type>Experimental</arm_group_type>
    <description>Donepezil</description>
  </arm_group>
  <intervention>
    <intervention_type>Drug</intervention_type>
    <intervention_name>donepezil</intervention_name>
    <description>donepezil 5 mg tablets, total dose per day 10 mg for 6 week duration of study. Taken once per day.</description>
    <arm_group_label>1</arm_group_label>
    <other_name>Aricept</other_name>
  </intervention>
  <eligibility>
    <criteria>
      <textblock>
        Inclusion Criteria:

          -  Subjects may report experiencing subjective memory dysfunction, however they must be
             found by clinical evaluation to have no memory dysfunction

          -  Neuropsychological test battery in the normal range

          -  Ages 40-85

        Exclusion Criteria:

          -  Dementia (Mini-Mental State Exam less than 25/30)

          -  Left-handedness

          -  Current medication that could influence cognition

          -  Medical, psychiatric, and neurologic conditions, including cerebrovascular disease or
             uncontrolled hypertension

          -  Claustrophobia

          -  Surgical clips or implants

          -  Pacemakers or other implanted electronic devices

          -  History of sheet metal work
      </textblock>
    </criteria>
    <gender>All</gender>
    <minimum_age>40 Years</minimum_age>
    <maximum_age>85 Years</maximum_age>
    <healthy_volunteers>Accepts Healthy Volunteers</healthy_volunteers>
  </eligibility>
  <overall_official>
    <last_name>Harry E Gwirtsman, M.D.</last_name>
    <role>Principal Investigator</role>
    <affiliation>Vanderbilt University Medical Center</affiliation>
  </overall_official>
  <overall_contact>
    <last_name>Barbee Smith, B.A.</last_name>
    <phone>615-343-2009</phone>
    <email>barbee.smith@vanderbilt.edu</email>
  </overall_contact>
  <location>
    <facility>
      <name>Vanderbilt University Medical Center</name>
      <address>
        <city>Nashville</city>
        <state>Tennessee</state>
        <zip>37212</zip>
        <country>United States</country>
      </address>
    </facility>
    <status>Recruiting</status>
    <contact>
      <last_name>Barbee Smith, B.A.</last_name>
      <phone>615-343-2009</phone>
      <email>barbee.smith@vanderbilt.edu</email>
    </contact>
    <investigator>
      <last_name>Harry E Gwirtsman, M.D.</last_name>
      <role>Principal Investigator</role>
    </investigator>
  </location>
  <location_countries>
    <country>United States</country>
  </location_countries>
  <reference>
    <citation>Bookheimer SY, Strojwas MH, Cohen MS, Saunders AM, Pericak-Vance MA, Mazziotta JC, Small GW. Patterns of brain activation in people at risk for Alzheimer's disease. N Engl J Med. 2000 Aug 17;343(7):450-6.</citation>
    <PMID>10944562</PMID>
  </reference>
  <reference>
    <citation>Morris JC. Is Alzheimer's disease inevitable with age?: Lessons from clinicopathologic studies of healthy aging and very mild alzheimer's disease. J Clin Invest. 1999 Nov;104(9):1171-3. Review.</citation>
    <PMID>10545515</PMID>
  </reference>
  <reference>
    <citation>Small GW, Mazziotta JC, Collins MT, Baxter LR, Phelps ME, Mandelkern MA, Kaplan A, La Rue A, Adamson CF, Chang L, et al. Apolipoprotein E type 4 allele and cerebral glucose metabolism in relatives at risk for familial Alzheimer disease. JAMA. 1995 Mar 22-29;273(12):942-7.</citation>
    <PMID>7884953</PMID>
  </reference>
  <reference>
    <citation>Reiman EM, Caselli RJ, Yun LS, Chen K, Bandy D, Minoshima S, Thibodeau SN, Osborne D. Preclinical evidence of Alzheimer's disease in persons homozygous for the epsilon 4 allele for apolipoprotein E. N Engl J Med. 1996 Mar 21;334(12):752-8.</citation>
    <PMID>8592548</PMID>
  </reference>
  <reference>
    <citation>Small GW, Ercoli LM, Silverman DH, Huang SC, Komo S, Bookheimer SY, Lavretsky H, Miller K, Siddarth P, Rasgon NL, Mazziotta JC, Saxena S, Wu HM, Mega MS, Cummings JL, Saunders AM, Pericak-Vance MA, Roses AD, Barrio JR, Phelps ME. Cerebral metabolic and cognitive decline in persons at genetic risk for Alzheimer's disease. Proc Natl Acad Sci U S A. 2000 May 23;97(11):6037-42.</citation>
    <PMID>10811879</PMID>
  </reference>
  <reference>
    <citation>Burggren AC, Small GW, Sabb FW, Bookheimer SY. Specificity of brain activation patterns in people at genetic risk for Alzheimer disease. Am J Geriatr Psychiatry. 2002 Jan-Feb;10(1):44-51.</citation>
    <PMID>11790634</PMID>
  </reference>
  <reference>
    <citation>Smith CD, Andersen AH, Kryscio RJ, Schmitt FA, Kindy MS, Blonder LX, Avison MJ. Women at risk for AD show increased parietal activation during a fluency task. Neurology. 2002 Apr 23;58(8):1197-202.</citation>
    <PMID>11971086</PMID>
  </reference>
  <reference>
    <citation>Padovani A, Pastorino L, Borroni B, Colciaghi F, Rozzini L, Monastero R, Perez J, Pettenati C, Mussi M, Parrinello G, Cottini E, Lenzi GL, Trabucchi M, Cattabeni F, Di Luca M. Amyloid precursor protein in platelets: a peripheral marker for the diagnosis of sporadic AD. Neurology. 2001 Dec 26;57(12):2243-8.</citation>
    <PMID>11756604</PMID>
  </reference>
  <reference>
    <citation>Borroni B, Colciaghi F, Pastorino L, Pettenati C, Cottini E, Rozzini L, Monastero R, Lenzi GL, Cattabeni F, Di Luca M, Padovani A. Amyloid precursor protein in platelets of patients with Alzheimer disease: effect of acetylcholinesterase inhibitor treatment. Arch Neurol. 2001 Mar;58(3):442-6.</citation>
    <PMID>11255448</PMID>
  </reference>
  <verification_date>March 2011</verification_date>
  <!-- Old date names will be dropped in a few months (sometime in 2018)                        -->
  <lastchanged_date>March 15, 2011</lastchanged_date>
  <firstreceived_date>December 5, 2006</firstreceived_date>
  <!-- New date names                                                                           -->
  <study_first_submitted>December 5, 2006</study_first_submitted>
  <study_first_submitted_qc>December 6, 2006</study_first_submitted_qc>
  <study_first_posted type="Estimate">December 7, 2006</study_first_posted>
  <last_update_submitted>March 15, 2011</last_update_submitted>
  <last_update_submitted_qc>March 15, 2011</last_update_submitted_qc>
  <last_update_posted type="Estimate">March 16, 2011</last_update_posted>
  <!-- End of dates                                                                             -->
  <responsible_party>
    <name_title>Barbee Smith</name_title>
    <organization>Vanderbilt University</organization>
  </responsible_party>
  <keyword>memory loss</keyword>
  <keyword>memory problems</keyword>
  <keyword>alzheimer's</keyword>
  <keyword>forgetfulness</keyword>
  <keyword>forgetting</keyword>
  <condition_browse>
    <!-- CAUTION:  The following MeSH terms are assigned with an imperfect algorithm            -->
    <mesh_term>Alzheimer Disease</mesh_term>
  </condition_browse>
  <intervention_browse>
    <!-- CAUTION:  The following MeSH terms are assigned with an imperfect algorithm            -->
    <mesh_term>Donepezil</mesh_term>
  </intervention_browse>
  <!-- Results have not yet been posted for this study                                          -->
</clinical_study>

