<?xml version="1.0" encoding="UTF-8"?>
<clinical_study rank="419">
  <!-- This xml conforms to an XML Schema at:
    https://clinicaltrials.gov/ct2/html/images/info/public.xsd -->
  <required_header>
    <download_date>ClinicalTrials.gov processed this data on November 07, 2017</download_date>
    <link_text>Link to the current ClinicalTrials.gov record.</link_text>
    <url>https://clinicaltrials.gov/show/NCT00440050</url>
  </required_header>
  <id_info>
    <org_study_id>IA0099</org_study_id>
    <secondary_id>1RC2AG036535</secondary_id>
    <secondary_id>ADC-027-DHA</secondary_id>
    <nct_id>NCT00440050</nct_id>
  </id_info>
  <brief_title>DHA (Docosahexaenoic Acid), an Omega 3 Fatty Acid, in Slowing the Progression of Alzheimer's Disease</brief_title>
  <acronym>DHA</acronym>
  <official_title>A Randomized Double-Blind Placebo-Controlled Trial Of The Effects Of Docosahexaenoic Acid (DHA) In Slowing The Progression Of Alzheimer's Disease</official_title>
  <sponsors>
    <lead_sponsor>
      <agency>Alzheimer's Disease Cooperative Study (ADCS)</agency>
      <agency_class>Other</agency_class>
    </lead_sponsor>
    <collaborator>
      <agency>National Institute on Aging (NIA)</agency>
      <agency_class>NIH</agency_class>
    </collaborator>
    <collaborator>
      <agency>DSM Nutritional Products, Inc.</agency>
      <agency_class>Industry</agency_class>
    </collaborator>
  </sponsors>
  <source>Alzheimer's Disease Cooperative Study (ADCS)</source>
  <oversight_info>
    <has_dmc>Yes</has_dmc>
  </oversight_info>
  <brief_summary>
    <textblock>
      The purpose of this study is to determine whether chronic DHA (Docosahexaenoic Acid)
      supplementation slows the progression of cognitive and functional decline in mild to moderate
      Alzheimer's disease (AD).
    </textblock>
  </brief_summary>
  <detailed_description>
    <textblock>
      Preliminary studies have shown a reduced risk of Alzheimer's disease (AD) in people consuming
      increased amounts of fish in their diets. Many of the health benefits of fish are attributed
      to the abundance of omega 3 fatty acids. Docosahexaenoic Acid (DHA) is the most abundant
      omega 3 fatty acid in the brain. Data from several animal models supports the hypothesis that
      DHA may be an effective treatment for AD by means of anti-amyloid, antioxidant, and
      neuroprotectant mechanisms.

      In this study, 400 individuals with mild to moderate AD will participate at approximately 53
      study sites throughout the US for 18 months. Participants will be randomized so that 60% will
      receive approximately 2 grams of DHA, divided into 4 capsules, 2 capsules taken twice a day,
      while 40% receive an identical placebo.

      Potential participants will go to their study site for a screening visit, where eligibility
      is determined, and if accepted, for a baseline visit where cognitive status, behavioral
      status, functional status, and global severity of dementia will be assessed. Vital signs and
      biomarker labs will also be obtained. Subsequent visits will occur every three months for
      medication checks and, every 6 months, further assessments, physical exams, and labs.

      Some participants will also take part in MRI (magnetic resonance imaging) and/or CSF
      (cerebrospinal fluid) sub-studies. For the MRI sub-study, scans will be done prior to
      beginning the study medication, and again after 18 months. Likewise, for the CSF sub-study, a
      lumbar puncture will be done prior to beginning the study medication, and again after 18
      months.

      Enrollment is restricted to individuals who consume no more than 200 mg of DHA per day, which
      is almost 300% of the average daily intake in an American diet. Individuals who take fish oil
      or omega 3 fatty acid supplements are also not eligible. Each visit will include completion
      of a very brief food frequency questionnaire to monitor dietary DHA levels.
    </textblock>
  </detailed_description>
  <overall_status>Completed</overall_status>
  <start_date>February 2007</start_date>
  <completion_date type="Actual">May 2009</completion_date>
  <primary_completion_date type="Actual">May 2009</primary_completion_date>
  <phase>Phase 3</phase>
  <study_type>Interventional</study_type>
  <has_expanded_access>No</has_expanded_access>
  <study_design_info>
    <allocation>Randomized</allocation>
    <intervention_model>Parallel Assignment</intervention_model>
    <primary_purpose>Treatment</primary_purpose>
    <masking>Quadruple (Participant, Care Provider, Investigator, Outcomes Assessor)</masking>
  </study_design_info>
  <primary_outcome>
    <measure>Rate of Change on the ADAS-Cog 11.</measure>
    <time_frame>Baseline, 6, 12, 18 months</time_frame>
    <description>ADAS-cog 11 = Alzheimer's Disease Assessment Scale, cognitive sub-scale in points per year. This is a psychometric measure sensitive to change in mild to moderate AD. The range of this instrument is 0 to 70 with higher numbers indicating greater impairment.</description>
  </primary_outcome>
  <primary_outcome>
    <measure>Rate of Change on CDR-SOB</measure>
    <time_frame>18 months</time_frame>
    <description>CDR-SOB = Clinical Dementia Rating, Sum of Boxes. This is a global rating of dementia severity based on the clinician's interpretation of the history and examination. The range of this instrument is 0 to 18 with higher numbers indicating greater impairment.</description>
  </primary_outcome>
  <secondary_outcome>
    <measure>ADCS-ADL</measure>
    <time_frame>18 months</time_frame>
    <description>ADCS-ADL = Alzheimer's Disease Cooperative Study Activities of Daily Living Score. This is a structured questionnaire about activities of daily living, administered to the subject's caregiver/study partner. The range of this instrument is 0 to 6 with lower numbers indicating greater impairment.</description>
  </secondary_outcome>
  <secondary_outcome>
    <measure>Neuropsychiatric Inventory (NPI)</measure>
    <time_frame>18 months</time_frame>
    <description>The Neuropsychiatric Inventory quantifies behavioral changes in dementia, including depression, anxiety, psychosis, agitation, sleep change, appetite change, and others. This is a structured questionnaire administered to the subject's caregiver/study partner. The range of this instrument is 0 to 120 with higher numbers indicating greater impairment.</description>
  </secondary_outcome>
  <number_of_arms>2</number_of_arms>
  <enrollment type="Actual">402</enrollment>
  <condition>Alzheimer's Disease</condition>
  <arm_group>
    <arm_group_label>1.</arm_group_label>
    <arm_group_type>Experimental</arm_group_type>
    <description>DHA</description>
  </arm_group>
  <arm_group>
    <arm_group_label>2.</arm_group_label>
    <arm_group_type>Placebo Comparator</arm_group_type>
    <description>Placebo</description>
  </arm_group>
  <intervention>
    <intervention_type>Drug</intervention_type>
    <intervention_name>DHA (Docosahexaenoic Acid)</intervention_name>
    <description>950 mg soft-gel capsules which contain approximately 510 mg DHA, 2 capsules twice a day for 18 months</description>
    <arm_group_label>1.</arm_group_label>
    <other_name>Neuromins</other_name>
  </intervention>
  <intervention>
    <intervention_type>Drug</intervention_type>
    <intervention_name>Placebo</intervention_name>
    <description>2 placebo capsules twice a day for 18 months</description>
    <arm_group_label>2.</arm_group_label>
  </intervention>
  <eligibility>
    <criteria>
      <textblock>
        Inclusion Criteria:

          -  Male or female

          -  50 years of age or older

          -  Residing in the community at baseline (includes assisted living facilities, but
             excludes long-term care nursing facilities)

          -  MMSE (Mini-Mental State Examination) at screen of 14-26 (inclusive)

          -  No medical contraindications to study participation

          -  Fluent in English or Spanish

          -  Corrected vision and hearing sufficient for compliance with testing procedures

          -  Supervision available for study medication

          -  Caregiver/study partner to accompany participant to all visits

          -  Study partner must have direct contact with the participant more than 2 days/week

          -  Able to ingest oral medication

          -  Daily DHA consumption less than or equal to 200 mg/day in prior two months estimated
             by an abbreviated DHA food frequency questionnaire

          -  Neuroimaging consistent with the diagnosis of AD at some time after the onset of the
             memory decline

          -  Clinical laboratory values must be within normal limits or, if abnormal, must be
             judged to be clinically insignificant by the investigator

          -  Stable use of cholinesterase inhibitors and memantine is permitted if doses are stable
             for 4 months prior to enrollment

        Exclusion Criteria:

          -  Non-AD dementia

          -  Residence in a long-term care facility at baseline

          -  History of clinically significant stroke

          -  Modified Hachinski Ischemia score ≥ 4

          -  Current evidence or history in past two years of epilepsy, seizure, focal brain
             lesion, head injury with loss of consciousness or DSM-IV (Diagnostic and Statistical
             Manual of Mental Disorders, Fourth Edition) criteria for any major psychiatric
             disorder including psychosis, major depression, bipolar disorder, alcohol or substance
             abuse

          -  Sensory impairment which would prevent subject from participating in or cooperating
             with the protocol

          -  Use of another investigational agent within two months

          -  Evidence of any significant clinical disorder or laboratory finding that renders the
             participant unsuitable for receiving an investigational new drug including clinically
             significant or unstable hematologic, hepatic, cardiovascular (including history of
             ventricular fibrillation or ventricular tachycardia), pulmonary, gastrointestinal,
             endocrine, metabolic, renal, or other systemic disease or laboratory abnormality

          -  Active neoplastic disease (skin tumors other than melanoma may be included;
             participants with stable prostate cancer may be included at the discretion of the
             Project Director)
      </textblock>
    </criteria>
    <gender>All</gender>
    <minimum_age>50 Years</minimum_age>
    <maximum_age>N/A</maximum_age>
    <healthy_volunteers>No</healthy_volunteers>
  </eligibility>
  <overall_official>
    <last_name>Joseph Quinn, MD</last_name>
    <role>Principal Investigator</role>
    <affiliation>Oregon Health and Science University</affiliation>
  </overall_official>
  <location>
    <facility>
      <name>University of Alabama, Birmingham</name>
      <address>
        <city>Birmingham</city>
        <state>Alabama</state>
        <zip>35294</zip>
        <country>United States</country>
      </address>
    </facility>
  </location>
  <location>
    <facility>
      <name>Banner Alzheimer's Institute</name>
      <address>
        <city>Phoenix</city>
        <state>Arizona</state>
        <zip>85006</zip>
        <country>United States</country>
      </address>
    </facility>
  </location>
  <location>
    <facility>
      <name>Sun Health Research Institute/Arizona Consortium</name>
      <address>
        <city>Sun City</city>
        <state>Arizona</state>
        <zip>85351</zip>
        <country>United States</country>
      </address>
    </facility>
  </location>
  <location>
    <facility>
      <name>University of California Irvine</name>
      <address>
        <city>Irvine</city>
        <state>California</state>
        <zip>92697</zip>
        <country>United States</country>
      </address>
    </facility>
  </location>
  <location>
    <facility>
      <name>UCSD Shiley-Marcos Alzheimer's Research Center</name>
      <address>
        <city>La Jolla</city>
        <state>California</state>
        <zip>92037</zip>
        <country>United States</country>
      </address>
    </facility>
  </location>
  <location>
    <facility>
      <name>University of Southern California Psychiatry and Behavioral Sciences</name>
      <address>
        <city>Los Angeles</city>
        <state>California</state>
        <zip>90033</zip>
        <country>United States</country>
      </address>
    </facility>
  </location>
  <location>
    <facility>
      <name>UCLA Neurology</name>
      <address>
        <city>Los Angeles</city>
        <state>California</state>
        <zip>90095</zip>
        <country>United States</country>
      </address>
    </facility>
  </location>
  <location>
    <facility>
      <name>Palo Alto Institute for Research &amp; Education</name>
      <address>
        <city>Palo Alto</city>
        <state>California</state>
        <zip>94304</zip>
        <country>United States</country>
      </address>
    </facility>
  </location>
  <location>
    <facility>
      <name>UC-Davis Alzheimer's Disease Center</name>
      <address>
        <city>Sacramento</city>
        <state>California</state>
        <zip>95817</zip>
        <country>United States</country>
      </address>
    </facility>
  </location>
  <location>
    <facility>
      <name>Pacific Research Network</name>
      <address>
        <city>San Diego</city>
        <state>California</state>
        <zip>92103</zip>
        <country>United States</country>
      </address>
    </facility>
  </location>
  <location>
    <facility>
      <name>Yale University School of Medicine</name>
      <address>
        <city>New Haven</city>
        <state>Connecticut</state>
        <zip>06510</zip>
        <country>United States</country>
      </address>
    </facility>
  </location>
  <location>
    <facility>
      <name>Georgetown University Medical Center, Dept. of Neurology</name>
      <address>
        <city>Washington</city>
        <state>District of Columbia</state>
        <zip>20057</zip>
        <country>United States</country>
      </address>
    </facility>
  </location>
  <location>
    <facility>
      <name>Howard University College of Medicine</name>
      <address>
        <city>Washington</city>
        <state>District of Columbia</state>
        <zip>20060</zip>
        <country>United States</country>
      </address>
    </facility>
  </location>
  <location>
    <facility>
      <name>Mayo Clinic, Jacksonville</name>
      <address>
        <city>Jacksonville</city>
        <state>Florida</state>
        <zip>32224</zip>
        <country>United States</country>
      </address>
    </facility>
  </location>
  <location>
    <facility>
      <name>Wien Center</name>
      <address>
        <city>Miami Beach</city>
        <state>Florida</state>
        <zip>33140</zip>
        <country>United States</country>
      </address>
    </facility>
  </location>
  <location>
    <facility>
      <name>University of South Florida Suncoast Alzheimer's and Gerontology Center</name>
      <address>
        <city>Tampa</city>
        <state>Florida</state>
        <zip>33617</zip>
        <country>United States</country>
      </address>
    </facility>
  </location>
  <location>
    <facility>
      <name>Byrd Alzheimer's Institute</name>
      <address>
        <city>Tampa</city>
        <state>Florida</state>
        <zip>33647</zip>
        <country>United States</country>
      </address>
    </facility>
  </location>
  <location>
    <facility>
      <name>Emory University Dept. of Psychiatry</name>
      <address>
        <city>Atlanta</city>
        <state>Georgia</state>
        <zip>30322</zip>
        <country>United States</country>
      </address>
    </facility>
  </location>
  <location>
    <facility>
      <name>Northwestern University Cognitive Neurology and Alzheimer Disease Center</name>
      <address>
        <city>Chicago</city>
        <state>Illinois</state>
        <zip>60611</zip>
        <country>United States</country>
      </address>
    </facility>
  </location>
  <location>
    <facility>
      <name>Rush Alzheimer's Disease Center</name>
      <address>
        <city>Chicago</city>
        <state>Illinois</state>
        <zip>60612</zip>
        <country>United States</country>
      </address>
    </facility>
  </location>
  <location>
    <facility>
      <name>Indiana University</name>
      <address>
        <city>Indianapolis</city>
        <state>Indiana</state>
        <zip>46202</zip>
        <country>United States</country>
      </address>
    </facility>
  </location>
  <location>
    <facility>
      <name>University of Kansas Medical Center</name>
      <address>
        <city>Kansas City</city>
        <state>Kansas</state>
        <zip>66160</zip>
        <country>United States</country>
      </address>
    </facility>
  </location>
  <location>
    <facility>
      <name>University of Kentucky, Lexington, Sanders-Brown Center on Aging/Neurology</name>
      <address>
        <city>Lexington</city>
        <state>Kentucky</state>
        <zip>40536</zip>
        <country>United States</country>
      </address>
    </facility>
  </location>
  <location>
    <facility>
      <name>Johns Hopkins University Division of Cognitive Neuroscience</name>
      <address>
        <city>Baltimore</city>
        <state>Maryland</state>
        <zip>20205</zip>
        <country>United States</country>
      </address>
    </facility>
  </location>
  <location>
    <facility>
      <name>Brigham and Women's Hospital</name>
      <address>
        <city>Boston</city>
        <state>Massachusetts</state>
        <zip>02115</zip>
        <country>United States</country>
      </address>
    </facility>
  </location>
  <location>
    <facility>
      <name>Boston University Alzheimer's Disease Clinical and Research Program</name>
      <address>
        <city>Boston</city>
        <state>Massachusetts</state>
        <zip>02118</zip>
        <country>United States</country>
      </address>
    </facility>
  </location>
  <location>
    <facility>
      <name>University of Michigan Dept. of Neurology</name>
      <address>
        <city>Ann Arbor</city>
        <state>Michigan</state>
        <zip>48105</zip>
        <country>United States</country>
      </address>
    </facility>
  </location>
  <location>
    <facility>
      <name>Saint Mary's Health Care</name>
      <address>
        <city>Grand Rapids</city>
        <state>Michigan</state>
        <zip>49503</zip>
        <country>United States</country>
      </address>
    </facility>
  </location>
  <location>
    <facility>
      <name>Mayo Clinic Rochester, Alzheimer's Disease Research Center</name>
      <address>
        <city>Rochester</city>
        <state>Minnesota</state>
        <zip>55905</zip>
        <country>United States</country>
      </address>
    </facility>
  </location>
  <location>
    <facility>
      <name>Saint Louis University, Department of Psychiatry</name>
      <address>
        <city>St. Louis</city>
        <state>Missouri</state>
        <zip>63104</zip>
        <country>United States</country>
      </address>
    </facility>
  </location>
  <location>
    <facility>
      <name>Washington University ADRC-Memory and Aging Project</name>
      <address>
        <city>St. Louis</city>
        <state>Missouri</state>
        <zip>63108</zip>
        <country>United States</country>
      </address>
    </facility>
  </location>
  <location>
    <facility>
      <name>Dartmouth-Hitchcock Medical Center</name>
      <address>
        <city>Lebanon</city>
        <state>New Hampshire</state>
        <zip>03756</zip>
        <country>United States</country>
      </address>
    </facility>
  </location>
  <location>
    <facility>
      <name>Albany Medical College</name>
      <address>
        <city>Albany</city>
        <state>New York</state>
        <zip>12208</zip>
        <country>United States</country>
      </address>
    </facility>
  </location>
  <location>
    <facility>
      <name>Dent Neurological Institute</name>
      <address>
        <city>Amherst</city>
        <state>New York</state>
        <zip>14226</zip>
        <country>United States</country>
      </address>
    </facility>
  </location>
  <location>
    <facility>
      <name>Mount Sinai School of Medicine</name>
      <address>
        <city>Bronx</city>
        <state>New York</state>
        <zip>10468</zip>
        <country>United States</country>
      </address>
    </facility>
  </location>
  <location>
    <facility>
      <name>New York University Medical Center</name>
      <address>
        <city>New York</city>
        <state>New York</state>
        <zip>10016</zip>
        <country>United States</country>
      </address>
    </facility>
  </location>
  <location>
    <facility>
      <name>Columbia University</name>
      <address>
        <city>New York</city>
        <state>New York</state>
        <zip>10032</zip>
        <country>United States</country>
      </address>
    </facility>
  </location>
  <location>
    <facility>
      <name>University of Rochester Medical Center</name>
      <address>
        <city>Rochester</city>
        <state>New York</state>
        <zip>14620</zip>
        <country>United States</country>
      </address>
    </facility>
  </location>
  <location>
    <facility>
      <name>Wake Forest University Health Services</name>
      <address>
        <city>Winston-Salem</city>
        <state>North Carolina</state>
        <zip>27157</zip>
        <country>United States</country>
      </address>
    </facility>
  </location>
  <location>
    <facility>
      <name>Case Western Reserve University Memory and Aging Center</name>
      <address>
        <city>Cleveland</city>
        <state>Ohio</state>
        <zip>44120</zip>
        <country>United States</country>
      </address>
    </facility>
  </location>
  <location>
    <facility>
      <name>The Ohio State University</name>
      <address>
        <city>Columbus</city>
        <state>Ohio</state>
        <zip>43210</zip>
        <country>United States</country>
      </address>
    </facility>
  </location>
  <location>
    <facility>
      <name>Oregon Health and Science University Neurology</name>
      <address>
        <city>Portland</city>
        <state>Oregon</state>
        <zip>97239</zip>
        <country>United States</country>
      </address>
    </facility>
  </location>
  <location>
    <facility>
      <name>University of Pittsburgh</name>
      <address>
        <city>Pittsburgh</city>
        <state>Pennsylvania</state>
        <zip>15213</zip>
        <country>United States</country>
      </address>
    </facility>
  </location>
  <location>
    <facility>
      <name>Rhode Island Hospital Neurology</name>
      <address>
        <city>Providence</city>
        <state>Rhode Island</state>
        <zip>02903</zip>
        <country>United States</country>
      </address>
    </facility>
  </location>
  <location>
    <facility>
      <name>Medical University of South Carolina</name>
      <address>
        <city>North Charleston</city>
        <state>South Carolina</state>
        <zip>29406</zip>
        <country>United States</country>
      </address>
    </facility>
  </location>
  <location>
    <facility>
      <name>Meharry Medical College</name>
      <address>
        <city>Nashville</city>
        <state>Tennessee</state>
        <zip>37208</zip>
        <country>United States</country>
      </address>
    </facility>
  </location>
  <location>
    <facility>
      <name>University of Texas Southwestern-Memory Research Unit</name>
      <address>
        <city>Dallas</city>
        <state>Texas</state>
        <zip>75390</zip>
        <country>United States</country>
      </address>
    </facility>
  </location>
  <location>
    <facility>
      <name>Baylor University Department of Neurology</name>
      <address>
        <city>Houston</city>
        <state>Texas</state>
        <zip>77030</zip>
        <country>United States</country>
      </address>
    </facility>
  </location>
  <location>
    <facility>
      <name>The Memory Clinic</name>
      <address>
        <city>Bennington</city>
        <state>Vermont</state>
        <zip>05201</zip>
        <country>United States</country>
      </address>
    </facility>
  </location>
  <location>
    <facility>
      <name>University of Washington/Seattle Institute for Biomedical &amp; Clinical Research</name>
      <address>
        <city>Seattle</city>
        <state>Washington</state>
        <zip>98108</zip>
        <country>United States</country>
      </address>
    </facility>
  </location>
  <location>
    <facility>
      <name>University of Wisconsin Department of Medicine</name>
      <address>
        <city>Madison</city>
        <state>Wisconsin</state>
        <zip>53705</zip>
        <country>United States</country>
      </address>
    </facility>
  </location>
  <location_countries>
    <country>United States</country>
  </location_countries>
  <reference>
    <citation>Horrocks LA, Farooqui AA. Docosahexaenoic acid in the diet: its importance in maintenance and restoration of neural membrane function. Prostaglandins Leukot Essent Fatty Acids. 2004 Apr;70(4):361-72. Review.</citation>
    <PMID>15041028</PMID>
  </reference>
  <reference>
    <citation>Kalmijn S, van Boxtel MP, Ocké M, Verschuren WM, Kromhout D, Launer LJ. Dietary intake of fatty acids and fish in relation to cognitive performance at middle age. Neurology. 2004 Jan 27;62(2):275-80.</citation>
    <PMID>14745067</PMID>
  </reference>
  <reference>
    <citation>Morris MC, Evans DA, Bienias JL, Tangney CC, Bennett DA, Wilson RS, Aggarwal N, Schneider J. Consumption of fish and n-3 fatty acids and risk of incident Alzheimer disease. Arch Neurol. 2003 Jul;60(7):940-6.</citation>
    <PMID>12873849</PMID>
  </reference>
  <reference>
    <citation>Suzuki H, Morikawa Y, Takahashi H. Effect of DHA oil supplementation on intelligence and visual acuity in the elderly. World Rev Nutr Diet. 2001;88:68-71.</citation>
    <PMID>11935973</PMID>
  </reference>
  <reference>
    <citation>Calon F, Lim GP, Yang F, Morihara T, Teter B, Ubeda O, Rostaing P, Triller A, Salem N Jr, Ashe KH, Frautschy SA, Cole GM. Docosahexaenoic acid protects from dendritic pathology in an Alzheimer's disease mouse model. Neuron. 2004 Sep 2;43(5):633-45.</citation>
    <PMID>15339646</PMID>
  </reference>
  <reference>
    <citation>Lim GP, Calon F, Morihara T, Yang F, Teter B, Ubeda O, Salem N Jr, Frautschy SA, Cole GM. A diet enriched with the omega-3 fatty acid docosahexaenoic acid reduces amyloid burden in an aged Alzheimer mouse model. J Neurosci. 2005 Mar 23;25(12):3032-40.</citation>
    <PMID>15788759</PMID>
  </reference>
  <verification_date>September 2014</verification_date>
  <!-- Old date names will be dropped in a few months (sometime in 2018)                        -->
  <lastchanged_date>September 15, 2014</lastchanged_date>
  <firstreceived_date>February 22, 2007</firstreceived_date>
  <firstreceived_results_date>May 28, 2010</firstreceived_results_date>
  <!-- New date names                                                                           -->
  <study_first_submitted>February 22, 2007</study_first_submitted>
  <study_first_submitted_qc>February 22, 2007</study_first_submitted_qc>
  <study_first_posted type="Estimate">February 26, 2007</study_first_posted>
  <results_first_submitted>May 28, 2010</results_first_submitted>
  <results_first_submitted_qc>July 28, 2010</results_first_submitted_qc>
  <results_first_posted type="Estimate">August 30, 2010</results_first_posted>
  <last_update_submitted>September 15, 2014</last_update_submitted>
  <last_update_submitted_qc>September 15, 2014</last_update_submitted_qc>
  <last_update_posted type="Estimate">September 25, 2014</last_update_posted>
  <!-- End of dates                                                                             -->
  <responsible_party>
    <responsible_party_type>Sponsor</responsible_party_type>
  </responsible_party>
  <keyword>fish oil</keyword>
  <keyword>omega-3 fatty acids</keyword>
  <keyword>EPA</keyword>
  <condition_browse>
    <!-- CAUTION:  The following MeSH terms are assigned with an imperfect algorithm            -->
    <mesh_term>Alzheimer Disease</mesh_term>
  </condition_browse>

  <clinical_results>

    <participant_flow>
      <recruitment_details>Subjects were recruited at 51 sites in the United States between February and November 2007.</recruitment_details>
      <pre_assignment_details>Out of 555 subjects screened, 402 met the study criteria and were randomized.</pre_assignment_details>
      <group_list>
        <group group_id="P1">
          <title>Placebo</title>
          <description>Dosing of 2 grams of placebo administered in a divided dose twice daily with food.</description>
        </group>
        <group group_id="P2">
          <title>Docosahexaenoic Acid (DHA)</title>
          <description>Dosing of 2 grams of DHA administered in a divided dose twice daily with food.</description>
        </group>
      </group_list>
      <period_list>
        <period>
          <title>Overall Study</title>
          <milestone_list>
            <milestone>
              <title>STARTED</title>
              <participants_list>
                <participants group_id="P1" count="164"/>
                <participants group_id="P2" count="238"/>
              </participants_list>
            </milestone>
            <milestone>
              <title>COMPLETED</title>
              <participants_list>
                <participants group_id="P1" count="124"/>
                <participants group_id="P2" count="171"/>
              </participants_list>
            </milestone>
            <milestone>
              <title>NOT COMPLETED</title>
              <participants_list>
                <participants group_id="P1" count="40"/>
                <participants group_id="P2" count="67"/>
              </participants_list>
            </milestone>
          </milestone_list>
        </period>
      </period_list>
    </participant_flow>

    <baseline>
      <group_list>
        <group group_id="B1">
          <title>Placebo</title>
          <description>Dosing of 2 grams of placebo administered in a divided dose twice daily with food.</description>
        </group>
        <group group_id="B2">
          <title>Docosahexaenoic Acid (DHA)</title>
          <description>Dosing of 2 grams of DHA administered in a divided dose twice daily with food.</description>
        </group>
        <group group_id="B3">
          <title>Total</title>
          <description>Total of all reporting groups</description>
        </group>
      </group_list>
      <analyzed_list>
        <analyzed>
          <units>Participants</units>
          <scope>Overall</scope>
          <count_list>
            <count group_id="B1" value="164"/>
            <count group_id="B2" value="238"/>
            <count group_id="B3" value="402"/>
          </count_list>
        </analyzed>
      </analyzed_list>
      <measure_list>
        <measure>
          <title>Age</title>
          <units>years</units>
          <param>Mean</param>
          <dispersion>Standard Deviation</dispersion>
          <class_list>
            <class>
              <category_list>
                <category>
                  <measurement_list>
                    <measurement group_id="B1" value="76" spread="9.3"/>
                    <measurement group_id="B2" value="76" spread="7.8"/>
                    <measurement group_id="B3" value="76" spread="8.7"/>
                  </measurement_list>
                </category>
              </category_list>
            </class>
          </class_list>
        </measure>
        <measure>
          <title>Gender</title>
          <units>participants</units>
          <param>Number</param>
          <class_list>
            <class>
              <title>Female</title>
              <category_list>
                <category>
                  <measurement_list>
                    <measurement group_id="B1" value="98"/>
                    <measurement group_id="B2" value="112"/>
                    <measurement group_id="B3" value="210"/>
                  </measurement_list>
                </category>
              </category_list>
            </class>
            <class>
              <title>Male</title>
              <category_list>
                <category>
                  <measurement_list>
                    <measurement group_id="B1" value="66"/>
                    <measurement group_id="B2" value="126"/>
                    <measurement group_id="B3" value="192"/>
                  </measurement_list>
                </category>
              </category_list>
            </class>
          </class_list>
        </measure>
        <measure>
          <title>Region of Enrollment</title>
          <units>participants</units>
          <param>Number</param>
          <class_list>
            <class>
              <title>United States</title>
              <category_list>
                <category>
                  <measurement_list>
                    <measurement group_id="B1" value="164"/>
                    <measurement group_id="B2" value="238"/>
                    <measurement group_id="B3" value="402"/>
                  </measurement_list>
                </category>
              </category_list>
            </class>
          </class_list>
        </measure>
      </measure_list>
    </baseline>

    <outcome_list>
      <outcome>
        <type>Primary</type>
        <title>Rate of Change on the ADAS-Cog 11.</title>
        <description>ADAS-cog 11 = Alzheimer's Disease Assessment Scale, cognitive sub-scale in points per year. This is a psychometric measure sensitive to change in mild to moderate AD. The range of this instrument is 0 to 70 with higher numbers indicating greater impairment.</description>
        <time_frame>Baseline, 6, 12, 18 months</time_frame>
        <group_list>
          <group group_id="O1">
            <title>Placebo</title>
            <description>Dosing of 2 grams of placebo administered in a divided dose twice daily with food.</description>
          </group>
          <group group_id="O2">
            <title>Docosahexaenoic Acid (DHA)</title>
            <description>Dosing of 2 grams of DHA administered in a divided dose twice daily with food.</description>
          </group>
        </group_list>
        <measure>
          <title>Rate of Change on the ADAS-Cog 11.</title>
          <description>ADAS-cog 11 = Alzheimer's Disease Assessment Scale, cognitive sub-scale in points per year. This is a psychometric measure sensitive to change in mild to moderate AD. The range of this instrument is 0 to 70 with higher numbers indicating greater impairment.</description>
          <units>ADAS points per year</units>
          <param>Mean</param>
          <dispersion>Standard Deviation</dispersion>
          <analyzed_list>
            <analyzed>
              <units>Participants</units>
              <scope>Measure</scope>
              <count_list>
                <count group_id="O1" value="164"/>
                <count group_id="O2" value="238"/>
              </count_list>
            </analyzed>
          </analyzed_list>
          <class_list>
            <class>
              <category_list>
                <category>
                  <measurement_list>
                    <measurement group_id="O1" value="7.98" spread="9.84"/>
                    <measurement group_id="O2" value="8.27" spread="8.9"/>
                  </measurement_list>
                </category>
              </category_list>
            </class>
          </class_list>
        </measure>
      </outcome>
      <outcome>
        <type>Primary</type>
        <title>Rate of Change on CDR-SOB</title>
        <description>CDR-SOB = Clinical Dementia Rating, Sum of Boxes. This is a global rating of dementia severity based on the clinician's interpretation of the history and examination. The range of this instrument is 0 to 18 with higher numbers indicating greater impairment.</description>
        <time_frame>18 months</time_frame>
        <group_list>
          <group group_id="O1">
            <title>Placebo</title>
            <description>Dosing of 2 grams of placebo administered in a divided dose twice daily with food.</description>
          </group>
          <group group_id="O2">
            <title>Docosahexaenoic Acid (DHA)</title>
            <description>Dosing of 2 grams of DHA administered in a divided dose twice daily with food.</description>
          </group>
        </group_list>
        <measure>
          <title>Rate of Change on CDR-SOB</title>
          <description>CDR-SOB = Clinical Dementia Rating, Sum of Boxes. This is a global rating of dementia severity based on the clinician's interpretation of the history and examination. The range of this instrument is 0 to 18 with higher numbers indicating greater impairment.</description>
          <units>Units on a scale</units>
          <param>Mean</param>
          <dispersion>Standard Deviation</dispersion>
          <analyzed_list>
            <analyzed>
              <units>Participants</units>
              <scope>Measure</scope>
              <count_list>
                <count group_id="O1" value="164"/>
                <count group_id="O2" value="238"/>
              </count_list>
            </analyzed>
          </analyzed_list>
          <class_list>
            <class>
              <category_list>
                <category>
                  <measurement_list>
                    <measurement group_id="O1" value="2.87" spread="2.93"/>
                    <measurement group_id="O2" value="2.93" spread="2.83"/>
                  </measurement_list>
                </category>
              </category_list>
            </class>
          </class_list>
        </measure>
      </outcome>
      <outcome>
        <type>Secondary</type>
        <title>ADCS-ADL</title>
        <description>ADCS-ADL = Alzheimer's Disease Cooperative Study Activities of Daily Living Score. This is a structured questionnaire about activities of daily living, administered to the subject's caregiver/study partner. The range of this instrument is 0 to 6 with lower numbers indicating greater impairment.</description>
        <time_frame>18 months</time_frame>
        <group_list>
          <group group_id="O1">
            <title>Placebo</title>
            <description>Dosing of 2 grams of placebo administered in a divided dose twice daily with food.</description>
          </group>
          <group group_id="O2">
            <title>Docosahexaenoic Acid (DHA)</title>
            <description>Dosing of 2 grams of DHA administered in a divided dose twice daily with food.</description>
          </group>
        </group_list>
        <measure>
          <title>ADCS-ADL</title>
          <description>ADCS-ADL = Alzheimer's Disease Cooperative Study Activities of Daily Living Score. This is a structured questionnaire about activities of daily living, administered to the subject's caregiver/study partner. The range of this instrument is 0 to 6 with lower numbers indicating greater impairment.</description>
          <units>Units on a scale</units>
          <param>Mean</param>
          <dispersion>Standard Deviation</dispersion>
          <analyzed_list>
            <analyzed>
              <units>Participants</units>
              <scope>Measure</scope>
              <count_list>
                <count group_id="O1" value="164"/>
                <count group_id="O2" value="238"/>
              </count_list>
            </analyzed>
          </analyzed_list>
          <class_list>
            <class>
              <category_list>
                <category>
                  <measurement_list>
                    <measurement group_id="O1" value="10.43" spread="11.74"/>
                    <measurement group_id="O2" value="11.51" spread="13.23"/>
                  </measurement_list>
                </category>
              </category_list>
            </class>
          </class_list>
        </measure>
      </outcome>
      <outcome>
        <type>Secondary</type>
        <title>Neuropsychiatric Inventory (NPI)</title>
        <description>The Neuropsychiatric Inventory quantifies behavioral changes in dementia, including depression, anxiety, psychosis, agitation, sleep change, appetite change, and others. This is a structured questionnaire administered to the subject's caregiver/study partner. The range of this instrument is 0 to 120 with higher numbers indicating greater impairment.</description>
        <time_frame>18 months</time_frame>
        <group_list>
          <group group_id="O1">
            <title>Placebo</title>
            <description>Dosing of 2 grams of placebo administered in a divided dose twice daily with food.</description>
          </group>
          <group group_id="O2">
            <title>Docosahexaenoic Acid (DHA)</title>
            <description>Dosing of 2 grams of DHA administered in a divided dose twice daily with food.</description>
          </group>
        </group_list>
        <measure>
          <title>Neuropsychiatric Inventory (NPI)</title>
          <description>The Neuropsychiatric Inventory quantifies behavioral changes in dementia, including depression, anxiety, psychosis, agitation, sleep change, appetite change, and others. This is a structured questionnaire administered to the subject's caregiver/study partner. The range of this instrument is 0 to 120 with higher numbers indicating greater impairment.</description>
          <units>Units on a scale</units>
          <param>Mean</param>
          <dispersion>Standard Deviation</dispersion>
          <analyzed_list>
            <analyzed>
              <units>Participants</units>
              <scope>Measure</scope>
              <count_list>
                <count group_id="O1" value="164"/>
                <count group_id="O2" value="238"/>
              </count_list>
            </analyzed>
          </analyzed_list>
          <class_list>
            <class>
              <category_list>
                <category>
                  <measurement_list>
                    <measurement group_id="O1" value="2.93" spread="13.62"/>
                    <measurement group_id="O2" value="5.09" spread="15.08"/>
                  </measurement_list>
                </category>
              </category_list>
            </class>
          </class_list>
        </measure>
      </outcome>
    </outcome_list>

    <reported_events>
      <group_list>
        <group group_id="E1">
          <title>Placebo</title>
          <description>Dosing of 2 grams of placebo administered in a divided dose twice daily with food.</description>
        </group>
        <group group_id="E2">
          <title>Docosahexaenoic Acid (DHA)</title>
          <description>Dosing of 2 grams of DHA administered in a divided dose twice daily with food.</description>
        </group>
      </group_list>
      <serious_events>
        <default_assessment>Systematic Assessment</default_assessment>
        <category_list>
          <category>
            <title>Total</title>
            <event_list>
              <event>
                <sub_title>Total, serious adverse events</sub_title>
                <counts group_id="E1" subjects_affected="50" subjects_at_risk="164"/>
                <counts group_id="E2" subjects_affected="76" subjects_at_risk="238"/>
              </event>
            </event_list>
          </category>
          <category>
            <title>Blood and lymphatic system disorders</title>
            <event_list>
              <event>
                <sub_title>deep venous thrombosis/pulmonary embolus</sub_title>
                <counts group_id="E1" events="2" subjects_affected="2" subjects_at_risk="164"/>
                <counts group_id="E2" events="8" subjects_affected="8" subjects_at_risk="214"/>
              </event>
            </event_list>
          </category>
          <category>
            <title>General disorders</title>
            <event_list>
              <event>
                <sub_title>death</sub_title>
                <counts group_id="E1" events="4" subjects_affected="4" subjects_at_risk="164"/>
                <counts group_id="E2" events="11" subjects_affected="11" subjects_at_risk="214"/>
              </event>
              <event>
                <sub_title>other</sub_title>
                <counts group_id="E1" events="44" subjects_affected="44" subjects_at_risk="164"/>
                <counts group_id="E2" events="57" subjects_affected="57" subjects_at_risk="214"/>
              </event>
            </event_list>
          </category>
        </category_list>
      </serious_events>
      <other_events>
        <frequency_threshold>5</frequency_threshold>
        <default_assessment>Systematic Assessment</default_assessment>
        <category_list>
          <category>
            <title>Total</title>
            <event_list>
              <event>
                <sub_title>Total, other adverse events</sub_title>
                <counts group_id="E1" subjects_affected="144" subjects_at_risk="164"/>
                <counts group_id="E2" subjects_affected="214" subjects_at_risk="238"/>
              </event>
            </event_list>
          </category>
          <category>
            <title>Gastrointestinal disorders</title>
            <event_list>
              <event>
                <sub_title>diarrhea</sub_title>
                <counts group_id="E1" events="10" subjects_affected="10" subjects_at_risk="164"/>
                <counts group_id="E2" events="18" subjects_affected="18" subjects_at_risk="238"/>
              </event>
            </event_list>
          </category>
          <category>
            <title>General disorders</title>
            <event_list>
              <event>
                <sub_title>dizziness</sub_title>
                <counts group_id="E1" events="9" subjects_affected="9" subjects_at_risk="164"/>
                <counts group_id="E2" events="12" subjects_affected="12" subjects_at_risk="238"/>
              </event>
              <event>
                <sub_title>other</sub_title>
                <counts group_id="E1" events="88" subjects_affected="88" subjects_at_risk="164"/>
                <counts group_id="E2" events="119" subjects_affected="119" subjects_at_risk="238"/>
              </event>
            </event_list>
          </category>
          <category>
            <title>Injury, poisoning and procedural complications</title>
            <event_list>
              <event>
                <sub_title>fall</sub_title>
                <counts group_id="E1" events="33" subjects_affected="33" subjects_at_risk="164"/>
                <counts group_id="E2" events="42" subjects_affected="42" subjects_at_risk="238"/>
              </event>
            </event_list>
          </category>
          <category>
            <title>Psychiatric disorders</title>
            <event_list>
              <event>
                <sub_title>agitation</sub_title>
                <counts group_id="E1" events="12" subjects_affected="12" subjects_at_risk="164"/>
                <counts group_id="E2" events="24" subjects_affected="24" subjects_at_risk="238"/>
              </event>
            </event_list>
          </category>
          <category>
            <title>Renal and urinary disorders</title>
            <event_list>
              <event>
                <sub_title>urinary tract infection</sub_title>
                <counts group_id="E1" events="12" subjects_affected="12" subjects_at_risk="164"/>
                <counts group_id="E2" events="23" subjects_affected="23" subjects_at_risk="238"/>
              </event>
            </event_list>
          </category>
        </category_list>
      </other_events>
    </reported_events>

    <certain_agreements>
      <pi_employee>Principal Investigators are NOT employed by the organization sponsoring the study.</pi_employee>
      <restrictive_agreement>There is NOT an agreement between Principal Investigators and the Sponsor (or its agents) that restricts the PI's rights to discuss or publish trial results after the trial is completed. </restrictive_agreement>
    </certain_agreements>
    <point_of_contact>
      <name_or_title>Joseph Quinn, MD</name_or_title>
      <organization>Oregon Health and Sciences University/Portland VA Medical Center, Portland, Oregon.</organization>
      <phone>503-494-6976</phone>
      <email>quinnj@ohsu.edu</email>
    </point_of_contact>
  </clinical_results>
</clinical_study>

