<?xml version="1.0" encoding="UTF-8"?>
<clinical_study rank="90">
  <!-- This xml conforms to an XML Schema at:
    https://clinicaltrials.gov/ct2/html/images/info/public.xsd -->
  <required_header>
    <download_date>ClinicalTrials.gov processed this data on November 07, 2017</download_date>
    <link_text>Link to the current ClinicalTrials.gov record.</link_text>
    <url>https://clinicaltrials.gov/show/NCT00065767</url>
  </required_header>
  <id_info>
    <org_study_id>IA0049</org_study_id>
    <secondary_id>1R01AG029624-01</secondary_id>
    <secondary_id>IRB M1285</secondary_id>
    <nct_id>NCT00065767</nct_id>
  </id_info>
  <brief_title>Cognitive and Neurophysiological Effects of Raloxifene in Alzheimer's Disease</brief_title>
  <official_title>Cognitive and Neurophysiological Effects of Raloxifene in Alzheimer's Disease</official_title>
  <sponsors>
    <lead_sponsor>
      <agency>University of Wisconsin, Madison</agency>
      <agency_class>Other</agency_class>
    </lead_sponsor>
    <collaborator>
      <agency>National Institute on Aging (NIA)</agency>
      <agency_class>NIH</agency_class>
    </collaborator>
  </sponsors>
  <source>University of Wisconsin, Madison</source>
  <brief_summary>
    <textblock>
      The aim of this study is to determine the effectiveness of treatment with raloxifene, an
      estrogen-like medication approved by the Food and Drug Administration for the treatment of
      osteoporosis, in improving memory and the ability to live independently in postmenopausal
      women with Alzheimer's disease.
    </textblock>
  </brief_summary>
  <detailed_description>
    <textblock>
      The aim of this study is to determine the effectiveness of treatment with raloxifene, an
      estrogen-like medication (classified as Selective Estrogen Receptor Modulators (SER's))
      approved by the Food and Drug Administration for the treatment of osteoporosis, in improving
      memory and the ability to live independently in postmenopausal women with Alzheimer's
      disease. Patients who volunteer for this study will need to visit the clinic 7 times
      (participate) over a period of five months and will receive either raloxifene or a harmless,
      inactive pill called a placebo. Neither the volunteers nor the study staff will know which
      type of pill a patient receives. Patients must be generally healthy and have mild-to-moderate
      dementia. There must be a patient caregiver who can watch for side effects and ensure that
      the patient takes the study pills on schedule over a period of three months.

      Patients will undergo neuropsychological tests and an evaluation of the ability to live
      independently at each visit as well as laboratory evaluations, such as the taking of blood.
      Each visit will last approximately 3 hours. A total of 20 patients is being recruited to
      participate in this study at the University of Wisconsin.
    </textblock>
  </detailed_description>
  <overall_status>Completed</overall_status>
  <start_date>September 2001</start_date>
  <completion_date type="Actual">March 2005</completion_date>
  <primary_completion_date type="Actual">March 2005</primary_completion_date>
  <phase>Phase 2/Phase 3</phase>
  <study_type>Interventional</study_type>
  <has_expanded_access>No</has_expanded_access>
  <study_design_info>
    <allocation>Randomized</allocation>
    <intervention_model>Parallel Assignment</intervention_model>
    <primary_purpose>Treatment</primary_purpose>
    <masking>Double</masking>
  </study_design_info>
  <enrollment>20</enrollment>
  <condition>Alzheimer Disease</condition>
  <intervention>
    <intervention_type>Drug</intervention_type>
    <intervention_name>Raloxifene</intervention_name>
  </intervention>
  <eligibility>
    <criteria>
      <textblock>
        Inclusion Criteria:

          -  Postmenopausal women with Alzheimer's disease and without other dementias (diagnosed
             by study staff or from an outside clinic)

          -  Mini Mental Status Exam score greater than 15/30

        Exclusion Criteria:

          -  History of deep vein thrombosis or blot clots

          -  Diabetes

          -  Active heart disease or stroke

          -  Liver problems including hepatitis

          -  Severe vision or hearing problems

          -  Tobacco use
      </textblock>
    </criteria>
    <gender>Female</gender>
    <minimum_age>55 Years</minimum_age>
    <maximum_age>90 Years</maximum_age>
    <healthy_volunteers>No</healthy_volunteers>
  </eligibility>
  <overall_official>
    <last_name>Sanjay Asthana, MD</last_name>
    <role>Principal Investigator</role>
    <affiliation>William S. Middleton VA Hospital, University of Wisconsin Memory Research Program</affiliation>
  </overall_official>
  <location>
    <facility>
      <name>University of Wisconsin Memory Research Program</name>
      <address>
        <city>Madison</city>
        <state>Wisconsin</state>
        <zip>53705</zip>
        <country>United States</country>
      </address>
    </facility>
  </location>
  <location_countries>
    <country>United States</country>
  </location_countries>
  <reference>
    <citation>Birge SJ, McEwen BS, Wise PM. Effects of estrogen deficiency on brain function. Implications for the treatment of postmenopausal women. Postgrad Med. 2001 Mar;Spec No:11-6. Review.</citation>
    <PMID>11296734</PMID>
  </reference>
  <reference>
    <citation>Zec RF, Trivedi MA. The effects of estrogen replacement therapy on neuropsychological functioning in postmenopausal women with and without dementia: a critical and theoretical review. Neuropsychol Rev. 2002 Jun;12(2):65-109. Review.</citation>
    <PMID>12371603</PMID>
  </reference>
  <reference>
    <citation>Yaffe K. Estrogens, selective estrogen receptor modulators, and dementia: what is the evidence? Ann N Y Acad Sci. 2001 Dec;949:215-22. Review.</citation>
    <PMID>11795356</PMID>
  </reference>
  <verification_date>September 2010</verification_date>
  <!-- Old date names will be dropped in a few months (sometime in 2018)                        -->
  <lastchanged_date>October 1, 2015</lastchanged_date>
  <firstreceived_date>July 31, 2003</firstreceived_date>
  <!-- New date names                                                                           -->
  <study_first_submitted>July 31, 2003</study_first_submitted>
  <study_first_submitted_qc>August 1, 2003</study_first_submitted_qc>
  <study_first_posted type="Estimate">August 4, 2003</study_first_posted>
  <last_update_submitted>October 1, 2015</last_update_submitted>
  <last_update_submitted_qc>October 1, 2015</last_update_submitted_qc>
  <last_update_posted type="Estimate">October 5, 2015</last_update_posted>
  <!-- End of dates                                                                             -->
  <responsible_party>
    <responsible_party_type>Sponsor</responsible_party_type>
  </responsible_party>
  <keyword>Alzheimer disease</keyword>
  <keyword>Postmenopausal women</keyword>
  <keyword>Hormone therapy</keyword>
  <condition_browse>
    <!-- CAUTION:  The following MeSH terms are assigned with an imperfect algorithm            -->
    <mesh_term>Alzheimer Disease</mesh_term>
  </condition_browse>
  <intervention_browse>
    <!-- CAUTION:  The following MeSH terms are assigned with an imperfect algorithm            -->
    <mesh_term>Raloxifene Hydrochloride</mesh_term>
  </intervention_browse>
  <!-- Results have not yet been posted for this study                                          -->
</clinical_study>

