<?xml version="1.0" encoding="UTF-8"?>
<clinical_study rank="366">
  <!-- This xml conforms to an XML Schema at:
    https://clinicaltrials.gov/ct2/html/images/info/public.xsd -->
  <required_header>
    <download_date>ClinicalTrials.gov processed this data on November 07, 2017</download_date>
    <link_text>Link to the current ClinicalTrials.gov record.</link_text>
    <url>https://clinicaltrials.gov/show/NCT02955706</url>
  </required_header>
  <id_info>
    <org_study_id>NCT_ADC_IV</org_study_id>
    <nct_id>NCT02955706</nct_id>
  </id_info>
  <brief_title>Assessment the Efficacy of Acetyl-L-carnitine in Patient With Alzheimer's Disease</brief_title>
  <official_title>A Multicenter, Randomized, Double-blind, Placebo-controlled Clinical Trial to Assess the Efficacy of Acetyl-L-carnitine in Patient With Alzheimer's Disease</official_title>
  <sponsors>
    <lead_sponsor>
      <agency>Dong-A ST Co., Ltd.</agency>
      <agency_class>Industry</agency_class>
    </lead_sponsor>
  </sponsors>
  <source>Dong-A ST Co., Ltd.</source>
  <oversight_info>
    <has_dmc>No</has_dmc>
  </oversight_info>
  <brief_summary>
    <textblock>
      clinical trial to assess the efficacy of Acetyl-L-carnitine
    </textblock>
  </brief_summary>
  <detailed_description>
    <textblock>
      A multicenter, randomized, double-blind, placebo-controlled clinical trial to assess the
      efficacy of Acetyl-L-carnitine in patient with Alzheimer's disease
    </textblock>
  </detailed_description>
  <overall_status>Recruiting</overall_status>
  <start_date>April 2016</start_date>
  <completion_date type="Anticipated">February 2019</completion_date>
  <primary_completion_date type="Anticipated">September 2018</primary_completion_date>
  <phase>Phase 4</phase>
  <study_type>Interventional</study_type>
  <has_expanded_access>No</has_expanded_access>
  <study_design_info>
    <allocation>Randomized</allocation>
    <intervention_model>Parallel Assignment</intervention_model>
    <primary_purpose>Treatment</primary_purpose>
    <masking>Triple (Participant, Care Provider, Investigator)</masking>
  </study_design_info>
  <primary_outcome>
    <measure>ADAS-cog</measure>
    <time_frame>24week</time_frame>
  </primary_outcome>
  <secondary_outcome>
    <measure>K-MMSE</measure>
    <time_frame>12week, 24week</time_frame>
  </secondary_outcome>
  <number_of_arms>2</number_of_arms>
  <enrollment type="Anticipated">328</enrollment>
  <condition>Alzheimer Disease</condition>
  <arm_group>
    <arm_group_label>Active</arm_group_label>
    <arm_group_type>Experimental</arm_group_type>
    <description>Acetyl-L-carnitine (DongA ST)</description>
  </arm_group>
  <arm_group>
    <arm_group_label>placebo</arm_group_label>
    <arm_group_type>Placebo Comparator</arm_group_type>
    <description>Placebo of Acetyl-L-carnitine (DongA ST)</description>
  </arm_group>
  <intervention>
    <intervention_type>Drug</intervention_type>
    <intervention_name>Acetyl-L-Carnitine</intervention_name>
    <description>TID</description>
    <arm_group_label>Active</arm_group_label>
    <other_name>Nicetile</other_name>
  </intervention>
  <intervention>
    <intervention_type>Drug</intervention_type>
    <intervention_name>Placebo of Acetyl-L-Carnitine</intervention_name>
    <description>TID</description>
    <arm_group_label>placebo</arm_group_label>
    <other_name>Placebo of Nicetile</other_name>
  </intervention>
  <eligibility>
    <criteria>
      <textblock>
        Inclusion Criteria:

          -  More than 50 Years

          -  probable Alzheimer disease according to DSM-IV and NINCDS-ADRDA standard

          -  12≤K-MMSE(screening)≤26

          -  be able to perform examinations

          -  Patient taking donepezil(5mg or 10mg/day) more than 3 months

          -  be able to visit to hospital with caregiver

        Exclusion Criteria:

          -  possible or probable or definite vascular dementia according to NINDS-AIREN standard

          -  CNS disease(Cerebrovascular diseases, Epilepsy etc) to cause dementia

          -  Illiteracy

          -  Patient taking galantamine, memantine, rivastigmine within three months

          -  Patient taking brain enhancer, thyroid hormone within 4 weeks

          -  Patient taking Central nervous system stimulant, Antipsychotic agent, anticholinergic
             agent within 2 weeks

          -  at screenig blood test: AST, ALT≥ 3 X upper limit of normal range or Hb≤8g/dL or
             platelet&lt;100,000/mm3 or Serum creatinine ≥ 3 X upper limit of normal range

          -  Abnormal result of Vit.B12, Syphilis serology, TSH

          -  Severe Depression, Schizophrenia, Alcoholism, Drug addiction

          -  Parkinson's disease (need to drug therapy)

          -  Angina, Myocardial infarction, ischemia within six months

          -  Head injury with sense of loss within six months

          -  Patient taking other IP within three months

          -  Hypersensitivity to IP

          -  Sever Hearing problems or Visual impairment
      </textblock>
    </criteria>
    <gender>All</gender>
    <minimum_age>50 Years</minimum_age>
    <maximum_age>N/A</maximum_age>
    <healthy_volunteers>No</healthy_volunteers>
  </eligibility>
  <overall_official>
    <last_name>Seol Hee Han, MD</last_name>
    <role>Principal Investigator</role>
    <affiliation>Konkuk University Medical Center</affiliation>
  </overall_official>
  <overall_contact>
    <last_name>YoonHeok Choi</last_name>
    <phone>02-920-8864</phone>
    <email>moon23@donga.co.kr</email>
  </overall_contact>
  <location>
    <facility>
      <name>Konkuk university medical center</name>
      <address>
        <city>Seoul</city>
        <zip>KS013</zip>
        <country>Korea, Republic of</country>
      </address>
    </facility>
    <status>Recruiting</status>
    <contact>
      <last_name>SeolHee Han, MD</last_name>
    </contact>
  </location>
  <location_countries>
    <country>Korea, Republic of</country>
  </location_countries>
  <verification_date>November 2016</verification_date>
  <!-- Old date names will be dropped in a few months (sometime in 2018)                        -->
  <lastchanged_date>November 6, 2016</lastchanged_date>
  <firstreceived_date>November 2, 2016</firstreceived_date>
  <!-- New date names                                                                           -->
  <study_first_submitted>November 2, 2016</study_first_submitted>
  <study_first_submitted_qc>November 2, 2016</study_first_submitted_qc>
  <study_first_posted type="Estimate">November 4, 2016</study_first_posted>
  <last_update_submitted>November 6, 2016</last_update_submitted>
  <last_update_submitted_qc>November 6, 2016</last_update_submitted_qc>
  <last_update_posted type="Estimate">November 8, 2016</last_update_posted>
  <!-- End of dates                                                                             -->
  <responsible_party>
    <responsible_party_type>Sponsor</responsible_party_type>
  </responsible_party>
  <condition_browse>
    <!-- CAUTION:  The following MeSH terms are assigned with an imperfect algorithm            -->
    <mesh_term>Alzheimer Disease</mesh_term>
  </condition_browse>
  <intervention_browse>
    <!-- CAUTION:  The following MeSH terms are assigned with an imperfect algorithm            -->
    <mesh_term>Acetylcarnitine</mesh_term>
  </intervention_browse>
  <patient_data>
    <sharing_ipd>No</sharing_ipd>
  </patient_data>
  <!-- Results have not yet been posted for this study                                          -->
</clinical_study>

