<?xml version="1.0" encoding="UTF-8"?>
<clinical_study rank="325">
  <!-- This xml conforms to an XML Schema at:
    https://clinicaltrials.gov/ct2/html/images/info/public.xsd -->
  <required_header>
    <download_date>ClinicalTrials.gov processed this data on November 07, 2017</download_date>
    <link_text>Link to the current ClinicalTrials.gov record.</link_text>
    <url>https://clinicaltrials.gov/show/NCT03274817</url>
  </required_header>
  <id_info>
    <org_study_id>09-0228</org_study_id>
    <nct_id>NCT03274817</nct_id>
  </id_info>
  <brief_title>A Proof of Concept Study of the Prevention of Mild Cognitive Impairment and Eventual Alzheimer's Disease Using F18 Flutemetamol</brief_title>
  <official_title>A Proof of Concept Study of the Prevention of Mild Cognitive Impairment and Eventual Alzheimer's Disease Using F18 Flutemetamol</official_title>
  <sponsors>
    <lead_sponsor>
      <agency>New York University School of Medicine</agency>
      <agency_class>Other</agency_class>
    </lead_sponsor>
  </sponsors>
  <source>New York University School of Medicine</source>
  <oversight_info>
    <has_dmc>Yes</has_dmc>
    <is_fda_regulated_drug>Yes</is_fda_regulated_drug>
    <is_fda_regulated_device>No</is_fda_regulated_device>
    <is_us_export>No</is_us_export>
  </oversight_info>
  <brief_summary>
    <textblock>
      This is an investigator-initiated study comparing two types of FDA-approved anti-depressants,
      Escitalopram and Venlafaxine, to placebo, in order to determine if these medications have
      positive effects on cognition and memory in those who are between the ages of 50 to 89 years
      old, who are cognitively normal, and who have subjective memory concerns. Research has shown
      that those who are cognitively normal but report subjective cognitive impairment are more
      likely to progress to mild cognitive impairment and Alzheimer's disease in the future.
      Anti-depressants such as Escitalopram and Venlafaxine have been shown to stimulate production
      of neurons in memory-sensitive areas such as the hippocampus. Therefore, the investigator is
      researching whether these drugs would help cognition in those with subjective cognitive
      impairment, and would help to prevent cognitive decline and eventual Alzheimer's disease.
    </textblock>
  </brief_summary>
  <overall_status>Recruiting</overall_status>
  <start_date type="Actual">July 11, 2017</start_date>
  <completion_date type="Anticipated">July 2019</completion_date>
  <primary_completion_date type="Anticipated">July 2018</primary_completion_date>
  <phase>Phase 1</phase>
  <study_type>Interventional</study_type>
  <has_expanded_access>No</has_expanded_access>
  <study_design_info>
    <allocation>Randomized</allocation>
    <intervention_model>Parallel Assignment</intervention_model>
    <primary_purpose>Prevention</primary_purpose>
    <masking>Double (Participant, Care Provider)</masking>
  </study_design_info>
  <primary_outcome>
    <measure>Z-score for the hippocampal region of interest in the theta band</measure>
    <time_frame>24 Months</time_frame>
    <description>responders show will less increase in score with treatment compared with baseline, in comparison with placebo treated subjects.</description>
  </primary_outcome>
  <primary_outcome>
    <measure>Multivariate Z score for overall theta abnormality in the frontal and parieto-temporal regions;</measure>
    <time_frame>24 Months</time_frame>
    <description>Each subject can serve as their own control, z-transformed relative to initial values accessed for each of the endpoints. In addition, each subject can be evaluated relative to age-expected normal values.</description>
  </primary_outcome>
  <primary_outcome>
    <measure>Probability of deterioration from logistic regression predictive of future decline;</measure>
    <time_frame>24 Months</time_frame>
  </primary_outcome>
  <primary_outcome>
    <measure>Z-score coherence (synchrony) between right central and parietal regions across all bands;</measure>
    <time_frame>24 Months</time_frame>
    <description>Each subject can serve as their own control, z-transformed relative to initial values accessed for each of the endpoints. In addition, each subject can be evaluated relative to age-expected normal values.</description>
  </primary_outcome>
  <primary_outcome>
    <measure>Mean frequency across the total EEG brain spectrum.</measure>
    <time_frame>24 Months</time_frame>
  </primary_outcome>
  <primary_outcome>
    <measure>Metabolic reduction in the hippocampal formation (a region including the hippocampal subiculum and the entorhinal cortex) assessed bilaterally.</measure>
    <time_frame>24 Months</time_frame>
  </primary_outcome>
  <secondary_outcome>
    <measure>Brief Cognitive Rating Scale Axes I to V total scores</measure>
    <time_frame>24 Months</time_frame>
  </secondary_outcome>
  <secondary_outcome>
    <measure>The Mini-Mental State Examination (MMSE) total scores</measure>
    <time_frame>24 Months</time_frame>
    <description>30-point questionnaire that is used extensively in clinical and research settings to measure cognitive impairment. It is commonly used in medicine and allied health to screen for dementia.</description>
  </secondary_outcome>
  <secondary_outcome>
    <measure>MAC-Q total score</measure>
    <time_frame>24 Months</time_frame>
    <description>brief index of memory complaint.</description>
  </secondary_outcome>
  <number_of_arms>3</number_of_arms>
  <enrollment type="Anticipated">31</enrollment>
  <condition>Alzheimer Disease</condition>
  <arm_group>
    <arm_group_label>Escitalopram</arm_group_label>
    <arm_group_type>Active Comparator</arm_group_type>
    <description>Escitalopram (lexapro) is presently the most widely used selective serotonin reuptake inhibitor (SSRI) antidepressant.</description>
  </arm_group>
  <arm_group>
    <arm_group_label>Venlafaxine</arm_group_label>
    <arm_group_type>Active Comparator</arm_group_type>
    <description>Venlafaxine is a norepinephrine, serotonin and dopamine reuptake inhibitor antidepressant.The specific form of venlafaxine which will be employed is Effexor XR (venlafaxine hydrochloride extended release capsules)</description>
  </arm_group>
  <arm_group>
    <arm_group_label>Placebo</arm_group_label>
    <arm_group_type>Placebo Comparator</arm_group_type>
    <description>Subjects randomized to group C will receive placebo tablets, which will be matched to the Lexapro and the Effexor XR as far as possible, and will also be administered on a once daily schedule at baseline.</description>
  </arm_group>
  <intervention>
    <intervention_type>Drug</intervention_type>
    <intervention_name>Escitalopram Pill</intervention_name>
    <description>Subjects randomized to group A will receive Lexapro (escitalopram), in an initial, baseline dosage of 5 mg daily.</description>
    <arm_group_label>Escitalopram</arm_group_label>
    <other_name>Lexapro</other_name>
  </intervention>
  <intervention>
    <intervention_type>Drug</intervention_type>
    <intervention_name>Venlafaxine Pill</intervention_name>
    <description>Subjects randomized to group B will receive Effexor XR (venlafaxine extended release capsules), in an initial baseline dosage of 37.5 mg daily.</description>
    <arm_group_label>Venlafaxine</arm_group_label>
    <other_name>Effexor XR</other_name>
  </intervention>
  <intervention>
    <intervention_type>Drug</intervention_type>
    <intervention_name>Placebo Oral Tablet</intervention_name>
    <description>Subjects randomized to group C will receive placebo tablets, which will be matched to the Lexapro and the Effexor XR as far as possible, and will also be administered on a once daily schedule at baseline.</description>
    <arm_group_label>Placebo</arm_group_label>
  </intervention>
  <eligibility>
    <criteria>
      <textblock>
        Inclusion Criteria:

          -  Subjects must have subjective cognitive impairment (SCI) and be free of objective
             evidence of cognitive impairment. Operationally, this will be defined as subjects with
             Global Deterioration Scale (GDS) score of stage 2.4

          -  Subjects must be between 60 and 80 years of age.

          -  Subjects must have a knowledgeable informant (study partner) who can accompany them to
             the evaluations, or, when necessary, be available for telephone contact.

          -  Subjects must be otherwise healthy and fulfill all of the inclusion criteria for
             participation in the NYU ADC. Exclusion criteria are enumerated below.

          -  Subjects must be in a position to comply with all of the study procedures described
             herein.

          -  Subjects must have a minimum of 12 years of education.

          -  Subjects must be fluent in English.

          -  Subjects original language at birth and/or, in childhood, must have been English,
             alone, or in conjunction with other languages.

        Exclusion Criteria:

          -  Subjects who have normal brain aging, who are free of subjective cognitive impairment
             (SCI), and are therefore categorized at GDS stage 1, will be excluded.

          -  Subjects with MCI or dementia and are therefore categorized as being at GDS stage 3 or
             greater, will be excluded.

          -  Subjects with a mini mental status examination (MMSE) score61 of ≤ 27 will be
             excluded.

          -  Subjects with a Hamilton Depression Scale (HDS) score ≥ 16,62 signifying the presence
             of notable depressive symptomatology which warrants treatment, will be excluded.

          -  Subjects with a primary diagnosis of depression or with a major depression diagnosis
             will be excluded.

          -  Subjects with a significant medical, neurologic, or psychiatric condition, including
             depression or anxiety disorder, that might interfere with cognition will be excluded.

          -  Subjects with a history of adverse reactions to escitalopram and/or venlaflaxine will
             be excluded.

          -  Subjects, who are judged to have had adverse reactions to selective serotonin reuptake
             inhibitor medications as a class, will be excluded.

          -  Subjects taking the antibiotic Zyvox (linezolid) or methylene blue therapy or who are
             planning to have a diagnostic procedure utilizing methylene blue dye, will be
             excluded.

          -  Subjects who are on psychoactive or cognitively active medications or who have
             received such medications in the prior 8 weeks, will be excluded. These excluded
             medications encompass antidepressant medications, antipsychotic medications,
             anxiolytic medications, cholinesterase inhibitors, memantine, antiseizure medications,
             antiparkinsonian medication and other CNS acting medications.

          -  Subjects who are receiving other medications or substances with reported neurogenic
             enhancer or neurogenic inhibitor effects will not be excluded. The reason for this
             inclusionary approach is that just as the effects of neurogenic enhancers on
             Alzheimer's disease appears to be complex (specifically, likely useful in prevention,
             possibly not useful effects on disease progression), the same complexity apparently
             applies to substances with reported neurogenic enhancer or inhibitor effects. For
             example, the angiotensin II receptor antagonist losartan has been reported to suppress
             running enhanced neurogenesis in the rat.63 This same medication and medication class
             has also been reported to be useful in improving memory64 and in the prevention of
             Alzheimer's disease, possibly by other mechanisms.65

          -  Subjects with a history of significant cerebrovascular disease will be excluded. This
             will be identified by one of the following:

             i. history of stroke. ii. Any focal signs of significant neuropathology from the
             neurological examination.

        iii. A score of ≥ 4 on the Rosen modification of the Hachinski Ischemia Scale.66 iv. Focal
        pathology on the MRI scan, indicative of history of infarction. l. Past history of brain
        damage, seizure, mental retardation or serious neurological disorders.

          -  Significant history of alcoholism or drug abuse.

          -  Previous history of schizophrenia, mania, or major depression.

          -  Severe cardiac, pulmonary, vascular, metabolic, or hematologic conditions.

          -  Presence of a cardiac pacemaker.

          -  Presence of any metallic device or implant which would contraindicate an MRI (magnetic
             resonance imaging) scan of the brain.

          -  Physical impairment of such severity as to adversely affect the validity of
             psychological testing.

          -  Hostility or refusal to cooperate.
      </textblock>
    </criteria>
    <gender>All</gender>
    <minimum_age>60 Years</minimum_age>
    <maximum_age>80 Years</maximum_age>
    <healthy_volunteers>No</healthy_volunteers>
  </eligibility>
  <overall_official>
    <last_name>Barry Reisberg</last_name>
    <role>Principal Investigator</role>
    <affiliation>New York University School of Medicine</affiliation>
  </overall_official>
  <overall_contact>
    <last_name>Anaztasia Ulysse</last_name>
    <phone>(212)-263-0771</phone>
    <email>Anaztasia.Ulysse@nyumc.org</email>
  </overall_contact>
  <location>
    <facility>
      <name>New York University School of Medicine</name>
      <address>
        <city>New York</city>
        <state>New York</state>
        <zip>10016</zip>
        <country>United States</country>
      </address>
    </facility>
    <status>Recruiting</status>
    <contact>
      <last_name>Anaztasia Ulysse</last_name>
      <phone>212-263-0771</phone>
      <email>Anaztasia.Ulysse@nyumc.org</email>
    </contact>
    <investigator>
      <last_name>Barry Reisberg, MD</last_name>
      <role>Principal Investigator</role>
    </investigator>
  </location>
  <location_countries>
    <country>United States</country>
  </location_countries>
  <verification_date>September 2017</verification_date>
  <!-- Old date names will be dropped in a few months (sometime in 2018)                        -->
  <lastchanged_date>September 19, 2017</lastchanged_date>
  <firstreceived_date>September 5, 2017</firstreceived_date>
  <!-- New date names                                                                           -->
  <study_first_submitted>September 5, 2017</study_first_submitted>
  <study_first_submitted_qc>September 5, 2017</study_first_submitted_qc>
  <study_first_posted type="Actual">September 7, 2017</study_first_posted>
  <last_update_submitted>September 19, 2017</last_update_submitted>
  <last_update_submitted_qc>September 19, 2017</last_update_submitted_qc>
  <last_update_posted type="Actual">September 21, 2017</last_update_posted>
  <!-- End of dates                                                                             -->
  <responsible_party>
    <responsible_party_type>Sponsor</responsible_party_type>
  </responsible_party>
  <keyword>Alzheimer's Disease</keyword>
  <keyword>Depression</keyword>
  <keyword>Escitalopram</keyword>
  <keyword>Venlafaxine</keyword>
  <condition_browse>
    <!-- CAUTION:  The following MeSH terms are assigned with an imperfect algorithm            -->
    <mesh_term>Alzheimer Disease</mesh_term>
    <mesh_term>Cognitive Dysfunction</mesh_term>
  </condition_browse>
  <intervention_browse>
    <!-- CAUTION:  The following MeSH terms are assigned with an imperfect algorithm            -->
    <mesh_term>Citalopram</mesh_term>
    <mesh_term>Venlafaxine Hydrochloride</mesh_term>
    <mesh_term>Dexetimide</mesh_term>
  </intervention_browse>
  <!-- Results have not yet been posted for this study                                          -->
</clinical_study>

