<?xml version="1.0" encoding="UTF-8"?>
<clinical_study rank="371">
  <!-- This xml conforms to an XML Schema at:
    https://clinicaltrials.gov/ct2/html/images/info/public.xsd -->
  <required_header>
    <download_date>ClinicalTrials.gov processed this data on November 07, 2017</download_date>
    <link_text>Link to the current ClinicalTrials.gov record.</link_text>
    <url>https://clinicaltrials.gov/show/NCT03221894</url>
  </required_header>
  <id_info>
    <org_study_id>2017-IRT-0810</org_study_id>
    <nct_id>NCT03221894</nct_id>
  </id_info>
  <brief_title>A Retrospective Study to Investigate the Additive Effectiveness of Chinese Herbal Medicine in Alzheimer's Disease</brief_title>
  <official_title>A Retrospective Study to Investigate the Additive Effectiveness of Chinese Herbal Medicine in Alzheimer's Disease</official_title>
  <sponsors>
    <lead_sponsor>
      <agency>Dongzhimen Hospital, Beijing</agency>
      <agency_class>Other</agency_class>
    </lead_sponsor>
    <collaborator>
      <agency>Beijing Hospital</agency>
      <agency_class>Other</agency_class>
    </collaborator>
    <collaborator>
      <agency>Chinese PLA General Hospital</agency>
      <agency_class>Other</agency_class>
    </collaborator>
    <collaborator>
      <agency>Peking University Third Hospital</agency>
      <agency_class>Other</agency_class>
    </collaborator>
  </sponsors>
  <source>Dongzhimen Hospital, Beijing</source>
  <oversight_info>
    <has_dmc>No</has_dmc>
    <is_fda_regulated_drug>No</is_fda_regulated_drug>
    <is_fda_regulated_device>No</is_fda_regulated_device>
  </oversight_info>
  <brief_summary>
    <textblock>
      In China, herbal therapy as a complementary therapy is very popular. Should conventional
      therapy (such as donepezil and memantine) combined with herbal therapy make add-on benefit?
      Cognition, activities of daily living and behavioral symptoms will be assessed. Data will be
      collected from the medical records of patients with Alzheimer's disease (AD) in memory
      clinics.
    </textblock>
  </brief_summary>
  <detailed_description>
    <textblock>
      Conventional therapy (CT), such as donepezil and memantine are well- known short-term
      treatments for the symptoms of Alzheimer's disease (AD). The efficacy of them, however, drops
      below baseline level after 9 months. Should Chinese herbal medicine make add-on benefit? The
      GRAPE formula was designed by Prof. J Tian, a prepared granules of Chinese herbs, according
      to Qifuyin in Jing Yue Quan Shu (published in A.D. 1624). Patients treated with CT+herbal
      therapy or CT alone for up to and over 12 months are collected. Cognition, activities of
      daily living and behavioral symptoms are selected as outcomes for assessing the
      effectiveness.
    </textblock>
  </detailed_description>
  <overall_status>Recruiting</overall_status>
  <start_date type="Actual">July 15, 2017</start_date>
  <completion_date type="Anticipated">September 2017</completion_date>
  <primary_completion_date type="Anticipated">September 2017</primary_completion_date>
  <phase>N/A</phase>
  <study_type>Observational</study_type>
  <has_expanded_access>No</has_expanded_access>
  <study_design_info>
    <observational_model>Cohort</observational_model>
    <time_perspective>Retrospective</time_perspective>
  </study_design_info>
  <primary_outcome>
    <measure>Mini-Mental State Examination (MMSE)</measure>
    <time_frame>Up to 12 months, repeated measurement every 3 months.</time_frame>
    <description>Change of global cognition was measured by MMSE, a 30-point scale, higher score indicates better cognition.</description>
  </primary_outcome>
  <secondary_outcome>
    <measure>Activities of Daily Living (ADLs)</measure>
    <time_frame>Up to 12 months, repeated measurement every 3 months.</time_frame>
    <description>Both basic ADLs (6-items) and instrumental ADLs (8-items) were measured. The ADLs contain 14 items (score 1-4), the range is 14 to 56, and higher scores indicate worse function.</description>
  </secondary_outcome>
  <secondary_outcome>
    <measure>Clinical Dementia Rating (CDR)</measure>
    <time_frame>Up to 12 months, repeated measurement every 3 months.</time_frame>
    <description>The CDR is a 5-point scale used to characterize six domains of cognitive and functional performance applicable to Alzheimer disease and related dementias. 0 = Normal, 0.5 = Very Mild Dementia, 1 = Mild Dementia, 2 = Moderate Dementia, 3 = Severe Dementia.</description>
  </secondary_outcome>
  <secondary_outcome>
    <measure>Neuropsychiatric Inventory (NPI)</measure>
    <time_frame>Up to 12 months, repeated measurement every 3 months.</time_frame>
    <description>NPI was used for rating the behavioral and psychological symptoms of dementia (BPSD), including 12-items, with a score rang from 0-144, higher score indicates worse state.</description>
  </secondary_outcome>
  <number_of_groups>2</number_of_groups>
  <enrollment type="Anticipated">90</enrollment>
  <condition>Alzheimer Disease</condition>
  <arm_group>
    <arm_group_label>Conventional therapy with herbs</arm_group_label>
    <description>Patients were treated with conventional therapy with Chinese herbal medicine (GRAPE granules).</description>
  </arm_group>
  <arm_group>
    <arm_group_label>Conventional therapy alone</arm_group_label>
    <description>In conventional therapy group, donepezil was the commonly used ChEI(cholinesterase inhibitor) to treat mild to severe AD patients. Memantine, a NMDA(N-methyl-D-aspartate ) antagonist, was given to moderate and severe AD patients. The dose of donepezil ranged from 5 to 10 mg once a day according to patients.</description>
  </arm_group>
  <intervention>
    <intervention_type>Dietary Supplement</intervention_type>
    <intervention_name>GRAPE granules</intervention_name>
    <description>GRAPE granules was mainly consisted of herbal medicines: Ren Shen (Ginseng, 10g/d), Di Huang (Rehmannia glutinosa, 30g/d), Shi Cangpu (Acorus tatarinowii, 10g/d), Yuan Zhi (Polygala tenuifolia, 10g/d), Yin Yanghuo (Epimedium brevicornu, 10g/d), Shan Zhuyu (Cornus officinalis, 10g/d), Rou Congrong (Cistanche deserticola, 10g/d), Yu Jin (Curcuma aromatica, 10g/d), Dan Shen (Salvia miltiorrhiza, 10g/d), Tian Ma (Angelica sinensis, 10g/d), Tian ma (Gastrodia elata, 10g/d), and Huang Lian (Berberine, 10g/d), which were supplied by Beijing Tcmages Pharmaceutical Co., LTD, Each bag of granules with 150ml warm water melt was taken orally twice a day.</description>
    <arm_group_label>Conventional therapy with herbs</arm_group_label>
  </intervention>
  <eligibility>
    <study_pop>
      <textblock>
        AD patients involved in this retrospective, observational study will be selected from the
        clinic registration system of memory clinics in Beijing. All the participants underwent
        routine clinical assessments, including detailed medical history, cognitive and
        neuropsychological tests, neurological examinations, laboratory tests (i.e. thyroid
        function, folic acid levels, vitamin B12 levels, and routine blood tests), and
        neuroimaging. Participants with detailed medical history will be sampled and grouped into
        two cohorts according the therapies received.
      </textblock>
    </study_pop>
    <sampling_method>Non-Probability Sample</sampling_method>
    <criteria>
      <textblock>
        Inclusion Criteria:

          -  Gradual and progressive change in cognitive functions for a period greater than 6
             months;

          -  Objective evidence of significantly impaired episodic memory together with at least
             one of other cognitive domains on testing;

          -  Global cognitive decline measured by mini-mental state examination (MMSE) adjusted for
             education: ≤22 for illiteracy, ≤23 for primary school, ≤24 for middle school,≤26 for
             high education;

          -  Impaired abilities of daily living, ADLs score ≥16;

          -  Clinical Dementia Rating (CDR) total score 0.5~3.0;

          -  ≤4 point on Hachinski Ischaemic Score (HIS);

          -  Age-adjusted medial temporal lobe atrophy scale (MTA-scale) based on coronary magnetic
             resonance imaging (MRI) scan of the brain (1.0 or more for ≤65 years; 1.5 or more for
             ≤75 years and 2.0 or more for ≥75 years);

          -  Other causes of dementia excluded.

        Exclusion Criteria:

          -  Sudden onset of cognitive disorder with focal nervous system signs in the early stages
             of disease, (e.g., incomplete paralysis, anesthesia, dysfunctional visual field, and
             dystaxia);

          -  Early occurrence of the following symptoms: gait disturbances, seizures,
             extrapyramidal signs, hallucinations and cognitive fluctuations;

          -  Any major psychiatric disorders (e.g., DSM-IV(Diagnostic and Statistical Manual of
             Mental Disorders) defined psychosis, major depression, bipolar disorder, or alcohol or
             substance abuse);

          -  Other conditions that may explain cognitive impairment (e.g., hypothyroidism,
             electrolyte imbalance, toxic, inflammatory, and metabolic disorders).
      </textblock>
    </criteria>
    <gender>All</gender>
    <minimum_age>50 Years</minimum_age>
    <maximum_age>85 Years</maximum_age>
    <healthy_volunteers>No</healthy_volunteers>
  </eligibility>
  <overall_official>
    <last_name>Jinzhou TIAN, Dr</last_name>
    <role>Principal Investigator</role>
    <affiliation>Dongzhimen Hospital, BUCM</affiliation>
  </overall_official>
  <overall_contact>
    <last_name>Jinzhou TIAN, Dr</last_name>
    <phone>86-10-84013380</phone>
    <email>jtian@hotmail.com</email>
  </overall_contact>
  <overall_contact_backup>
    <last_name>Jingnian NI, Dr</last_name>
    <phone>86-10-84013380</phone>
    <email>jingnian_ni@hotmail.com</email>
  </overall_contact_backup>
  <location>
    <facility>
      <name>Dongzhimen Hospital</name>
      <address>
        <city>Beijing</city>
        <country>China</country>
      </address>
    </facility>
    <status>Recruiting</status>
    <contact>
      <last_name>Jing Shi, M.D.</last_name>
      <phone>86-10-84013132</phone>
      <email>shijing87@hotmail.com</email>
    </contact>
  </location>
  <location_countries>
    <country>China</country>
  </location_countries>
  <verification_date>July 2017</verification_date>
  <!-- Old date names will be dropped in a few months (sometime in 2018)                        -->
  <lastchanged_date>July 21, 2017</lastchanged_date>
  <firstreceived_date>July 17, 2017</firstreceived_date>
  <!-- New date names                                                                           -->
  <study_first_submitted>July 17, 2017</study_first_submitted>
  <study_first_submitted_qc>July 17, 2017</study_first_submitted_qc>
  <study_first_posted type="Actual">July 19, 2017</study_first_posted>
  <last_update_submitted>July 21, 2017</last_update_submitted>
  <last_update_submitted_qc>July 21, 2017</last_update_submitted_qc>
  <last_update_posted type="Actual">July 25, 2017</last_update_posted>
  <!-- End of dates                                                                             -->
  <responsible_party>
    <responsible_party_type>Principal Investigator</responsible_party_type>
    <investigator_affiliation>Dongzhimen Hospital, Beijing</investigator_affiliation>
    <investigator_full_name>Jinzhou Tian</investigator_full_name>
    <investigator_title>Prof.</investigator_title>
  </responsible_party>
  <keyword>Complementary therapies</keyword>
  <condition_browse>
    <!-- CAUTION:  The following MeSH terms are assigned with an imperfect algorithm            -->
    <mesh_term>Alzheimer Disease</mesh_term>
  </condition_browse>
  <!-- Results have not yet been posted for this study                                          -->
</clinical_study>

