<?xml version="1.0" encoding="UTF-8"?>
<clinical_study rank="115">
  <!-- This xml conforms to an XML Schema at:
    https://clinicaltrials.gov/ct2/html/images/info/public.xsd -->
  <required_header>
    <download_date>ClinicalTrials.gov processed this data on November 07, 2017</download_date>
    <link_text>Link to the current ClinicalTrials.gov record.</link_text>
    <url>https://clinicaltrials.gov/show/NCT00501111</url>
  </required_header>
  <id_info>
    <org_study_id>D3690C00010</org_study_id>
    <secondary_id>EuDract 2007-00835-24</secondary_id>
    <nct_id>NCT00501111</nct_id>
  </id_info>
  <brief_title>Proof of Concept Study of Cognitive Improvement in Patients With Alzheimer's Disease</brief_title>
  <acronym>Sirocco</acronym>
  <official_title>A Multi-centre, Double-blind, Double-dummy, Placebo Controlled Parallel Group Randomized Phase IIb Proof of Concept Study With 3 Oral Dose Groups of AZD3480 or Donepezil During 12 Weeks Treatment in Patients With Alzheimer's Disease</official_title>
  <sponsors>
    <lead_sponsor>
      <agency>AstraZeneca</agency>
      <agency_class>Industry</agency_class>
    </lead_sponsor>
  </sponsors>
  <source>AstraZeneca</source>
  <oversight_info>
    <has_dmc>No</has_dmc>
  </oversight_info>
  <brief_summary>
    <textblock>
      The purpose of this study is to demonstrate that AZD3480 improves cognition in patients with
      mild or moderate Alzheimer's disease, to assess the safety and tolerability of ZAD3480 and to
      define the optimal dose(s) to be used in future trials.
    </textblock>
  </brief_summary>
  <overall_status>Completed</overall_status>
  <start_date>July 2007</start_date>
  <completion_date type="Actual">August 2008</completion_date>
  <primary_completion_date type="Actual">August 2008</primary_completion_date>
  <phase>Phase 2</phase>
  <study_type>Interventional</study_type>
  <has_expanded_access>No</has_expanded_access>
  <study_design_info>
    <allocation>Randomized</allocation>
    <intervention_model>Parallel Assignment</intervention_model>
    <primary_purpose>Treatment</primary_purpose>
    <masking>Quadruple (Participant, Care Provider, Investigator, Outcomes Assessor)</masking>
  </study_design_info>
  <primary_outcome>
    <measure>Change in ADAS-Cog</measure>
    <time_frame>assessed after 12 weeks treatment</time_frame>
  </primary_outcome>
  <secondary_outcome>
    <measure>Change in ADCS-CGIC, Computerized neurological test battery (CDR) and MMSE</measure>
    <time_frame>assessed after 12 weeks treatment</time_frame>
  </secondary_outcome>
  <number_of_arms>3</number_of_arms>
  <enrollment type="Actual">659</enrollment>
  <condition>Alzheimer Disease</condition>
  <arm_group>
    <arm_group_label>1</arm_group_label>
    <arm_group_type>No Intervention</arm_group_type>
    <description>Placebo</description>
  </arm_group>
  <arm_group>
    <arm_group_label>2</arm_group_label>
    <arm_group_type>Active Comparator</arm_group_type>
    <description>donepezil</description>
  </arm_group>
  <arm_group>
    <arm_group_label>3</arm_group_label>
    <arm_group_type>Experimental</arm_group_type>
    <description>AZD3480</description>
  </arm_group>
  <intervention>
    <intervention_type>Drug</intervention_type>
    <intervention_name>AZD3480</intervention_name>
    <description>3 oral doses</description>
    <arm_group_label>3</arm_group_label>
  </intervention>
  <intervention>
    <intervention_type>Drug</intervention_type>
    <intervention_name>Donepezil</intervention_name>
    <arm_group_label>2</arm_group_label>
    <other_name>Aricept</other_name>
  </intervention>
  <eligibility>
    <criteria>
      <textblock>
        Inclusion Criteria:

          -  Provision of informed consent from patient and caregiver

          -  Clinical prognosis of probable Alzheimer's disease

          -  Patient must have a caregiver visiting the patient at least three times weekly

        Exclusion Criteria:

          -  Significant neurologic disease or dementia other than Alzheimer's disease

          -  Major depressive disorder, other major psychiatric disorder

          -  Use of acetylcholinesterase inhibitor or memantine for treatment of Alzheimer's
             disease within 8 weeks prior to enrollment

          -  Impaired vision and/or hearing making cognitive testing difficult
      </textblock>
    </criteria>
    <gender>All</gender>
    <minimum_age>60 Years</minimum_age>
    <maximum_age>85 Years</maximum_age>
    <healthy_volunteers>No</healthy_volunteers>
  </eligibility>
  <overall_official>
    <last_name>AstraZeneca AZD3480, Medical Science Director</last_name>
    <role>Study Director</role>
    <affiliation>AstraZeneca</affiliation>
  </overall_official>
  <location>
    <facility>
      <name>Research Site</name>
      <address>
        <city>Graz</city>
        <state>Osterreich</state>
        <country>Austria</country>
      </address>
    </facility>
  </location>
  <location>
    <facility>
      <name>Research Site</name>
      <address>
        <city>Innsbruck</city>
        <state>Osterreich</state>
        <country>Austria</country>
      </address>
    </facility>
  </location>
  <location>
    <facility>
      <name>Research Site</name>
      <address>
        <city>Wien</city>
        <state>Osterreich</state>
        <country>Austria</country>
      </address>
    </facility>
  </location>
  <location>
    <facility>
      <name>Research Site</name>
      <address>
        <city>Linz</city>
        <country>Austria</country>
      </address>
    </facility>
  </location>
  <location>
    <facility>
      <name>Research Site</name>
      <address>
        <city>Aalst</city>
        <country>Belgium</country>
      </address>
    </facility>
  </location>
  <location>
    <facility>
      <name>Research Site</name>
      <address>
        <city>Antwerpen</city>
        <country>Belgium</country>
      </address>
    </facility>
  </location>
  <location>
    <facility>
      <name>Research Site</name>
      <address>
        <city>Hasselt</city>
        <country>Belgium</country>
      </address>
    </facility>
  </location>
  <location>
    <facility>
      <name>Research Site</name>
      <address>
        <city>Leuven</city>
        <country>Belgium</country>
      </address>
    </facility>
  </location>
  <location>
    <facility>
      <name>Research Site</name>
      <address>
        <city>Sint-truiden</city>
        <country>Belgium</country>
      </address>
    </facility>
  </location>
  <location>
    <facility>
      <name>Research Site</name>
      <address>
        <city>Pleven</city>
        <country>Bulgaria</country>
      </address>
    </facility>
  </location>
  <location>
    <facility>
      <name>Research Site</name>
      <address>
        <city>Plovdiv</city>
        <country>Bulgaria</country>
      </address>
    </facility>
  </location>
  <location>
    <facility>
      <name>Research Site</name>
      <address>
        <city>Ruse</city>
        <country>Bulgaria</country>
      </address>
    </facility>
  </location>
  <location>
    <facility>
      <name>Research Site</name>
      <address>
        <city>Sofia</city>
        <country>Bulgaria</country>
      </address>
    </facility>
  </location>
  <location>
    <facility>
      <name>Research Site</name>
      <address>
        <city>Varna</city>
        <country>Bulgaria</country>
      </address>
    </facility>
  </location>
  <location>
    <facility>
      <name>Research Site</name>
      <address>
        <city>Calgary</city>
        <state>Alberta</state>
        <country>Canada</country>
      </address>
    </facility>
  </location>
  <location>
    <facility>
      <name>Research Site</name>
      <address>
        <city>Edmonton</city>
        <state>Alberta</state>
        <country>Canada</country>
      </address>
    </facility>
  </location>
  <location>
    <facility>
      <name>Research Site</name>
      <address>
        <city>Winnipeg</city>
        <state>Manitoba</state>
        <country>Canada</country>
      </address>
    </facility>
  </location>
  <location>
    <facility>
      <name>Research Site</name>
      <address>
        <city>Ottawa</city>
        <state>Ontario</state>
        <country>Canada</country>
      </address>
    </facility>
  </location>
  <location>
    <facility>
      <name>Research Site</name>
      <address>
        <city>Peterborough</city>
        <state>Ontario</state>
        <country>Canada</country>
      </address>
    </facility>
  </location>
  <location>
    <facility>
      <name>Research Site</name>
      <address>
        <city>Toronto</city>
        <state>Ontario</state>
        <country>Canada</country>
      </address>
    </facility>
  </location>
  <location>
    <facility>
      <name>Research Site</name>
      <address>
        <city>Greenfield Park</city>
        <state>Quebec</state>
        <country>Canada</country>
      </address>
    </facility>
  </location>
  <location>
    <facility>
      <name>Research Site</name>
      <address>
        <city>Verdun</city>
        <state>Quebec</state>
        <country>Canada</country>
      </address>
    </facility>
  </location>
  <location>
    <facility>
      <name>Research Site</name>
      <address>
        <city>Regina</city>
        <state>Saskatchewan</state>
        <country>Canada</country>
      </address>
    </facility>
  </location>
  <location>
    <facility>
      <name>Research Site</name>
      <address>
        <city>Quebec</city>
        <country>Canada</country>
      </address>
    </facility>
  </location>
  <location>
    <facility>
      <name>Research Site</name>
      <address>
        <city>Brno</city>
        <country>Czech Republic</country>
      </address>
    </facility>
  </location>
  <location>
    <facility>
      <name>Research Site</name>
      <address>
        <city>Havlickuv Brod</city>
        <country>Czech Republic</country>
      </address>
    </facility>
  </location>
  <location>
    <facility>
      <name>Research Site</name>
      <address>
        <city>Hradec Kralove</city>
        <country>Czech Republic</country>
      </address>
    </facility>
  </location>
  <location>
    <facility>
      <name>Research Site</name>
      <address>
        <city>Kladno</city>
        <country>Czech Republic</country>
      </address>
    </facility>
  </location>
  <location>
    <facility>
      <name>Research Site</name>
      <address>
        <city>Litomerice</city>
        <country>Czech Republic</country>
      </address>
    </facility>
  </location>
  <location>
    <facility>
      <name>Research Site</name>
      <address>
        <city>Novy Jicin</city>
        <country>Czech Republic</country>
      </address>
    </facility>
  </location>
  <location>
    <facility>
      <name>Research Site</name>
      <address>
        <city>Olomouc</city>
        <country>Czech Republic</country>
      </address>
    </facility>
  </location>
  <location>
    <facility>
      <name>Research Site</name>
      <address>
        <city>Ostrava - Poruba</city>
        <country>Czech Republic</country>
      </address>
    </facility>
  </location>
  <location>
    <facility>
      <name>Research Site</name>
      <address>
        <city>Praha 2</city>
        <country>Czech Republic</country>
      </address>
    </facility>
  </location>
  <location>
    <facility>
      <name>Research Site</name>
      <address>
        <city>Prostejov</city>
        <country>Czech Republic</country>
      </address>
    </facility>
  </location>
  <location>
    <facility>
      <name>Research Site</name>
      <address>
        <city>Bad Saarow</city>
        <country>Germany</country>
      </address>
    </facility>
  </location>
  <location>
    <facility>
      <name>Research Site</name>
      <address>
        <city>Berlin</city>
        <country>Germany</country>
      </address>
    </facility>
  </location>
  <location>
    <facility>
      <name>Research Site</name>
      <address>
        <city>Dresden</city>
        <country>Germany</country>
      </address>
    </facility>
  </location>
  <location>
    <facility>
      <name>Research Site</name>
      <address>
        <city>Freiburg</city>
        <country>Germany</country>
      </address>
    </facility>
  </location>
  <location>
    <facility>
      <name>Research Site</name>
      <address>
        <city>Heidelberg</city>
        <country>Germany</country>
      </address>
    </facility>
  </location>
  <location>
    <facility>
      <name>Research Site</name>
      <address>
        <city>Kiel-kronshagen</city>
        <country>Germany</country>
      </address>
    </facility>
  </location>
  <location>
    <facility>
      <name>Research Site</name>
      <address>
        <city>Leipzig</city>
        <country>Germany</country>
      </address>
    </facility>
  </location>
  <location>
    <facility>
      <name>Research Site</name>
      <address>
        <city>Lubeck</city>
        <country>Germany</country>
      </address>
    </facility>
  </location>
  <location>
    <facility>
      <name>Research Site</name>
      <address>
        <city>Magdeburg</city>
        <country>Germany</country>
      </address>
    </facility>
  </location>
  <location>
    <facility>
      <name>Research Site</name>
      <address>
        <city>Mannheim</city>
        <country>Germany</country>
      </address>
    </facility>
  </location>
  <location>
    <facility>
      <name>Research Site</name>
      <address>
        <city>Munchen</city>
        <country>Germany</country>
      </address>
    </facility>
  </location>
  <location>
    <facility>
      <name>Research Site</name>
      <address>
        <city>Nurnberg</city>
        <country>Germany</country>
      </address>
    </facility>
  </location>
  <location>
    <facility>
      <name>Research Site</name>
      <address>
        <city>Pitesti</city>
        <state>Arges</state>
        <country>Romania</country>
      </address>
    </facility>
  </location>
  <location>
    <facility>
      <name>Research Site</name>
      <address>
        <city>Targu Mures</city>
        <state>Mures</state>
        <country>Romania</country>
      </address>
    </facility>
  </location>
  <location>
    <facility>
      <name>Research Site</name>
      <address>
        <city>Bucharest</city>
        <country>Romania</country>
      </address>
    </facility>
  </location>
  <location>
    <facility>
      <name>Research Site</name>
      <address>
        <city>Iasi</city>
        <country>Romania</country>
      </address>
    </facility>
  </location>
  <location>
    <facility>
      <name>Research Site</name>
      <address>
        <city>Sibiu</city>
        <country>Romania</country>
      </address>
    </facility>
  </location>
  <location>
    <facility>
      <name>Research Site</name>
      <address>
        <city>Moscow</city>
        <country>Russian Federation</country>
      </address>
    </facility>
  </location>
  <location>
    <facility>
      <name>Research Site</name>
      <address>
        <city>Saint-petersburg</city>
        <country>Russian Federation</country>
      </address>
    </facility>
  </location>
  <location>
    <facility>
      <name>Research Site</name>
      <address>
        <city>Smolensk</city>
        <country>Russian Federation</country>
      </address>
    </facility>
  </location>
  <location>
    <facility>
      <name>Research Site</name>
      <address>
        <city>St. Petersburg</city>
        <country>Russian Federation</country>
      </address>
    </facility>
  </location>
  <location>
    <facility>
      <name>Research Site</name>
      <address>
        <city>Salamanca</city>
        <state>Castilla Leon</state>
        <country>Spain</country>
      </address>
    </facility>
  </location>
  <location>
    <facility>
      <name>Research Site</name>
      <address>
        <city>Barcelona</city>
        <state>Cataluna</state>
        <country>Spain</country>
      </address>
    </facility>
  </location>
  <location>
    <facility>
      <name>Research Site</name>
      <address>
        <city>Hospitalet de Llobregat(barcel</city>
        <state>Cataluna</state>
        <country>Spain</country>
      </address>
    </facility>
  </location>
  <location>
    <facility>
      <name>Research Site</name>
      <address>
        <city>Salt (girona)</city>
        <state>Cataluna</state>
        <country>Spain</country>
      </address>
    </facility>
  </location>
  <location>
    <facility>
      <name>Research Site</name>
      <address>
        <city>Terrassa</city>
        <state>Cataluna</state>
        <country>Spain</country>
      </address>
    </facility>
  </location>
  <location>
    <facility>
      <name>Research Site</name>
      <address>
        <city>Madrid</city>
        <state>Comunidad de Madrid</state>
        <country>Spain</country>
      </address>
    </facility>
  </location>
  <location>
    <facility>
      <name>Research Site</name>
      <address>
        <city>Castellon</city>
        <state>Comunidad Valenciana</state>
        <country>Spain</country>
      </address>
    </facility>
  </location>
  <location>
    <facility>
      <name>Research Site</name>
      <address>
        <city>Palma de Mallorca</city>
        <state>Islas Baleares</state>
        <country>Spain</country>
      </address>
    </facility>
  </location>
  <location>
    <facility>
      <name>Research Site</name>
      <address>
        <city>Baracaldo (vizcaya)</city>
        <country>Spain</country>
      </address>
    </facility>
  </location>
  <location>
    <facility>
      <name>Research Site</name>
      <address>
        <city>Uckfield</city>
        <state>E Sussex</state>
        <country>United Kingdom</country>
      </address>
    </facility>
  </location>
  <location>
    <facility>
      <name>Research Site</name>
      <address>
        <city>Southampton</city>
        <state>Hampshire</state>
        <country>United Kingdom</country>
      </address>
    </facility>
  </location>
  <location>
    <facility>
      <name>Research Site</name>
      <address>
        <city>Blackpool</city>
        <state>Lancashire</state>
        <country>United Kingdom</country>
      </address>
    </facility>
  </location>
  <location>
    <facility>
      <name>Research Site</name>
      <address>
        <city>Bradford</city>
        <country>United Kingdom</country>
      </address>
    </facility>
  </location>
  <location>
    <facility>
      <name>Research Site</name>
      <address>
        <city>London</city>
        <country>United Kingdom</country>
      </address>
    </facility>
  </location>
  <location>
    <facility>
      <name>Research Site</name>
      <address>
        <city>Peterborough</city>
        <country>United Kingdom</country>
      </address>
    </facility>
  </location>
  <location>
    <facility>
      <name>Research Site</name>
      <address>
        <city>Swindon</city>
        <country>United Kingdom</country>
      </address>
    </facility>
  </location>
  <location_countries>
    <country>Austria</country>
    <country>Belgium</country>
    <country>Bulgaria</country>
    <country>Canada</country>
    <country>Czech Republic</country>
    <country>Germany</country>
    <country>Romania</country>
    <country>Russian Federation</country>
    <country>Spain</country>
    <country>United Kingdom</country>
  </location_countries>
  <link>
    <url>http://www.astrazeneca.com/</url>
  </link>
  <link>
    <url>http://filehosting.pharmacm.com/DownloadService.ashx?client=CTR_MED_7111&amp;studyid=210&amp;filename=D3690C00010.pdf</url>
    <description>D3690C00010 Clinical Stusy Report Synopsis</description>
  </link>
  <verification_date>July 2014</verification_date>
  <!-- Old date names will be dropped in a few months (sometime in 2018)                        -->
  <lastchanged_date>July 22, 2014</lastchanged_date>
  <firstreceived_date>July 12, 2007</firstreceived_date>
  <!-- New date names                                                                           -->
  <study_first_submitted>July 12, 2007</study_first_submitted>
  <study_first_submitted_qc>July 12, 2007</study_first_submitted_qc>
  <study_first_posted type="Estimate">July 13, 2007</study_first_posted>
  <last_update_submitted>July 22, 2014</last_update_submitted>
  <last_update_submitted_qc>July 22, 2014</last_update_submitted_qc>
  <last_update_posted type="Actual">October 12, 2017</last_update_posted>
  <!-- End of dates                                                                             -->
  <responsible_party>
    <responsible_party_type>Sponsor</responsible_party_type>
  </responsible_party>
  <keyword>Dementia</keyword>
  <keyword>Alzheimer Type</keyword>
  <keyword>Alzheimer Disease</keyword>
  <condition_browse>
    <!-- CAUTION:  The following MeSH terms are assigned with an imperfect algorithm            -->
    <mesh_term>Alzheimer Disease</mesh_term>
  </condition_browse>
  <intervention_browse>
    <!-- CAUTION:  The following MeSH terms are assigned with an imperfect algorithm            -->
    <mesh_term>Donepezil</mesh_term>
  </intervention_browse>
  <!-- Results have not yet been posted for this study                                          -->
</clinical_study>

