<?xml version="1.0" encoding="UTF-8"?>
<clinical_study rank="34">
  <!-- This xml conforms to an XML Schema at:
    https://clinicaltrials.gov/ct2/html/images/info/public.xsd -->
  <required_header>
    <download_date>ClinicalTrials.gov processed this data on November 07, 2017</download_date>
    <link_text>Link to the current ClinicalTrials.gov record.</link_text>
    <url>https://clinicaltrials.gov/show/NCT01624389</url>
  </required_header>
  <id_info>
    <org_study_id>101-1074A1</org_study_id>
    <nct_id>NCT01624389</nct_id>
  </id_info>
  <brief_title>Establish Taiwan Alzheimer's Disease Neuroimaging Initiative - a Three-year Pilot Study</brief_title>
  <acronym>Alzheimer's</acronym>
  <official_title>Establish Taiwan Alzheimer's Disease Neuroimaging Initiative - a Three-year Pilot Study</official_title>
  <sponsors>
    <lead_sponsor>
      <agency>Chang Gung Memorial Hospital</agency>
      <agency_class>Other</agency_class>
    </lead_sponsor>
  </sponsors>
  <source>Chang Gung Memorial Hospital</source>
  <oversight_info>
    <has_dmc>Yes</has_dmc>
  </oversight_info>
  <brief_summary>
    <textblock>
      Alzheimer's disease (AD) may be one of the most pressing problems facing all countries around
      the world as the population ages.AD is a slowly evolving process that likes begins years to
      decades before the clinical symptoms area manifest. However, as one would like to identify
      the disease process at an earlier point in the clinical continuum, the precision of the
      diagnosis is reduced. Therefore, the challenge is to try to identify the process at the
      pre-dementia stage and enhance the specificity of the clinical diagnosis through the use of
      imaging and other biomarkers. Mild cognitive impairment (MCI) represents an attempt to
      characterize subjects at an early clinical phase of AD and subjects with MCI have been a
      target for prevention trials. There are two pathological landmarks, in terms of
      extra-cellular senile plaques and intracellular neurofibrillary tangles. Although present
      symptomatic treatments provide some benefit to patients with AD, they are not the solution
      for AD. Up to date, there are still no therapies can alter the underlying nature of the AD
      process. Therefore, the earlier the intervention takes place, presumably, the greater the
      protection against further neuronal damage will be appreciated.The Alzheimer's Disease
      Neuroimaging Initiate (ADNI) is a consortium of universities and medical centers in the
      United States and Canada established to develop standardized imaging techniques and
      biomarkers procedures in normal subjects, subjects with MCI and subjects with mild AD. ADNI
      has been a groundbreaking project, establishing pre-competitive collaboration and real-time
      data sharing among academia and industry investigators to clarify the relationships among
      demographic, genetic, clinical, cognitive, neuroimaging and biochemical measures throughout
      the course of AD neurobiology, in order to facilitate the development of effective
      therapeutics.This project has exceeded expectations, providing insights into disease
      mechanisms as well as hugely valuable advances, based primarily on the use of standardized
      biomarkers, to drug development programs. A number of the leading disease-modifying drug
      development programs are now employing ADNI methodology toward more efficient trial design,
      particularly in the critically important early (pre-dementia) AD population
    </textblock>
  </brief_summary>
  <detailed_description>
    <textblock>
      Eligibility:

        1. Normal subjects: MMSE scores between 24-30 (inclusive), a CDR of 0, non-depressed,
           non-MCI, and nondemented, education adjusted scores on Wechsler Memory Scale Logical
           Memory III story A delayed recall scores (education ≥16 years:≥9; 6-15 years: ≥5).

        2. EMCI subjects: MMSE scores between 24-30(inclusive), a memory complaint, have objective
           memory loss measured by education adjusted scores on Wechsler Memory Scale Logical
           Memory III story A delayed recall scores (education ≥16 years: 9-11; 6-15 years: 5-9), a
           CDR sum of box of 0.5 (0.5 only in memory subdomain), absence of significant levels of
           impairment in other cognitive domains, essentially preserved activities of daily living,
           and an absence of dementia.

        3. LMCI subjects: MMSE scores between 24-30(inclusive), a memory complaint, have objective
           memory loss measured by education adjusted scores on Wechsler Memory Scale Logical
           Memory III story A delayed recall scores (education ≥16 years: ≤8; 6-15 years: ≤4), a
           CDR of 0.5 with a mandatory requirement of the memory box score being 0.5 or greater,
           essentially preserved activities of daily living, and an absence of dementia.
    </textblock>
  </detailed_description>
  <overall_status>Unknown status</overall_status>
  <last_known_status>Recruiting</last_known_status>
  <start_date>January 2012</start_date>
  <completion_date type="Anticipated">January 2015</completion_date>
  <primary_completion_date type="Anticipated">January 2015</primary_completion_date>
  <phase>N/A</phase>
  <study_type>Interventional</study_type>
  <has_expanded_access>No</has_expanded_access>
  <study_design_info>
    <intervention_model>Single Group Assignment</intervention_model>
    <primary_purpose>Diagnostic</primary_purpose>
    <masking>Single (Participant)</masking>
  </study_design_info>
  <primary_outcome>
    <measure>Rate of conversion from NC, EMCI, LMCI to AD.</measure>
    <time_frame>three years</time_frame>
  </primary_outcome>
  <number_of_arms>1</number_of_arms>
  <enrollment type="Anticipated">200</enrollment>
  <condition>Alzheimer's Disease</condition>
  <arm_group>
    <arm_group_label>F18-AV45</arm_group_label>
    <arm_group_type>Experimental</arm_group_type>
  </arm_group>
  <intervention>
    <intervention_type>Drug</intervention_type>
    <intervention_name>F18-AV45</intervention_name>
    <description>This study will recruit a total of 200 evaluable subjects (50 cognitively normal volunteers, 100 MCI, and 50 AD, respectively) Each evaluable subject involved in this study must fulfill all the inclusion and exclusion criteria according the subject grouping.
Safety measurement will be evaluated by medical history, vital signs, physical examinations, laboratory examinations and collecting of adverse events.</description>
    <arm_group_label>F18-AV45</arm_group_label>
  </intervention>
  <eligibility>
    <criteria>
      <textblock>
        Inclusion Criteria:

        Enrolled subjects will be between 55-90 (inclusive) years of age, at least 6 years of
        formal education, and have a study partner able to provide an independent evaluation of
        functioning. All subjects must be willing and able to undergo all test procedures including
        neuroimaging and agree to longitudinal follow up. Specific psychoactive medications will be
        excluded. General inclusion/exclusion criteria are as follows:

          1. Normal subjects: MMSE scores between 24-30 (inclusive), a CDR of 0, non-depressed,
             non-MCI, and nondemented, education adjusted scores on Wechsler Memory Scale Logical
             Memory III story A delayed recall scores (education ≥16 years:≥9; 6-15 years: ≥5).

          2. EMCI subjects: MMSE scores between 24-30(inclusive), a memory complaint, have
             objective memory loss measured by education adjusted scores on Wechsler Memory Scale
             Logical Memory III story A delayed recall scores (education ≥16 years: 9-11; 6-15
             years: 5-9), a CDR sum of box of 0.5 (0.5 only in memory subdomain), absence of
             significant levels of impairment in other cognitive domains, essentially preserved
             activities of daily living, and an absence of dementia.

          3. LMCI subjects: MMSE scores between 24-30(inclusive), a memory complaint, have
             objective memory loss measured by education adjusted scores on Wechsler Memory Scale
             Logical Memory III story A delayed recall scores (education ≥16 years: ≤8; 6-15 years:
             ≤4), a CDR of 0.5 with a mandatory requirement of the memory box score being 0.5 or
             greater, essentially preserved activities of daily living, and an absence of dementia.

          4. Mild AD: MMSE scores between 20-26 (inclusive), CDR of 0.5 or 1.0, and meets
             NINCDS/ADRDA criteria for probable AD, have objective memory loss measured by
             education adjusted scores on Wechsler Memory Scale Logical Memory III story A delayed
             recall scores (education ≥16 years: ≤8; 6-15 years: ≤4)

        Exclusion criteria:

        Subjects taking antidepressant medications with anticholinergic properties will be
        excluded, and the regular use of narcotic agents have to be limited to &lt; 2 doses per week
        within 4 weeks of screening. Neuroleptic medications and other drugs with anticholinergic
        properties, anti-parkinsonian medications are not allowed within 4 weeks of screening.
        Diuretic drugs should not be started or need to be discontinued 4 weeks prior to screening.
        Cholinesterase inhibitors and memantine are permitted if the doses are stable for 4 weeks
        prior to screening for subjects with MCI and AD. Estrogen and estrogen-like compounds and
        vitamin E are allowed if the dose have been stable for 4 weeks prior to screening.
        Participants are required to report any medication changes to the site investigators once
        they are enrolled in the study.
      </textblock>
    </criteria>
    <gender>All</gender>
    <minimum_age>55 Years</minimum_age>
    <maximum_age>90 Years</maximum_age>
    <healthy_volunteers>Accepts Healthy Volunteers</healthy_volunteers>
  </eligibility>
  <overall_official>
    <last_name>Tzu-Chen YEN, MD,PhD</last_name>
    <role>Study Director</role>
    <affiliation>Nuclear Medicine</affiliation>
  </overall_official>
  <overall_contact>
    <last_name>Tzu-Chen YEN, MD,PhD</last_name>
    <phone>03-3281200</phone>
    <phone_ext>2744</phone_ext>
    <email>yen1110@adm.cgmh.org.tw</email>
  </overall_contact>
  <overall_contact_backup>
    <last_name>Kun-Ju Lin, MD</last_name>
    <phone>03-32811200</phone>
    <phone_ext>2625</phone_ext>
    <email>kunjulin@gmail.com</email>
  </overall_contact_backup>
  <location>
    <facility>
      <name>Tzu-Chen-Yen</name>
      <address>
        <city>Taoyuan</city>
        <zip>333</zip>
        <country>Taiwan</country>
      </address>
    </facility>
    <status>Recruiting</status>
    <contact>
      <last_name>Kun-Ju Lin, MD</last_name>
      <phone>03-3281200</phone>
      <phone_ext>2625</phone_ext>
      <email>kunjulin@gmail.com</email>
    </contact>
  </location>
  <location_countries>
    <country>Taiwan</country>
  </location_countries>
  <verification_date>January 2012</verification_date>
  <!-- Old date names will be dropped in a few months (sometime in 2018)                        -->
  <lastchanged_date>June 17, 2012</lastchanged_date>
  <firstreceived_date>June 17, 2012</firstreceived_date>
  <!-- New date names                                                                           -->
  <study_first_submitted>June 17, 2012</study_first_submitted>
  <study_first_submitted_qc>June 17, 2012</study_first_submitted_qc>
  <study_first_posted type="Estimate">June 20, 2012</study_first_posted>
  <last_update_submitted>June 17, 2012</last_update_submitted>
  <last_update_submitted_qc>June 17, 2012</last_update_submitted_qc>
  <last_update_posted type="Estimate">June 20, 2012</last_update_posted>
  <!-- End of dates                                                                             -->
  <responsible_party>
    <responsible_party_type>Sponsor</responsible_party_type>
  </responsible_party>
  <keyword>[18F]AV-45 PET amyloid binding imaging</keyword>
  <keyword>Alzheimer's disease</keyword>
  <condition_browse>
    <!-- CAUTION:  The following MeSH terms are assigned with an imperfect algorithm            -->
    <mesh_term>Alzheimer Disease</mesh_term>
  </condition_browse>
  <!-- Results have not yet been posted for this study                                          -->
</clinical_study>

