<?xml version="1.0" encoding="UTF-8"?>
<clinical_study rank="493">
  <!-- This xml conforms to an XML Schema at:
    https://clinicaltrials.gov/ct2/html/images/info/public.xsd -->
  <required_header>
    <download_date>ClinicalTrials.gov processed this data on November 07, 2017</download_date>
    <link_text>Link to the current ClinicalTrials.gov record.</link_text>
    <url>https://clinicaltrials.gov/show/NCT00630851</url>
  </required_header>
  <id_info>
    <org_study_id>A2501017</org_study_id>
    <nct_id>NCT00630851</nct_id>
  </id_info>
  <brief_title>A Study of the Efficacy and Safety of Aricept in Patients With Severe Alzheimer's Disease Who Are Living in Skilled Nursing Homes</brief_title>
  <official_title>A Six-month, Multicenter, Double-blind, Parallel, Placebo-controlled Study of the Effect on Global/Behavioural/ADL Functions and Tolerability of Aricept in Patients Wtih Severe Alzheimer's Disease Living in an Assisted Care Facility</official_title>
  <sponsors>
    <lead_sponsor>
      <agency>Pfizer</agency>
      <agency_class>Industry</agency_class>
    </lead_sponsor>
  </sponsors>
  <source>Pfizer</source>
  <oversight_info>
    <has_dmc>Yes</has_dmc>
  </oversight_info>
  <brief_summary>
    <textblock>
      The purpose of the study is to evaluate the efficacy and safety of Aricept in nursing home
      patients with severe Alzheimer's disease.
    </textblock>
  </brief_summary>
  <overall_status>Completed</overall_status>
  <start_date>October 2002</start_date>
  <completion_date type="Actual">October 2004</completion_date>
  <phase>Phase 3</phase>
  <study_type>Interventional</study_type>
  <has_expanded_access>No</has_expanded_access>
  <study_design_info>
    <allocation>Randomized</allocation>
    <intervention_model>Parallel Assignment</intervention_model>
    <primary_purpose>Treatment</primary_purpose>
    <masking>Double</masking>
  </study_design_info>
  <primary_outcome>
    <measure>Change from baseline in modified Alzheimer's Disease Cooperative Study Activities of Daily Living Inventory for Severe Alzheimer's Disease (ADCS-ADL-severe) total score</measure>
    <time_frame>Month 6</time_frame>
  </primary_outcome>
  <primary_outcome>
    <measure>Change from baseline in Severe Impairment Battery (SIB) total score</measure>
    <time_frame>Month 6</time_frame>
  </primary_outcome>
  <secondary_outcome>
    <measure>Change from baseline in SIB total score</measure>
    <time_frame>Month 3</time_frame>
  </secondary_outcome>
  <secondary_outcome>
    <measure>Change from baseline in Neuropsychiatric Inventory (NPI) total score</measure>
    <time_frame>Months 3 and 6</time_frame>
  </secondary_outcome>
  <secondary_outcome>
    <measure>Change from inclusion in Mini Mental State Examination (MMSE) total score</measure>
    <time_frame>Month 6</time_frame>
  </secondary_outcome>
  <secondary_outcome>
    <measure>Change from baseline in Clinical Global Impression of Improvement (CGI-I) score</measure>
    <time_frame>Months 3 and 6</time_frame>
  </secondary_outcome>
  <secondary_outcome>
    <measure>Adverse events and laboratory value changes</measure>
    <time_frame>Months 3 and 6</time_frame>
  </secondary_outcome>
  <secondary_outcome>
    <measure>Change from baseline in modified ADCS-ADL-severe total score</measure>
    <time_frame>Month 3</time_frame>
  </secondary_outcome>
  <number_of_arms>2</number_of_arms>
  <enrollment type="Actual">249</enrollment>
  <condition>Alzheimer Disease</condition>
  <arm_group>
    <arm_group_label>1</arm_group_label>
    <arm_group_type>Experimental</arm_group_type>
  </arm_group>
  <arm_group>
    <arm_group_label>2</arm_group_label>
    <arm_group_type>Placebo Comparator</arm_group_type>
  </arm_group>
  <intervention>
    <intervention_type>Drug</intervention_type>
    <intervention_name>Donepezil (Aricept)</intervention_name>
    <description>Donepezil (Aricept) 5 mg tablet orally once daily for 30 days, followed by 10 mg tablet orally once daily to complete 6 months of treatment</description>
    <arm_group_label>1</arm_group_label>
  </intervention>
  <intervention>
    <intervention_type>Drug</intervention_type>
    <intervention_name>Placebo</intervention_name>
    <description>Matching placebo tablets orally once daily for 6 months</description>
    <arm_group_label>2</arm_group_label>
  </intervention>
  <eligibility>
    <criteria>
      <textblock>
        Inclusion Criteria:

          -  Probable or possible Alzheimer's disease

          -  Living in skilled nursing home

        Exclusion Criteria:

          -  Other types of dementia or psychiatric or neurologic disorders

          -  Musculoskeletal disease
      </textblock>
    </criteria>
    <gender>All</gender>
    <minimum_age>50 Years</minimum_age>
    <maximum_age>N/A</maximum_age>
    <healthy_volunteers>No</healthy_volunteers>
  </eligibility>
  <overall_official>
    <last_name>Pfizer CT.gov Call Center</last_name>
    <role>Study Director</role>
    <affiliation>Pfizer</affiliation>
  </overall_official>
  <location>
    <facility>
      <name>Pfizer Investigational Site</name>
      <address>
        <city>Akersberga</city>
        <zip>184 33 AKERSBERGA</zip>
        <country>Sweden</country>
      </address>
    </facility>
  </location>
  <location>
    <facility>
      <name>Pfizer Investigational Site</name>
      <address>
        <city>Alunda</city>
        <zip>747 30</zip>
        <country>Sweden</country>
      </address>
    </facility>
  </location>
  <location>
    <facility>
      <name>Pfizer Investigational Site</name>
      <address>
        <city>Aneby</city>
        <zip>578 21</zip>
        <country>Sweden</country>
      </address>
    </facility>
  </location>
  <location>
    <facility>
      <name>Pfizer Investigational Site</name>
      <address>
        <city>Arsta</city>
        <zip>120 54</zip>
        <country>Sweden</country>
      </address>
    </facility>
  </location>
  <location>
    <facility>
      <name>Pfizer Investigational Site</name>
      <address>
        <city>Avesta</city>
        <zip>774 82</zip>
        <country>Sweden</country>
      </address>
    </facility>
  </location>
  <location>
    <facility>
      <name>Pfizer Investigational Site</name>
      <address>
        <city>Bengtsfors</city>
        <zip>666 30</zip>
        <country>Sweden</country>
      </address>
    </facility>
  </location>
  <location>
    <facility>
      <name>Pfizer Investigational Site</name>
      <address>
        <city>Bergsjo</city>
        <zip>820 70</zip>
        <country>Sweden</country>
      </address>
    </facility>
  </location>
  <location>
    <facility>
      <name>Pfizer Investigational Site</name>
      <address>
        <city>Boden</city>
        <zip>931 64</zip>
        <country>Sweden</country>
      </address>
    </facility>
  </location>
  <location>
    <facility>
      <name>Pfizer Investigational Site</name>
      <address>
        <city>Borlange</city>
        <zip>781 27</zip>
        <country>Sweden</country>
      </address>
    </facility>
  </location>
  <location>
    <facility>
      <name>Pfizer Investigational Site</name>
      <address>
        <city>Degerfors</city>
        <zip>693 22</zip>
        <country>Sweden</country>
      </address>
    </facility>
  </location>
  <location>
    <facility>
      <name>Pfizer Investigational Site</name>
      <address>
        <city>Eskilstuna</city>
        <zip>631 88</zip>
        <country>Sweden</country>
      </address>
    </facility>
  </location>
  <location>
    <facility>
      <name>Pfizer Investigational Site</name>
      <address>
        <city>Eskilstuna</city>
        <zip>632 23</zip>
        <country>Sweden</country>
      </address>
    </facility>
  </location>
  <location>
    <facility>
      <name>Pfizer Investigational Site</name>
      <address>
        <city>Fritsla</city>
        <zip>510 29</zip>
        <country>Sweden</country>
      </address>
    </facility>
  </location>
  <location>
    <facility>
      <name>Pfizer Investigational Site</name>
      <address>
        <city>Gislaved</city>
        <zip>332 30</zip>
        <country>Sweden</country>
      </address>
    </facility>
  </location>
  <location>
    <facility>
      <name>Pfizer Investigational Site</name>
      <address>
        <city>Goteborg</city>
        <zip>412 75</zip>
        <country>Sweden</country>
      </address>
    </facility>
  </location>
  <location>
    <facility>
      <name>Pfizer Investigational Site</name>
      <address>
        <city>Gullspang</city>
        <zip>547 31</zip>
        <country>Sweden</country>
      </address>
    </facility>
  </location>
  <location>
    <facility>
      <name>Pfizer Investigational Site</name>
      <address>
        <city>Gustavsberg</city>
        <zip>134 30</zip>
        <country>Sweden</country>
      </address>
    </facility>
  </location>
  <location>
    <facility>
      <name>Pfizer Investigational Site</name>
      <address>
        <city>Hedemora</city>
        <zip>776 28</zip>
        <country>Sweden</country>
      </address>
    </facility>
  </location>
  <location>
    <facility>
      <name>Pfizer Investigational Site</name>
      <address>
        <city>Helsingborg</city>
        <zip>254 43</zip>
        <country>Sweden</country>
      </address>
    </facility>
  </location>
  <location>
    <facility>
      <name>Pfizer Investigational Site</name>
      <address>
        <city>Ingelstad</city>
        <zip>360 44</zip>
        <country>Sweden</country>
      </address>
    </facility>
  </location>
  <location>
    <facility>
      <name>Pfizer Investigational Site</name>
      <address>
        <city>Jönköping</city>
        <zip>553 16</zip>
        <country>Sweden</country>
      </address>
    </facility>
  </location>
  <location>
    <facility>
      <name>Pfizer Investigational Site</name>
      <address>
        <city>Kalix</city>
        <zip>952 82</zip>
        <country>Sweden</country>
      </address>
    </facility>
  </location>
  <location>
    <facility>
      <name>Pfizer Investigational Site</name>
      <address>
        <city>Karlstad</city>
        <zip>656 37</zip>
        <country>Sweden</country>
      </address>
    </facility>
  </location>
  <location>
    <facility>
      <name>Pfizer Investigational Site</name>
      <address>
        <city>Katrineholm</city>
        <zip>641 47</zip>
        <country>Sweden</country>
      </address>
    </facility>
  </location>
  <location>
    <facility>
      <name>Pfizer Investigational Site</name>
      <address>
        <city>Kristinehamn</city>
        <zip>681 29</zip>
        <country>Sweden</country>
      </address>
    </facility>
  </location>
  <location>
    <facility>
      <name>Pfizer Investigational Site</name>
      <address>
        <city>Lidkoping</city>
        <zip>531 85</zip>
        <country>Sweden</country>
      </address>
    </facility>
  </location>
  <location>
    <facility>
      <name>Pfizer Investigational Site</name>
      <address>
        <city>Malmo</city>
        <zip>205 02</zip>
        <country>Sweden</country>
      </address>
    </facility>
  </location>
  <location>
    <facility>
      <name>Pfizer Investigational Site</name>
      <address>
        <city>Munkfors</city>
        <zip>684 23</zip>
        <country>Sweden</country>
      </address>
    </facility>
  </location>
  <location>
    <facility>
      <name>Pfizer Investigational Site</name>
      <address>
        <city>Nassjo</city>
        <zip>576 81</zip>
        <country>Sweden</country>
      </address>
    </facility>
  </location>
  <location>
    <facility>
      <name>Pfizer Investigational Site</name>
      <address>
        <city>Ostersund</city>
        <zip>831 31</zip>
        <country>Sweden</country>
      </address>
    </facility>
  </location>
  <location>
    <facility>
      <name>Pfizer Investigational Site</name>
      <address>
        <city>Oxie</city>
        <zip>238 40</zip>
        <country>Sweden</country>
      </address>
    </facility>
  </location>
  <location>
    <facility>
      <name>Pfizer Investigational Site</name>
      <address>
        <city>Partille</city>
        <zip>43323</zip>
        <country>Sweden</country>
      </address>
    </facility>
  </location>
  <location>
    <facility>
      <name>Pfizer Investigational Site</name>
      <address>
        <city>Rattvik</city>
        <zip>795 21</zip>
        <country>Sweden</country>
      </address>
    </facility>
  </location>
  <location>
    <facility>
      <name>Pfizer Investigational Site</name>
      <address>
        <city>Sandviken</city>
        <zip>811 60</zip>
        <country>Sweden</country>
      </address>
    </facility>
  </location>
  <location>
    <facility>
      <name>Pfizer Investigational Site</name>
      <address>
        <city>Saro</city>
        <zip>429 13</zip>
        <country>Sweden</country>
      </address>
    </facility>
  </location>
  <location>
    <facility>
      <name>Pfizer Investigational Site</name>
      <address>
        <city>Sjuntorp</city>
        <zip>460 20</zip>
        <country>Sweden</country>
      </address>
    </facility>
  </location>
  <location>
    <facility>
      <name>Pfizer Investigational Site</name>
      <address>
        <city>Sollebrunn</city>
        <zip>466 30</zip>
        <country>Sweden</country>
      </address>
    </facility>
  </location>
  <location>
    <facility>
      <name>Pfizer Investigational Site</name>
      <address>
        <city>Stockholm</city>
        <zip>112 35</zip>
        <country>Sweden</country>
      </address>
    </facility>
  </location>
  <location>
    <facility>
      <name>Pfizer Investigational Site</name>
      <address>
        <city>Stockholm</city>
        <zip>116 32</zip>
        <country>Sweden</country>
      </address>
    </facility>
  </location>
  <location>
    <facility>
      <name>Pfizer Investigational Site</name>
      <address>
        <city>Sunne</city>
        <zip>686 22</zip>
        <country>Sweden</country>
      </address>
    </facility>
  </location>
  <location>
    <facility>
      <name>Pfizer Investigational Site</name>
      <address>
        <city>Trollhattan</city>
        <zip>461 59</zip>
        <country>Sweden</country>
      </address>
    </facility>
  </location>
  <location>
    <facility>
      <name>Pfizer Investigational Site</name>
      <address>
        <city>Tullinge</city>
        <zip>146 31</zip>
        <country>Sweden</country>
      </address>
    </facility>
  </location>
  <location>
    <facility>
      <name>Pfizer Investigational Site</name>
      <address>
        <city>Tyreso</city>
        <zip>13521</zip>
        <country>Sweden</country>
      </address>
    </facility>
  </location>
  <location>
    <facility>
      <name>Pfizer Investigational Site</name>
      <address>
        <city>Umeå</city>
        <zip>901 85</zip>
        <country>Sweden</country>
      </address>
    </facility>
  </location>
  <location>
    <facility>
      <name>Pfizer Investigational Site</name>
      <address>
        <city>Upplands Väsby</city>
        <zip>194 04</zip>
        <country>Sweden</country>
      </address>
    </facility>
  </location>
  <location>
    <facility>
      <name>Pfizer Investigational Site</name>
      <address>
        <city>Uppsala</city>
        <zip>751 25</zip>
        <country>Sweden</country>
      </address>
    </facility>
  </location>
  <location>
    <facility>
      <name>Pfizer Investigational Site</name>
      <address>
        <city>Varnamo</city>
        <zip>33185</zip>
        <country>Sweden</country>
      </address>
    </facility>
  </location>
  <location>
    <facility>
      <name>Pfizer Investigational Site</name>
      <address>
        <city>Vaxjo</city>
        <zip>352 41</zip>
        <country>Sweden</country>
      </address>
    </facility>
  </location>
  <location>
    <facility>
      <name>Pfizer Investigational Site</name>
      <address>
        <city>Visby</city>
        <zip>621 84</zip>
        <country>Sweden</country>
      </address>
    </facility>
  </location>
  <location>
    <facility>
      <name>Pfizer Investigational Site</name>
      <address>
        <city>Vännäs</city>
        <zip>911 82</zip>
        <country>Sweden</country>
      </address>
    </facility>
  </location>
  <location>
    <facility>
      <name>Pfizer Investigational Site</name>
      <address>
        <city>Västerås</city>
        <zip>722 11</zip>
        <country>Sweden</country>
      </address>
    </facility>
  </location>
  <location>
    <facility>
      <name>Pfizer Investigational Site</name>
      <address>
        <city>Växjö</city>
        <zip>350 04</zip>
        <country>Sweden</country>
      </address>
    </facility>
  </location>
  <location>
    <facility>
      <name>Pfizer Investigational Site</name>
    </facility>
  </location>
  <location_countries>
    <country>Sweden</country>
  </location_countries>
  <link>
    <url>https://trialinfoemail.pfizer.com/pages/landing.aspx?StudyID=A2501017&amp;StudyName=A%20study%20of%20the%20efficacy%20and%20safety%20of%20Aricept%20in%20patients%20with%20severe%20Alzheimer%27s%20disease%20who%20are%20living%20in%20skilled%20nursing%20homes</url>
    <description>To obtain contact information for a study center near you, click here.</description>
  </link>
  <verification_date>March 2015</verification_date>
  <!-- Old date names will be dropped in a few months (sometime in 2018)                        -->
  <lastchanged_date>March 4, 2015</lastchanged_date>
  <firstreceived_date>February 27, 2008</firstreceived_date>
  <!-- New date names                                                                           -->
  <study_first_submitted>February 27, 2008</study_first_submitted>
  <study_first_submitted_qc>February 27, 2008</study_first_submitted_qc>
  <study_first_posted type="Estimate">March 7, 2008</study_first_posted>
  <last_update_submitted>March 4, 2015</last_update_submitted>
  <last_update_submitted_qc>March 4, 2015</last_update_submitted_qc>
  <last_update_posted type="Estimate">March 5, 2015</last_update_posted>
  <!-- End of dates                                                                             -->
  <responsible_party>
    <name_title>Director, Clinical Trial Disclosure Group</name_title>
    <organization>Pfizer, Inc.</organization>
  </responsible_party>
  <condition_browse>
    <!-- CAUTION:  The following MeSH terms are assigned with an imperfect algorithm            -->
    <mesh_term>Alzheimer Disease</mesh_term>
  </condition_browse>
  <intervention_browse>
    <!-- CAUTION:  The following MeSH terms are assigned with an imperfect algorithm            -->
    <mesh_term>Donepezil</mesh_term>
  </intervention_browse>
  <!-- Results have not yet been posted for this study                                          -->
</clinical_study>

