<?xml version="1.0" encoding="UTF-8"?>
<clinical_study rank="213">
  <!-- This xml conforms to an XML Schema at:
    https://clinicaltrials.gov/ct2/html/images/info/public.xsd -->
  <required_header>
    <download_date>ClinicalTrials.gov processed this data on November 07, 2017</download_date>
    <link_text>Link to the current ClinicalTrials.gov record.</link_text>
    <url>https://clinicaltrials.gov/show/NCT01128361</url>
  </required_header>
  <id_info>
    <org_study_id>11969</org_study_id>
    <nct_id>NCT01128361</nct_id>
  </id_info>
  <brief_title>Pilot Study of Aerobic Exercise in Early Alzheimer's Disease(AD)</brief_title>
  <official_title>Alzheimer's Disease Exercise Prevention Trial</official_title>
  <sponsors>
    <lead_sponsor>
      <agency>Jeff Burns, MD</agency>
      <agency_class>Other</agency_class>
    </lead_sponsor>
  </sponsors>
  <source>University of Kansas Medical Center</source>
  <oversight_info>
    <has_dmc>Yes</has_dmc>
  </oversight_info>
  <brief_summary>
    <textblock>
      The current project is a natural extension of a programmatic line of investigation into the
      relationship between exercise, brain aging, and AD that Dr. Burns has developed over the last
      four years. The current study will provide data to estimate expected effect sizes for power
      analyses and sample size calculations. It will also provide an opportunity to optimally
      design a larger trial that can be extended to multiple sites to more definitively examine the
      role of exercise as a therapy in AD. The current project's aims are an important and
      necessary developmental step given the lack of fitness data in AD and the limited knowledge
      of the mechanisms that may form the basis of an association between aerobic fitness and AD.
    </textblock>
  </brief_summary>
  <overall_status>Completed</overall_status>
  <start_date>May 2010</start_date>
  <completion_date type="Actual">April 2015</completion_date>
  <primary_completion_date type="Actual">April 2015</primary_completion_date>
  <phase>N/A</phase>
  <study_type>Interventional</study_type>
  <has_expanded_access>No</has_expanded_access>
  <study_design_info>
    <allocation>Randomized</allocation>
    <intervention_model>Parallel Assignment</intervention_model>
    <primary_purpose>Treatment</primary_purpose>
    <masking>None (Open Label)</masking>
  </study_design_info>
  <primary_outcome>
    <measure>Memory Composite</measure>
    <time_frame>week 0, 13, and 26</time_frame>
    <description>A composite measure of several memory tests (Logical Memory (Immediate and Delayed), Free and Cued Selective Reminding Test (sum of free recall). Each score was normalized to an independent dataset of individuals without dementia. Then the 4 standardized scores were averaged.
Numbers closer to positive indicate better memory performance. The scores are centered around a mean of 0 and standardized so each value represents a fraction of the standard deviation. There are no limits to the scores.</description>
  </primary_outcome>
  <primary_outcome>
    <measure>Executive Function Composite</measure>
    <time_frame>Week 0, 13, and 26</time_frame>
    <description>A composite measure of several memory tests (Logical Memory (Immediate and Delayed), Free and Cued Selective Reminding Test (sum of free recall). Each score was normalized to an independent dataset. Then the 4 standardized scores were averaged.
Numbers closer to positive indicate better executive function performance. . The scores are centered around a mean of 0 and standardized so each value represents a fraction of the standard deviation. There are no limits to the scores.</description>
  </primary_outcome>
  <primary_outcome>
    <measure>Disability Assessment for Dementia</measure>
    <time_frame>Week 0, 13, and 26</time_frame>
    <description>This is a validated measure of disability for individuals with dementia. Higher scores indicate less disability with a score of 100 indicating no disability and 0 indicating no functional ability.</description>
  </primary_outcome>
  <primary_outcome>
    <measure>Cornell Scale for Depression in Dementia</measure>
    <time_frame>Week 0, 13, and 26</time_frame>
    <description>The Cornell Scale for Depression in Dementia is a validate measure of depressive symptoms in individuals with dementia. Larger numbers indicate greater levels of depression. Scores range from 0 to 38.</description>
  </primary_outcome>
  <number_of_arms>2</number_of_arms>
  <enrollment type="Actual">76</enrollment>
  <condition>Alzheimer's Disease</condition>
  <arm_group>
    <arm_group_label>Aerobic Exercise</arm_group_label>
    <arm_group_type>Experimental</arm_group_type>
  </arm_group>
  <arm_group>
    <arm_group_label>Stretching</arm_group_label>
    <arm_group_type>Active Comparator</arm_group_type>
  </arm_group>
  <intervention>
    <intervention_type>Behavioral</intervention_type>
    <intervention_name>Aerobic Exercise</intervention_name>
    <description>Participants randomized to this group will perform 150 minutes a week of aerobic exercise over 3-5days. Participants will begin exercising 3 times the first week for 20 minutes, increasing to three bouts of 25 minutes the second week. Thereafter, weekly exercise duration will be increased until their target duration of 150 minutes is achieved in week 6. Exercise trainers will assist participants in adjusting exercise routines to achieve their weekly exercise duration goals. Use of equipment, achievement of target HR and safety will be closely monitored by the trainer through the course of the study. Each subject will wear a Polar F4 heart monitor (Polar USA) for recording heart rate during each exercise session. Subjects unable to exercise continuously on the treadmill will perform intermittent training until the target duration is reached. The majority of the exercise sessions will involve walking on a treadmill.</description>
    <arm_group_label>Aerobic Exercise</arm_group_label>
  </intervention>
  <intervention>
    <intervention_type>Behavioral</intervention_type>
    <intervention_name>Stretching</intervention_name>
    <description>This groups intervention is designed to match the aerobic exercise intervention with respect to participation and socialization. Stretching and toning has been repeatedly used as control intervention for exercise studies.The schedule and format will be identical to the aerobic conditioning group to best balance confounding variables such as attention, social interactions, and other unknown variables that might influence the results. An experienced and trained exercise instructor will run the stretching sessions three days a week at the local YMCA. We will monitor changes in heart rate with Polar F4 heart monitors (Polar USA) during the sessions to assess, and minimize, potential aerobic benefits from the intervention.</description>
    <arm_group_label>Stretching</arm_group_label>
  </intervention>
  <eligibility>
    <criteria>
      <textblock>
        Inclusion Criteria:

          -  Informed consent provided by the participant or the participant's legally acceptable
             representative

          -  Age 55 years or older

          -  Diagnosis of Probable AD according to the National Institute of Neurological and
             Communicative Disorders and Stroke-Alzheimer's Disease and Related Disorders
             Association (NINCDS-ADRDA)

          -  Clinical Dementia Rating (CDR) of 0.5 (very mild) or 1 (mild dementia)

          -  Mini-Mental Status Exam Score of 16 to 30, inclusive.

          -  Rosen Modified Hachinski score of 4 or less

          -  Community dwelling with a caregiver able and willing to accompany the participant on
             all visits, if necessary. The caregiver must visit with the subject more than five
             times a week for the duration of the study.

          -  Underactive or sedentary as determined by a Telephone Assessment of Physical Activity.

          -  Adequate visual and auditory abilities to perform all aspects of the cognitive and
             functional assessments

          -  Stable doses of medications for at least 30 days prior to screening. Cholinesterase
             inhibitors and memantine are allowed provided the participant is on stable doses
             without clinically significant side effects for 60 days. Additionally, the participant
             and caregiver will agree, barring unforeseen circumstances, to continue the same
             regimen for the trial duration.

          -  Likely to participate in all scheduled evaluations and complete the 26 week program.

        Exclusion Criteria:

          -  CDR 0.5 uncertain dementia (i.e., not meeting NINCDS-ADRDA criteria).

          -  Significant neurological disease, other than AD, that may affect cognition

          -  MRI or CT scan indicative of significant abnormalities that may explain cognitive
             decline (e.g., multiple lacunar infarcts or a single prior infarct &gt; 1 cm3,
             micro-hemorrhages or evidence of a prior hemorrhage &gt; 1 cm3, evidence of cerebral
             contusion, encephalomalacia, aneurysm, vascular malformation, or space-occupying
             lesion such as an arachnoid cyst or brain tumor)

          -  Current clinically significant major psychiatric disorder (e.g., Major Depressive
             Disorder) according to DSM-IV criteria or significant psychiatric symptoms (e.g.,
             hallucinations) that could impair the completion of the study. Individuals with
             depressive symptoms (Geriatric Depression Scale &lt; 6) and who do not meet criteria for
             major depression will be eligible.

          -  Current clinically-significant systemic illness that is likely to result in
             deterioration of the patient's condition or affect the patient's safety during the
             study

          -  History of clinically-evident stroke

          -  Clinically-significant infection within the last 30 days

          -  Myocardial infarction or symptoms of coronary artery disease (e.g., angina) in the
             last two-years.

          -  Uncontrolled hypertension within the last 6 months

          -  History of cancer within the last 5 years (except non-metastatic basal or squamous
             cell carcinoma)

          -  History of drug or alcohol abuse as defined by DSM-IV criteria within the last 2 years

          -  Presence of contraindications for MRI scanning (pacemaker, aneurysm clips, artificial
             heart valves, metal fragments, foreign objects) or claustrophobia

          -  Insulin-dependent diabetes mellitus

          -  Significant pain or musculoskeletal disorder that would prohibit participation in an
             exercise program
      </textblock>
    </criteria>
    <gender>All</gender>
    <minimum_age>55 Years</minimum_age>
    <maximum_age>N/A</maximum_age>
    <healthy_volunteers>No</healthy_volunteers>
  </eligibility>
  <overall_official>
    <last_name>Jeffrey Burns, MD</last_name>
    <role>Principal Investigator</role>
    <affiliation>University of Kansas Medical Center</affiliation>
  </overall_official>
  <location>
    <facility>
      <name>University of Kansas Medical Center</name>
      <address>
        <city>Kansas City</city>
        <state>Kansas</state>
        <zip>66160</zip>
        <country>United States</country>
      </address>
    </facility>
  </location>
  <location_countries>
    <country>United States</country>
  </location_countries>
  <verification_date>January 2017</verification_date>
  <!-- Old date names will be dropped in a few months (sometime in 2018)                        -->
  <lastchanged_date>January 22, 2017</lastchanged_date>
  <firstreceived_date>May 18, 2010</firstreceived_date>
  <firstreceived_results_date>January 22, 2017</firstreceived_results_date>
  <!-- New date names                                                                           -->
  <study_first_submitted>May 18, 2010</study_first_submitted>
  <study_first_submitted_qc>May 20, 2010</study_first_submitted_qc>
  <study_first_posted type="Estimate">May 21, 2010</study_first_posted>
  <results_first_submitted>January 22, 2017</results_first_submitted>
  <results_first_submitted_qc>January 22, 2017</results_first_submitted_qc>
  <results_first_posted type="Actual">March 13, 2017</results_first_posted>
  <last_update_submitted>January 22, 2017</last_update_submitted>
  <last_update_submitted_qc>January 22, 2017</last_update_submitted_qc>
  <last_update_posted type="Actual">March 13, 2017</last_update_posted>
  <!-- End of dates                                                                             -->
  <responsible_party>
    <responsible_party_type>Sponsor-Investigator</responsible_party_type>
    <investigator_affiliation>University of Kansas Medical Center</investigator_affiliation>
    <investigator_full_name>Jeff Burns, MD</investigator_full_name>
    <investigator_title>Assistant Professor, Director of the Alzheimer &amp; Memory Center &amp; AD Clinical Research Program</investigator_title>
  </responsible_party>
  <condition_browse>
    <!-- CAUTION:  The following MeSH terms are assigned with an imperfect algorithm            -->
    <mesh_term>Alzheimer Disease</mesh_term>
  </condition_browse>

  <clinical_results>

    <participant_flow>
      <group_list>
        <group group_id="P1">
          <title>Aerobic Exercise</title>
          <description>Aerobic Exercise: Participants randomized to this group will perform 150 minutes a week of aerobic exercise over 3-5days. Participants will begin exercising 3 times the first week for 20 minutes, increasing to three bouts of 25 minutes the second week. Thereafter, weekly exercise duration will be increased until their target duration of 150 minutes is achieved in week 6. Exercise trainers will assist participants in adjusting exercise routines to achieve their weekly exercise duration goals. Use of equipment, achievement of target HR and safety will be closely monitored by the trainer through the course of the study. Each subject will wear a Polar F4 heart monitor (Polar USA) for recording heart rate during each exercise session. Subjects unable to exercise continuously on the treadmill will perform intermittent training until the target duration is reached. The majority of the exercise sessions will involve walking on a treadmill.</description>
        </group>
        <group group_id="P2">
          <title>Stretching</title>
          <description>Stretching: This groups intervention is designed to match the aerobic exercise intervention with respect to participation and socialization. Stretching and toning has been repeatedly used as control intervention for exercise studies.The schedule and format will be identical to the aerobic conditioning group to best balance confounding variables such as attention, social interactions, and other unknown variables that might influence the results. An experienced and trained exercise instructor will run the stretching sessions three days a week at the local YMCA. We will monitor changes in heart rate with Polar F4 heart monitors (Polar USA) during the sessions to assess, and minimize, potential aerobic benefits from the intervention.</description>
        </group>
      </group_list>
      <period_list>
        <period>
          <title>Overall Study</title>
          <milestone_list>
            <milestone>
              <title>STARTED</title>
              <participants_list>
                <participants group_id="P1" count="39"/>
                <participants group_id="P2" count="37"/>
              </participants_list>
            </milestone>
            <milestone>
              <title>COMPLETED</title>
              <participants_list>
                <participants group_id="P1" count="34"/>
                <participants group_id="P2" count="34"/>
              </participants_list>
            </milestone>
            <milestone>
              <title>NOT COMPLETED</title>
              <participants_list>
                <participants group_id="P1" count="5"/>
                <participants group_id="P2" count="3"/>
              </participants_list>
            </milestone>
          </milestone_list>
          <drop_withdraw_reason_list>
            <drop_withdraw_reason>
              <title>Lost to Follow-up</title>
              <participants_list>
                <participants group_id="P1" count="0"/>
                <participants group_id="P2" count="1"/>
              </participants_list>
            </drop_withdraw_reason>
            <drop_withdraw_reason>
              <title>Withdrawal by Subject</title>
              <participants_list>
                <participants group_id="P1" count="5"/>
                <participants group_id="P2" count="2"/>
              </participants_list>
            </drop_withdraw_reason>
          </drop_withdraw_reason_list>
        </period>
      </period_list>
    </participant_flow>

    <baseline>
      <group_list>
        <group group_id="B1">
          <title>Aerobic Exercise</title>
          <description>Aerobic Exercise: Participants randomized to this group will perform 150 minutes a week of aerobic exercise over 3-5days. Participants will begin exercising 3 times the first week for 20 minutes, increasing to three bouts of 25 minutes the second week. Thereafter, weekly exercise duration will be increased until their target duration of 150 minutes is achieved in week 6. Exercise trainers will assist participants in adjusting exercise routines to achieve their weekly exercise duration goals. Use of equipment, achievement of target HR and safety will be closely monitored by the trainer through the course of the study. Each subject will wear a Polar F4 heart monitor (Polar USA) for recording heart rate during each exercise session. Subjects unable to exercise continuously on the treadmill will perform intermittent training until the target duration is reached. The majority of the exercise sessions will involve walking on a treadmill.</description>
        </group>
        <group group_id="B2">
          <title>Stretching</title>
          <description>Stretching: This groups intervention is designed to match the aerobic exercise intervention with respect to participation and socialization. Stretching and toning has been repeatedly used as control intervention for exercise studies.The schedule and format will be identical to the aerobic conditioning group to best balance confounding variables such as attention, social interactions, and other unknown variables that might influence the results. An experienced and trained exercise instructor will run the stretching sessions three days a week at the local YMCA. We will monitor changes in heart rate with Polar F4 heart monitors (Polar USA) during the sessions to assess, and minimize, potential aerobic benefits from the intervention.</description>
        </group>
        <group group_id="B3">
          <title>Total</title>
          <description>Total of all reporting groups</description>
        </group>
      </group_list>
      <analyzed_list>
        <analyzed>
          <units>Participants</units>
          <scope>Overall</scope>
          <count_list>
            <count group_id="B1" value="39"/>
            <count group_id="B2" value="37"/>
            <count group_id="B3" value="76"/>
          </count_list>
        </analyzed>
      </analyzed_list>
      <measure_list>
        <measure>
          <title>Age</title>
          <units>Participants</units>
          <param>Count of Participants</param>
          <class_list>
            <class>
              <category_list>
                <category>
                  <title>&lt;=18 years</title>
                  <measurement_list>
                    <measurement group_id="B1" value="0"/>
                    <measurement group_id="B2" value="0"/>
                    <measurement group_id="B3" value="0"/>
                  </measurement_list>
                </category>
                <category>
                  <title>Between 18 and 65 years</title>
                  <measurement_list>
                    <measurement group_id="B1" value="0"/>
                    <measurement group_id="B2" value="0"/>
                    <measurement group_id="B3" value="0"/>
                  </measurement_list>
                </category>
                <category>
                  <title>&gt;=65 years</title>
                  <measurement_list>
                    <measurement group_id="B1" value="39"/>
                    <measurement group_id="B2" value="37"/>
                    <measurement group_id="B3" value="76"/>
                  </measurement_list>
                </category>
              </category_list>
            </class>
          </class_list>
        </measure>
        <measure>
          <title>Age</title>
          <units>years</units>
          <param>Mean</param>
          <dispersion>Standard Deviation</dispersion>
          <class_list>
            <class>
              <category_list>
                <category>
                  <measurement_list>
                    <measurement group_id="B1" value="74.4" spread="6.7"/>
                    <measurement group_id="B2" value="71.4" spread="8.4"/>
                    <measurement group_id="B3" value="72.9" spread="7.7"/>
                  </measurement_list>
                </category>
              </category_list>
            </class>
          </class_list>
        </measure>
        <measure>
          <title>Sex: Female, Male</title>
          <units>Participants</units>
          <param>Count of Participants</param>
          <class_list>
            <class>
              <category_list>
                <category>
                  <title>Female</title>
                  <measurement_list>
                    <measurement group_id="B1" value="18"/>
                    <measurement group_id="B2" value="21"/>
                    <measurement group_id="B3" value="39"/>
                  </measurement_list>
                </category>
                <category>
                  <title>Male</title>
                  <measurement_list>
                    <measurement group_id="B1" value="21"/>
                    <measurement group_id="B2" value="16"/>
                    <measurement group_id="B3" value="37"/>
                  </measurement_list>
                </category>
              </category_list>
            </class>
          </class_list>
        </measure>
        <measure>
          <title>Region of Enrollment</title>
          <units>participants</units>
          <param>Number</param>
          <class_list>
            <class>
              <title>United States</title>
              <category_list>
                <category>
                  <measurement_list>
                    <measurement group_id="B1" value="39"/>
                    <measurement group_id="B2" value="37"/>
                    <measurement group_id="B3" value="76"/>
                  </measurement_list>
                </category>
              </category_list>
            </class>
          </class_list>
        </measure>
        <measure>
          <title>Clinical Dementia Rating Sum of Boxes</title>
          <description>The Clinical Dementia Rating (CDR) is a scale used to characterize six domains of cognitive and functional performance applicable to Alzheimer disease and related dementias: Memory, Orientation, Judgment &amp; Problem Solving, Community Affairs, Home &amp; Hobbies, and Personal Care. The sum of each domain (CDR Sum of Boxes) is used as a measure of dementia severity from 0 (no impairment) to 18 (severe impairment).</description>
          <units>units on a scale</units>
          <param>Mean</param>
          <dispersion>Standard Deviation</dispersion>
          <class_list>
            <class>
              <category_list>
                <category>
                  <measurement_list>
                    <measurement group_id="B1" value="3.54" spread="1.99"/>
                    <measurement group_id="B2" value="3.55" spread="1.60"/>
                    <measurement group_id="B3" value="3.54" spread="1.81"/>
                  </measurement_list>
                </category>
              </category_list>
            </class>
          </class_list>
        </measure>
      </measure_list>
    </baseline>

    <outcome_list>
      <outcome>
        <type>Primary</type>
        <title>Memory Composite</title>
        <description>A composite measure of several memory tests (Logical Memory (Immediate and Delayed), Free and Cued Selective Reminding Test (sum of free recall). Each score was normalized to an independent dataset of individuals without dementia. Then the 4 standardized scores were averaged.
Numbers closer to positive indicate better memory performance. The scores are centered around a mean of 0 and standardized so each value represents a fraction of the standard deviation. There are no limits to the scores.</description>
        <time_frame>week 0, 13, and 26</time_frame>
        <population>Linear mixed models with all available data were used. Thus the overall number of participants analyzed does not necessarily match the means reported at each timepoint.</population>
        <group_list>
          <group group_id="O1">
            <title>Aerobic Exercise</title>
            <description>Aerobic Exercise: Participants randomized to this group will perform 150 minutes a week of aerobic exercise over 3-5days. Participants will begin exercising 3 times the first week for 20 minutes, increasing to three bouts of 25 minutes the second week. Thereafter, weekly exercise duration will be increased until their target duration of 150 minutes is achieved in week 6. Exercise trainers will assist participants in adjusting exercise routines to achieve their weekly exercise duration goals. Use of equipment, achievement of target HR and safety will be closely monitored by the trainer through the course of the study. Each subject will wear a Polar F4 heart monitor (Polar USA) for recording heart rate during each exercise session. Subjects unable to exercise continuously on the treadmill will perform intermittent training until the target duration is reached. The majority of the exercise sessions will involve walking on a treadmill.</description>
          </group>
          <group group_id="O2">
            <title>Stretching</title>
            <description>Stretching: This groups intervention is designed to match the aerobic exercise intervention with respect to participation and socialization. Stretching and toning has been repeatedly used as control intervention for exercise studies.The schedule and format will be identical to the aerobic conditioning group to best balance confounding variables such as attention, social interactions, and other unknown variables that might influence the results. An experienced and trained exercise instructor will run the stretching sessions three days a week at the local YMCA. We will monitor changes in heart rate with Polar F4 heart monitors (Polar USA) during the sessions to assess, and minimize, potential aerobic benefits from the intervention.</description>
          </group>
        </group_list>
        <measure>
          <title>Memory Composite</title>
          <description>A composite measure of several memory tests (Logical Memory (Immediate and Delayed), Free and Cued Selective Reminding Test (sum of free recall). Each score was normalized to an independent dataset of individuals without dementia. Then the 4 standardized scores were averaged.
Numbers closer to positive indicate better memory performance. The scores are centered around a mean of 0 and standardized so each value represents a fraction of the standard deviation. There are no limits to the scores.</description>
          <population>Linear mixed models with all available data were used. Thus the overall number of participants analyzed does not necessarily match the means reported at each timepoint.</population>
          <units>units on a standardized scale</units>
          <param>Mean</param>
          <dispersion>Standard Deviation</dispersion>
          <analyzed_list>
            <analyzed>
              <units>Participants</units>
              <scope>Measure</scope>
              <count_list>
                <count group_id="O1" value="39"/>
                <count group_id="O2" value="37"/>
              </count_list>
            </analyzed>
          </analyzed_list>
          <class_list>
            <class>
              <title>Baseline</title>
              <analyzed_list>
                <analyzed>
                  <units>Participants</units>
                  <scope>Class</scope>
                  <count_list>
                    <count group_id="O1" value="39"/>
                    <count group_id="O2" value="37"/>
                  </count_list>
                </analyzed>
              </analyzed_list>
              <category_list>
                <category>
                  <measurement_list>
                    <measurement group_id="O1" value="-2.5" spread="1.4"/>
                    <measurement group_id="O2" value="-2.8" spread="1.4"/>
                  </measurement_list>
                </category>
              </category_list>
            </class>
            <class>
              <title>Week 13</title>
              <analyzed_list>
                <analyzed>
                  <units>Participants</units>
                  <scope>Class</scope>
                  <count_list>
                    <count group_id="O1" value="36"/>
                    <count group_id="O2" value="37"/>
                  </count_list>
                </analyzed>
              </analyzed_list>
              <category_list>
                <category>
                  <measurement_list>
                    <measurement group_id="O1" value="-2.3" spread="1.5"/>
                    <measurement group_id="O2" value="-2.8" spread="1.5"/>
                  </measurement_list>
                </category>
              </category_list>
            </class>
            <class>
              <title>Week 26</title>
              <analyzed_list>
                <analyzed>
                  <units>Participants</units>
                  <scope>Class</scope>
                  <count_list>
                    <count group_id="O1" value="34"/>
                    <count group_id="O2" value="34"/>
                  </count_list>
                </analyzed>
              </analyzed_list>
              <category_list>
                <category>
                  <measurement_list>
                    <measurement group_id="O1" value="-2.3" spread="1.7"/>
                    <measurement group_id="O2" value="-2.7" spread="1.7"/>
                  </measurement_list>
                </category>
              </category_list>
            </class>
          </class_list>
        </measure>
      </outcome>
      <outcome>
        <type>Primary</type>
        <title>Executive Function Composite</title>
        <description>A composite measure of several memory tests (Logical Memory (Immediate and Delayed), Free and Cued Selective Reminding Test (sum of free recall). Each score was normalized to an independent dataset. Then the 4 standardized scores were averaged.
Numbers closer to positive indicate better executive function performance. . The scores are centered around a mean of 0 and standardized so each value represents a fraction of the standard deviation. There are no limits to the scores.</description>
        <time_frame>Week 0, 13, and 26</time_frame>
        <population>Linear mixed models were used with all available data included. Overall numbers analyzed do not necessarily match the outcome measure at each timepoint</population>
        <group_list>
          <group group_id="O1">
            <title>Aerobic Exercise</title>
            <description>Aerobic Exercise: Participants randomized to this group will perform 150 minutes a week of aerobic exercise over 3-5days. Participants will begin exercising 3 times the first week for 20 minutes, increasing to three bouts of 25 minutes the second week. Thereafter, weekly exercise duration will be increased until their target duration of 150 minutes is achieved in week 6. Exercise trainers will assist participants in adjusting exercise routines to achieve their weekly exercise duration goals. Use of equipment, achievement of target HR and safety will be closely monitored by the trainer through the course of the study. Each subject will wear a Polar F4 heart monitor (Polar USA) for recording heart rate during each exercise session. Subjects unable to exercise continuously on the treadmill will perform intermittent training until the target duration is reached. The majority of the exercise sessions will involve walking on a treadmill.</description>
          </group>
          <group group_id="O2">
            <title>Stretching</title>
            <description>Stretching: This groups intervention is designed to match the aerobic exercise intervention with respect to participation and socialization. Stretching and toning has been repeatedly used as control intervention for exercise studies.The schedule and format will be identical to the aerobic conditioning group to best balance confounding variables such as attention, social interactions, and other unknown variables that might influence the results. An experienced and trained exercise instructor will run the stretching sessions three days a week at the local YMCA. We will monitor changes in heart rate with Polar F4 heart monitors (Polar USA) during the sessions to assess, and minimize, potential aerobic benefits from the intervention.</description>
          </group>
        </group_list>
        <measure>
          <title>Executive Function Composite</title>
          <description>A composite measure of several memory tests (Logical Memory (Immediate and Delayed), Free and Cued Selective Reminding Test (sum of free recall). Each score was normalized to an independent dataset. Then the 4 standardized scores were averaged.
Numbers closer to positive indicate better executive function performance. . The scores are centered around a mean of 0 and standardized so each value represents a fraction of the standard deviation. There are no limits to the scores.</description>
          <population>Linear mixed models were used with all available data included. Overall numbers analyzed do not necessarily match the outcome measure at each timepoint</population>
          <units>standardized units on a scale</units>
          <param>Mean</param>
          <dispersion>Standard Deviation</dispersion>
          <analyzed_list>
            <analyzed>
              <units>Participants</units>
              <scope>Measure</scope>
              <count_list>
                <count group_id="O1" value="39"/>
                <count group_id="O2" value="37"/>
              </count_list>
            </analyzed>
          </analyzed_list>
          <class_list>
            <class>
              <title>Baseline</title>
              <analyzed_list>
                <analyzed>
                  <units>Participants</units>
                  <scope>Class</scope>
                  <count_list>
                    <count group_id="O1" value="39"/>
                    <count group_id="O2" value="37"/>
                  </count_list>
                </analyzed>
              </analyzed_list>
              <category_list>
                <category>
                  <measurement_list>
                    <measurement group_id="O1" value="-1.12" spread=".82"/>
                    <measurement group_id="O2" value="-1.34" spread=".85"/>
                  </measurement_list>
                </category>
              </category_list>
            </class>
            <class>
              <title>Week 13</title>
              <analyzed_list>
                <analyzed>
                  <units>Participants</units>
                  <scope>Class</scope>
                  <count_list>
                    <count group_id="O1" value="36"/>
                    <count group_id="O2" value="37"/>
                  </count_list>
                </analyzed>
              </analyzed_list>
              <category_list>
                <category>
                  <measurement_list>
                    <measurement group_id="O1" value="-1.09" spread=".86"/>
                    <measurement group_id="O2" value="-1.25" spread=".94"/>
                  </measurement_list>
                </category>
              </category_list>
            </class>
            <class>
              <title>Week 26</title>
              <analyzed_list>
                <analyzed>
                  <units>Participants</units>
                  <scope>Class</scope>
                  <count_list>
                    <count group_id="O1" value="34"/>
                    <count group_id="O2" value="34"/>
                  </count_list>
                </analyzed>
              </analyzed_list>
              <category_list>
                <category>
                  <measurement_list>
                    <measurement group_id="O1" value="-1.2" spread=".9"/>
                    <measurement group_id="O2" value="-1.33" spread=".97"/>
                  </measurement_list>
                </category>
              </category_list>
            </class>
          </class_list>
        </measure>
      </outcome>
      <outcome>
        <type>Primary</type>
        <title>Disability Assessment for Dementia</title>
        <description>This is a validated measure of disability for individuals with dementia. Higher scores indicate less disability with a score of 100 indicating no disability and 0 indicating no functional ability.</description>
        <time_frame>Week 0, 13, and 26</time_frame>
        <population>Linear mixed models were used with all available data. Overall number of participants may not match numbers at each timepoint.</population>
        <group_list>
          <group group_id="O1">
            <title>Aerobic Exercise</title>
            <description>Aerobic Exercise: Participants randomized to this group will perform 150 minutes a week of aerobic exercise over 3-5days. Participants will begin exercising 3 times the first week for 20 minutes, increasing to three bouts of 25 minutes the second week. Thereafter, weekly exercise duration will be increased until their target duration of 150 minutes is achieved in week 6. Exercise trainers will assist participants in adjusting exercise routines to achieve their weekly exercise duration goals. Use of equipment, achievement of target HR and safety will be closely monitored by the trainer through the course of the study. Each subject will wear a Polar F4 heart monitor (Polar USA) for recording heart rate during each exercise session. Subjects unable to exercise continuously on the treadmill will perform intermittent training until the target duration is reached. The majority of the exercise sessions will involve walking on a treadmill.</description>
          </group>
          <group group_id="O2">
            <title>Stretching</title>
            <description>Stretching: This groups intervention is designed to match the aerobic exercise intervention with respect to participation and socialization. Stretching and toning has been repeatedly used as control intervention for exercise studies.The schedule and format will be identical to the aerobic conditioning group to best balance confounding variables such as attention, social interactions, and other unknown variables that might influence the results. An experienced and trained exercise instructor will run the stretching sessions three days a week at the local YMCA. We will monitor changes in heart rate with Polar F4 heart monitors (Polar USA) during the sessions to assess, and minimize, potential aerobic benefits from the intervention.</description>
          </group>
        </group_list>
        <measure>
          <title>Disability Assessment for Dementia</title>
          <description>This is a validated measure of disability for individuals with dementia. Higher scores indicate less disability with a score of 100 indicating no disability and 0 indicating no functional ability.</description>
          <population>Linear mixed models were used with all available data. Overall number of participants may not match numbers at each timepoint.</population>
          <units>percentage on a scale</units>
          <param>Mean</param>
          <dispersion>Standard Deviation</dispersion>
          <analyzed_list>
            <analyzed>
              <units>Participants</units>
              <scope>Measure</scope>
              <count_list>
                <count group_id="O1" value="39"/>
                <count group_id="O2" value="37"/>
              </count_list>
            </analyzed>
          </analyzed_list>
          <class_list>
            <class>
              <title>Baseline</title>
              <analyzed_list>
                <analyzed>
                  <units>Participants</units>
                  <scope>Class</scope>
                  <count_list>
                    <count group_id="O1" value="39"/>
                    <count group_id="O2" value="37"/>
                  </count_list>
                </analyzed>
              </analyzed_list>
              <category_list>
                <category>
                  <measurement_list>
                    <measurement group_id="O1" value="88" spread="12.3"/>
                    <measurement group_id="O2" value="91.2" spread="8"/>
                  </measurement_list>
                </category>
              </category_list>
            </class>
            <class>
              <title>Week 13</title>
              <analyzed_list>
                <analyzed>
                  <units>Participants</units>
                  <scope>Class</scope>
                  <count_list>
                    <count group_id="O1" value="36"/>
                    <count group_id="O2" value="37"/>
                  </count_list>
                </analyzed>
              </analyzed_list>
              <category_list>
                <category>
                  <measurement_list>
                    <measurement group_id="O1" value="89.8" spread="12.5"/>
                    <measurement group_id="O2" value="89.5" spread="12.8"/>
                  </measurement_list>
                </category>
              </category_list>
            </class>
            <class>
              <title>Week 26</title>
              <analyzed_list>
                <analyzed>
                  <units>Participants</units>
                  <scope>Class</scope>
                  <count_list>
                    <count group_id="O1" value="34"/>
                    <count group_id="O2" value="34"/>
                  </count_list>
                </analyzed>
              </analyzed_list>
              <category_list>
                <category>
                  <measurement_list>
                    <measurement group_id="O1" value="89.5" spread="13.7"/>
                    <measurement group_id="O2" value="86.7" spread="13.3"/>
                  </measurement_list>
                </category>
              </category_list>
            </class>
          </class_list>
        </measure>
      </outcome>
      <outcome>
        <type>Primary</type>
        <title>Cornell Scale for Depression in Dementia</title>
        <description>The Cornell Scale for Depression in Dementia is a validate measure of depressive symptoms in individuals with dementia. Larger numbers indicate greater levels of depression. Scores range from 0 to 38.</description>
        <time_frame>Week 0, 13, and 26</time_frame>
        <population>Linear mixed models were used with all available data. Overall numbers analyzed may not reflect numbers at each timepoint</population>
        <group_list>
          <group group_id="O1">
            <title>Aerobic Exercise</title>
            <description>Aerobic Exercise: Participants randomized to this group will perform 150 minutes a week of aerobic exercise over 3-5days. Participants will begin exercising 3 times the first week for 20 minutes, increasing to three bouts of 25 minutes the second week. Thereafter, weekly exercise duration will be increased until their target duration of 150 minutes is achieved in week 6. Exercise trainers will assist participants in adjusting exercise routines to achieve their weekly exercise duration goals. Use of equipment, achievement of target HR and safety will be closely monitored by the trainer through the course of the study. Each subject will wear a Polar F4 heart monitor (Polar USA) for recording heart rate during each exercise session. Subjects unable to exercise continuously on the treadmill will perform intermittent training until the target duration is reached. The majority of the exercise sessions will involve walking on a treadmill.</description>
          </group>
          <group group_id="O2">
            <title>Stretching</title>
            <description>Stretching: This groups intervention is designed to match the aerobic exercise intervention with respect to participation and socialization. Stretching and toning has been repeatedly used as control intervention for exercise studies.The schedule and format will be identical to the aerobic conditioning group to best balance confounding variables such as attention, social interactions, and other unknown variables that might influence the results. An experienced and trained exercise instructor will run the stretching sessions three days a week at the local YMCA. We will monitor changes in heart rate with Polar F4 heart monitors (Polar USA) during the sessions to assess, and minimize, potential aerobic benefits from the intervention.</description>
          </group>
        </group_list>
        <measure>
          <title>Cornell Scale for Depression in Dementia</title>
          <description>The Cornell Scale for Depression in Dementia is a validate measure of depressive symptoms in individuals with dementia. Larger numbers indicate greater levels of depression. Scores range from 0 to 38.</description>
          <population>Linear mixed models were used with all available data. Overall numbers analyzed may not reflect numbers at each timepoint</population>
          <units>units on a scale</units>
          <param>Mean</param>
          <dispersion>Standard Deviation</dispersion>
          <analyzed_list>
            <analyzed>
              <units>Participants</units>
              <scope>Measure</scope>
              <count_list>
                <count group_id="O1" value="39"/>
                <count group_id="O2" value="37"/>
              </count_list>
            </analyzed>
          </analyzed_list>
          <class_list>
            <class>
              <title>Baseline</title>
              <analyzed_list>
                <analyzed>
                  <units>Participants</units>
                  <scope>Class</scope>
                  <count_list>
                    <count group_id="O1" value="39"/>
                    <count group_id="O2" value="37"/>
                  </count_list>
                </analyzed>
              </analyzed_list>
              <category_list>
                <category>
                  <measurement_list>
                    <measurement group_id="O1" value="7.4" spread="3.8"/>
                    <measurement group_id="O2" value="8.6" spread="5.1"/>
                  </measurement_list>
                </category>
              </category_list>
            </class>
            <class>
              <title>Week 13</title>
              <analyzed_list>
                <analyzed>
                  <units>Participants</units>
                  <scope>Class</scope>
                  <count_list>
                    <count group_id="O1" value="36"/>
                    <count group_id="O2" value="37"/>
                  </count_list>
                </analyzed>
              </analyzed_list>
              <category_list>
                <category>
                  <measurement_list>
                    <measurement group_id="O1" value="8.1" spread="4.4"/>
                    <measurement group_id="O2" value="8.4" spread="4.6"/>
                  </measurement_list>
                </category>
              </category_list>
            </class>
            <class>
              <title>Week 26</title>
              <analyzed_list>
                <analyzed>
                  <units>Participants</units>
                  <scope>Class</scope>
                  <count_list>
                    <count group_id="O1" value="34"/>
                    <count group_id="O2" value="34"/>
                  </count_list>
                </analyzed>
              </analyzed_list>
              <category_list>
                <category>
                  <measurement_list>
                    <measurement group_id="O1" value="7.8" spread="4.4"/>
                    <measurement group_id="O2" value="7.8" spread="5.2"/>
                  </measurement_list>
                </category>
              </category_list>
            </class>
          </class_list>
        </measure>
      </outcome>
    </outcome_list>

    <reported_events>
      <group_list>
        <group group_id="E1">
          <title>Aerobic Exercise</title>
          <description>Aerobic Exercise: Participants randomized to this group will perform 150 minutes a week of aerobic exercise over 3-5days. Participants will begin exercising 3 times the first week for 20 minutes, increasing to three bouts of 25 minutes the second week. Thereafter, weekly exercise duration will be increased until their target duration of 150 minutes is achieved in week 6. Exercise trainers will assist participants in adjusting exercise routines to achieve their weekly exercise duration goals. Use of equipment, achievement of target HR and safety will be closely monitored by the trainer through the course of the study. Each subject will wear a Polar F4 heart monitor (Polar USA) for recording heart rate during each exercise session. Subjects unable to exercise continuously on the treadmill will perform intermittent training until the target duration is reached. The majority of the exercise sessions will involve walking on a treadmill.</description>
        </group>
        <group group_id="E2">
          <title>Stretching</title>
          <description>Stretching: This groups intervention is designed to match the aerobic exercise intervention with respect to participation and socialization. Stretching and toning has been repeatedly used as control intervention for exercise studies.The schedule and format will be identical to the aerobic conditioning group to best balance confounding variables such as attention, social interactions, and other unknown variables that might influence the results. An experienced and trained exercise instructor will run the stretching sessions three days a week at the local YMCA. We will monitor changes in heart rate with Polar F4 heart monitors (Polar USA) during the sessions to assess, and minimize, potential aerobic benefits from the intervention.</description>
        </group>
      </group_list>
      <serious_events>
        <category_list>
          <category>
            <title>Total</title>
            <event_list>
              <event>
                <sub_title>Total, serious adverse events</sub_title>
                <counts group_id="E1" subjects_affected="0" subjects_at_risk="39"/>
                <counts group_id="E2" subjects_affected="0" subjects_at_risk="37"/>
              </event>
            </event_list>
          </category>
        </category_list>
      </serious_events>
      <other_events>
        <frequency_threshold>0</frequency_threshold>
        <category_list>
          <category>
            <title>Total</title>
            <event_list>
              <event>
                <sub_title>Total, other adverse events</sub_title>
                <counts group_id="E1" subjects_affected="13" subjects_at_risk="39"/>
                <counts group_id="E2" subjects_affected="9" subjects_at_risk="37"/>
              </event>
            </event_list>
          </category>
          <category>
            <title>Cardiac disorders</title>
            <event_list>
              <event>
                <sub_title>Cardiac</sub_title>
                <description>Arrhythmia or EKG abnormality noted on exercise testing</description>
                <counts group_id="E1" events="8" subjects_affected="8" subjects_at_risk="39"/>
                <counts group_id="E2" events="4" subjects_affected="4" subjects_at_risk="37"/>
              </event>
            </event_list>
          </category>
          <category>
            <title>Musculoskeletal and connective tissue disorders</title>
            <event_list>
              <event>
                <sub_title>Muscle soreness or joint pain</sub_title>
                <counts group_id="E1" events="5" subjects_affected="5" subjects_at_risk="39"/>
                <counts group_id="E2" events="5" subjects_affected="5" subjects_at_risk="37"/>
              </event>
              <event>
                <sub_title>Fall</sub_title>
                <counts group_id="E1" events="0" subjects_affected="0" subjects_at_risk="39"/>
                <counts group_id="E2" events="1" subjects_affected="1" subjects_at_risk="37"/>
              </event>
            </event_list>
          </category>
          <category>
            <title>Skin and subcutaneous tissue disorders</title>
            <event_list>
              <event>
                <sub_title>Skin breakdown</sub_title>
                <counts group_id="E1" events="2" subjects_affected="2" subjects_at_risk="39"/>
                <counts group_id="E2" events="0" subjects_affected="0" subjects_at_risk="37"/>
              </event>
            </event_list>
          </category>
        </category_list>
      </other_events>
    </reported_events>

    <certain_agreements>
      <pi_employee>Principal Investigators are NOT employed by the organization sponsoring the study.</pi_employee>
      <restrictive_agreement>There is NOT an agreement between Principal Investigators and the Sponsor (or its agents) that restricts the PI's rights to discuss or publish trial results after the trial is completed. </restrictive_agreement>
    </certain_agreements>
    <point_of_contact>
      <name_or_title>Dr. Jeffrey Burns</name_or_title>
      <organization>University of Kansas Medical Center</organization>
      <phone>913-588-0555</phone>
      <email>jburns2@kumc.edu</email>
    </point_of_contact>
  </clinical_results>
</clinical_study>

