<?xml version="1.0" encoding="UTF-8"?>
<clinical_study rank="311">
  <!-- This xml conforms to an XML Schema at:
    https://clinicaltrials.gov/ct2/html/images/info/public.xsd -->
  <required_header>
    <download_date>ClinicalTrials.gov processed this data on November 07, 2017</download_date>
    <link_text>Link to the current ClinicalTrials.gov record.</link_text>
    <url>https://clinicaltrials.gov/show/NCT00934050</url>
  </required_header>
  <id_info>
    <org_study_id>ELND005-AD251</org_study_id>
    <nct_id>NCT00934050</nct_id>
  </id_info>
  <brief_title>ELND005 Long-Term Follow-up Study in Subjects With Alzheimer's Disease</brief_title>
  <official_title>A Long-Term Follow-Up Study of Oral ELND005 (AZD-103) in Subjects With Alzheimer's Disease</official_title>
  <sponsors>
    <lead_sponsor>
      <agency>Transition Therapeutics Ireland Limited</agency>
      <agency_class>Industry</agency_class>
    </lead_sponsor>
    <collaborator>
      <agency>Transition Therapeutics</agency>
      <agency_class>Industry</agency_class>
    </collaborator>
  </sponsors>
  <source>Transition Therapeutics Ireland Limited</source>
  <oversight_info>
    <has_dmc>No</has_dmc>
  </oversight_info>
  <brief_summary>
    <textblock>
      The purpose of this study is to evaluate the long-term safety and tolerability of ELND005
      beyond the 18 months of treatment in original randomized and blinded clinical trail
      ELND005-AD201.
    </textblock>
  </brief_summary>
  <overall_status>Completed</overall_status>
  <start_date>June 2009</start_date>
  <completion_date type="Actual">June 2011</completion_date>
  <primary_completion_date type="Actual">June 2011</primary_completion_date>
  <phase>Phase 2</phase>
  <study_type>Interventional</study_type>
  <has_expanded_access>No</has_expanded_access>
  <study_design_info>
    <intervention_model>Single Group Assignment</intervention_model>
    <primary_purpose>Treatment</primary_purpose>
    <masking>None (Open Label)</masking>
  </study_design_info>
  <primary_outcome>
    <measure>Treatment Emergent Adverse Events (TEAEs)</measure>
    <time_frame>12 months</time_frame>
    <description>Safety and Tolerability was assessed by the incidence of Treatment Emergent Adverse Events (TEAEs)</description>
  </primary_outcome>
  <number_of_arms>1</number_of_arms>
  <enrollment type="Actual">103</enrollment>
  <condition>Alzheimer's Disease</condition>
  <arm_group>
    <arm_group_label>ELND005</arm_group_label>
    <arm_group_type>Experimental</arm_group_type>
  </arm_group>
  <intervention>
    <intervention_type>Drug</intervention_type>
    <intervention_name>ELND005 (scyllo-inositol)</intervention_name>
    <description>Prior to 15Dec2009: ELND005 2000 mg PO BID for 48 weeks
After 15Dec2009: ELND005 250 mg PO BID for 48 weeks</description>
    <arm_group_label>ELND005</arm_group_label>
    <other_name>scyllo-inositol</other_name>
  </intervention>
  <eligibility>
    <criteria>
      <textblock>
        Inclusion Criteria:

          -  This study is open only to subjects who have completed the week 78 visit in Study
             ELND005-AD201 while taking their assigned dose of study drug medication.

        Exclusion Criteria:

          -  Subject has no new medical contraindications to continued participation in the study.
      </textblock>
    </criteria>
    <gender>All</gender>
    <minimum_age>N/A</minimum_age>
    <maximum_age>N/A</maximum_age>
    <healthy_volunteers>No</healthy_volunteers>
  </eligibility>
  <location>
    <facility>
      <name>Banner Alzheimer's Institute</name>
      <address>
        <city>Phoenix</city>
        <state>Arizona</state>
        <zip>85006</zip>
        <country>United States</country>
      </address>
    </facility>
  </location>
  <location>
    <facility>
      <name>Sun Health Research Institute</name>
      <address>
        <city>Sun City</city>
        <state>Arizona</state>
        <zip>85351</zip>
        <country>United States</country>
      </address>
    </facility>
  </location>
  <location>
    <facility>
      <name>University of Arizona, Health Sciences Center, Dept. of Neurology</name>
      <address>
        <city>Tucson</city>
        <state>Arizona</state>
        <zip>85724</zip>
        <country>United States</country>
      </address>
    </facility>
  </location>
  <location>
    <facility>
      <name>Margolin Brain Institute</name>
      <address>
        <city>Fresno</city>
        <state>California</state>
        <zip>93720</zip>
        <country>United States</country>
      </address>
    </facility>
  </location>
  <location>
    <facility>
      <name>Collaborative NeuroScience Network, Inc.</name>
      <address>
        <city>Garden Grove</city>
        <state>California</state>
        <zip>92845</zip>
        <country>United States</country>
      </address>
    </facility>
  </location>
  <location>
    <facility>
      <name>Yale University School of Medicine, Alzheimer's Disease Research Unit</name>
      <address>
        <city>New Haven</city>
        <state>Connecticut</state>
        <zip>06510</zip>
        <country>United States</country>
      </address>
    </facility>
  </location>
  <location>
    <facility>
      <name>Brain Matters Research</name>
      <address>
        <city>Delray Beach</city>
        <state>Florida</state>
        <zip>33445</zip>
        <country>United States</country>
      </address>
    </facility>
  </location>
  <location>
    <facility>
      <name>Sunrise Clinical Research, Inc</name>
      <address>
        <city>Hollywood</city>
        <state>Florida</state>
        <zip>33021</zip>
        <country>United States</country>
      </address>
    </facility>
  </location>
  <location>
    <facility>
      <name>Roskamp Institute</name>
      <address>
        <city>Sarasota</city>
        <state>Florida</state>
        <zip>34243</zip>
        <country>United States</country>
      </address>
    </facility>
  </location>
  <location>
    <facility>
      <name>Premiere Research Institute</name>
      <address>
        <city>West Palm Beach</city>
        <state>Florida</state>
        <zip>33407</zip>
        <country>United States</country>
      </address>
    </facility>
  </location>
  <location>
    <facility>
      <name>Emory University, Dept. of Neurology</name>
      <address>
        <city>Atlanta</city>
        <state>Georgia</state>
        <zip>30329</zip>
        <country>United States</country>
      </address>
    </facility>
  </location>
  <location>
    <facility>
      <name>Dekalb Neurology Associates, LLC</name>
      <address>
        <city>Decatur</city>
        <state>Georgia</state>
        <zip>30033</zip>
        <country>United States</country>
      </address>
    </facility>
  </location>
  <location>
    <facility>
      <name>Department of Neurology - Indiana University Medical Center</name>
      <address>
        <city>Indianapolis</city>
        <state>Indiana</state>
        <zip>46202</zip>
        <country>United States</country>
      </address>
    </facility>
  </location>
  <location>
    <facility>
      <name>University of Kansas Medical Center, Department of Neurology</name>
      <address>
        <city>Kansas City</city>
        <state>Kansas</state>
        <zip>66160</zip>
        <country>United States</country>
      </address>
    </facility>
  </location>
  <location>
    <facility>
      <name>Innovative Clinical Concepts</name>
      <address>
        <city>Paducah</city>
        <state>Kentucky</state>
        <zip>42003</zip>
        <country>United States</country>
      </address>
    </facility>
  </location>
  <location>
    <facility>
      <name>Memory Enhancement Center of America, Inc.</name>
      <address>
        <city>Eatontown</city>
        <state>New Jersey</state>
        <zip>07724</zip>
        <country>United States</country>
      </address>
    </facility>
  </location>
  <location>
    <facility>
      <name>Global Medical Institutes</name>
      <address>
        <city>Princeton</city>
        <state>New Jersey</state>
        <zip>08540</zip>
        <country>United States</country>
      </address>
    </facility>
  </location>
  <location>
    <facility>
      <name>Albuquerque Neuroscience, Inc.</name>
      <address>
        <city>Albuquerque</city>
        <state>New Mexico</state>
        <zip>87109</zip>
        <country>United States</country>
      </address>
    </facility>
  </location>
  <location>
    <facility>
      <name>Neurological Associates of Albany, PC</name>
      <address>
        <city>Albany</city>
        <state>New York</state>
        <zip>12208</zip>
        <country>United States</country>
      </address>
    </facility>
  </location>
  <location>
    <facility>
      <name>Columbia University Sergievsky Center</name>
      <address>
        <city>New York</city>
        <state>New York</state>
        <zip>10032</zip>
        <country>United States</country>
      </address>
    </facility>
  </location>
  <location>
    <facility>
      <name>AD-CARE, Monroe Community Hospital</name>
      <address>
        <city>Rochester</city>
        <state>New York</state>
        <zip>14620</zip>
        <country>United States</country>
      </address>
    </facility>
  </location>
  <location>
    <facility>
      <name>Raleigh Neurology Associates</name>
      <address>
        <city>Raleigh</city>
        <state>North Carolina</state>
        <zip>27607</zip>
        <country>United States</country>
      </address>
    </facility>
  </location>
  <location>
    <facility>
      <name>Neurology &amp; Neuroscience Center of Ohio</name>
      <address>
        <city>Toledo</city>
        <state>Ohio</state>
        <zip>43623</zip>
        <country>United States</country>
      </address>
    </facility>
  </location>
  <location>
    <facility>
      <name>Medford Neurological and Spine Clinic</name>
      <address>
        <city>Medford</city>
        <state>Oregon</state>
        <zip>97504</zip>
        <country>United States</country>
      </address>
    </facility>
  </location>
  <location>
    <facility>
      <name>Summit Research Newtwork, Inc.</name>
      <address>
        <city>Portland</city>
        <state>Oregon</state>
        <zip>97210</zip>
        <country>United States</country>
      </address>
    </facility>
  </location>
  <location>
    <facility>
      <name>The Clinical Trial Center, LLC</name>
      <address>
        <city>Jenkintown</city>
        <state>Pennsylvania</state>
        <zip>19046</zip>
        <country>United States</country>
      </address>
    </facility>
  </location>
  <location>
    <facility>
      <name>University of Pittsburgh Alzheimer Disease Research Clinic</name>
      <address>
        <city>Pittsburgh</city>
        <state>Pennsylvania</state>
        <zip>15213</zip>
        <country>United States</country>
      </address>
    </facility>
  </location>
  <location>
    <facility>
      <name>Butler Hospital, Memory and Aging Center</name>
      <address>
        <city>Providence</city>
        <state>Rhode Island</state>
        <zip>02906</zip>
        <country>United States</country>
      </address>
    </facility>
  </location>
  <location>
    <facility>
      <name>Alliance for Neuro Research, LLC dba Absher Neurology, PA</name>
      <address>
        <city>Greenville</city>
        <state>South Carolina</state>
        <zip>29615</zip>
        <country>United States</country>
      </address>
    </facility>
  </location>
  <location>
    <facility>
      <name>Clinical Neuroscience Research Associates, Inc-The Memory Clinic</name>
      <address>
        <city>Bennington</city>
        <state>Vermont</state>
        <zip>05201</zip>
        <country>United States</country>
      </address>
    </facility>
  </location>
  <location>
    <facility>
      <name>Glenrose Rehabilitation Hospital</name>
      <address>
        <city>Edmonton</city>
        <state>Alberta</state>
        <zip>T5G 0B7</zip>
        <country>Canada</country>
      </address>
    </facility>
  </location>
  <location>
    <facility>
      <name>University of British Columbia Hospital, Division of Neurology</name>
      <address>
        <city>Vancouver</city>
        <state>British Columbia</state>
        <zip>V6T 2B5</zip>
        <country>Canada</country>
      </address>
    </facility>
  </location>
  <location>
    <facility>
      <name>Parkwood Hospital</name>
      <address>
        <city>London</city>
        <state>Ontario</state>
        <zip>N6C 5J1</zip>
        <country>Canada</country>
      </address>
    </facility>
  </location>
  <location>
    <facility>
      <name>Sisters of Charity of Ottawa Health Service</name>
      <address>
        <city>Ottawa</city>
        <state>Ontario</state>
        <zip>K1N 5C8</zip>
        <country>Canada</country>
      </address>
    </facility>
  </location>
  <location>
    <facility>
      <name>Kawartha Regional Memory Clinic</name>
      <address>
        <city>Peterborough</city>
        <state>Ontario</state>
        <zip>K9H 2P4</zip>
        <country>Canada</country>
      </address>
    </facility>
  </location>
  <location>
    <facility>
      <name>Whitby Mental Health Memory Clinic</name>
      <address>
        <city>Toronto</city>
        <state>Ontario</state>
        <zip>M5T 2S8</zip>
        <country>Canada</country>
      </address>
    </facility>
  </location>
  <location>
    <facility>
      <name>Gerontion Research, Inc.</name>
      <address>
        <city>Toronto</city>
        <state>Ontario</state>
        <zip>M6M 3Z5</zip>
        <country>Canada</country>
      </address>
    </facility>
  </location>
  <location>
    <facility>
      <name>Recherche Clinique de Neurologie (Hospital Maisonneuve Rosemont)</name>
      <address>
        <city>Montreal</city>
        <state>Quebec</state>
        <zip>H1T 2M4</zip>
        <country>Canada</country>
      </address>
    </facility>
  </location>
  <location_countries>
    <country>Canada</country>
    <country>United States</country>
  </location_countries>
  <verification_date>May 2015</verification_date>
  <!-- Old date names will be dropped in a few months (sometime in 2018)                        -->
  <lastchanged_date>May 12, 2015</lastchanged_date>
  <firstreceived_date>June 29, 2009</firstreceived_date>
  <firstreceived_results_date>April 22, 2015</firstreceived_results_date>
  <!-- New date names                                                                           -->
  <study_first_submitted>June 29, 2009</study_first_submitted>
  <study_first_submitted_qc>July 6, 2009</study_first_submitted_qc>
  <study_first_posted type="Estimate">July 8, 2009</study_first_posted>
  <results_first_submitted>April 22, 2015</results_first_submitted>
  <results_first_submitted_qc>May 12, 2015</results_first_submitted_qc>
  <results_first_posted type="Estimate">May 13, 2015</results_first_posted>
  <last_update_submitted>May 12, 2015</last_update_submitted>
  <last_update_submitted_qc>May 12, 2015</last_update_submitted_qc>
  <last_update_posted type="Estimate">May 13, 2015</last_update_posted>
  <!-- End of dates                                                                             -->
  <responsible_party>
    <responsible_party_type>Sponsor</responsible_party_type>
  </responsible_party>
  <condition_browse>
    <!-- CAUTION:  The following MeSH terms are assigned with an imperfect algorithm            -->
    <mesh_term>Alzheimer Disease</mesh_term>
  </condition_browse>
  <intervention_browse>
    <!-- CAUTION:  The following MeSH terms are assigned with an imperfect algorithm            -->
    <mesh_term>Inositol</mesh_term>
  </intervention_browse>

  <clinical_results>

    <participant_flow>
      <pre_assignment_details>All participants who enrolled in long term follow up prior to 15 Dec 2009 received ELND005 2000 mg BID; due to protocol amendment, all participants who enrolled in long term follow up after 15 Dec 2009 received ELND005 250 mg BID</pre_assignment_details>
      <group_list>
        <group group_id="P1">
          <title>Placebo/ELND005 2000mg BID</title>
          <description>In the original randomized and blinded clinical trial (ELND005-AD201 NCT00568776) participants were randomized to receive Placebo for 78 weeks. Participants enrolled in ELND005-AD251 long term follow-up prior to 15 Dec 2009 were assigned to receive ELND005 2000 mg PO BID for 48 weeks.</description>
        </group>
        <group group_id="P2">
          <title>250mg/ELND005 2000mg BID</title>
          <description>In the original randomized and blinded clinical trial (ELND005-AD201 NCT00568776) participants were randomized to receive ELND005 250 mgPO BID for 78 weeks. Participants enrolled in ELND005-AD251 long term follow-up prior to 15 Dec 2009 were assigned to receive ELND005 2000 mg PO BID for 48 weeks.</description>
        </group>
        <group group_id="P3">
          <title>1000 mg/ELND005 2000 mg BID</title>
          <description>In the original randomized and blinded clinical trial (ELND005-AD201 NCT00568776) participants were randomized to receive ELND005 1000 mg PO BID for 78 weeks. Participants enrolled in ELND005-AD251 long term follow-up prior to 15 Dec 2009 were assigned to receive ELND005 2000 mg PO BID for 48 weeks.</description>
        </group>
        <group group_id="P4">
          <title>2000 mg ELND005/ELND005 2000 mg BID</title>
          <description>In the original randomized and blinded clinical trial (ELND005-AD201 NCT00568776) participants were randomized to receive ELND005 2000 mg PO BID for 78 weeks. Participants enrolled in ELND005-AD251 long term follow-up prior to 15 Dec 2009 were assigned to receive ELND005 2000 mg PO BID for 48 weeks.</description>
        </group>
        <group group_id="P5">
          <title>Placebo/ELND005 250 mg BID</title>
          <description>In the original randomized and blinded clinical trial (ELND005-AD201 NCT00568776) participants were randomized to receive Placebo for 78 weeks. Participants enrolled in ELND005-AD251 long term follow-up after 15 Dec 2009 were assigned to receive ELND005 250 mg PO BID for 48 weeks.</description>
        </group>
        <group group_id="P6">
          <title>250 mg/ELND005 250 mg BID</title>
          <description>In the original randomized and blinded clinical trial (ELND005-AD201 NCT00568776) participants were randomized to receive ELND005 250 mg PO BID for 78 weeks. Participants enrolled in ELND005-AD251 long term follow-up after 15 Dec 2009 were assigned to receive ELND005 250 mg PO BID for 48 weeks.</description>
        </group>
      </group_list>
      <period_list>
        <period>
          <title>Enrolled Prior to 15 Dec 2009</title>
          <milestone_list>
            <milestone>
              <title>STARTED</title>
              <participants_list>
                <participants group_id="P1" count="12"/>
                <participants group_id="P2" count="12"/>
                <participants group_id="P3" count="12"/>
                <participants group_id="P4" count="14"/>
                <participants group_id="P5" count="0"/>
                <participants group_id="P6" count="0"/>
              </participants_list>
            </milestone>
            <milestone>
              <title>COMPLETED</title>
              <participants_list>
                <participants group_id="P1" count="0"/>
                <participants group_id="P2" count="0"/>
                <participants group_id="P3" count="0"/>
                <participants group_id="P4" count="0"/>
                <participants group_id="P5" count="0"/>
                <participants group_id="P6" count="0"/>
              </participants_list>
            </milestone>
            <milestone>
              <title>NOT COMPLETED</title>
              <participants_list>
                <participants group_id="P1" count="12"/>
                <participants group_id="P2" count="12"/>
                <participants group_id="P3" count="12"/>
                <participants group_id="P4" count="14"/>
                <participants group_id="P5" count="0"/>
                <participants group_id="P6" count="0"/>
              </participants_list>
            </milestone>
          </milestone_list>
          <drop_withdraw_reason_list>
            <drop_withdraw_reason>
              <title>Adverse Event</title>
              <participants_list>
                <participants group_id="P1" count="1"/>
                <participants group_id="P2" count="0"/>
                <participants group_id="P3" count="0"/>
                <participants group_id="P4" count="1"/>
                <participants group_id="P5" count="0"/>
                <participants group_id="P6" count="0"/>
              </participants_list>
            </drop_withdraw_reason>
            <drop_withdraw_reason>
              <title>Sponsor Decision</title>
              <participants_list>
                <participants group_id="P1" count="11"/>
                <participants group_id="P2" count="12"/>
                <participants group_id="P3" count="11"/>
                <participants group_id="P4" count="13"/>
                <participants group_id="P5" count="0"/>
                <participants group_id="P6" count="0"/>
              </participants_list>
            </drop_withdraw_reason>
            <drop_withdraw_reason>
              <title>Withdrawal by Subject</title>
              <participants_list>
                <participants group_id="P1" count="0"/>
                <participants group_id="P2" count="0"/>
                <participants group_id="P3" count="1"/>
                <participants group_id="P4" count="0"/>
                <participants group_id="P5" count="0"/>
                <participants group_id="P6" count="0"/>
              </participants_list>
            </drop_withdraw_reason>
          </drop_withdraw_reason_list>
        </period>
        <period>
          <title>Enrolled After 15 Dec 2009</title>
          <milestone_list>
            <milestone>
              <title>STARTED</title>
              <participants_list>
                <participants group_id="P1" count="0"/>
                <participants group_id="P2" count="0"/>
                <participants group_id="P3" count="0"/>
                <participants group_id="P4" count="0"/>
                <participants group_id="P5" count="26"/>
                <participants group_id="P6" count="27"/>
              </participants_list>
            </milestone>
            <milestone>
              <title>COMPLETED</title>
              <participants_list>
                <participants group_id="P1" count="0"/>
                <participants group_id="P2" count="0"/>
                <participants group_id="P3" count="0"/>
                <participants group_id="P4" count="0"/>
                <participants group_id="P5" count="19"/>
                <participants group_id="P6" count="23"/>
              </participants_list>
            </milestone>
            <milestone>
              <title>NOT COMPLETED</title>
              <participants_list>
                <participants group_id="P1" count="0"/>
                <participants group_id="P2" count="0"/>
                <participants group_id="P3" count="0"/>
                <participants group_id="P4" count="0"/>
                <participants group_id="P5" count="7"/>
                <participants group_id="P6" count="4"/>
              </participants_list>
            </milestone>
          </milestone_list>
          <drop_withdraw_reason_list>
            <drop_withdraw_reason>
              <title>Adverse Event</title>
              <participants_list>
                <participants group_id="P1" count="0"/>
                <participants group_id="P2" count="0"/>
                <participants group_id="P3" count="0"/>
                <participants group_id="P4" count="0"/>
                <participants group_id="P5" count="3"/>
                <participants group_id="P6" count="0"/>
              </participants_list>
            </drop_withdraw_reason>
            <drop_withdraw_reason>
              <title>Death</title>
              <participants_list>
                <participants group_id="P1" count="0"/>
                <participants group_id="P2" count="0"/>
                <participants group_id="P3" count="0"/>
                <participants group_id="P4" count="0"/>
                <participants group_id="P5" count="0"/>
                <participants group_id="P6" count="1"/>
              </participants_list>
            </drop_withdraw_reason>
            <drop_withdraw_reason>
              <title>Lost to Follow-up</title>
              <participants_list>
                <participants group_id="P1" count="0"/>
                <participants group_id="P2" count="0"/>
                <participants group_id="P3" count="0"/>
                <participants group_id="P4" count="0"/>
                <participants group_id="P5" count="0"/>
                <participants group_id="P6" count="1"/>
              </participants_list>
            </drop_withdraw_reason>
            <drop_withdraw_reason>
              <title>Withdrawal by Subject</title>
              <participants_list>
                <participants group_id="P1" count="0"/>
                <participants group_id="P2" count="0"/>
                <participants group_id="P3" count="0"/>
                <participants group_id="P4" count="0"/>
                <participants group_id="P5" count="4"/>
                <participants group_id="P6" count="2"/>
              </participants_list>
            </drop_withdraw_reason>
          </drop_withdraw_reason_list>
        </period>
      </period_list>
    </participant_flow>

    <baseline>
      <group_list>
        <group group_id="B1">
          <title>Placebo/2000mg BID</title>
          <description>In the original randomized and blinded clinical trial (ELND005-AD201 NCT00568776) participants were randomized to receive Placebo for 78 weeks. Participants enrolled in ELND005-AD251 long term follow-up prior to 15 Dec 2009 were assigned to receive ELND005 2000 mg PO BID for 48 weeks.</description>
        </group>
        <group group_id="B2">
          <title>250mg BID/2000 mg BID</title>
          <description>In the original randomized and blinded clinical trial (ELND005-AD201 NCT00568776) participants were randomized to receive ELND005 250 mg PO BID for 78 weeks. Participants enrolled in ELND005-AD251 long term follow-up prior to 15 Dec 2009 were assigned to receive ELND005 2000 mg PO BID for 48 weeks.</description>
        </group>
        <group group_id="B3">
          <title>1000mg BID/2000mg BID</title>
          <description>In the original randomized and blinded clinical trial (ELND005-AD201 NCT00568776) participants were randomized to receive ELND005 1000 mg PO BID for 78 weeks. Participants enrolled in ELND005-AD251 long term follow-up prior to 15 Dec 2009 were assigned to receive ELND005 2000 mg PO BID for 48 weeks.</description>
        </group>
        <group group_id="B4">
          <title>2000mg BID/2000mg BID</title>
          <description>In the original randomized and blinded clinical trial (ELND005-AD201 NCT00568776) participants were randomized to receive ELND05 2000 mg PO BID for 78 weeks. Participants enrolled in ELND005-AD251 long term follow-up prior to 15 Dec 2009 were assigned to receive ELND005 2000 mg PO BID for 48 weeks.</description>
        </group>
        <group group_id="B5">
          <title>Placebo/ELND005 250mg BID</title>
          <description>In the original randomized and blinded clinical trial (ELND005-AD201 NCT00568776) participants were randomized to receive Placebo for 78 weeks. Participants enrolled in ELND005-AD251 long term follow-up after 15 Dec 2009 were assigned to receive ELND005 250 mg PO BID for 48 weeks.</description>
        </group>
        <group group_id="B6">
          <title>250 mg/ELND005 250 mg BID</title>
          <description>In the original randomized and blinded clinical trial (ELND005-AD201 NCT00568776) participants were randomized to receive ELND005 250 mg PO BID for 78 weeks. Participants enrolled in ELND005-AD251 long term follow-up after 15 Dec 2009 were assigned to receive ELND005 250 mg PO BID for 48 weeks.</description>
        </group>
        <group group_id="B7">
          <title>Total</title>
          <description>Total of all reporting groups</description>
        </group>
      </group_list>
      <analyzed_list>
        <analyzed>
          <units>Participants</units>
          <scope>Overall</scope>
          <count_list>
            <count group_id="B1" value="12"/>
            <count group_id="B2" value="12"/>
            <count group_id="B3" value="12"/>
            <count group_id="B4" value="14"/>
            <count group_id="B5" value="26"/>
            <count group_id="B6" value="27"/>
            <count group_id="B7" value="103"/>
          </count_list>
        </analyzed>
      </analyzed_list>
      <measure_list>
        <measure>
          <title>Age</title>
          <units>Years</units>
          <param>Mean</param>
          <dispersion>Standard Deviation</dispersion>
          <class_list>
            <class>
              <title>Enrolled prior to 15 Dec 2009</title>
              <category_list>
                <category>
                  <measurement_list>
                    <measurement group_id="B1" value="76.8" spread="5.51"/>
                    <measurement group_id="B2" value="77.0" spread="6.98"/>
                    <measurement group_id="B3" value="76.9" spread="6.92"/>
                    <measurement group_id="B4" value="69.2" spread="8.51"/>
                    <measurement group_id="B5" value="NA">All participants enrolled after 15 Dec 2009</measurement>
                    <measurement group_id="B6" value="NA">All participants enrolled after 15 Dec 2009</measurement>
                    <measurement group_id="B7" value="74.7" spread="7.73"/>
                  </measurement_list>
                </category>
              </category_list>
            </class>
            <class>
              <title>Participants enrolled after 15 Dec 2009</title>
              <category_list>
                <category>
                  <measurement_list>
                    <measurement group_id="B1" value="NA">All participants enrolled prior to 15 Dec 2009</measurement>
                    <measurement group_id="B2" value="NA">All participants enrolled prior to 15 Dec 2009</measurement>
                    <measurement group_id="B3" value="NA">All participants enrolled prior to 15 Dec 2009</measurement>
                    <measurement group_id="B4" value="NA">All participants enrolled prior to 15 Dec 2009</measurement>
                    <measurement group_id="B5" value="71.4" spread="8.77"/>
                    <measurement group_id="B6" value="73.0" spread="7.53"/>
                    <measurement group_id="B7" value="72.2" spread="8.12"/>
                  </measurement_list>
                </category>
              </category_list>
            </class>
          </class_list>
        </measure>
        <measure>
          <title>Gender</title>
          <units>participants</units>
          <param>Number</param>
          <class_list>
            <class>
              <title>Female</title>
              <category_list>
                <category>
                  <measurement_list>
                    <measurement group_id="B1" value="5"/>
                    <measurement group_id="B2" value="5"/>
                    <measurement group_id="B3" value="5"/>
                    <measurement group_id="B4" value="7"/>
                    <measurement group_id="B5" value="18"/>
                    <measurement group_id="B6" value="19"/>
                    <measurement group_id="B7" value="59"/>
                  </measurement_list>
                </category>
              </category_list>
            </class>
            <class>
              <title>Male</title>
              <category_list>
                <category>
                  <measurement_list>
                    <measurement group_id="B1" value="7"/>
                    <measurement group_id="B2" value="7"/>
                    <measurement group_id="B3" value="7"/>
                    <measurement group_id="B4" value="7"/>
                    <measurement group_id="B5" value="8"/>
                    <measurement group_id="B6" value="8"/>
                    <measurement group_id="B7" value="44"/>
                  </measurement_list>
                </category>
              </category_list>
            </class>
          </class_list>
        </measure>
        <measure>
          <title>Race/Ethnicity, Customized</title>
          <units>participants</units>
          <param>Number</param>
          <class_list>
            <class>
              <title>Hispanic or Latino</title>
              <category_list>
                <category>
                  <measurement_list>
                    <measurement group_id="B1" value="1"/>
                    <measurement group_id="B2" value="0"/>
                    <measurement group_id="B3" value="0"/>
                    <measurement group_id="B4" value="0"/>
                    <measurement group_id="B5" value="0"/>
                    <measurement group_id="B6" value="1"/>
                    <measurement group_id="B7" value="2"/>
                  </measurement_list>
                </category>
              </category_list>
            </class>
            <class>
              <title>Not Hispanic or Latino</title>
              <category_list>
                <category>
                  <measurement_list>
                    <measurement group_id="B1" value="11"/>
                    <measurement group_id="B2" value="12"/>
                    <measurement group_id="B3" value="12"/>
                    <measurement group_id="B4" value="14"/>
                    <measurement group_id="B5" value="26"/>
                    <measurement group_id="B6" value="26"/>
                    <measurement group_id="B7" value="101"/>
                  </measurement_list>
                </category>
              </category_list>
            </class>
          </class_list>
        </measure>
        <measure>
          <title>Region of Enrollment</title>
          <units>participants</units>
          <param>Number</param>
          <class_list>
            <class>
              <title>North America</title>
              <category_list>
                <category>
                  <measurement_list>
                    <measurement group_id="B1" value="12"/>
                    <measurement group_id="B2" value="12"/>
                    <measurement group_id="B3" value="12"/>
                    <measurement group_id="B4" value="14"/>
                    <measurement group_id="B5" value="26"/>
                    <measurement group_id="B6" value="27"/>
                    <measurement group_id="B7" value="103"/>
                  </measurement_list>
                </category>
              </category_list>
            </class>
          </class_list>
        </measure>
      </measure_list>
    </baseline>

    <outcome_list>
      <outcome>
        <type>Primary</type>
        <title>Treatment Emergent Adverse Events (TEAEs)</title>
        <description>Safety and Tolerability was assessed by the incidence of Treatment Emergent Adverse Events (TEAEs)</description>
        <time_frame>12 months</time_frame>
        <population>As a result of safety findings, effective 15 December 2009, all 50 patients at the 2000 mg BID dose were withdrawn from the study. Subsequently patients who were on placebo or 250 mg BID in Study AD201 received 250 mg BID in Study AD251. Only Arms who completed the study per the protocol were included in the analysis.</population>
        <group_list>
          <group group_id="O1">
            <title>Placebo/ELND005 250mg BID</title>
            <description>In the original randomized and blinded clinical trial (ELND005-AD201 NCT00568776) participants were randomized to receive Placebo for 78 weeks. Participants enrolled in ELND005-AD251 long term follow-up after 15 Dec 2009 were assigned to receive ELND005 250 mg PO BID for 48 weeks.</description>
          </group>
          <group group_id="O2">
            <title>250 mg/ELND005 250 mg BID</title>
            <description>In the original randomized and blinded clinical trial (ELND005-AD201 NCT00568776) participants were randomized to receive ELND005 250 mg PO BID for 78 weeks. Participants enrolled in ELND005-AD251 long term follow-up after 15 Dec 2009 were assigned to receive ELND005 250 mg PO BID for 48 weeks.</description>
          </group>
        </group_list>
        <measure>
          <title>Treatment Emergent Adverse Events (TEAEs)</title>
          <description>Safety and Tolerability was assessed by the incidence of Treatment Emergent Adverse Events (TEAEs)</description>
          <population>As a result of safety findings, effective 15 December 2009, all 50 patients at the 2000 mg BID dose were withdrawn from the study. Subsequently patients who were on placebo or 250 mg BID in Study AD201 received 250 mg BID in Study AD251. Only Arms who completed the study per the protocol were included in the analysis.</population>
          <units>participants</units>
          <param>Number</param>
          <analyzed_list>
            <analyzed>
              <units>Participants</units>
              <scope>Measure</scope>
              <count_list>
                <count group_id="O1" value="26"/>
                <count group_id="O2" value="27"/>
              </count_list>
            </analyzed>
          </analyzed_list>
          <class_list>
            <class>
              <category_list>
                <category>
                  <measurement_list>
                    <measurement group_id="O1" value="21"/>
                    <measurement group_id="O2" value="23"/>
                  </measurement_list>
                </category>
              </category_list>
            </class>
          </class_list>
        </measure>
      </outcome>
    </outcome_list>

    <reported_events>
      <time_frame>Adverse events were recorded for each patient, starting from the time the consent form was signed until completion of the study (Week 54, Follow-up).</time_frame>
      <desc>For all adverse event (AE) summaries, if a patient had more than one AE within a preferred term the patient was counted once, at the maximum severity and with the closest relationship to study drug. If a patient had more than one AE within a system organ class (SOC), the patient was similarly counted once when reporting results for that SOC.</desc>
      <group_list>
        <group group_id="E1">
          <title>Placebo/ELND005 2000mg BID</title>
          <description>In the original randomized and blinded clinical trial (ELND005-AD201 NCT00568776) participants were randomized to receive Placebo for 78 weeks. Participants enrolled in ELND005-AD251 long term follow-up prior to 15 Dec 2009 were assigned to receive ELND005 2000 mg PO BID for 48 weeks.</description>
        </group>
        <group group_id="E2">
          <title>250mg/ELND005 2000mg BID</title>
          <description>In the original randomized and blinded clinical trial (ELND005-AD201 NCT00568776) participants were randomized to receive ELND005 250 mgPO BID for 78 weeks. Participants enrolled in ELND005-AD251 long term follow-up prior to 15 Dec 2009 were assigned to receive ELND005 2000 mg PO BID for 48 weeks.</description>
        </group>
        <group group_id="E3">
          <title>1000 mg/ELND005 2000 mg BID</title>
          <description>In the original randomized and blinded clinical trial (ELND005-AD201 NCT00568776) participants were randomized to receive ELND005 1000 mg PO BID for 78 weeks. Participants enrolled in ELND005-AD251 long term follow-up prior to 15 Dec 2009 were assigned to receive ELND005 2000 mg PO BID for 48 weeks.</description>
        </group>
        <group group_id="E4">
          <title>2000 mg ELND005/ELND005 2000 mg BID</title>
          <description>In the original randomized and blinded clinical trial (ELND005-AD201 NCT00568776) participants were randomized to receive ELND005 2000 mg PO BID for 78 weeks. Participants enrolled in ELND005-AD251 long term follow-up prior to 15 Dec 2009 were assigned to receive ELND005 2000 mg PO BID for 48 weeks.</description>
        </group>
        <group group_id="E5">
          <title>Placebo/ELND005 250 mg BID</title>
          <description>In the original randomized and blinded clinical trial (ELND005-AD201 NCT00568776) participants were randomized to receive Placebo for 78 weeks. Participants enrolled in ELND005-AD251 long term follow-up after 15 Dec 2009 were assigned to receive ELND005 250 mg PO BID for 48 weeks.</description>
        </group>
        <group group_id="E6">
          <title>250 mg/ELND005 250 mg BID</title>
          <description>In the original randomized and blinded clinical trial (ELND005-AD201 NCT00568776) participants were randomized to receive ELND005 250 mg PO BID for 78 weeks. Participants enrolled in ELND005-AD251 long term follow-up after 15 Dec 2009 were assigned to receive ELND005 250 mg PO BID for 48 weeks.</description>
        </group>
      </group_list>
      <serious_events>
        <default_assessment>Systematic Assessment</default_assessment>
        <category_list>
          <category>
            <title>Total</title>
            <event_list>
              <event>
                <sub_title>Total, serious adverse events</sub_title>
                <counts group_id="E1" subjects_affected="1" subjects_at_risk="12"/>
                <counts group_id="E2" subjects_affected="1" subjects_at_risk="12"/>
                <counts group_id="E3" subjects_affected="0" subjects_at_risk="12"/>
                <counts group_id="E4" subjects_affected="2" subjects_at_risk="14"/>
                <counts group_id="E5" subjects_affected="5" subjects_at_risk="26"/>
                <counts group_id="E6" subjects_affected="6" subjects_at_risk="27"/>
              </event>
            </event_list>
          </category>
          <category>
            <title>Cardiac disorders</title>
            <event_list>
              <event>
                <sub_title>Atrial Fibrillation</sub_title>
                <counts group_id="E1" subjects_affected="0" subjects_at_risk="12"/>
                <counts group_id="E2" subjects_affected="0" subjects_at_risk="12"/>
                <counts group_id="E3" subjects_affected="0" subjects_at_risk="12"/>
                <counts group_id="E4" subjects_affected="1" subjects_at_risk="14"/>
                <counts group_id="E5" subjects_affected="0" subjects_at_risk="26"/>
                <counts group_id="E6" subjects_affected="0" subjects_at_risk="27"/>
              </event>
              <event>
                <sub_title>Cardiac Failure Congestive</sub_title>
                <counts group_id="E1" subjects_affected="0" subjects_at_risk="12"/>
                <counts group_id="E2" subjects_affected="0" subjects_at_risk="12"/>
                <counts group_id="E3" subjects_affected="0" subjects_at_risk="12"/>
                <counts group_id="E4" subjects_affected="1" subjects_at_risk="14"/>
                <counts group_id="E5" subjects_affected="0" subjects_at_risk="26"/>
                <counts group_id="E6" subjects_affected="0" subjects_at_risk="27"/>
              </event>
              <event>
                <sub_title>Bradycardia</sub_title>
                <counts group_id="E1" subjects_affected="0" subjects_at_risk="12"/>
                <counts group_id="E2" subjects_affected="0" subjects_at_risk="12"/>
                <counts group_id="E3" subjects_affected="0" subjects_at_risk="12"/>
                <counts group_id="E4" subjects_affected="0" subjects_at_risk="14"/>
                <counts group_id="E5" subjects_affected="1" subjects_at_risk="26"/>
                <counts group_id="E6" subjects_affected="0" subjects_at_risk="27"/>
              </event>
            </event_list>
          </category>
          <category>
            <title>Infections and infestations</title>
            <event_list>
              <event>
                <sub_title>Klebsiella Sepsis</sub_title>
                <counts group_id="E1" subjects_affected="0" subjects_at_risk="12"/>
                <counts group_id="E2" subjects_affected="0" subjects_at_risk="12"/>
                <counts group_id="E3" subjects_affected="0" subjects_at_risk="12"/>
                <counts group_id="E4" subjects_affected="1" subjects_at_risk="14"/>
                <counts group_id="E5" subjects_affected="0" subjects_at_risk="26"/>
                <counts group_id="E6" subjects_affected="0" subjects_at_risk="27"/>
              </event>
              <event>
                <sub_title>Pneumonia</sub_title>
                <counts group_id="E1" subjects_affected="0" subjects_at_risk="12"/>
                <counts group_id="E2" subjects_affected="0" subjects_at_risk="12"/>
                <counts group_id="E3" subjects_affected="0" subjects_at_risk="12"/>
                <counts group_id="E4" subjects_affected="1" subjects_at_risk="14"/>
                <counts group_id="E5" subjects_affected="0" subjects_at_risk="26"/>
                <counts group_id="E6" subjects_affected="0" subjects_at_risk="27"/>
              </event>
              <event>
                <sub_title>Sepsis</sub_title>
                <counts group_id="E1" subjects_affected="0" subjects_at_risk="12"/>
                <counts group_id="E2" subjects_affected="0" subjects_at_risk="12"/>
                <counts group_id="E3" subjects_affected="0" subjects_at_risk="12"/>
                <counts group_id="E4" subjects_affected="0" subjects_at_risk="14"/>
                <counts group_id="E5" subjects_affected="0" subjects_at_risk="26"/>
                <counts group_id="E6" subjects_affected="1" subjects_at_risk="27"/>
              </event>
              <event>
                <sub_title>Urinary Tract Infection</sub_title>
                <counts group_id="E1" subjects_affected="0" subjects_at_risk="12"/>
                <counts group_id="E2" subjects_affected="0" subjects_at_risk="12"/>
                <counts group_id="E3" subjects_affected="0" subjects_at_risk="12"/>
                <counts group_id="E4" subjects_affected="1" subjects_at_risk="14"/>
                <counts group_id="E5" subjects_affected="0" subjects_at_risk="26"/>
                <counts group_id="E6" subjects_affected="0" subjects_at_risk="27"/>
              </event>
            </event_list>
          </category>
          <category>
            <title>Injury, poisoning and procedural complications</title>
            <event_list>
              <event>
                <sub_title>Femoral Neck Fracture</sub_title>
                <counts group_id="E1" subjects_affected="0" subjects_at_risk="12"/>
                <counts group_id="E2" subjects_affected="0" subjects_at_risk="12"/>
                <counts group_id="E3" subjects_affected="0" subjects_at_risk="12"/>
                <counts group_id="E4" subjects_affected="0" subjects_at_risk="14"/>
                <counts group_id="E5" subjects_affected="2" subjects_at_risk="26"/>
                <counts group_id="E6" subjects_affected="0" subjects_at_risk="27"/>
              </event>
              <event>
                <sub_title>Lumbar Vertebral Fracture</sub_title>
                <counts group_id="E1" subjects_affected="0" subjects_at_risk="12"/>
                <counts group_id="E2" subjects_affected="0" subjects_at_risk="12"/>
                <counts group_id="E3" subjects_affected="0" subjects_at_risk="12"/>
                <counts group_id="E4" subjects_affected="0" subjects_at_risk="14"/>
                <counts group_id="E5" subjects_affected="0" subjects_at_risk="26"/>
                <counts group_id="E6" subjects_affected="1" subjects_at_risk="27"/>
              </event>
              <event>
                <sub_title>Rib Fracture</sub_title>
                <counts group_id="E1" subjects_affected="0" subjects_at_risk="12"/>
                <counts group_id="E2" subjects_affected="0" subjects_at_risk="12"/>
                <counts group_id="E3" subjects_affected="0" subjects_at_risk="12"/>
                <counts group_id="E4" subjects_affected="0" subjects_at_risk="14"/>
                <counts group_id="E5" subjects_affected="1" subjects_at_risk="26"/>
                <counts group_id="E6" subjects_affected="0" subjects_at_risk="27"/>
              </event>
            </event_list>
          </category>
          <category>
            <title>Metabolism and nutrition disorders</title>
            <event_list>
              <event>
                <sub_title>Dehydration</sub_title>
                <counts group_id="E1" subjects_affected="0" subjects_at_risk="12"/>
                <counts group_id="E2" subjects_affected="0" subjects_at_risk="12"/>
                <counts group_id="E3" subjects_affected="0" subjects_at_risk="12"/>
                <counts group_id="E4" subjects_affected="0" subjects_at_risk="14"/>
                <counts group_id="E5" subjects_affected="1" subjects_at_risk="26"/>
                <counts group_id="E6" subjects_affected="0" subjects_at_risk="27"/>
              </event>
            </event_list>
          </category>
          <category>
            <title>Musculoskeletal and connective tissue disorders</title>
            <event_list>
              <event>
                <sub_title>Musculoskeletal Pain</sub_title>
                <counts group_id="E1" subjects_affected="1" subjects_at_risk="12"/>
                <counts group_id="E2" subjects_affected="0" subjects_at_risk="12"/>
                <counts group_id="E3" subjects_affected="0" subjects_at_risk="12"/>
                <counts group_id="E4" subjects_affected="0" subjects_at_risk="14"/>
                <counts group_id="E5" subjects_affected="0" subjects_at_risk="26"/>
                <counts group_id="E6" subjects_affected="0" subjects_at_risk="27"/>
              </event>
            </event_list>
          </category>
          <category>
            <title>Neoplasms benign, malignant and unspecified (incl cysts and polyps)</title>
            <event_list>
              <event>
                <sub_title>Basal Cell Carcinoma</sub_title>
                <counts group_id="E1" subjects_affected="0" subjects_at_risk="12"/>
                <counts group_id="E2" subjects_affected="0" subjects_at_risk="12"/>
                <counts group_id="E3" subjects_affected="0" subjects_at_risk="12"/>
                <counts group_id="E4" subjects_affected="0" subjects_at_risk="14"/>
                <counts group_id="E5" subjects_affected="0" subjects_at_risk="26"/>
                <counts group_id="E6" subjects_affected="1" subjects_at_risk="27"/>
              </event>
              <event>
                <sub_title>Bladder transitional Cell Carcinoma</sub_title>
                <counts group_id="E1" subjects_affected="0" subjects_at_risk="12"/>
                <counts group_id="E2" subjects_affected="0" subjects_at_risk="12"/>
                <counts group_id="E3" subjects_affected="0" subjects_at_risk="12"/>
                <counts group_id="E4" subjects_affected="0" subjects_at_risk="14"/>
                <counts group_id="E5" subjects_affected="1" subjects_at_risk="26"/>
                <counts group_id="E6" subjects_affected="0" subjects_at_risk="27"/>
              </event>
              <event>
                <sub_title>Colon Cancer</sub_title>
                <counts group_id="E1" subjects_affected="0" subjects_at_risk="12"/>
                <counts group_id="E2" subjects_affected="1" subjects_at_risk="12"/>
                <counts group_id="E3" subjects_affected="0" subjects_at_risk="12"/>
                <counts group_id="E4" subjects_affected="0" subjects_at_risk="14"/>
                <counts group_id="E5" subjects_affected="0" subjects_at_risk="26"/>
                <counts group_id="E6" subjects_affected="0" subjects_at_risk="27"/>
              </event>
            </event_list>
          </category>
          <category>
            <title>Nervous system disorders</title>
            <event_list>
              <event>
                <sub_title>Presyncope</sub_title>
                <counts group_id="E1" subjects_affected="0" subjects_at_risk="12"/>
                <counts group_id="E2" subjects_affected="0" subjects_at_risk="12"/>
                <counts group_id="E3" subjects_affected="0" subjects_at_risk="12"/>
                <counts group_id="E4" subjects_affected="0" subjects_at_risk="14"/>
                <counts group_id="E5" subjects_affected="0" subjects_at_risk="26"/>
                <counts group_id="E6" subjects_affected="1" subjects_at_risk="27"/>
              </event>
              <event>
                <sub_title>Transient Ischaemic Attack</sub_title>
                <counts group_id="E1" subjects_affected="0" subjects_at_risk="12"/>
                <counts group_id="E2" subjects_affected="0" subjects_at_risk="12"/>
                <counts group_id="E3" subjects_affected="0" subjects_at_risk="12"/>
                <counts group_id="E4" subjects_affected="0" subjects_at_risk="14"/>
                <counts group_id="E5" subjects_affected="1" subjects_at_risk="26"/>
                <counts group_id="E6" subjects_affected="0" subjects_at_risk="27"/>
              </event>
            </event_list>
          </category>
          <category>
            <title>Psychiatric disorders</title>
            <event_list>
              <event>
                <sub_title>Agitation</sub_title>
                <counts group_id="E1" subjects_affected="0" subjects_at_risk="12"/>
                <counts group_id="E2" subjects_affected="0" subjects_at_risk="12"/>
                <counts group_id="E3" subjects_affected="0" subjects_at_risk="12"/>
                <counts group_id="E4" subjects_affected="0" subjects_at_risk="14"/>
                <counts group_id="E5" subjects_affected="0" subjects_at_risk="26"/>
                <counts group_id="E6" subjects_affected="1" subjects_at_risk="27"/>
              </event>
              <event>
                <sub_title>Confusional State</sub_title>
                <counts group_id="E1" subjects_affected="0" subjects_at_risk="12"/>
                <counts group_id="E2" subjects_affected="0" subjects_at_risk="12"/>
                <counts group_id="E3" subjects_affected="0" subjects_at_risk="12"/>
                <counts group_id="E4" subjects_affected="0" subjects_at_risk="14"/>
                <counts group_id="E5" subjects_affected="0" subjects_at_risk="26"/>
                <counts group_id="E6" subjects_affected="1" subjects_at_risk="27"/>
              </event>
            </event_list>
          </category>
          <category>
            <title>Respiratory, thoracic and mediastinal disorders</title>
            <event_list>
              <event>
                <sub_title>Acute Respiratory Failure</sub_title>
                <counts group_id="E1" subjects_affected="0" subjects_at_risk="12"/>
                <counts group_id="E2" subjects_affected="0" subjects_at_risk="12"/>
                <counts group_id="E3" subjects_affected="0" subjects_at_risk="12"/>
                <counts group_id="E4" subjects_affected="0" subjects_at_risk="14"/>
                <counts group_id="E5" subjects_affected="0" subjects_at_risk="26"/>
                <counts group_id="E6" subjects_affected="1" subjects_at_risk="27"/>
              </event>
              <event>
                <sub_title>Pneumonia Aspiration</sub_title>
                <counts group_id="E1" subjects_affected="0" subjects_at_risk="12"/>
                <counts group_id="E2" subjects_affected="0" subjects_at_risk="12"/>
                <counts group_id="E3" subjects_affected="0" subjects_at_risk="12"/>
                <counts group_id="E4" subjects_affected="0" subjects_at_risk="14"/>
                <counts group_id="E5" subjects_affected="0" subjects_at_risk="26"/>
                <counts group_id="E6" subjects_affected="1" subjects_at_risk="27"/>
              </event>
              <event>
                <sub_title>Respiratory Failure</sub_title>
                <counts group_id="E1" subjects_affected="0" subjects_at_risk="12"/>
                <counts group_id="E2" subjects_affected="0" subjects_at_risk="12"/>
                <counts group_id="E3" subjects_affected="0" subjects_at_risk="12"/>
                <counts group_id="E4" subjects_affected="1" subjects_at_risk="14"/>
                <counts group_id="E5" subjects_affected="0" subjects_at_risk="26"/>
                <counts group_id="E6" subjects_affected="0" subjects_at_risk="27"/>
              </event>
            </event_list>
          </category>
          <category>
            <title>Vascular disorders</title>
            <event_list>
              <event>
                <sub_title>Hypotension</sub_title>
                <counts group_id="E1" subjects_affected="0" subjects_at_risk="12"/>
                <counts group_id="E2" subjects_affected="0" subjects_at_risk="12"/>
                <counts group_id="E3" subjects_affected="0" subjects_at_risk="12"/>
                <counts group_id="E4" subjects_affected="0" subjects_at_risk="14"/>
                <counts group_id="E5" subjects_affected="1" subjects_at_risk="26"/>
                <counts group_id="E6" subjects_affected="0" subjects_at_risk="27"/>
              </event>
            </event_list>
          </category>
        </category_list>
      </serious_events>
      <other_events>
        <frequency_threshold>5</frequency_threshold>
        <default_assessment>Systematic Assessment</default_assessment>
        <category_list>
          <category>
            <title>Total</title>
            <event_list>
              <event>
                <sub_title>Total, other adverse events</sub_title>
                <counts group_id="E1" subjects_affected="0" subjects_at_risk="12"/>
                <counts group_id="E2" subjects_affected="0" subjects_at_risk="12"/>
                <counts group_id="E3" subjects_affected="0" subjects_at_risk="12"/>
                <counts group_id="E4" subjects_affected="3" subjects_at_risk="14"/>
                <counts group_id="E5" subjects_affected="11" subjects_at_risk="26"/>
                <counts group_id="E6" subjects_affected="15" subjects_at_risk="27"/>
              </event>
            </event_list>
          </category>
          <category>
            <title>Gastrointestinal disorders</title>
            <event_list>
              <event>
                <sub_title>Constipation</sub_title>
                <counts group_id="E1" subjects_affected="0" subjects_at_risk="12"/>
                <counts group_id="E2" subjects_affected="0" subjects_at_risk="12"/>
                <counts group_id="E3" subjects_affected="0" subjects_at_risk="12"/>
                <counts group_id="E4" subjects_affected="0" subjects_at_risk="14"/>
                <counts group_id="E5" subjects_affected="2" subjects_at_risk="26"/>
                <counts group_id="E6" subjects_affected="2" subjects_at_risk="27"/>
              </event>
              <event>
                <sub_title>Diarrhoea</sub_title>
                <counts group_id="E1" subjects_affected="0" subjects_at_risk="12"/>
                <counts group_id="E2" subjects_affected="0" subjects_at_risk="12"/>
                <counts group_id="E3" subjects_affected="0" subjects_at_risk="12"/>
                <counts group_id="E4" subjects_affected="0" subjects_at_risk="14"/>
                <counts group_id="E5" subjects_affected="2" subjects_at_risk="26"/>
                <counts group_id="E6" subjects_affected="1" subjects_at_risk="27"/>
              </event>
              <event>
                <sub_title>Nausea</sub_title>
                <counts group_id="E1" subjects_affected="0" subjects_at_risk="12"/>
                <counts group_id="E2" subjects_affected="0" subjects_at_risk="12"/>
                <counts group_id="E3" subjects_affected="0" subjects_at_risk="12"/>
                <counts group_id="E4" subjects_affected="0" subjects_at_risk="14"/>
                <counts group_id="E5" subjects_affected="4" subjects_at_risk="26"/>
                <counts group_id="E6" subjects_affected="1" subjects_at_risk="27"/>
              </event>
            </event_list>
          </category>
          <category>
            <title>Infections and infestations</title>
            <event_list>
              <event>
                <sub_title>Upper Respiratory Tract Infection</sub_title>
                <counts group_id="E1" subjects_affected="0" subjects_at_risk="12"/>
                <counts group_id="E2" subjects_affected="0" subjects_at_risk="12"/>
                <counts group_id="E3" subjects_affected="0" subjects_at_risk="12"/>
                <counts group_id="E4" subjects_affected="0" subjects_at_risk="14"/>
                <counts group_id="E5" subjects_affected="0" subjects_at_risk="26"/>
                <counts group_id="E6" subjects_affected="3" subjects_at_risk="27"/>
              </event>
              <event>
                <sub_title>Urinary Tract Infection</sub_title>
                <counts group_id="E1" subjects_affected="0" subjects_at_risk="12"/>
                <counts group_id="E2" subjects_affected="0" subjects_at_risk="12"/>
                <counts group_id="E3" subjects_affected="0" subjects_at_risk="12"/>
                <counts group_id="E4" subjects_affected="3" subjects_at_risk="14"/>
                <counts group_id="E5" subjects_affected="3" subjects_at_risk="26"/>
                <counts group_id="E6" subjects_affected="3" subjects_at_risk="27"/>
              </event>
            </event_list>
          </category>
          <category>
            <title>Injury, poisoning and procedural complications</title>
            <event_list>
              <event>
                <sub_title>Fall</sub_title>
                <counts group_id="E1" subjects_affected="0" subjects_at_risk="12"/>
                <counts group_id="E2" subjects_affected="0" subjects_at_risk="12"/>
                <counts group_id="E3" subjects_affected="0" subjects_at_risk="12"/>
                <counts group_id="E4" subjects_affected="0" subjects_at_risk="14"/>
                <counts group_id="E5" subjects_affected="4" subjects_at_risk="26"/>
                <counts group_id="E6" subjects_affected="1" subjects_at_risk="27"/>
              </event>
            </event_list>
          </category>
          <category>
            <title>Musculoskeletal and connective tissue disorders</title>
            <event_list>
              <event>
                <sub_title>Back Pain</sub_title>
                <counts group_id="E1" subjects_affected="0" subjects_at_risk="12"/>
                <counts group_id="E2" subjects_affected="0" subjects_at_risk="12"/>
                <counts group_id="E3" subjects_affected="0" subjects_at_risk="12"/>
                <counts group_id="E4" subjects_affected="0" subjects_at_risk="14"/>
                <counts group_id="E5" subjects_affected="1" subjects_at_risk="26"/>
                <counts group_id="E6" subjects_affected="3" subjects_at_risk="27"/>
              </event>
              <event>
                <sub_title>Pain In Extremity</sub_title>
                <counts group_id="E1" subjects_affected="0" subjects_at_risk="12"/>
                <counts group_id="E2" subjects_affected="0" subjects_at_risk="12"/>
                <counts group_id="E3" subjects_affected="0" subjects_at_risk="12"/>
                <counts group_id="E4" subjects_affected="0" subjects_at_risk="14"/>
                <counts group_id="E5" subjects_affected="1" subjects_at_risk="26"/>
                <counts group_id="E6" subjects_affected="2" subjects_at_risk="27"/>
              </event>
            </event_list>
          </category>
          <category>
            <title>Psychiatric disorders</title>
            <event_list>
              <event>
                <sub_title>Agitation</sub_title>
                <counts group_id="E1" subjects_affected="0" subjects_at_risk="12"/>
                <counts group_id="E2" subjects_affected="0" subjects_at_risk="12"/>
                <counts group_id="E3" subjects_affected="0" subjects_at_risk="12"/>
                <counts group_id="E4" subjects_affected="0" subjects_at_risk="14"/>
                <counts group_id="E5" subjects_affected="2" subjects_at_risk="26"/>
                <counts group_id="E6" subjects_affected="4" subjects_at_risk="27"/>
              </event>
              <event>
                <sub_title>Insomnia</sub_title>
                <counts group_id="E1" subjects_affected="0" subjects_at_risk="12"/>
                <counts group_id="E2" subjects_affected="0" subjects_at_risk="12"/>
                <counts group_id="E3" subjects_affected="0" subjects_at_risk="12"/>
                <counts group_id="E4" subjects_affected="0" subjects_at_risk="14"/>
                <counts group_id="E5" subjects_affected="2" subjects_at_risk="26"/>
                <counts group_id="E6" subjects_affected="4" subjects_at_risk="27"/>
              </event>
            </event_list>
          </category>
        </category_list>
      </other_events>
    </reported_events>

    <certain_agreements>
      <pi_employee>Principal Investigators are NOT employed by the organization sponsoring the study.</pi_employee>
      <restrictive_agreement>The only disclosure restriction on the PI is that the sponsor can review results communications prior to public release and can embargo communications regarding trial results for a period that is more than 60 days but less than or equal to 180 days. The sponsor cannot require changes to the communication and cannot extend the embargo.</restrictive_agreement>
    </certain_agreements>
    <point_of_contact>
      <name_or_title>Susan Abushakra, MD, Chief Medical Officer</name_or_title>
      <organization>Transition Therapeutics Ireland Limited and Transition Therapeutics USA Inc.</organization>
      <phone>+1 650 425 6370</phone>
      <email>susan.abushakra@tthi.us</email>
    </point_of_contact>
  </clinical_results>
</clinical_study>

