<?xml version="1.0" encoding="UTF-8"?>
<clinical_study rank="252">
  <!-- This xml conforms to an XML Schema at:
    https://clinicaltrials.gov/ct2/html/images/info/public.xsd -->
  <required_header>
    <download_date>ClinicalTrials.gov processed this data on November 07, 2017</download_date>
    <link_text>Link to the current ClinicalTrials.gov record.</link_text>
    <url>https://clinicaltrials.gov/show/NCT02719834</url>
  </required_header>
  <id_info>
    <org_study_id>IRB201600020</org_study_id>
    <nct_id>NCT02719834</nct_id>
  </id_info>
  <brief_title>Behavioral Expressions in Alzheimer's Disease</brief_title>
  <official_title>An Analgesic Trial to Reduce Pain and Behavior Disruptions in Nursing Home Residents With Alzheimer's Disease</official_title>
  <sponsors>
    <lead_sponsor>
      <agency>University of Florida</agency>
      <agency_class>Other</agency_class>
    </lead_sponsor>
    <collaborator>
      <agency>Florida Department of Health</agency>
      <agency_class>Other</agency_class>
    </collaborator>
  </sponsors>
  <source>University of Florida</source>
  <oversight_info>
    <has_dmc>Yes</has_dmc>
    <is_fda_regulated_drug>No</is_fda_regulated_drug>
    <is_fda_regulated_device>No</is_fda_regulated_device>
  </oversight_info>
  <brief_summary>
    <textblock>
      Behavioral expressions, such as agitation and aggression, affect up to 90% of persons with
      dementia and are a major source of patient and caregiver distress, nursing home placement,
      anti-psychotic medication use, restraints, and increased health care costs. The purpose of
      the research study is to investigate whether reducing pain reduces behavioral expressions of
      Alzheimer's disease (agitation and aggression).
    </textblock>
  </brief_summary>
  <detailed_description>
    <textblock>
      The research study will investigate if routine analgesic use will reduce behavioral
      expressions of dementia and pain in older adults with Alzheimer's disease or other dementias.
      Using a randomized, placebo-controlled, double-blind, cross-over design, the investigators
      will compare effects of a routine acetaminophen intervention (650 mg administered routinely
      by mouth three times per day for 4 weeks) to those of routine placebo (methylcellulose), also
      given for 4 weeks. The maximum dose to be administered will be 1,950 mg per 24 hours, which
      is below the current FDA recommendations (maximum dose of 3,000 mg/day).

      Participants will be randomly assigned to either treatment or placebo group. The initial
      treatment phase will last for 4 weeks. At the end of the first 4 weeks, the treatment will be
      reversed after a 3 day washout period. During the 2nd intervention period, the study drug
      will be reversed (those receiving acetaminophen will receive the placebo drug and vice
      versa). The second treatment phase will last for 4 weeks. At the end of 2nd treatment phase,
      all study treatments will be discontinued
    </textblock>
  </detailed_description>
  <overall_status>Recruiting</overall_status>
  <start_date type="Actual">April 2016</start_date>
  <completion_date type="Anticipated">April 2018</completion_date>
  <primary_completion_date type="Anticipated">April 2018</primary_completion_date>
  <phase>N/A</phase>
  <study_type>Observational</study_type>
  <has_expanded_access>No</has_expanded_access>
  <study_design_info>
    <observational_model>Cohort</observational_model>
    <time_perspective>Prospective</time_perspective>
  </study_design_info>
  <primary_outcome>
    <measure>Mobilization-Observation-Behaviour-Intensity-Dementia Pain Scale (MOBID-2) will be used for changes between the groups at baseline, weeks 2, 4, 6 and 8</measure>
    <time_frame>Change from baseline, weeks 2, 4, 6 and 8</time_frame>
    <description>The MOBID-2 is a two-part, observational pain behavior measure. Part 1 assesses pain related to the musculoskeletal system (the most common cause of pain in older adults) during a set of standardized, guided movements during morning care (5 items). Part 2 assesses pain that might originate from internal organs, head, and skin and is monitored over time (5 items). If a pain behavior is detected, pain intensity is rated using a 0-10 numerical rating scale.</description>
  </primary_outcome>
  <primary_outcome>
    <measure>Cohen-Mansfield Agitation Inventory (CMAI) will be used for changes between the groups at baseline, weeks 2,4, 6 and 8</measure>
    <time_frame>Change from baseline, weeks 2, 4, 6 and 8</time_frame>
    <description>The CMAI is a 29-item instrument designed to measure the frequency with which persons with dementia display agitation and other behavioral disturbances. The measure consists of 4 subscales that measure aggressive behavior (hitting, scratching, cursing), physical non-aggressive behavior (pacing, restlessness, disrobing), verbally agitated behavior (complaining, repetitive questions, negativism) and hiding/hoarding. Item frequency is scored on a 1 to 7 scale, with (1) = never, (2) = &lt; once per week, (3) once or twice per week, (4) several times per week, (5) once or twice per day, (6) several times per day, or (7) several times per hour. Total scores range from 29-203.</description>
  </primary_outcome>
  <number_of_groups>2</number_of_groups>
  <enrollment type="Anticipated">30</enrollment>
  <condition>Alzheimer's Disease</condition>
  <arm_group>
    <arm_group_label>Acetaminophen, then placebo</arm_group_label>
    <description>Participants in this group will receive acetaminophen for the first four weeks, then placebo for the next four weeks.</description>
  </arm_group>
  <arm_group>
    <arm_group_label>Placebo, then acetaminophen</arm_group_label>
    <description>Participants in this group will receive placebo for the first four weeks, then acetaminophen for the next four weeks.</description>
  </arm_group>
  <intervention>
    <intervention_type>Drug</intervention_type>
    <intervention_name>Acetaminophen</intervention_name>
    <description>Acetaminophen (regular strength) will be provided in two capsules: 325 mg, take two capsules 3 times/day for 28 days (1,950 maximum daily dose). Capsules will be labeled to maintain blinding.</description>
    <arm_group_label>Acetaminophen, then placebo</arm_group_label>
    <arm_group_label>Placebo, then acetaminophen</arm_group_label>
    <other_name>Tylenol</other_name>
  </intervention>
  <intervention>
    <intervention_type>Other</intervention_type>
    <intervention_name>Placebo</intervention_name>
    <description>The placebo will be provided in the same type of capsules as the acetaminophen. Two capsules, given 3x a day for 28 days. Capsules will be labeled to maintain binding.</description>
    <arm_group_label>Acetaminophen, then placebo</arm_group_label>
    <arm_group_label>Placebo, then acetaminophen</arm_group_label>
    <other_name>Methycellulose</other_name>
  </intervention>
  <eligibility>
    <study_pop>
      <textblock>
        We will recruit study participants from senior communities in the Gainesville area.
      </textblock>
    </study_pop>
    <sampling_method>Non-Probability Sample</sampling_method>
    <criteria>
      <textblock>
        Inclusion Criteria:

          -  documented diagnosis of Alzheimer's Disease or other dementia

          -  history of a typically painful condition, such as osteoarthritis, back pain, or other
             chronic musculoskeletal pain

          -  able to swallow oral medication

          -  history of aggressive or agitated behavior (defined as score of &gt; 39 on the
             Cohen-Mansfield Agitation Inventory),

          -  Mini Mental State Exam (MMSE) score &lt; 23

        Exclusion Criteria:

          -  currently taking acetaminophen or opioid medication on a routine (regularly-scheduled,
             round the clock) basis

          -  receiving hospice care

          -  history of liver or renal disease

          -  drinks more than 3 alcoholic beverages per day

          -  known allergy or adverse reaction to acetaminophen

          -  bed-ridden or comatose

          -  currently taking warfarin
      </textblock>
    </criteria>
    <gender>All</gender>
    <minimum_age>65 Years</minimum_age>
    <maximum_age>N/A</maximum_age>
    <healthy_volunteers>No</healthy_volunteers>
  </eligibility>
  <overall_official>
    <last_name>Ann Horgas-Marsiske, RN PhD</last_name>
    <role>Principal Investigator</role>
    <affiliation>University of Florida</affiliation>
  </overall_official>
  <location>
    <facility>
      <name>Oak Hammock Continuing Care Retirement Faculty</name>
      <address>
        <city>Gainesville</city>
        <state>Florida</state>
        <zip>32607</zip>
        <country>United States</country>
      </address>
    </facility>
    <status>Recruiting</status>
    <contact>
      <last_name>Ann L Horgas, PhD RN</last_name>
      <phone>352-273-7622</phone>
      <email>ahorgas@ufl.edu</email>
    </contact>
  </location>
  <location_countries>
    <country>United States</country>
  </location_countries>
  <verification_date>March 2017</verification_date>
  <!-- Old date names will be dropped in a few months (sometime in 2018)                        -->
  <lastchanged_date>March 16, 2017</lastchanged_date>
  <firstreceived_date>March 21, 2016</firstreceived_date>
  <!-- New date names                                                                           -->
  <study_first_submitted>March 21, 2016</study_first_submitted>
  <study_first_submitted_qc>March 21, 2016</study_first_submitted_qc>
  <study_first_posted type="Estimate">March 25, 2016</study_first_posted>
  <last_update_submitted>March 16, 2017</last_update_submitted>
  <last_update_submitted_qc>March 16, 2017</last_update_submitted_qc>
  <last_update_posted type="Actual">March 17, 2017</last_update_posted>
  <!-- End of dates                                                                             -->
  <responsible_party>
    <responsible_party_type>Sponsor</responsible_party_type>
  </responsible_party>
  <condition_browse>
    <!-- CAUTION:  The following MeSH terms are assigned with an imperfect algorithm            -->
    <mesh_term>Alzheimer Disease</mesh_term>
  </condition_browse>
  <intervention_browse>
    <!-- CAUTION:  The following MeSH terms are assigned with an imperfect algorithm            -->
    <mesh_term>Acetaminophen</mesh_term>
  </intervention_browse>
  <patient_data>
    <sharing_ipd>Undecided</sharing_ipd>
  </patient_data>
  <!-- Results have not yet been posted for this study                                          -->
</clinical_study>

