<?xml version="1.0" encoding="UTF-8"?>
<clinical_study rank="482">
  <!-- This xml conforms to an XML Schema at:
    https://clinicaltrials.gov/ct2/html/images/info/public.xsd -->
  <required_header>
    <download_date>ClinicalTrials.gov processed this data on November 07, 2017</download_date>
    <link_text>Link to the current ClinicalTrials.gov record.</link_text>
    <url>https://clinicaltrials.gov/show/NCT00855868</url>
  </required_header>
  <id_info>
    <org_study_id>ACRIN PA 4003</org_study_id>
    <nct_id>NCT00855868</nct_id>
  </id_info>
  <brief_title>Ability Of ([18F]-AV-45) PET Scan to Distinguish Alzheimer's Disease Subjects From Cognitively Normal Individuals</brief_title>
  <official_title>Evaluation of the Ability of a Novel [18F] Amyloid Ligand ([18F]-AV-45) to Distinguish Patients With a Clinical Diagnosis of Alzheimer's Disease From Cognitively Normal Elderly Individuals</official_title>
  <sponsors>
    <lead_sponsor>
      <agency>Avid Radiopharmaceuticals</agency>
      <agency_class>Industry</agency_class>
    </lead_sponsor>
    <collaborator>
      <agency>American College of Radiology Imaging Network</agency>
      <agency_class>Other</agency_class>
    </collaborator>
    <collaborator>
      <agency>General Electric</agency>
      <agency_class>Industry</agency_class>
    </collaborator>
  </sponsors>
  <source>Avid Radiopharmaceuticals</source>
  <oversight_info>
    <has_dmc>Yes</has_dmc>
  </oversight_info>
  <brief_summary>
    <textblock>
      This study will evaluate the performance characteristics of a novel [18F] amyloid detection
      ligand (18F]-AV-45) with respect to its ability to distinguish patients with
      clinically-diagnosed probable Alzheimer's disease from cognitively normal elderly subjects
      and to independently compare its diagnostic performance characteristics with the ability of
      [11C]PIB to correctly categorize the same subjects.

      SPECIFIC HYPOTHESES

        1. Individuals with a clinical diagnosis of probable Alzheimer's disease will have
           increased brain retention of [18F]-AV-45 compared to cognitively normal elderly
           individuals.

        2. There will be no clinically meaningful difference in the amyloid retention performance
           characteristics of [18F]-AV-45 and [l1C]PIB.
    </textblock>
  </brief_summary>
  <detailed_description>
    <textblock>
      15 patients with a clinical diagnosis of probable Alzheimer's disease and 15 cognitively
      normal elderly control subjects will receive both [18F]-AV-45 and [11C]PIB to compare the
      diagnostic performance characteristics of each amyloid ligand to distinguish AD from normal
      subjects. In addition to clinical diagnostic category, ligand retention will be evaluated
      with respect to measures of symptom severity and cerebrospinal fluid levels of amyloid and
      tau.
    </textblock>
  </detailed_description>
  <overall_status>Completed</overall_status>
  <start_date>March 2009</start_date>
  <completion_date type="Actual">January 2011</completion_date>
  <primary_completion_date type="Actual">January 2011</primary_completion_date>
  <phase>Phase 2</phase>
  <study_type>Interventional</study_type>
  <has_expanded_access>No</has_expanded_access>
  <study_design_info>
    <intervention_model>Single Group Assignment</intervention_model>
    <primary_purpose>Diagnostic</primary_purpose>
    <masking>Single (Outcomes Assessor)</masking>
  </study_design_info>
  <primary_outcome>
    <measure>Differences in Standard Uptake Value Ratio (SUVR) for Frontal Cortex/Cerebellum and Whole Brain/Cerebellum of the Positron Emission Tomography (PET) Scan With [18F]-AV-45 for Probable Alzheimer's Disease (AD) Versus Cognitively Normal Subjects.</measure>
    <time_frame>28 d</time_frame>
    <description>Standardized Uptake Value ratio (SUVR) as measured in this study indicates the ratio of tracer uptake in the frontal cortex relative to the cerebellum or the ratio of tracer uptake in the whole brain relative to the cerebellum.</description>
  </primary_outcome>
  <number_of_arms>1</number_of_arms>
  <enrollment type="Actual">28</enrollment>
  <condition>Alzheimer's Disease</condition>
  <intervention>
    <intervention_type>Drug</intervention_type>
    <intervention_name>florbetapir F 18</intervention_name>
    <description>370 MBq (10 mCi), intravenous (IV) injection, single dose</description>
    <other_name>18F-AV-45</other_name>
    <other_name>Amyvid</other_name>
    <other_name>florbetapir</other_name>
  </intervention>
  <intervention>
    <intervention_type>Drug</intervention_type>
    <intervention_name>[11C]-PIB</intervention_name>
    <description>555 MBq (15 mCi), IV injection, single dose [11C]-PIB</description>
    <other_name>C-11 PIB</other_name>
  </intervention>
  <eligibility>
    <criteria>
      <textblock>
        Inclusion Criteria:

          -  Normal subjects: mini-mental state examination (MMSE) 27-30, clinical dementia rating
             (CDR) = 0, no symptoms of depression

          -  Alzheimer's subjects: MMSE 18-26, CDR &gt;=0.5, University of Pennsylvania Alzheimer's
             Disease Center consensus diagnosis of probable AD, absence of abnormalities on MRI

        Exclusion Criteria:

          -  other neurological disease

          -  evidence of MRI abnormality

          -  psychiatric disorder

          -  alcohol abuse

          -  clinically significant lab abnormalities

          -  residence in nursing facility

          -  participation in clinical trial with experimental medication in past 1 month
      </textblock>
    </criteria>
    <gender>All</gender>
    <minimum_age>55 Years</minimum_age>
    <maximum_age>90 Years</maximum_age>
    <healthy_volunteers>Accepts Healthy Volunteers</healthy_volunteers>
  </eligibility>
  <overall_official>
    <last_name>Chief Medical Officer</last_name>
    <role>Study Director</role>
    <affiliation>Avid Radiopharmaceuticals</affiliation>
  </overall_official>
  <location>
    <facility>
      <name>Research Site</name>
      <address>
        <city>Philadelphia</city>
        <state>Pennsylvania</state>
        <zip>19104</zip>
        <country>United States</country>
      </address>
    </facility>
  </location>
  <location_countries>
    <country>United States</country>
  </location_countries>
  <verification_date>June 2012</verification_date>
  <!-- Old date names will be dropped in a few months (sometime in 2018)                        -->
  <lastchanged_date>June 19, 2012</lastchanged_date>
  <firstreceived_date>March 2, 2009</firstreceived_date>
  <firstreceived_results_date>May 4, 2012</firstreceived_results_date>
  <firstreceived_results_disposition_date>March 6, 2012</firstreceived_results_disposition_date>
  <!-- New date names                                                                           -->
  <study_first_submitted>March 2, 2009</study_first_submitted>
  <study_first_submitted_qc>March 3, 2009</study_first_submitted_qc>
  <study_first_posted type="Estimate">March 5, 2009</study_first_posted>
  <results_first_submitted>May 4, 2012</results_first_submitted>
  <results_first_submitted_qc>June 19, 2012</results_first_submitted_qc>
  <results_first_posted type="Estimate">July 26, 2012</results_first_posted>
  <disposition_first_submitted>March 6, 2012</disposition_first_submitted>
  <disposition_first_submitted_qc>March 6, 2012</disposition_first_submitted_qc>
  <disposition_first_posted type="Estimate">March 8, 2012</disposition_first_posted>
  <last_update_submitted>June 19, 2012</last_update_submitted>
  <last_update_submitted_qc>June 19, 2012</last_update_submitted_qc>
  <last_update_posted type="Estimate">July 26, 2012</last_update_posted>
  <!-- End of dates                                                                             -->
  <responsible_party>
    <responsible_party_type>Sponsor</responsible_party_type>
  </responsible_party>
  <keyword>Amyloid imaging</keyword>
  <keyword>Positron Emission Tomography</keyword>
  <keyword>18F-AV-45</keyword>
  <keyword>florbetapir F 18</keyword>
  <keyword>Diagnostic imaging</keyword>
  <condition_browse>
    <!-- CAUTION:  The following MeSH terms are assigned with an imperfect algorithm            -->
    <mesh_term>Alzheimer Disease</mesh_term>
  </condition_browse>

  <clinical_results>

    <participant_flow>
      <group_list>
        <group group_id="P1">
          <title>Alzheimer's Disease</title>
          <description>Mini-mental state examination (MMSE) 18-26, clinical dementia rating (CDR) &gt;=0.5, University of Pennsylvania Alzheimer's Disease Center consensus diagnosis of probable AD, absence of abnormalities on MRI and age 55-90</description>
        </group>
        <group group_id="P2">
          <title>Healthy Controls</title>
          <description>Cognitively normal with MMSE of 27 or higher, CDR=0, no symptoms of depression and age 55-90 years.</description>
        </group>
      </group_list>
      <period_list>
        <period>
          <title>Overall Study</title>
          <milestone_list>
            <milestone>
              <title>STARTED</title>
              <participants_list>
                <participants group_id="P1" count="13"/>
                <participants group_id="P2" count="15"/>
              </participants_list>
            </milestone>
            <milestone>
              <title>COMPLETED</title>
              <participants_list>
                <participants group_id="P1" count="12"/>
                <participants group_id="P2" count="14"/>
              </participants_list>
            </milestone>
            <milestone>
              <title>NOT COMPLETED</title>
              <participants_list>
                <participants group_id="P1" count="1"/>
                <participants group_id="P2" count="1"/>
              </participants_list>
            </milestone>
          </milestone_list>
        </period>
      </period_list>
    </participant_flow>

    <baseline>
      <group_list>
        <group group_id="B1">
          <title>Alzheimer's Disease</title>
          <description>Mini-mental state examination (MMSE) 18-26, clinical dementia rating (CDR) &gt;=0.5, University of Pennsylvania Alzheimer's Disease Center consensus diagnosis of probable AD, absence of abnormalities on MRI and age 55-90</description>
        </group>
        <group group_id="B2">
          <title>Healthy Controls</title>
          <description>Cognitively normal with MMSE of 27 or higher, CDR=0, no symptoms of depression and age 55-90 years.</description>
        </group>
        <group group_id="B3">
          <title>Total</title>
          <description>Total of all reporting groups</description>
        </group>
      </group_list>
      <analyzed_list>
        <analyzed>
          <units>Participants</units>
          <scope>Overall</scope>
          <count_list>
            <count group_id="B1" value="13"/>
            <count group_id="B2" value="15"/>
            <count group_id="B3" value="28"/>
          </count_list>
        </analyzed>
      </analyzed_list>
      <measure_list>
        <measure>
          <title>Age</title>
          <units>years</units>
          <param>Mean</param>
          <dispersion>Standard Deviation</dispersion>
          <class_list>
            <class>
              <category_list>
                <category>
                  <measurement_list>
                    <measurement group_id="B1" value="69.8" spread="9.88"/>
                    <measurement group_id="B2" value="71.5" spread="9.23"/>
                    <measurement group_id="B3" value="70.7" spread="9.39"/>
                  </measurement_list>
                </category>
              </category_list>
            </class>
          </class_list>
        </measure>
        <measure>
          <title>Gender</title>
          <units>participants</units>
          <param>Number</param>
          <class_list>
            <class>
              <title>Female</title>
              <category_list>
                <category>
                  <measurement_list>
                    <measurement group_id="B1" value="11"/>
                    <measurement group_id="B2" value="8"/>
                    <measurement group_id="B3" value="19"/>
                  </measurement_list>
                </category>
              </category_list>
            </class>
            <class>
              <title>Male</title>
              <category_list>
                <category>
                  <measurement_list>
                    <measurement group_id="B1" value="2"/>
                    <measurement group_id="B2" value="7"/>
                    <measurement group_id="B3" value="9"/>
                  </measurement_list>
                </category>
              </category_list>
            </class>
          </class_list>
        </measure>
        <measure>
          <title>Region of Enrollment</title>
          <units>participants</units>
          <param>Number</param>
          <class_list>
            <class>
              <title>United States</title>
              <category_list>
                <category>
                  <measurement_list>
                    <measurement group_id="B1" value="13"/>
                    <measurement group_id="B2" value="15"/>
                    <measurement group_id="B3" value="28"/>
                  </measurement_list>
                </category>
              </category_list>
            </class>
          </class_list>
        </measure>
      </measure_list>
    </baseline>

    <outcome_list>
      <outcome>
        <type>Primary</type>
        <title>Differences in Standard Uptake Value Ratio (SUVR) for Frontal Cortex/Cerebellum and Whole Brain/Cerebellum of the Positron Emission Tomography (PET) Scan With [18F]-AV-45 for Probable Alzheimer's Disease (AD) Versus Cognitively Normal Subjects.</title>
        <description>Standardized Uptake Value ratio (SUVR) as measured in this study indicates the ratio of tracer uptake in the frontal cortex relative to the cerebellum or the ratio of tracer uptake in the whole brain relative to the cerebellum.</description>
        <time_frame>28 d</time_frame>
        <group_list>
          <group group_id="O1">
            <title>Alzheimer's Disease</title>
            <description>Mini-mental state examination (MMSE) 18-26, clinical dementia rating (CDR) &gt;=0.5, University of Pennsylvania Alzheimer's Disease Center consensus diagnosis of probable AD, absence of abnormalities on MRI and age 55-90</description>
          </group>
          <group group_id="O2">
            <title>Healthy Controls</title>
            <description>Cognitively normal with MMSE of 27 or higher, CDR=0, no symptoms of depression and age 55-90 years.</description>
          </group>
        </group_list>
        <measure>
          <title>Differences in Standard Uptake Value Ratio (SUVR) for Frontal Cortex/Cerebellum and Whole Brain/Cerebellum of the Positron Emission Tomography (PET) Scan With [18F]-AV-45 for Probable Alzheimer's Disease (AD) Versus Cognitively Normal Subjects.</title>
          <description>Standardized Uptake Value ratio (SUVR) as measured in this study indicates the ratio of tracer uptake in the frontal cortex relative to the cerebellum or the ratio of tracer uptake in the whole brain relative to the cerebellum.</description>
          <units>SUVR</units>
          <param>Mean</param>
          <dispersion>Standard Deviation</dispersion>
          <analyzed_list>
            <analyzed>
              <units>Participants</units>
              <scope>Measure</scope>
              <count_list>
                <count group_id="O1" value="12"/>
                <count group_id="O2" value="14"/>
              </count_list>
            </analyzed>
          </analyzed_list>
          <class_list>
            <class>
              <title>Frontal cortex to cerebellum SUVR</title>
              <category_list>
                <category>
                  <measurement_list>
                    <measurement group_id="O1" value="1.33" spread=".20"/>
                    <measurement group_id="O2" value="1.00" spread=".18"/>
                  </measurement_list>
                </category>
              </category_list>
            </class>
            <class>
              <title>Whole brain to cerebellum SUVR</title>
              <category_list>
                <category>
                  <measurement_list>
                    <measurement group_id="O1" value="1.38" spread=".15"/>
                    <measurement group_id="O2" value="1.06" spread=".17"/>
                  </measurement_list>
                </category>
              </category_list>
            </class>
          </class_list>
        </measure>
      </outcome>
    </outcome_list>

    <reported_events>
      <group_list>
        <group group_id="E1">
          <title>Alzheimer's Disease</title>
          <description>Mini-mental state examination (MMSE) 18-26, clinical dementia rating (CDR) &gt;=0.5, University of Pennsylvania Alzheimer's Disease Center consensus diagnosis of probable AD, absence of abnormalities on MRI and age 55-90</description>
        </group>
        <group group_id="E2">
          <title>Healthy Controls</title>
          <description>Cognitively normal with MMSE of 27 or higher, CDR=0, no symptoms of depression and age 55-90 years.</description>
        </group>
      </group_list>
      <serious_events>
        <category_list>
          <category>
            <title>Total</title>
            <event_list>
              <event>
                <sub_title>Total, serious adverse events</sub_title>
                <counts group_id="E1" subjects_affected="0" subjects_at_risk="13"/>
                <counts group_id="E2" subjects_affected="0" subjects_at_risk="15"/>
              </event>
            </event_list>
          </category>
        </category_list>
      </serious_events>
      <other_events>
        <frequency_threshold>0</frequency_threshold>
        <category_list>
          <category>
            <title>Total</title>
            <event_list>
              <event>
                <sub_title>Total, other adverse events</sub_title>
                <counts group_id="E1" subjects_affected="4" subjects_at_risk="13"/>
                <counts group_id="E2" subjects_affected="1" subjects_at_risk="15"/>
              </event>
            </event_list>
          </category>
          <category>
            <title>Eye disorders</title>
            <event_list>
              <event>
                <sub_title>Visual Disturbance</sub_title>
                <counts group_id="E1" events="1" subjects_affected="1" subjects_at_risk="13"/>
                <counts group_id="E2" events="0" subjects_affected="0" subjects_at_risk="15"/>
              </event>
            </event_list>
          </category>
          <category>
            <title>General disorders</title>
            <event_list>
              <event>
                <sub_title>Injection Site Pain</sub_title>
                <counts group_id="E1" events="1" subjects_affected="1" subjects_at_risk="13"/>
                <counts group_id="E2" events="0" subjects_affected="0" subjects_at_risk="15"/>
              </event>
            </event_list>
          </category>
          <category>
            <title>Nervous system disorders</title>
            <event_list>
              <event>
                <sub_title>Dizziness</sub_title>
                <counts group_id="E1" events="1" subjects_affected="1" subjects_at_risk="13"/>
                <counts group_id="E2" events="0" subjects_affected="0" subjects_at_risk="15"/>
              </event>
              <event>
                <sub_title>Headache</sub_title>
                <counts group_id="E1" events="1" subjects_affected="1" subjects_at_risk="13"/>
                <counts group_id="E2" events="0" subjects_affected="0" subjects_at_risk="15"/>
              </event>
            </event_list>
          </category>
          <category>
            <title>Vascular disorders</title>
            <event_list>
              <event>
                <sub_title>Hypertension</sub_title>
                <counts group_id="E1" events="0" subjects_affected="0" subjects_at_risk="13"/>
                <counts group_id="E2" events="1" subjects_affected="1" subjects_at_risk="15"/>
              </event>
            </event_list>
          </category>
        </category_list>
      </other_events>
    </reported_events>

    <certain_agreements>
      <pi_employee>Principal Investigators are NOT employed by the organization sponsoring the study.</pi_employee>
      <restrictive_agreement>There is NOT an agreement between Principal Investigators and the Sponsor (or its agents) that restricts the PI's rights to discuss or publish trial results after the trial is completed. </restrictive_agreement>
    </certain_agreements>
    <point_of_contact>
      <name_or_title>Chief Medical Officer</name_or_title>
      <organization>Avid Radiopharmaceuticals</organization>
      <phone>215-298-0700</phone>
      <email>clinicaloperations@avidrp.com</email>
    </point_of_contact>
  </clinical_results>
</clinical_study>

