<?xml version="1.0" encoding="UTF-8"?>
<clinical_study rank="261">
  <!-- This xml conforms to an XML Schema at:
    https://clinicaltrials.gov/ct2/html/images/info/public.xsd -->
  <required_header>
    <download_date>ClinicalTrials.gov processed this data on November 07, 2017</download_date>
    <link_text>Link to the current ClinicalTrials.gov record.</link_text>
    <url>https://clinicaltrials.gov/show/NCT00035204</url>
  </required_header>
  <id_info>
    <org_study_id>CR002002</org_study_id>
    <nct_id>NCT00035204</nct_id>
    <nct_alias>NCT00236314</nct_alias>
  </id_info>
  <brief_title>A Study of the Effects on Sleep, Attention, and Gastrointestinal Tolerance of Galantamine and Donepezil in Patients With Alzheimer's Disease</brief_title>
  <official_title>A Double-blind, Randomized Pilot Study to Evaluate the Effects of Galantamine and Donepezil on Sleep and Attention and Gastrointestinal (GI) Tolerance in Patients With Mild to Moderate Alzheimer's Disease (AD)</official_title>
  <sponsors>
    <lead_sponsor>
      <agency>Johnson &amp; Johnson Pharmaceutical Research &amp; Development, L.L.C.</agency>
      <agency_class>Industry</agency_class>
    </lead_sponsor>
    <collaborator>
      <agency>Ortho-McNeil Neurologics, Inc.</agency>
      <agency_class>Industry</agency_class>
    </collaborator>
  </sponsors>
  <source>Johnson &amp; Johnson Pharmaceutical Research &amp; Development, L.L.C.</source>
  <brief_summary>
    <textblock>
      The purpose of this study is to evaluate the relative effects of galantamine compared to
      donepezil (both cholinesteraste inhibitors), on sleep, attention, and gastrointestinal
      tolerance in patients with Alzheimer's disease.
    </textblock>
  </brief_summary>
  <detailed_description>
    <textblock>
      This is designed as a pilot (preliminary) study to evaluate the differences in effects on
      attention, sleep problems and gastrointestinal tolerance associated with Alzheimer's Disease
      with two different drugs at two different doses. Patients must have mild to moderate
      Alzheimer's Disease based on the National Institute of Neurological and Communicative
      Disorders and Stroke-Alzheimer's Disease and Related Disorders Association (NINCDS-ADRDA)
      criteria and a Mini-Mental State Examination (MMSE) score of 10 to 24. The trial will consist
      of a 2-week run-in phase, an 8-week assessment phase, and an extension phase of variable
      length (6 weeks to 54 weeks). During the study, patients will be randomized (assigned by
      chance) to receive either galantamine or donepezil. Galantamine will be given by mouth 4mg
      twice daily for Weeks 1-4 and then 8mg twice daily for Weeks 5-8 and beyond (for participants
      in the extension). The patients on donezepil will receive 5mg by mouth at bedtime for Weeks
      1-4 and then 10mg at bedtime for Weeks 5-8 and beyond. Placebo tablets will be given so that
      each patient takes two capsules per dose in order to conceal the identity of the drugs.
      Neither the patient nor the physician will know which drug the patient is receiving. Drug
      effectiveness will be measured by change in overall functioning of the patient shown by the
      Clinician's Interview-Based Impression of Change Plus Family Input (CIBIC-Plus). Other tests
      to evaluate whether the drug is effective will include the change in results of attention
      tests (Simple Reaction Time [SRT], Choice Reaction Time [CRT], Verbal Series Attention Test
      [VSAT], and Stroop Test), and in sleep pattern tests (tests that measure movements during
      sleep [Actiwatch] and patterns of sleep such as the caregiver-completed Pittsburgh Sleep
      Quality Index [PSQI] and the Circadian Sleep Inventory for Normal and Pathological States
      [CSINAPS]). Measures of quality of life will include the Alzheimer's Disease Related Quality
      of Life Scale (ADRQL) and the caregiver-completed Allocation of Caregiver Time Survey (ACTS)
      and SF-12 Quality of Life Survey. Safety assessment and gastrointestinal tolerability will be
      based on recording the number and severity of unexpected and undesirable events as well as
      physical examination and vital signs. The exploratory study hypotheses are that galantamine
      will be superior to donezepil in improving attention, sleep patterns, and quality of life in
      patients with mild-to-moderate Alzheimer's disease and that it will be well tolerated by
      patients.

      Patients will receive either galantamine 4mg twice daily by mouth or donepezil 5mg at bedtime
      . Then, either galantamine 8mg twice daily by mouth or donezepil 10 mg at bedtime by mouth
      (with placebo dose); the doses are continued into the double-blind extension phase (6 to 54
      weeks).
    </textblock>
  </detailed_description>
  <overall_status>Completed</overall_status>
  <completion_date type="Actual">May 2003</completion_date>
  <phase>Phase 4</phase>
  <study_type>Interventional</study_type>
  <study_design_info>
    <allocation>Randomized</allocation>
    <intervention_model>Parallel Assignment</intervention_model>
    <primary_purpose>Treatment</primary_purpose>
    <masking>Double</masking>
  </study_design_info>
  <primary_outcome>
    <measure>To measure the differences between galantamine and donepazil for sleep and attention, explore methods of measuring sleep in patients with Alzheimer's Disease (AD)and their caregivers and attention in AD patients; GI tolerance</measure>
  </primary_outcome>
  <secondary_outcome>
    <measure>To assess the tolerability, overall effect, quality of life and safety of galantamine compared with donepezil</measure>
  </secondary_outcome>
  <number_of_arms>1</number_of_arms>
  <enrollment type="Actual">63</enrollment>
  <condition>Alzheimer Disease</condition>
  <intervention>
    <intervention_type>Drug</intervention_type>
    <intervention_name>galantamine</intervention_name>
  </intervention>
  <eligibility>
    <criteria>
      <textblock>
        Inclusion Criteria:

          -  Male or post-menopausal female out-patients diagnosed with Alzheimer's disease

          -  Patients should have mild to moderate dementia as evidenced by a Mini-Mental State
             Examination score of 10-24 inclusive at screening

          -  The patient must show a history of cognitive decline that has been gradual in onset
             and progressive over a period of at least six months

          -  There must be evidence of sustained memory deterioration in an otherwise alert
             patient, plus additional impairment in at least one of the following five areas:
             orientation, judgement and problem solving, functioning in community affairs,
             functioning in home and hobbies, or functioning in personal care

          -  The caregiver resides with the patient and is able to speak with the investigative
             team about the patient's activities, medication use and adverse events. In addition,
             the caregiver will participate in assessment interviews and complete questionnaires
             for themselves and the patients. The caregiver will monitor their own sleep, the
             patient's sleep, and complete questionnaires regarding sleep patterns and care giving
             activities

        Exclusion Criteria:

          -  Neurodegenerative disorders such as Parkinson's disease, Pick's disease or
             Huntington's chorea, Down's syndrome, Creutzfeldt-Jacob disease

          -  One of the following conditions possibly resulting in cognitive impairment: acute
             cerebral trauma or injuries secondary to chronic trauma, hypoxic cerebral damage,
             e.g., post resuscitation (cardiac arrest, post anesthesia, secondary to severe
             self-poisoning episode, or secondary to severe hypovolemia)

          -  Patients with the following medical conditions: any history of epilepsy or convulsions
             except for febrile convulsions during childhood, clinically significant: endocrine
             disease, metabolic disease, psychiatric disease, cardiovascular disease, peptic ulcer
             disease, hepatic disease, renal disease, pulmonary disturbances or urinary outflow
             obstruction

          -  Use of any agent for the treatment of dementia (approved, experimental or over the
             counter agents) including patients who have previously received tacrin, donepazil,
             metrifonate, rivastigmine tartrate, galantamine, or memantine for treatment of
             Alzheimer's disease
      </textblock>
    </criteria>
    <gender>All</gender>
    <minimum_age>60 Years</minimum_age>
    <maximum_age>N/A</maximum_age>
    <healthy_volunteers>No</healthy_volunteers>
  </eligibility>
  <overall_official>
    <last_name>Johnson &amp; Johnson Pharmaceutical Research and Development, L.L.C. Clinical Trial</last_name>
    <role>Study Director</role>
    <affiliation>Johnson &amp; Johnson Pharmaceutical Research &amp; Development, L.L.C.</affiliation>
  </overall_official>
  <link>
    <url>http://filehosting.pharmacm.com/DownloadService.ashx?client=CTR_JNJ_6051&amp;studyid=342&amp;filename=CR002002_CSR.pdf</url>
    <description>A double-blind, randomized pilot study to evaluate the effects of galantamine and donepezil on sleep and attention and gastrointestinal (GI) tolerance in patients with mild to moderate Alzheimer's disease (AD).</description>
  </link>
  <verification_date>April 2010</verification_date>
  <!-- Old date names will be dropped in a few months (sometime in 2018)                        -->
  <lastchanged_date>June 6, 2011</lastchanged_date>
  <firstreceived_date>May 2, 2002</firstreceived_date>
  <!-- New date names                                                                           -->
  <study_first_submitted>May 2, 2002</study_first_submitted>
  <study_first_submitted_qc>May 2, 2002</study_first_submitted_qc>
  <study_first_posted type="Estimate">May 3, 2002</study_first_posted>
  <last_update_submitted>June 6, 2011</last_update_submitted>
  <last_update_submitted_qc>June 6, 2011</last_update_submitted_qc>
  <last_update_posted type="Estimate">June 8, 2011</last_update_posted>
  <!-- End of dates                                                                             -->
  <keyword>Donepezil</keyword>
  <keyword>Alzheimer's</keyword>
  <keyword>Dementia</keyword>
  <keyword>Cognitive impairment</keyword>
  <keyword>Aricept</keyword>
  <keyword>Alzheimer's disease</keyword>
  <keyword>Razadyne</keyword>
  <keyword>Galantamine</keyword>
  <condition_browse>
    <!-- CAUTION:  The following MeSH terms are assigned with an imperfect algorithm            -->
    <mesh_term>Alzheimer Disease</mesh_term>
  </condition_browse>
  <intervention_browse>
    <!-- CAUTION:  The following MeSH terms are assigned with an imperfect algorithm            -->
    <mesh_term>Donepezil</mesh_term>
    <mesh_term>Galantamine</mesh_term>
  </intervention_browse>
  <!-- Results have not yet been posted for this study                                          -->
</clinical_study>

