<?xml version="1.0" encoding="UTF-8"?>
<clinical_study rank="204">
  <!-- This xml conforms to an XML Schema at:
    https://clinicaltrials.gov/ct2/html/images/info/public.xsd -->
  <required_header>
    <download_date>ClinicalTrials.gov processed this data on November 07, 2017</download_date>
    <link_text>Link to the current ClinicalTrials.gov record.</link_text>
    <url>https://clinicaltrials.gov/show/NCT03036280</url>
  </required_header>
  <id_info>
    <org_study_id>E2609-G000-302</org_study_id>
    <secondary_id>2016-004128-42</secondary_id>
    <nct_id>NCT03036280</nct_id>
  </id_info>
  <brief_title>A 24-Month Study to Evaluate the Efficacy and Safety of E2609 in Subjects With Early Alzheimer's Disease_</brief_title>
  <acronym>MissionAD2</acronym>
  <official_title>A Placebo-Controlled, Double-Blind, Parallel-Group, 24 Month Study to Evaluate the Efficacy and Safety of E2609 in Subjects With Early Alzheimer's Disease</official_title>
  <sponsors>
    <lead_sponsor>
      <agency>Eisai Co., Ltd.</agency>
      <agency_class>Industry</agency_class>
    </lead_sponsor>
    <collaborator>
      <agency>Biogen</agency>
      <agency_class>Industry</agency_class>
    </collaborator>
  </sponsors>
  <source>Eisai Inc.</source>
  <oversight_info>
    <has_dmc>Yes</has_dmc>
  </oversight_info>
  <brief_summary>
    <textblock>
      The name of this trial is MissionAD2. This 24-month treatment, multicenter, double-blind,
      placebo-controlled, parallel group, Phase 3 study in participants with Early Alzheimer's
      Disease (EAD) including mild cognitive impairment (MCI) due to AD/Prodromal AD and the early
      stages of mild AD will be conducted to evaluate the efficacy and safety of elenbecestat
      (proposed international nonproprietary name [pINN]) (E2609).
    </textblock>
  </brief_summary>
  <overall_status>Recruiting</overall_status>
  <start_date type="Actual">December 2016</start_date>
  <completion_date type="Anticipated">September 2020</completion_date>
  <primary_completion_date type="Anticipated">August 2020</primary_completion_date>
  <phase>Phase 3</phase>
  <study_type>Interventional</study_type>
  <has_expanded_access>No</has_expanded_access>
  <study_design_info>
    <allocation>Randomized</allocation>
    <intervention_model>Parallel Assignment</intervention_model>
    <primary_purpose>Treatment</primary_purpose>
    <masking>Quadruple (Participant, Care Provider, Investigator, Outcomes Assessor)</masking>
  </study_design_info>
  <primary_outcome>
    <measure>Change from Baseline in the Clinical Dementia Rating - Sum of Boxes (CDR-SB) score at 24 months</measure>
    <time_frame>Baseline; 24 months</time_frame>
  </primary_outcome>
  <secondary_outcome>
    <measure>Time to worsening of Clinical Dementia Rating (CDR) score by 24 months</measure>
    <time_frame>up to 24 months</time_frame>
    <description>Worsening of the global CDR score is defined as an increase from baseline by at least 0.5 points on the global CDR scale on two consecutive scheduled visits at which global CDR is undertaken.</description>
  </secondary_outcome>
  <secondary_outcome>
    <measure>Time to conversion to dementia for participants who were not clinically staged as dementia at baseline based on clinical diagnosis</measure>
    <time_frame>up to 24 months</time_frame>
  </secondary_outcome>
  <secondary_outcome>
    <measure>The rate of change over time (mean slope) based on the CDR-SB score over 24 months</measure>
    <time_frame>24 months</time_frame>
  </secondary_outcome>
  <secondary_outcome>
    <measure>Change from Baseline in CDR-SB at 27 months</measure>
    <time_frame>Baseline; 27 months (24 months of treatment plus 3 months posttreatment follow up)</time_frame>
  </secondary_outcome>
  <secondary_outcome>
    <measure>Change from Baseline in the Alzheimer's Disease Assessment Scale-Cognition14 (ADAS-cog14) score at 24 months</measure>
    <time_frame>Baseline; 24 months</time_frame>
  </secondary_outcome>
  <secondary_outcome>
    <measure>Change from Baseline in the Mini Mental State Examination (MMSE) score at 24 months</measure>
    <time_frame>Baseline; 24 months</time_frame>
  </secondary_outcome>
  <secondary_outcome>
    <measure>Change from Baseline in the Functional Assessment Questionnaire (FAQ) score at 24 months</measure>
    <time_frame>Baseline; 24 months</time_frame>
  </secondary_outcome>
  <secondary_outcome>
    <measure>Change from Baseline in ADAS-cog14 Word List (immediate recall and delayed recall) scores at 24 months</measure>
    <time_frame>Baseline; 24 months</time_frame>
  </secondary_outcome>
  <other_outcome>
    <measure>Change from Baseline in amyloid positron emission tomography standardized uptake value ratio (PET SUVR) composite at 24 months for brain amyloid levels</measure>
    <time_frame>Baseline; 24 months</time_frame>
  </other_outcome>
  <other_outcome>
    <measure>Change from Baseline in cerebrospinal fluid (CSF) biomarkers t-tau and p-tau at 24 months</measure>
    <time_frame>Baseline; 24 months</time_frame>
  </other_outcome>
  <other_outcome>
    <measure>Change from Baseline in CSF amyloid biomarkers Aβ(1-40), Aβ(1-42), and Aβ(1-x) at 24 months</measure>
    <time_frame>Baseline; 24 months</time_frame>
  </other_outcome>
  <other_outcome>
    <measure>Change from Baseline in total hippocampal volume at 24 months using volumetric magnetic resonance imaging (vMRI)</measure>
    <time_frame>Baseline; 24 months</time_frame>
  </other_outcome>
  <other_outcome>
    <measure>Change from Baseline in the preservation of connectivity on functional MRI (fMRI) at 24 months</measure>
    <time_frame>Baseline; 24 months</time_frame>
  </other_outcome>
  <number_of_arms>2</number_of_arms>
  <enrollment type="Anticipated">1330</enrollment>
  <condition>Alzheimer's Disease</condition>
  <arm_group>
    <arm_group_label>elenbecestat (E2609) 50 mg</arm_group_label>
    <arm_group_type>Experimental</arm_group_type>
    <description>Participants will receive one 50 milligram (mg) elenbecestat (E2609) tablet orally once a day in the morning.</description>
  </arm_group>
  <arm_group>
    <arm_group_label>Placebo</arm_group_label>
    <arm_group_type>Placebo Comparator</arm_group_type>
    <description>Participants will receive one matching placebo tablet orally once a day in the morning.</description>
  </arm_group>
  <intervention>
    <intervention_type>Drug</intervention_type>
    <intervention_name>elenbecestat (E2609)</intervention_name>
    <description>tablet</description>
    <arm_group_label>elenbecestat (E2609) 50 mg</arm_group_label>
  </intervention>
  <intervention>
    <intervention_type>Drug</intervention_type>
    <intervention_name>Placebo</intervention_name>
    <description>tablet</description>
    <arm_group_label>Placebo</arm_group_label>
  </intervention>
  <eligibility>
    <criteria>
      <textblock>
        Inclusion Criteria:

          -  Mild cognitive impairment due to Alzheimer's disease (AD) or mild AD dementia
             including:

               1. Mini Mental State Examination score equal to or greater than 24

               2. Clinical Dementia Rating (CDR) global score of 0.5

               3. CDR Memory Box score of 0.5 or greater

          -  Impaired episodic memory confirmed by a list learning task

          -  Positive biomarker for brain amyloid pathology as indicated by either amyloid positron
             emission tomography (PET) or cerebrospinal fluid assessment or both

          -  Study partner able to support the participant for duration of the study

        Exclusion Criteria:

          -  Females who are breastfeeding or pregnant at Screening or Baseline. Females of
             child-bearing potential must use a highly effective method of contraception throughout
             the entire study period and for 28 days after study drug discontinuation

          -  Any condition that may be contributing to cognitive impairment above and beyond that
             caused by the participant's AD

          -  Participants with a history of seizures within 5 years of Screening

          -  History of transient ischemic attacks or stroke within 12 months of Screening

          -  Psychiatric diagnosis or symptoms (e.g., hallucinations, major depression, delusions,
             etc.)

             • Suicidal ideation or any suicidal behavior within 6 months before Screening or has
             been hospitalized or treated for suicidal behavior in the past 5 years

          -  Have any contraindications to magnetic resonance imaging (MRI) scanning or

               -  Have lesions that could indicate a dementia diagnosis other than AD on brain MRI

               -  Exhibit other significant pathological findings on brain MRI

          -  Participants who have a history of moderate to severe hepatic impairment (eg,
             Child-Pugh Class B or C)

          -  Results of laboratory tests conducted during Screening that are outside the following
             limits:

               -  Absolute lymphocyte count below the LLN

               -  Thyroid stimulating hormone above normal range

               -  Abnormally low Vitamin B12 levels

          -  Participants at risk of increased risk of infection

          -  Have received any live vaccine in the 3 months before randomization

          -  Any chronic inflammatory disease that is not adequately controlled or that requires
             systemic or ocular immunosuppressive or immunomodulatory therapy

          -  Any other clinically significant abnormalities

          -  Severe visual or hearing impairment

          -  A prolonged QTc interval (QTcF greater than 450 milliseconds [ms])

          -  Malignant neoplasms within 5 years of Screening

          -  Known or suspected history of drug or alcohol abuse

          -  Taking prohibited medications, which must be reviewed with the Investigator

          -  Have participated in a recent clinical study

        Note: Other protocol-defined Inclusion/Exclusion Criteria may apply.
      </textblock>
    </criteria>
    <gender>All</gender>
    <minimum_age>50 Years</minimum_age>
    <maximum_age>85 Years</maximum_age>
    <healthy_volunteers>No</healthy_volunteers>
  </eligibility>
  <overall_contact>
    <last_name>Eisai Medical Services</last_name>
    <phone>1-888-422-4743</phone>
  </overall_contact>
  <location>
    <facility>
      <address>
        <city>Phoenix</city>
        <state>Arizona</state>
        <country>United States</country>
      </address>
    </facility>
    <status>Not yet recruiting</status>
  </location>
  <location>
    <facility>
      <address>
        <city>Bellflower</city>
        <state>California</state>
        <country>United States</country>
      </address>
    </facility>
    <status>Not yet recruiting</status>
  </location>
  <location>
    <facility>
      <address>
        <city>Glendale</city>
        <state>California</state>
        <country>United States</country>
      </address>
    </facility>
    <status>Not yet recruiting</status>
  </location>
  <location>
    <facility>
      <address>
        <city>La Jolla</city>
        <state>California</state>
        <country>United States</country>
      </address>
    </facility>
    <status>Not yet recruiting</status>
  </location>
  <location>
    <facility>
      <address>
        <city>Lomita</city>
        <state>California</state>
        <country>United States</country>
      </address>
    </facility>
    <status>Not yet recruiting</status>
  </location>
  <location>
    <facility>
      <address>
        <city>Los Angeles</city>
        <state>California</state>
        <country>United States</country>
      </address>
    </facility>
    <status>Not yet recruiting</status>
  </location>
  <location>
    <facility>
      <address>
        <city>Oceanside</city>
        <state>California</state>
        <country>United States</country>
      </address>
    </facility>
    <status>Not yet recruiting</status>
  </location>
  <location>
    <facility>
      <address>
        <city>Orange</city>
        <state>California</state>
        <country>United States</country>
      </address>
    </facility>
    <status>Not yet recruiting</status>
  </location>
  <location>
    <facility>
      <address>
        <city>Riverside</city>
        <state>California</state>
        <country>United States</country>
      </address>
    </facility>
    <status>Not yet recruiting</status>
  </location>
  <location>
    <facility>
      <address>
        <city>Santa Ana</city>
        <state>California</state>
        <country>United States</country>
      </address>
    </facility>
    <status>Not yet recruiting</status>
  </location>
  <location>
    <facility>
      <address>
        <city>Santa Monica</city>
        <state>California</state>
        <country>United States</country>
      </address>
    </facility>
    <status>Not yet recruiting</status>
  </location>
  <location>
    <facility>
      <address>
        <city>Aventura</city>
        <state>Florida</state>
        <country>United States</country>
      </address>
    </facility>
    <status>Not yet recruiting</status>
  </location>
  <location>
    <facility>
      <address>
        <city>Bradenton</city>
        <state>Florida</state>
        <country>United States</country>
      </address>
    </facility>
    <status>Not yet recruiting</status>
  </location>
  <location>
    <facility>
      <address>
        <city>Doral</city>
        <state>Florida</state>
        <country>United States</country>
      </address>
    </facility>
    <status>Not yet recruiting</status>
  </location>
  <location>
    <facility>
      <address>
        <city>Hialeah</city>
        <state>Florida</state>
        <country>United States</country>
      </address>
    </facility>
    <status>Not yet recruiting</status>
  </location>
  <location>
    <facility>
      <address>
        <city>Jacksonville</city>
        <state>Florida</state>
        <country>United States</country>
      </address>
    </facility>
    <status>Not yet recruiting</status>
  </location>
  <location>
    <facility>
      <address>
        <city>Lake Worth</city>
        <state>Florida</state>
        <country>United States</country>
      </address>
    </facility>
    <status>Not yet recruiting</status>
  </location>
  <location>
    <facility>
      <address>
        <city>Maitland</city>
        <state>Florida</state>
        <country>United States</country>
      </address>
    </facility>
    <status>Not yet recruiting</status>
  </location>
  <location>
    <facility>
      <address>
        <city>Miami Lakes</city>
        <state>Florida</state>
        <country>United States</country>
      </address>
    </facility>
    <status>Not yet recruiting</status>
  </location>
  <location>
    <facility>
      <address>
        <city>Miami Springs</city>
        <state>Florida</state>
        <country>United States</country>
      </address>
    </facility>
    <status>Not yet recruiting</status>
  </location>
  <location>
    <facility>
      <address>
        <city>Miami</city>
        <state>Florida</state>
        <country>United States</country>
      </address>
    </facility>
    <status>Not yet recruiting</status>
  </location>
  <location>
    <facility>
      <address>
        <city>North Miami</city>
        <state>Florida</state>
        <country>United States</country>
      </address>
    </facility>
    <status>Not yet recruiting</status>
  </location>
  <location>
    <facility>
      <address>
        <city>Ocala</city>
        <state>Florida</state>
        <country>United States</country>
      </address>
    </facility>
    <status>Not yet recruiting</status>
  </location>
  <location>
    <facility>
      <address>
        <city>Orange City</city>
        <state>Florida</state>
        <country>United States</country>
      </address>
    </facility>
    <status>Not yet recruiting</status>
  </location>
  <location>
    <facility>
      <address>
        <city>Orlando</city>
        <state>Florida</state>
        <country>United States</country>
      </address>
    </facility>
    <status>Not yet recruiting</status>
  </location>
  <location>
    <facility>
      <address>
        <city>Ormond Beach</city>
        <state>Florida</state>
        <country>United States</country>
      </address>
    </facility>
    <status>Not yet recruiting</status>
  </location>
  <location>
    <facility>
      <address>
        <city>Palmetto Bay</city>
        <state>Florida</state>
        <country>United States</country>
      </address>
    </facility>
    <status>Not yet recruiting</status>
  </location>
  <location>
    <facility>
      <address>
        <city>Pembroke Pines</city>
        <state>Florida</state>
        <country>United States</country>
      </address>
    </facility>
    <status>Not yet recruiting</status>
  </location>
  <location>
    <facility>
      <address>
        <city>St. Petersburg</city>
        <state>Florida</state>
        <country>United States</country>
      </address>
    </facility>
    <status>Not yet recruiting</status>
  </location>
  <location>
    <facility>
      <address>
        <city>West Palm Beach</city>
        <state>Florida</state>
        <country>United States</country>
      </address>
    </facility>
    <status>Not yet recruiting</status>
  </location>
  <location>
    <facility>
      <address>
        <city>Decatur</city>
        <state>Georgia</state>
        <country>United States</country>
      </address>
    </facility>
    <status>Not yet recruiting</status>
  </location>
  <location>
    <facility>
      <address>
        <city>Chicago</city>
        <state>Illinois</state>
        <country>United States</country>
      </address>
    </facility>
    <status>Not yet recruiting</status>
  </location>
  <location>
    <facility>
      <address>
        <city>Schaumburg</city>
        <state>Illinois</state>
        <country>United States</country>
      </address>
    </facility>
    <status>Not yet recruiting</status>
  </location>
  <location>
    <facility>
      <address>
        <city>Wichita</city>
        <state>Kansas</state>
        <country>United States</country>
      </address>
    </facility>
    <status>Recruiting</status>
  </location>
  <location>
    <facility>
      <address>
        <city>Newton</city>
        <state>Massachusetts</state>
        <country>United States</country>
      </address>
    </facility>
    <status>Not yet recruiting</status>
  </location>
  <location>
    <facility>
      <address>
        <city>Plymouth</city>
        <state>Massachusetts</state>
        <country>United States</country>
      </address>
    </facility>
    <status>Not yet recruiting</status>
  </location>
  <location>
    <facility>
      <address>
        <city>Creve Coeur</city>
        <state>Missouri</state>
        <country>United States</country>
      </address>
    </facility>
    <status>Not yet recruiting</status>
  </location>
  <location>
    <facility>
      <address>
        <city>Las Vegas</city>
        <state>Nevada</state>
        <country>United States</country>
      </address>
    </facility>
    <status>Not yet recruiting</status>
  </location>
  <location>
    <facility>
      <address>
        <city>Toms River</city>
        <state>New Jersey</state>
        <country>United States</country>
      </address>
    </facility>
    <status>Recruiting</status>
  </location>
  <location>
    <facility>
      <address>
        <city>Toms River</city>
        <state>New Jersey</state>
        <country>United States</country>
      </address>
    </facility>
    <status>Not yet recruiting</status>
  </location>
  <location>
    <facility>
      <address>
        <city>Manhassel</city>
        <state>New York</state>
        <country>United States</country>
      </address>
    </facility>
    <status>Not yet recruiting</status>
  </location>
  <location>
    <facility>
      <address>
        <city>Staten Island</city>
        <state>New York</state>
        <country>United States</country>
      </address>
    </facility>
    <status>Not yet recruiting</status>
  </location>
  <location>
    <facility>
      <address>
        <city>Woodmere</city>
        <state>New York</state>
        <country>United States</country>
      </address>
    </facility>
    <status>Not yet recruiting</status>
  </location>
  <location>
    <facility>
      <address>
        <city>Charlotte</city>
        <state>North Carolina</state>
        <country>United States</country>
      </address>
    </facility>
    <status>Not yet recruiting</status>
  </location>
  <location>
    <facility>
      <address>
        <city>Shaker Heights</city>
        <state>Ohio</state>
        <country>United States</country>
      </address>
    </facility>
    <status>Not yet recruiting</status>
  </location>
  <location>
    <facility>
      <address>
        <city>Oklahoma City</city>
        <state>Oklahoma</state>
        <country>United States</country>
      </address>
    </facility>
    <status>Not yet recruiting</status>
  </location>
  <location>
    <facility>
      <address>
        <city>Portland</city>
        <state>Oregon</state>
        <country>United States</country>
      </address>
    </facility>
    <status>Not yet recruiting</status>
  </location>
  <location>
    <facility>
      <address>
        <city>Norristown</city>
        <state>Pennsylvania</state>
        <country>United States</country>
      </address>
    </facility>
    <status>Not yet recruiting</status>
  </location>
  <location>
    <facility>
      <address>
        <city>Plains</city>
        <state>Pennsylvania</state>
        <country>United States</country>
      </address>
    </facility>
    <status>Not yet recruiting</status>
  </location>
  <location>
    <facility>
      <address>
        <city>Whitehall</city>
        <state>Pennsylvania</state>
        <country>United States</country>
      </address>
    </facility>
    <status>Not yet recruiting</status>
  </location>
  <location>
    <facility>
      <address>
        <city>Knoxville</city>
        <state>Tennessee</state>
        <country>United States</country>
      </address>
    </facility>
    <status>Not yet recruiting</status>
  </location>
  <location>
    <facility>
      <address>
        <city>Memphis</city>
        <state>Tennessee</state>
        <country>United States</country>
      </address>
    </facility>
    <status>Not yet recruiting</status>
  </location>
  <location>
    <facility>
      <address>
        <city>Dallas</city>
        <state>Texas</state>
        <country>United States</country>
      </address>
    </facility>
    <status>Not yet recruiting</status>
  </location>
  <location>
    <facility>
      <address>
        <city>DeSoto</city>
        <state>Texas</state>
        <country>United States</country>
      </address>
    </facility>
    <status>Not yet recruiting</status>
  </location>
  <location>
    <facility>
      <address>
        <city>Houston</city>
        <state>Texas</state>
        <country>United States</country>
      </address>
    </facility>
    <status>Not yet recruiting</status>
  </location>
  <location>
    <facility>
      <address>
        <city>Mansfield</city>
        <state>Texas</state>
        <country>United States</country>
      </address>
    </facility>
    <status>Not yet recruiting</status>
  </location>
  <location>
    <facility>
      <address>
        <city>Richmond</city>
        <state>Virginia</state>
        <country>United States</country>
      </address>
    </facility>
    <status>Not yet recruiting</status>
  </location>
  <location>
    <facility>
      <address>
        <city>Chatham</city>
        <state>Ontario</state>
        <country>Canada</country>
      </address>
    </facility>
    <status>Not yet recruiting</status>
  </location>
  <location>
    <facility>
      <address>
        <city>Toronto</city>
        <state>Ontario</state>
        <country>Canada</country>
      </address>
    </facility>
    <status>Not yet recruiting</status>
  </location>
  <location>
    <facility>
      <address>
        <city>Gatineau</city>
        <state>Quebec</state>
        <country>Canada</country>
      </address>
    </facility>
    <status>Not yet recruiting</status>
  </location>
  <location>
    <facility>
      <address>
        <city>Greenfield Park</city>
        <state>Quebec</state>
        <country>Canada</country>
      </address>
    </facility>
    <status>Not yet recruiting</status>
  </location>
  <location>
    <facility>
      <address>
        <city>Brno</city>
        <country>Czech Republic</country>
      </address>
    </facility>
    <status>Not yet recruiting</status>
  </location>
  <location>
    <facility>
      <address>
        <city>Hostivice</city>
        <country>Czech Republic</country>
      </address>
    </facility>
    <status>Not yet recruiting</status>
  </location>
  <location>
    <facility>
      <address>
        <city>Praha 10</city>
        <country>Czech Republic</country>
      </address>
    </facility>
    <status>Not yet recruiting</status>
  </location>
  <location>
    <facility>
      <address>
        <city>Praha 6</city>
        <country>Czech Republic</country>
      </address>
    </facility>
    <status>Not yet recruiting</status>
  </location>
  <location>
    <facility>
      <address>
        <city>Rychnov nad Kneznou</city>
        <country>Czech Republic</country>
      </address>
    </facility>
    <status>Not yet recruiting</status>
  </location>
  <location>
    <facility>
      <address>
        <city>Aalborg</city>
        <country>Denmark</country>
      </address>
    </facility>
    <status>Not yet recruiting</status>
  </location>
  <location>
    <facility>
      <address>
        <city>Helsinki</city>
        <country>Finland</country>
      </address>
    </facility>
    <status>Not yet recruiting</status>
  </location>
  <location>
    <facility>
      <address>
        <city>Kuopio</city>
        <country>Finland</country>
      </address>
    </facility>
    <status>Not yet recruiting</status>
  </location>
  <location>
    <facility>
      <address>
        <city>Oulu</city>
        <country>Finland</country>
      </address>
    </facility>
    <status>Not yet recruiting</status>
  </location>
  <location>
    <facility>
      <address>
        <city>Aix-en-Provence</city>
        <country>France</country>
      </address>
    </facility>
    <status>Not yet recruiting</status>
  </location>
  <location>
    <facility>
      <address>
        <city>Marseille Cedex 05</city>
        <country>France</country>
      </address>
    </facility>
    <status>Not yet recruiting</status>
  </location>
  <location>
    <facility>
      <address>
        <city>Nice</city>
        <country>France</country>
      </address>
    </facility>
    <status>Not yet recruiting</status>
  </location>
  <location>
    <facility>
      <address>
        <city>Rouen</city>
        <country>France</country>
      </address>
    </facility>
    <status>Not yet recruiting</status>
  </location>
  <location>
    <facility>
      <address>
        <city>Muenchen</city>
        <state>Bavaria</state>
        <country>Germany</country>
      </address>
    </facility>
    <status>Not yet recruiting</status>
  </location>
  <location>
    <facility>
      <address>
        <city>Bochum</city>
        <country>Germany</country>
      </address>
    </facility>
    <status>Not yet recruiting</status>
  </location>
  <location>
    <facility>
      <address>
        <city>Udine</city>
        <state>Friuli-Venezia Giulia</state>
        <country>Italy</country>
      </address>
    </facility>
    <status>Not yet recruiting</status>
  </location>
  <location>
    <facility>
      <address>
        <city>Cefalu</city>
        <state>Palermo</state>
        <country>Italy</country>
      </address>
    </facility>
    <status>Not yet recruiting</status>
  </location>
  <location>
    <facility>
      <address>
        <city>Ancona</city>
        <country>Italy</country>
      </address>
    </facility>
    <status>Not yet recruiting</status>
  </location>
  <location>
    <facility>
      <address>
        <city>Arcugnano</city>
        <country>Italy</country>
      </address>
    </facility>
    <status>Not yet recruiting</status>
  </location>
  <location>
    <facility>
      <address>
        <city>Brescia</city>
        <country>Italy</country>
      </address>
    </facility>
    <status>Not yet recruiting</status>
  </location>
  <location>
    <facility>
      <address>
        <city>Chieti</city>
        <country>Italy</country>
      </address>
    </facility>
    <status>Not yet recruiting</status>
  </location>
  <location>
    <facility>
      <address>
        <city>Genova</city>
        <country>Italy</country>
      </address>
    </facility>
    <status>Not yet recruiting</status>
  </location>
  <location>
    <facility>
      <address>
        <city>Milano</city>
        <country>Italy</country>
      </address>
    </facility>
    <status>Not yet recruiting</status>
  </location>
  <location>
    <facility>
      <address>
        <city>Orbassano</city>
        <country>Italy</country>
      </address>
    </facility>
    <status>Not yet recruiting</status>
  </location>
  <location>
    <facility>
      <address>
        <city>Pisa</city>
        <country>Italy</country>
      </address>
    </facility>
    <status>Not yet recruiting</status>
  </location>
  <location>
    <facility>
      <address>
        <city>Pozzilli</city>
        <country>Italy</country>
      </address>
    </facility>
    <status>Not yet recruiting</status>
  </location>
  <location>
    <facility>
      <address>
        <city>Rome</city>
        <country>Italy</country>
      </address>
    </facility>
    <status>Not yet recruiting</status>
  </location>
  <location>
    <facility>
      <address>
        <city>Salerno</city>
        <country>Italy</country>
      </address>
    </facility>
    <status>Not yet recruiting</status>
  </location>
  <location>
    <facility>
      <address>
        <city>Verona</city>
        <country>Italy</country>
      </address>
    </facility>
    <status>Not yet recruiting</status>
  </location>
  <location>
    <facility>
      <address>
        <city>Chiba-shi</city>
        <state>Chiba</state>
        <country>Japan</country>
      </address>
    </facility>
    <status>Not yet recruiting</status>
  </location>
  <location>
    <facility>
      <address>
        <city>Kawasaki-shi</city>
        <state>Kanagawa</state>
        <country>Japan</country>
      </address>
    </facility>
    <status>Not yet recruiting</status>
  </location>
  <location>
    <facility>
      <address>
        <city>Minato-ku</city>
        <state>Tokyo</state>
        <country>Japan</country>
      </address>
    </facility>
    <status>Not yet recruiting</status>
  </location>
  <location>
    <facility>
      <address>
        <city>Ota-ku</city>
        <state>Tokyo</state>
        <country>Japan</country>
      </address>
    </facility>
    <status>Not yet recruiting</status>
  </location>
  <location>
    <facility>
      <address>
        <city>Katowice</city>
        <state>Silesia</state>
        <country>Poland</country>
      </address>
    </facility>
    <status>Not yet recruiting</status>
  </location>
  <location>
    <facility>
      <address>
        <city>Bydgoszcz</city>
        <country>Poland</country>
      </address>
    </facility>
    <status>Not yet recruiting</status>
  </location>
  <location>
    <facility>
      <address>
        <city>Krakow</city>
        <country>Poland</country>
      </address>
    </facility>
    <status>Not yet recruiting</status>
  </location>
  <location>
    <facility>
      <address>
        <city>Pruszcz Gdanski</city>
        <country>Poland</country>
      </address>
    </facility>
    <status>Not yet recruiting</status>
  </location>
  <location>
    <facility>
      <address>
        <city>Warszawa</city>
        <country>Poland</country>
      </address>
    </facility>
    <status>Not yet recruiting</status>
  </location>
  <location>
    <facility>
      <address>
        <city>Amadora</city>
        <country>Portugal</country>
      </address>
    </facility>
    <status>Not yet recruiting</status>
  </location>
  <location>
    <facility>
      <address>
        <city>Braga</city>
        <country>Portugal</country>
      </address>
    </facility>
    <status>Not yet recruiting</status>
  </location>
  <location>
    <facility>
      <address>
        <city>Coimbra</city>
        <country>Portugal</country>
      </address>
    </facility>
    <status>Not yet recruiting</status>
  </location>
  <location>
    <facility>
      <address>
        <city>Santa Maria da Feira</city>
        <country>Portugal</country>
      </address>
    </facility>
    <status>Not yet recruiting</status>
  </location>
  <location>
    <facility>
      <address>
        <city>Torres Vedras</city>
        <country>Portugal</country>
      </address>
    </facility>
    <status>Not yet recruiting</status>
  </location>
  <location>
    <facility>
      <address>
        <city>Banska Bystrica</city>
        <country>Slovakia</country>
      </address>
    </facility>
    <status>Not yet recruiting</status>
  </location>
  <location>
    <facility>
      <address>
        <city>Dubnica nad Vahom</city>
        <country>Slovakia</country>
      </address>
    </facility>
    <status>Not yet recruiting</status>
  </location>
  <location>
    <facility>
      <address>
        <city>Roznava</city>
        <country>Slovakia</country>
      </address>
    </facility>
    <status>Not yet recruiting</status>
  </location>
  <location>
    <facility>
      <address>
        <city>George</city>
        <state>Western Cape</state>
        <country>South Africa</country>
      </address>
    </facility>
    <status>Not yet recruiting</status>
  </location>
  <location>
    <facility>
      <address>
        <city>Getafe</city>
        <state>Madrid</state>
        <country>Spain</country>
      </address>
    </facility>
    <status>Not yet recruiting</status>
  </location>
  <location>
    <facility>
      <address>
        <city>Castilla y Leon</city>
        <state>Zamora</state>
        <country>Spain</country>
      </address>
    </facility>
    <status>Not yet recruiting</status>
  </location>
  <location>
    <facility>
      <address>
        <city>Barcelona</city>
        <country>Spain</country>
      </address>
    </facility>
    <status>Not yet recruiting</status>
  </location>
  <location>
    <facility>
      <address>
        <city>Madrid</city>
        <country>Spain</country>
      </address>
    </facility>
    <status>Not yet recruiting</status>
  </location>
  <location>
    <facility>
      <address>
        <city>Salamanca</city>
        <country>Spain</country>
      </address>
    </facility>
    <status>Not yet recruiting</status>
  </location>
  <location>
    <facility>
      <address>
        <city>Sevilla</city>
        <country>Spain</country>
      </address>
    </facility>
    <status>Not yet recruiting</status>
  </location>
  <location_countries>
    <country>Canada</country>
    <country>Czech Republic</country>
    <country>Denmark</country>
    <country>Finland</country>
    <country>France</country>
    <country>Germany</country>
    <country>Italy</country>
    <country>Japan</country>
    <country>Poland</country>
    <country>Portugal</country>
    <country>Slovakia</country>
    <country>South Africa</country>
    <country>Spain</country>
    <country>United States</country>
  </location_countries>
  <verification_date>March 2017</verification_date>
  <!-- Old date names will be dropped in a few months (sometime in 2018)                        -->
  <lastchanged_date>March 15, 2017</lastchanged_date>
  <firstreceived_date>January 26, 2017</firstreceived_date>
  <!-- New date names                                                                           -->
  <study_first_submitted>January 26, 2017</study_first_submitted>
  <study_first_submitted_qc>January 26, 2017</study_first_submitted_qc>
  <study_first_posted type="Estimate">January 30, 2017</study_first_posted>
  <last_update_submitted>March 15, 2017</last_update_submitted>
  <last_update_submitted_qc>March 15, 2017</last_update_submitted_qc>
  <last_update_posted type="Actual">March 16, 2017</last_update_posted>
  <!-- End of dates                                                                             -->
  <responsible_party>
    <responsible_party_type>Sponsor</responsible_party_type>
  </responsible_party>
  <keyword>E2609</keyword>
  <keyword>elenbecestat</keyword>
  <keyword>Alzheimer's Disease</keyword>
  <keyword>Early Alzheimer's Disease</keyword>
  <keyword>Prodromal Alzheimer's Disease</keyword>
  <keyword>Dementia</keyword>
  <keyword>Dementia, Alzheimer's type</keyword>
  <keyword>mild cognitive impairment</keyword>
  <keyword>MissionAD2</keyword>
  <condition_browse>
    <!-- CAUTION:  The following MeSH terms are assigned with an imperfect algorithm            -->
    <mesh_term>Alzheimer Disease</mesh_term>
  </condition_browse>
  <patient_data>
    <sharing_ipd>Undecided</sharing_ipd>
  </patient_data>
  <!-- Results have not yet been posted for this study                                          -->
</clinical_study>

