<?xml version="1.0" encoding="UTF-8"?>
<clinical_study rank="303">
  <!-- This xml conforms to an XML Schema at:
    https://clinicaltrials.gov/ct2/html/images/info/public.xsd -->
  <required_header>
    <download_date>ClinicalTrials.gov processed this data on November 07, 2017</download_date>
    <link_text>Link to the current ClinicalTrials.gov record.</link_text>
    <url>https://clinicaltrials.gov/show/NCT02769234</url>
  </required_header>
  <id_info>
    <org_study_id>SRP-1782</org_study_id>
    <nct_id>NCT02769234</nct_id>
  </id_info>
  <brief_title>EEG/ERP Longitudinal Study in Alzheimer's Disease (AD)</brief_title>
  <official_title>ERP and qEEG Measures Collected in Outpatient Settings as Indices of Disease Progression in Alzheimer's Disease (AD)</official_title>
  <sponsors>
    <lead_sponsor>
      <agency>Neuronetrix, Inc.</agency>
      <agency_class>Industry</agency_class>
    </lead_sponsor>
    <collaborator>
      <agency>Boston Center for Memory</agency>
      <agency_class>Other</agency_class>
    </collaborator>
    <collaborator>
      <agency>The Memory Clinic of Vermont</agency>
      <agency_class>Other</agency_class>
    </collaborator>
    <collaborator>
      <agency>Premiere Research Institute</agency>
      <agency_class>Other</agency_class>
    </collaborator>
  </sponsors>
  <source>Neuronetrix, Inc.</source>
  <oversight_info>
    <has_dmc>No</has_dmc>
    <is_fda_regulated_drug>No</is_fda_regulated_drug>
    <is_fda_regulated_device>No</is_fda_regulated_device>
  </oversight_info>
  <brief_summary>
    <textblock>
      In a previous study, NCT00582127, two age-matched cohorts, one clinically diagnosed with mild
      Alzheimer's disease and the other healthy controls, were tested with a hand-held EEG/ERP
      system to determine if the cohorts could be discriminated using the EEG/ERP measures. This
      study proposes to retest the AD cohort 18-60 months after their first test to characterize
      the change in EEG/ERP measures correlated with the longitudinal change in neuropsychological
      testing.
    </textblock>
  </brief_summary>
  <detailed_description>
    <textblock>
      In study NCT00582127, two age-matched cohorts (mild AD, n=98 and healthy controls, n=100)
      were recruited to 7 clinical sites to undergo a broad range of clinical, neuropsychological,
      and neuroelectrophysiological tests. The complete battery of ADNI neuropsychological tests
      were performed on the mild AD subjects as well as standard blood tests and MRI using the ADNI
      protocol. MRI volumetry analysis was performed on the MRI data. Both cohorts underwent a
      3-minute EEG recording and event-related potential (ERP) testing using a standard 2-deviant
      auditory oddball paradigm with the COGNISION(tm) System from Neuronetrix. The study showed
      that specific EEG/ERP features could be used to discriminate the mild AD cohort from healthy
      controls.

      The current study is intended as a follow up to NCT00582127.AD subjects that successfully
      completed COGNISION™ and psychometric testing in the previous study are eligible to be part
      of the present follow up.

      In the first part of the current study, de-identified cognitive and functional data for the
      AD patients that the sites have collected during regular check ups after testing for the
      original Neuronetrix study will be shared with the study Sponsor. The retrospective chart
      review has three main objectives:

        -  Quantify the rate of cognitive and functional decline in these patients.

        -  Investigate whether ERP and/or qEEG data collected during testing for the original
           Neuronetrix study can provide any insight on subsequent rate of cognitive and functional
           decline.

        -  Identify study subjects that might still be functional enough to successfully complete a
           follow-up ERP/qEEG test. These subjects will be offered an opportunity to come back to
           the sites for follow-up ERP/qEEG and psychometric testing.

      Up to 40 subjects will be invited back to the sites. Subjects that choose to enroll in the
      second part of the study will have an ERP/qEEG test administered by a Neuronetrix certified
      test administrator. Subjects that complete the test successfully will move on to clinical
      evaluation and psychometric testing.

      Results obtained from this part of the study will be compared with ERP/qEEG and psychometric
      data from the completed Neuronetrix study mentioned above. The two main objectives of the
      comparisons will be:

        -  Investigate whether ERP and qEEG measures collected in outpatient settings show
           significant changes over time in subjects with AD.

        -  Correlate longitudinal changes in ERP and qEEG measures (if any) with cognitive and
           functional decline as measured by psychometric tests.
    </textblock>
  </detailed_description>
  <overall_status>Enrolling by invitation</overall_status>
  <start_date>May 2016</start_date>
  <completion_date type="Anticipated">July 2017</completion_date>
  <primary_completion_date type="Anticipated">June 2017</primary_completion_date>
  <phase>N/A</phase>
  <study_type>Observational</study_type>
  <has_expanded_access>No</has_expanded_access>
  <study_design_info>
    <observational_model>Cohort</observational_model>
    <time_perspective>Prospective</time_perspective>
  </study_design_info>
  <primary_outcome>
    <measure>Correlation (longitudinal change) between EEG/ERP vs. Neuropsychological Testing.</measure>
    <time_frame>24-60 Months</time_frame>
  </primary_outcome>
  <secondary_outcome>
    <measure>Correlation (longitudinal change) between EEG/ERP vs ADNI-EF composite.</measure>
    <time_frame>24-60 Months</time_frame>
  </secondary_outcome>
  <secondary_outcome>
    <measure>Correlation (longitudinal change) between EEG/ERP vs. ADNI-Mem composite.</measure>
    <time_frame>24-60 Months</time_frame>
  </secondary_outcome>
  <number_of_groups>1</number_of_groups>
  <enrollment type="Anticipated">75</enrollment>
  <condition>Alzheimer's Disease</condition>
  <arm_group>
    <arm_group_label>Alzheimer's disease</arm_group_label>
    <description>Subjects with a diagnosis of Alzheimer's disease that successfully performed an ERP/EEG test with the COGNISION(TM) System prior to enrollment for the current study are eligible to participate.</description>
  </arm_group>
  <intervention>
    <intervention_type>Procedure</intervention_type>
    <intervention_name>ERP/EEG test</intervention_name>
    <description>The testing protocol consists of an auditory oddball ERP paradigm, followed by the collection of 3min of resting EEG. During the ERP paradigm a variety of auditory stimuli are played through the system's earphones while voltage potentials are recorded from the subject's scalp. At the end of the ERP session, 3 minutes of EEG data will be recorded while the subject is resting. The entire procedure, including set up, instructions to the subject and actual test is expected to take 45-60 minutes.</description>
    <arm_group_label>Alzheimer's disease</arm_group_label>
  </intervention>
  <intervention>
    <intervention_type>Procedure</intervention_type>
    <intervention_name>Psychometric testing</intervention_name>
    <description>Subjects that complete ERP/qEEG testing successfully will move on to clinical and neuropsychological evaluation. Demographic information with also be collected.</description>
    <arm_group_label>Alzheimer's disease</arm_group_label>
  </intervention>
  <eligibility>
    <study_pop>
      <textblock>
        AD subjects that successfully completed ERP/EEG testing during NCT00582127.
      </textblock>
    </study_pop>
    <sampling_method>Non-Probability Sample</sampling_method>
    <criteria>
      <textblock>
        Inclusion criteria:

        Between 60 and 95 years old (inclusive) A diagnosis of Alzheimer's disease A successful
        ERP/EEG test performed with the COGNISION™ system 2-5 years prior to testing for the
        current study

        A sub-group of up to 40 subjects will be called back to the sites for follow-up ERP/qEEG
        and psychometric testing. Additional inclusion criteria for these subjects will be:

          -  Willing and able to undergo ERP/EEG and psychometric testing

          -  Have a study partner able to provide an independent evaluation of functioning

          -  Permitted medications stable for at least 2 weeks prior to testing

        Exclusion Criteria:

        Subjects will not be called back to sites for follow-up testing if they have:

          -  Known allergy to latex

          -  Neuropsychological tests administered within three months of study enrollment

          -  Investigational agents administered within three months of study enrollment

          -  Severe cognitive and functional deficits that in the judgement of the site PI will
             prevent them from successfully completing ERP/EEG and/or psychometric testing

          -  Any significant systemic illness or unstable medical condition at the time of testing
             which could lead to difficulty complying with the protocol

          -  Use of psychoactive substances (Gingko Biloba, melatonin, sedatives etc.) will be
             allowed as long as the subject suspends their use on the day of testing. Smokers will
             not be required to abstain.
      </textblock>
    </criteria>
    <gender>All</gender>
    <minimum_age>60 Years</minimum_age>
    <maximum_age>95 Years</maximum_age>
    <healthy_volunteers>No</healthy_volunteers>
  </eligibility>
  <overall_official>
    <last_name>Marco Cecchi, PhD</last_name>
    <role>Study Director</role>
    <affiliation>Neuronetrix, Inc.</affiliation>
  </overall_official>
  <location>
    <facility>
      <name>Premiere Research Institute</name>
      <address>
        <city>West Palm Beach</city>
        <state>Florida</state>
        <zip>33407</zip>
        <country>United States</country>
      </address>
    </facility>
  </location>
  <location>
    <facility>
      <name>Boston Center for Memory</name>
      <address>
        <city>Brookline</city>
        <state>Massachusetts</state>
        <zip>02467</zip>
        <country>United States</country>
      </address>
    </facility>
  </location>
  <location>
    <facility>
      <name>The Memory Clinic</name>
      <address>
        <city>Bennington</city>
        <state>Vermont</state>
        <zip>05201</zip>
        <country>United States</country>
      </address>
    </facility>
  </location>
  <location_countries>
    <country>United States</country>
  </location_countries>
  <reference>
    <citation>Cecchi M, Moore DK, Sadowsky CH, Solomon PR, Doraiswamy PM, Smith CD, Jicha GA, Budson AE, Arnold SE, Fadem KC. A clinical trial to validate event-related potential markers of Alzheimer's disease in outpatient settings. Alzheimers Dement (Amst). 2015 Oct 2;1(4):387-94. doi: 10.1016/j.dadm.2015.08.004. eCollection 2015 Dec.</citation>
    <PMID>27239520</PMID>
  </reference>
  <verification_date>May 2017</verification_date>
  <!-- Old date names will be dropped in a few months (sometime in 2018)                        -->
  <lastchanged_date>May 25, 2017</lastchanged_date>
  <firstreceived_date>February 26, 2015</firstreceived_date>
  <!-- New date names                                                                           -->
  <study_first_submitted>February 26, 2015</study_first_submitted>
  <study_first_submitted_qc>May 10, 2016</study_first_submitted_qc>
  <study_first_posted type="Estimate">May 11, 2016</study_first_posted>
  <last_update_submitted>May 25, 2017</last_update_submitted>
  <last_update_submitted_qc>May 25, 2017</last_update_submitted_qc>
  <last_update_posted type="Actual">May 30, 2017</last_update_posted>
  <!-- End of dates                                                                             -->
  <responsible_party>
    <responsible_party_type>Sponsor</responsible_party_type>
  </responsible_party>
  <keyword>EEG</keyword>
  <keyword>ERP</keyword>
  <keyword>Event-related Potentials</keyword>
  <keyword>Alzheimer's</keyword>
  <keyword>P300</keyword>
  <condition_browse>
    <!-- CAUTION:  The following MeSH terms are assigned with an imperfect algorithm            -->
    <mesh_term>Alzheimer Disease</mesh_term>
  </condition_browse>
  <!-- Results have not yet been posted for this study                                          -->
</clinical_study>

