<?xml version="1.0" encoding="UTF-8"?>
<clinical_study rank="321">
  <!-- This xml conforms to an XML Schema at:
    https://clinicaltrials.gov/ct2/html/images/info/public.xsd -->
  <required_header>
    <download_date>ClinicalTrials.gov processed this data on November 07, 2017</download_date>
    <link_text>Link to the current ClinicalTrials.gov record.</link_text>
    <url>https://clinicaltrials.gov/show/NCT00829374</url>
  </required_header>
  <id_info>
    <org_study_id>DIM18</org_study_id>
    <nct_id>NCT00829374</nct_id>
  </id_info>
  <brief_title>Safety and Efficacy Study Evaluating Dimebon in Patients With Mild to Moderate Alzheimer's Disease on Donepezil</brief_title>
  <acronym>CONCERT</acronym>
  <official_title>CONCERT: A Phase 3 Multicenter, Randomized, Placebo-Controlled, Double-Blind Twelve-Month Safety and Efficacy Study Evaluating Dimebon in Patients With Mild-to-Moderate Alzheimer's Disease on Donepezil</official_title>
  <sponsors>
    <lead_sponsor>
      <agency>Medivation, Inc.</agency>
      <agency_class>Industry</agency_class>
    </lead_sponsor>
    <collaborator>
      <agency>Pfizer</agency>
      <agency_class>Industry</agency_class>
    </collaborator>
  </sponsors>
  <source>Medivation, Inc.</source>
  <oversight_info>
    <has_dmc>Yes</has_dmc>
  </oversight_info>
  <brief_summary>
    <textblock>
      The purpose of this study is to determine if Dimebon is safe and effective in patients with
      mild to moderate Alzheimer's disease on Donepezil.
    </textblock>
  </brief_summary>
  <overall_status>Completed</overall_status>
  <start_date>March 2009</start_date>
  <completion_date type="Actual">December 2011</completion_date>
  <primary_completion_date type="Actual">December 2011</primary_completion_date>
  <phase>Phase 3</phase>
  <study_type>Interventional</study_type>
  <has_expanded_access>No</has_expanded_access>
  <study_design_info>
    <allocation>Randomized</allocation>
    <intervention_model>Parallel Assignment</intervention_model>
    <primary_purpose>Treatment</primary_purpose>
    <masking>Triple (Participant, Care Provider, Investigator)</masking>
  </study_design_info>
  <primary_outcome>
    <measure>Alzheimer's Disease Cooperative Study - Activities of Daily Living (ADCS-ADL)</measure>
    <time_frame>Week 52</time_frame>
  </primary_outcome>
  <primary_outcome>
    <measure>Alzheimer's Disease Assessment Scale - Cognitive Subscale</measure>
    <time_frame>Week 52</time_frame>
  </primary_outcome>
  <secondary_outcome>
    <measure>Clinician's Interview Based Impression of Change, plus caregiver input (CIBIC-plus)</measure>
    <time_frame>Week 52</time_frame>
  </secondary_outcome>
  <secondary_outcome>
    <measure>Neuropsychiatric Inventory (NPI)</measure>
    <time_frame>Week 52</time_frame>
  </secondary_outcome>
  <secondary_outcome>
    <measure>Resource Utilization in Dementia Lite (RUD lite)</measure>
    <time_frame>Week 52</time_frame>
  </secondary_outcome>
  <secondary_outcome>
    <measure>Euro Quality of Life 5 (EQ-5D)</measure>
    <time_frame>Week 52</time_frame>
  </secondary_outcome>
  <number_of_arms>3</number_of_arms>
  <enrollment type="Actual">1003</enrollment>
  <condition>Alzheimer's Disease</condition>
  <arm_group>
    <arm_group_label>1</arm_group_label>
    <arm_group_type>Experimental</arm_group_type>
    <description>Dimebon, 5 mg orally three times daily</description>
  </arm_group>
  <arm_group>
    <arm_group_label>2</arm_group_label>
    <arm_group_type>Experimental</arm_group_type>
    <description>Dimebon, 20 mg orally three times daily</description>
  </arm_group>
  <arm_group>
    <arm_group_label>3</arm_group_label>
    <arm_group_type>Placebo Comparator</arm_group_type>
    <description>Placebo orally three times daily</description>
  </arm_group>
  <intervention>
    <intervention_type>Drug</intervention_type>
    <intervention_name>Dimebon</intervention_name>
    <description>5 mg orally three times daily</description>
    <arm_group_label>1</arm_group_label>
  </intervention>
  <intervention>
    <intervention_type>Drug</intervention_type>
    <intervention_name>Dimebon</intervention_name>
    <description>20 mg orally three times daily</description>
    <arm_group_label>2</arm_group_label>
  </intervention>
  <intervention>
    <intervention_type>Drug</intervention_type>
    <intervention_name>Placebo comparator</intervention_name>
    <description>Placebo orally three times daily</description>
    <arm_group_label>3</arm_group_label>
  </intervention>
  <eligibility>
    <criteria>
      <textblock>
        Inclusion Criteria:

          -  Mild-to-moderate Alzheimer's disease (AD)

          -  Probable AD (Diagnostic Statistical Manual of Mental Disorders-IV-Text Revision
             (DSM-IV-TR))

          -  Mini-Mental State Examination (MMSE) score between 12 and 24, inclusive

          -  Stable on donepezil for at least 6 months

        Exclusion Criteria:

          -  Other causes of dementia

          -  Major structural brain disease

          -  Unstable medical condition or significant hepatic or renal disease
      </textblock>
    </criteria>
    <gender>All</gender>
    <minimum_age>50 Years</minimum_age>
    <maximum_age>N/A</maximum_age>
    <healthy_volunteers>No</healthy_volunteers>
  </eligibility>
  <location>
    <facility>
      <address>
        <city>Phoenix</city>
        <state>Arizona</state>
        <zip>85006</zip>
        <country>United States</country>
      </address>
    </facility>
  </location>
  <location>
    <facility>
      <address>
        <city>Sun City</city>
        <state>Arizona</state>
        <zip>85351</zip>
        <country>United States</country>
      </address>
    </facility>
  </location>
  <location>
    <facility>
      <address>
        <city>Tucson</city>
        <state>Arizona</state>
        <zip>85724</zip>
        <country>United States</country>
      </address>
    </facility>
  </location>
  <location>
    <facility>
      <address>
        <city>Costa Mesa</city>
        <state>California</state>
        <zip>92626</zip>
        <country>United States</country>
      </address>
    </facility>
  </location>
  <location>
    <facility>
      <address>
        <city>Encino</city>
        <state>California</state>
        <zip>91316</zip>
        <country>United States</country>
      </address>
    </facility>
  </location>
  <location>
    <facility>
      <address>
        <city>Escondido</city>
        <state>California</state>
        <zip>92025</zip>
        <country>United States</country>
      </address>
    </facility>
  </location>
  <location>
    <facility>
      <address>
        <city>Fresno</city>
        <state>California</state>
        <zip>93720</zip>
        <country>United States</country>
      </address>
    </facility>
  </location>
  <location>
    <facility>
      <address>
        <city>Garden Grove</city>
        <state>California</state>
        <zip>92845</zip>
        <country>United States</country>
      </address>
    </facility>
  </location>
  <location>
    <facility>
      <address>
        <city>La Jolla</city>
        <state>California</state>
        <zip>92037</zip>
        <country>United States</country>
      </address>
    </facility>
  </location>
  <location>
    <facility>
      <address>
        <city>Los Alamitos</city>
        <state>California</state>
        <zip>90720</zip>
        <country>United States</country>
      </address>
    </facility>
  </location>
  <location>
    <facility>
      <address>
        <city>Los Angeles</city>
        <state>California</state>
        <zip>90095</zip>
        <country>United States</country>
      </address>
    </facility>
  </location>
  <location>
    <facility>
      <address>
        <city>Martinez</city>
        <state>California</state>
        <zip>94553</zip>
        <country>United States</country>
      </address>
    </facility>
  </location>
  <location>
    <facility>
      <address>
        <city>Newport</city>
        <state>California</state>
        <zip>92660</zip>
        <country>United States</country>
      </address>
    </facility>
  </location>
  <location>
    <facility>
      <address>
        <city>Paramount</city>
        <state>California</state>
        <zip>90723</zip>
        <country>United States</country>
      </address>
    </facility>
  </location>
  <location>
    <facility>
      <address>
        <city>Pasadena</city>
        <state>California</state>
        <zip>91105</zip>
        <country>United States</country>
      </address>
    </facility>
  </location>
  <location>
    <facility>
      <address>
        <city>San Diego</city>
        <state>California</state>
        <zip>92103</zip>
        <country>United States</country>
      </address>
    </facility>
  </location>
  <location>
    <facility>
      <address>
        <city>San Francisco</city>
        <state>California</state>
        <zip>94143</zip>
        <country>United States</country>
      </address>
    </facility>
  </location>
  <location>
    <facility>
      <address>
        <city>Boulder</city>
        <state>Colorado</state>
        <zip>80304</zip>
        <country>United States</country>
      </address>
    </facility>
  </location>
  <location>
    <facility>
      <address>
        <city>Denver</city>
        <state>Colorado</state>
        <zip>80218</zip>
        <country>United States</country>
      </address>
    </facility>
  </location>
  <location>
    <facility>
      <address>
        <city>New Haven</city>
        <state>Connecticut</state>
        <zip>06510</zip>
        <country>United States</country>
      </address>
    </facility>
  </location>
  <location>
    <facility>
      <address>
        <city>Washington</city>
        <state>District of Columbia</state>
        <zip>20057</zip>
        <country>United States</country>
      </address>
    </facility>
  </location>
  <location>
    <facility>
      <address>
        <city>Deerfield Beach</city>
        <state>Florida</state>
        <zip>33064</zip>
        <country>United States</country>
      </address>
    </facility>
  </location>
  <location>
    <facility>
      <address>
        <city>Delray Beach</city>
        <state>Florida</state>
        <zip>33445</zip>
        <country>United States</country>
      </address>
    </facility>
  </location>
  <location>
    <facility>
      <address>
        <city>Jacksonville</city>
        <state>Florida</state>
        <zip>32224</zip>
        <country>United States</country>
      </address>
    </facility>
  </location>
  <location>
    <facility>
      <address>
        <city>Miami</city>
        <state>Florida</state>
        <zip>33137</zip>
        <country>United States</country>
      </address>
    </facility>
  </location>
  <location>
    <facility>
      <address>
        <city>Orlando</city>
        <state>Florida</state>
        <zip>32806</zip>
        <country>United States</country>
      </address>
    </facility>
  </location>
  <location>
    <facility>
      <address>
        <city>Atlanta</city>
        <state>Georgia</state>
        <zip>30329</zip>
        <country>United States</country>
      </address>
    </facility>
  </location>
  <location>
    <facility>
      <address>
        <city>Honolulu</city>
        <state>Hawaii</state>
        <zip>96814</zip>
        <country>United States</country>
      </address>
    </facility>
  </location>
  <location>
    <facility>
      <address>
        <city>Indianapolis</city>
        <state>Indiana</state>
        <zip>46260</zip>
        <country>United States</country>
      </address>
    </facility>
  </location>
  <location>
    <facility>
      <address>
        <city>Lexington</city>
        <state>Kentucky</state>
        <zip>40536</zip>
        <country>United States</country>
      </address>
    </facility>
  </location>
  <location>
    <facility>
      <address>
        <city>Eaton</city>
        <state>Maryland</state>
        <zip>21601</zip>
        <country>United States</country>
      </address>
    </facility>
  </location>
  <location>
    <facility>
      <address>
        <city>Boston</city>
        <state>Massachusetts</state>
        <zip>02118</zip>
        <country>United States</country>
      </address>
    </facility>
  </location>
  <location>
    <facility>
      <address>
        <city>Ann Arbor</city>
        <state>Michigan</state>
        <zip>48105</zip>
        <country>United States</country>
      </address>
    </facility>
  </location>
  <location>
    <facility>
      <address>
        <city>Las Vegas</city>
        <state>Nevada</state>
        <zip>89106</zip>
        <country>United States</country>
      </address>
    </facility>
  </location>
  <location>
    <facility>
      <address>
        <city>Mt Arlington</city>
        <state>New Jersey</state>
        <zip>07865</zip>
        <country>United States</country>
      </address>
    </facility>
  </location>
  <location>
    <facility>
      <address>
        <city>Princeton</city>
        <state>New Jersey</state>
        <zip>08540</zip>
        <country>United States</country>
      </address>
    </facility>
  </location>
  <location>
    <facility>
      <address>
        <city>Albany</city>
        <state>New York</state>
        <zip>12208</zip>
        <country>United States</country>
      </address>
    </facility>
  </location>
  <location>
    <facility>
      <address>
        <city>Cedarhurst</city>
        <state>New York</state>
        <zip>11516</zip>
        <country>United States</country>
      </address>
    </facility>
  </location>
  <location>
    <facility>
      <address>
        <city>New York</city>
        <state>New York</state>
        <zip>10029</zip>
        <country>United States</country>
      </address>
    </facility>
  </location>
  <location>
    <facility>
      <address>
        <city>Rochester</city>
        <state>New York</state>
        <zip>14620</zip>
        <country>United States</country>
      </address>
    </facility>
  </location>
  <location>
    <facility>
      <address>
        <city>Durham</city>
        <state>North Carolina</state>
        <zip>27710</zip>
        <country>United States</country>
      </address>
    </facility>
  </location>
  <location>
    <facility>
      <address>
        <city>Beachwood</city>
        <state>Ohio</state>
        <zip>44122</zip>
        <country>United States</country>
      </address>
    </facility>
  </location>
  <location>
    <facility>
      <address>
        <city>Toledo</city>
        <state>Ohio</state>
        <zip>43623</zip>
        <country>United States</country>
      </address>
    </facility>
  </location>
  <location>
    <facility>
      <address>
        <city>Jenkintown</city>
        <state>Pennsylvania</state>
        <zip>19046</zip>
        <country>United States</country>
      </address>
    </facility>
  </location>
  <location>
    <facility>
      <address>
        <city>Norristown</city>
        <state>Pennsylvania</state>
        <zip>19401</zip>
        <country>United States</country>
      </address>
    </facility>
  </location>
  <location>
    <facility>
      <address>
        <city>Providence</city>
        <state>Rhode Island</state>
        <zip>02906</zip>
        <country>United States</country>
      </address>
    </facility>
  </location>
  <location>
    <facility>
      <address>
        <city>Austin</city>
        <state>Texas</state>
        <zip>78757</zip>
        <country>United States</country>
      </address>
    </facility>
  </location>
  <location>
    <facility>
      <address>
        <city>Houston</city>
        <state>Texas</state>
        <zip>77030</zip>
        <country>United States</country>
      </address>
    </facility>
  </location>
  <location>
    <facility>
      <address>
        <city>San Antonio</city>
        <state>Texas</state>
        <zip>78229</zip>
        <country>United States</country>
      </address>
    </facility>
  </location>
  <location>
    <facility>
      <address>
        <city>Charlottesville</city>
        <state>Virginia</state>
        <zip>22903</zip>
        <country>United States</country>
      </address>
    </facility>
  </location>
  <location>
    <facility>
      <address>
        <city>Seattle</city>
        <state>Washington</state>
        <zip>98108</zip>
        <country>United States</country>
      </address>
    </facility>
  </location>
  <location>
    <facility>
      <address>
        <city>Middleton</city>
        <state>Wisconsin</state>
        <zip>53562</zip>
        <country>United States</country>
      </address>
    </facility>
  </location>
  <location>
    <facility>
      <address>
        <city>Newcastle</city>
        <state>New South Wales</state>
        <country>Australia</country>
      </address>
    </facility>
  </location>
  <location>
    <facility>
      <address>
        <city>Sydney</city>
        <state>New South Wales</state>
        <country>Australia</country>
      </address>
    </facility>
  </location>
  <location>
    <facility>
      <address>
        <city>Brisbane</city>
        <state>Queensland</state>
        <country>Australia</country>
      </address>
    </facility>
  </location>
  <location>
    <facility>
      <address>
        <city>Adelaide</city>
        <state>South Australia</state>
        <country>Australia</country>
      </address>
    </facility>
  </location>
  <location>
    <facility>
      <address>
        <city>Geelong</city>
        <state>Victoria</state>
        <country>Australia</country>
      </address>
    </facility>
  </location>
  <location>
    <facility>
      <address>
        <city>Melbourne</city>
        <state>Victoria</state>
        <country>Australia</country>
      </address>
    </facility>
  </location>
  <location>
    <facility>
      <address>
        <city>Perth</city>
        <state>Western Australia</state>
        <country>Australia</country>
      </address>
    </facility>
  </location>
  <location>
    <facility>
      <address>
        <city>Antwerp</city>
        <country>Belgium</country>
      </address>
    </facility>
  </location>
  <location>
    <facility>
      <address>
        <city>Leuven</city>
        <country>Belgium</country>
      </address>
    </facility>
  </location>
  <location>
    <facility>
      <address>
        <city>Sint-Truiden</city>
        <country>Belgium</country>
      </address>
    </facility>
  </location>
  <location>
    <facility>
      <address>
        <city>Kuppio</city>
        <country>Finland</country>
      </address>
    </facility>
  </location>
  <location>
    <facility>
      <address>
        <city>Oulu</city>
        <country>Finland</country>
      </address>
    </facility>
  </location>
  <location>
    <facility>
      <address>
        <city>Turku</city>
        <country>Finland</country>
      </address>
    </facility>
  </location>
  <location>
    <facility>
      <address>
        <city>Bordeaux</city>
        <country>France</country>
      </address>
    </facility>
  </location>
  <location>
    <facility>
      <address>
        <city>Concert</city>
        <country>France</country>
      </address>
    </facility>
  </location>
  <location>
    <facility>
      <address>
        <city>Lille</city>
        <country>France</country>
      </address>
    </facility>
  </location>
  <location>
    <facility>
      <address>
        <city>Montpellier</city>
        <country>France</country>
      </address>
    </facility>
  </location>
  <location>
    <facility>
      <address>
        <city>Nice</city>
        <country>France</country>
      </address>
    </facility>
  </location>
  <location>
    <facility>
      <address>
        <city>Toulouse</city>
        <country>France</country>
      </address>
    </facility>
  </location>
  <location>
    <facility>
      <address>
        <city>Berlin</city>
        <country>Germany</country>
      </address>
    </facility>
  </location>
  <location>
    <facility>
      <address>
        <city>Bochum</city>
        <country>Germany</country>
      </address>
    </facility>
  </location>
  <location>
    <facility>
      <address>
        <city>Freiburg</city>
        <country>Germany</country>
      </address>
    </facility>
  </location>
  <location>
    <facility>
      <address>
        <city>Hattingen</city>
        <country>Germany</country>
      </address>
    </facility>
  </location>
  <location>
    <facility>
      <address>
        <city>Mannheim</city>
        <country>Germany</country>
      </address>
    </facility>
  </location>
  <location>
    <facility>
      <address>
        <city>Munich</city>
        <country>Germany</country>
      </address>
    </facility>
  </location>
  <location>
    <facility>
      <address>
        <city>Brescia</city>
        <country>Italy</country>
      </address>
    </facility>
  </location>
  <location>
    <facility>
      <address>
        <city>Florence</city>
        <country>Italy</country>
      </address>
    </facility>
  </location>
  <location>
    <facility>
      <address>
        <city>Genoa</city>
        <country>Italy</country>
      </address>
    </facility>
  </location>
  <location>
    <facility>
      <address>
        <city>Perugia</city>
        <country>Italy</country>
      </address>
    </facility>
  </location>
  <location>
    <facility>
      <address>
        <city>Rome</city>
        <country>Italy</country>
      </address>
    </facility>
  </location>
  <location>
    <facility>
      <address>
        <city>Christchurch</city>
        <state>Canterbury</state>
        <country>New Zealand</country>
      </address>
    </facility>
  </location>
  <location>
    <facility>
      <address>
        <city>Auckland</city>
        <country>New Zealand</country>
      </address>
    </facility>
  </location>
  <location>
    <facility>
      <address>
        <city>Malmo</city>
        <country>Sweden</country>
      </address>
    </facility>
  </location>
  <location>
    <facility>
      <address>
        <city>Norrkoping</city>
        <country>Sweden</country>
      </address>
    </facility>
  </location>
  <location>
    <facility>
      <address>
        <city>Stockholm</city>
        <country>Sweden</country>
      </address>
    </facility>
  </location>
  <location>
    <facility>
      <address>
        <city>Brentford</city>
        <state>Middlesex</state>
        <country>United Kingdom</country>
      </address>
    </facility>
  </location>
  <location>
    <facility>
      <address>
        <city>Rushden</city>
        <state>Northhamptonshire</state>
        <country>United Kingdom</country>
      </address>
    </facility>
  </location>
  <location>
    <facility>
      <address>
        <city>Glasgow</city>
        <state>Scotland</state>
        <country>United Kingdom</country>
      </address>
    </facility>
  </location>
  <location>
    <facility>
      <address>
        <city>Worthington</city>
        <state>West Sussex</state>
        <country>United Kingdom</country>
      </address>
    </facility>
  </location>
  <location>
    <facility>
      <address>
        <city>Bath</city>
        <country>United Kingdom</country>
      </address>
    </facility>
  </location>
  <location>
    <facility>
      <address>
        <city>Blackpool</city>
        <country>United Kingdom</country>
      </address>
    </facility>
  </location>
  <location>
    <facility>
      <address>
        <city>Bradford</city>
        <country>United Kingdom</country>
      </address>
    </facility>
  </location>
  <location>
    <facility>
      <address>
        <city>Greater Manchester</city>
        <country>United Kingdom</country>
      </address>
    </facility>
  </location>
  <location>
    <facility>
      <address>
        <city>London</city>
        <country>United Kingdom</country>
      </address>
    </facility>
  </location>
  <location>
    <facility>
      <address>
        <city>Newcastle upon Tyne</city>
        <country>United Kingdom</country>
      </address>
    </facility>
  </location>
  <location>
    <facility>
      <address>
        <city>Norfolk</city>
        <country>United Kingdom</country>
      </address>
    </facility>
  </location>
  <location>
    <facility>
      <address>
        <city>Oxford</city>
        <country>United Kingdom</country>
      </address>
    </facility>
  </location>
  <location>
    <facility>
      <address>
        <city>Southampton</city>
        <country>United Kingdom</country>
      </address>
    </facility>
  </location>
  <location>
    <facility>
      <address>
        <city>Swindon</city>
        <country>United Kingdom</country>
      </address>
    </facility>
  </location>
  <location_countries>
    <country>Australia</country>
    <country>Belgium</country>
    <country>Finland</country>
    <country>France</country>
    <country>Germany</country>
    <country>Italy</country>
    <country>New Zealand</country>
    <country>Sweden</country>
    <country>United Kingdom</country>
    <country>United States</country>
  </location_countries>
  <verification_date>September 2016</verification_date>
  <!-- Old date names will be dropped in a few months (sometime in 2018)                        -->
  <lastchanged_date>September 24, 2016</lastchanged_date>
  <firstreceived_date>January 23, 2009</firstreceived_date>
  <firstreceived_results_disposition_date>September 24, 2016</firstreceived_results_disposition_date>
  <!-- New date names                                                                           -->
  <study_first_submitted>January 23, 2009</study_first_submitted>
  <study_first_submitted_qc>January 23, 2009</study_first_submitted_qc>
  <study_first_posted type="Estimate">January 27, 2009</study_first_posted>
  <disposition_first_submitted>September 24, 2016</disposition_first_submitted>
  <disposition_first_submitted_qc>September 24, 2016</disposition_first_submitted_qc>
  <disposition_first_posted type="Estimate">September 27, 2016</disposition_first_posted>
  <last_update_submitted>September 24, 2016</last_update_submitted>
  <last_update_submitted_qc>September 24, 2016</last_update_submitted_qc>
  <last_update_posted type="Estimate">September 27, 2016</last_update_posted>
  <!-- End of dates                                                                             -->
  <responsible_party>
    <responsible_party_type>Sponsor</responsible_party_type>
  </responsible_party>
  <keyword>Alzheimer's disease</keyword>
  <keyword>clinical trial</keyword>
  <keyword>mitochondria</keyword>
  <keyword>memory loss</keyword>
  <keyword>neurodegenerative disease</keyword>
  <keyword>dementia</keyword>
  <keyword>investigational drug</keyword>
  <condition_browse>
    <!-- CAUTION:  The following MeSH terms are assigned with an imperfect algorithm            -->
    <mesh_term>Alzheimer Disease</mesh_term>
  </condition_browse>
  <intervention_browse>
    <!-- CAUTION:  The following MeSH terms are assigned with an imperfect algorithm            -->
    <mesh_term>Donepezil</mesh_term>
  </intervention_browse>
  <!-- Results have not yet been posted, but a results disposition has been submitted           -->
</clinical_study>

