<?xml version="1.0" encoding="UTF-8"?>
<clinical_study rank="120">
  <!-- This xml conforms to an XML Schema at:
    https://clinicaltrials.gov/ct2/html/images/info/public.xsd -->
  <required_header>
    <download_date>ClinicalTrials.gov processed this data on November 07, 2017</download_date>
    <link_text>Link to the current ClinicalTrials.gov record.</link_text>
    <url>https://clinicaltrials.gov/show/NCT02615002</url>
  </required_header>
  <id_info>
    <org_study_id>NeuP11-AD2</org_study_id>
    <nct_id>NCT02615002</nct_id>
  </id_info>
  <brief_title>Safety and Efficacy of Piromelatine in Mild Alzheimer's Disease Patients (ReCOGNITION)</brief_title>
  <official_title>Randomized, Double-blind, Parallel-group, Placebo-controlled, Dose Ranging Study of Piromelatine in Patients With Mild Dementia Due to Alzheimer's Disease</official_title>
  <sponsors>
    <lead_sponsor>
      <agency>Neurim Pharmaceuticals Ltd.</agency>
      <agency_class>Industry</agency_class>
    </lead_sponsor>
  </sponsors>
  <source>Neurim Pharmaceuticals Ltd.</source>
  <oversight_info>
    <has_dmc>Yes</has_dmc>
  </oversight_info>
  <brief_summary>
    <textblock>
      This study is a Phase 2, randomized, placebo controlled, dose ranging study of piromelatine
      (5, 20, and 50 mg daily for 6 months) versus placebo to determine an effective dose based on
      efficacy (cognitive performance), safety and tolerability in patients with mild dementia due
      to AD.
    </textblock>
  </brief_summary>
  <overall_status>Recruiting</overall_status>
  <start_date>November 2015</start_date>
  <completion_date type="Anticipated">March 2018</completion_date>
  <primary_completion_date type="Anticipated">March 2018</primary_completion_date>
  <phase>Phase 2</phase>
  <study_type>Interventional</study_type>
  <has_expanded_access>No</has_expanded_access>
  <study_design_info>
    <allocation>Randomized</allocation>
    <intervention_model>Parallel Assignment</intervention_model>
    <primary_purpose>Treatment</primary_purpose>
    <masking>Quadruple (Participant, Care Provider, Investigator, Outcomes Assessor)</masking>
  </study_design_info>
  <primary_outcome>
    <measure>Change from baseline in Computerized neuropsychological test battery (cNTB)</measure>
    <time_frame>26 weeks</time_frame>
  </primary_outcome>
  <secondary_outcome>
    <measure>Change from baseline in Global Impression of Change (CGIC)</measure>
    <time_frame>26 weeks</time_frame>
  </secondary_outcome>
  <secondary_outcome>
    <measure>Change from baseline in Alzheimer's Disease Cooperative Study/Activities of Daily Living scale adapted for MCI patients (ADCS-MCI-ADL)</measure>
    <time_frame>4, 13, 26 weeks</time_frame>
  </secondary_outcome>
  <secondary_outcome>
    <measure>Change from baseline in Alzheimer's Disease Assessment Scale cognitive subscale (ADAS-cog14)</measure>
    <time_frame>13, 26 weeks</time_frame>
  </secondary_outcome>
  <secondary_outcome>
    <measure>Safety and tolerability of piromelatine</measure>
    <time_frame>26 weeks</time_frame>
    <description>Vital signs measurements (heart rate and blood pressure), reported AEs or SAEs, physical examinations results, clinical laboratory evaluations (hematology, biochemistry, and urinalysis), 12-lead ECGs results and Sheehan Suicidality Tracking Scale scores will be collected throughout the study.</description>
  </secondary_outcome>
  <other_outcome>
    <measure>Change form baseline in Neuropsychiatric Inventory (NPI) scale</measure>
    <time_frame>26 weeks</time_frame>
  </other_outcome>
  <other_outcome>
    <measure>Change from baseline in Pittsburgh Sleep Quality Index (PSQI)</measure>
    <time_frame>4, 13, 26 weeks</time_frame>
  </other_outcome>
  <number_of_arms>4</number_of_arms>
  <enrollment type="Anticipated">500</enrollment>
  <condition>Alzheimer's Disease</condition>
  <arm_group>
    <arm_group_label>piromelatine 5 mg</arm_group_label>
    <arm_group_type>Experimental</arm_group_type>
    <description>5 mg tablets once daily</description>
  </arm_group>
  <arm_group>
    <arm_group_label>piromelatine 20 mg</arm_group_label>
    <arm_group_type>Experimental</arm_group_type>
    <description>20 mg tablets once daily</description>
  </arm_group>
  <arm_group>
    <arm_group_label>piromelatine 50 mg</arm_group_label>
    <arm_group_type>Experimental</arm_group_type>
    <description>50 mg tablets once daily</description>
  </arm_group>
  <arm_group>
    <arm_group_label>Placebo</arm_group_label>
    <arm_group_type>Placebo Comparator</arm_group_type>
    <description>Placebo tablet once daily</description>
  </arm_group>
  <intervention>
    <intervention_type>Drug</intervention_type>
    <intervention_name>Piromelatine</intervention_name>
    <arm_group_label>piromelatine 5 mg</arm_group_label>
    <arm_group_label>piromelatine 20 mg</arm_group_label>
    <arm_group_label>piromelatine 50 mg</arm_group_label>
    <other_name>Neu-P11</other_name>
  </intervention>
  <intervention>
    <intervention_type>Drug</intervention_type>
    <intervention_name>Placebo</intervention_name>
    <arm_group_label>Placebo</arm_group_label>
  </intervention>
  <eligibility>
    <criteria>
      <textblock>
        Inclusion Criteria:

          -  Patient and caregiver are willing to take part in the entire study

          -  Signed informed consent from the patient and the caregiver

          -  Patient has a clearly documented history either in medical records or from an
             informant of cognitive decline over at least 6 months

          -  Patient has mild probable AD as consistent with criteria established by the NIA-AA

          -  CT/MRI scan with finding consisted with probable AD obtained during the last 12 months
             before Screening

          -  Patient has an MMSE score of 21-26 (inclusive) at Screening

          -  Patient has a Clinical Dementia Rating Global Score (CDR-GS) of 0.5-1 (mild dementia)
             at Screening

          -  Patients receiving prescribed drugs for treatment of AD including acetyl
             cholinesterase inhibitors [eg, donepezil, galantamine, rivastigmine] should be on a
             stable dose for at least 3 months before Screening

          -  Patient has a negative drug screen (benzodiazepines or opiates) at Screening

          -  Female patients must have had last natural menstruation ≥ 24 months before Screening,
             OR be surgically sterile

          -  Male patients must agree to use of effective contraception if female partner is of
             childbearing potential, OR be surgically sterile

        Exclusion Criteria:

          -  Patient has an alternative cause for dementia other than AD as determined by CT or MRI
             scan

          -  Patient has evidence of any clinically significant neurodegenerative disease

          -  Patient has been diagnosed with the following Axis I disorders (DSM V criteria)

          -  Patient has a history of uncontrolled or untreated cardiovascular, endocrine,
             gastrointestinal, respiratory, or rheumatologic disorders within the past 5 years

          -  Patient has severe pain that is likely to interfere with sleep

          -  Continuous use of benzodiazepines or other sedative-hypnotics during the 2 weeks
             before Screening

          -  Use of any kind of melatonin/melatonin agonist during the 2 weeks before Screening

          -  Patient has known or suspected hypersensitivity to exogenous melatonin or melatonin
             receptor agonists

          -  Patients with an irregular lifestyle or life pattern (eg, shift workers, patients
             likely to be jet lagged).
      </textblock>
    </criteria>
    <gender>All</gender>
    <minimum_age>60 Years</minimum_age>
    <maximum_age>85 Years</maximum_age>
    <healthy_volunteers>No</healthy_volunteers>
  </eligibility>
  <overall_official>
    <last_name>Lon Schneider, MD</last_name>
    <role>Study Chair</role>
    <affiliation>Keck School of Medicine of USC, Los Angeles, CA</affiliation>
  </overall_official>
  <overall_contact>
    <last_name>Neurim Pharmaceuticals, Ltd.</last_name>
    <phone>972-3-7684965</phone>
    <email>recognition@neurim.com</email>
  </overall_contact>
  <location>
    <facility>
      <name>Territory Neurology &amp; Research Institute</name>
      <address>
        <city>Tucson</city>
        <state>Arizona</state>
        <zip>85704</zip>
        <country>United States</country>
      </address>
    </facility>
    <status>Not yet recruiting</status>
    <contact>
      <phone>520-742-1833</phone>
      <email>info@territorynri.com</email>
    </contact>
  </location>
  <location>
    <facility>
      <name>Citrials Inc</name>
      <address>
        <city>Bellflower</city>
        <state>California</state>
        <zip>90706</zip>
        <country>United States</country>
      </address>
    </facility>
    <status>Recruiting</status>
    <contact>
      <phone>866-478-8391</phone>
    </contact>
  </location>
  <location>
    <facility>
      <name>ATP Clinical Research Inc.</name>
      <address>
        <city>Costa mesa</city>
        <state>California</state>
        <zip>92626</zip>
        <country>United States</country>
      </address>
    </facility>
    <status>Recruiting</status>
    <contact>
      <phone>714-277-4472</phone>
      <email>info@atpcr.com</email>
    </contact>
  </location>
  <location>
    <facility>
      <name>Alliance for Research</name>
      <address>
        <city>Long Beach</city>
        <state>California</state>
        <zip>90807</zip>
        <country>United States</country>
      </address>
    </facility>
    <status>Recruiting</status>
    <contact>
      <phone>844-283-3649</phone>
    </contact>
  </location>
  <location>
    <facility>
      <name>Renew Behavioral Health, Inc</name>
      <address>
        <city>Long Beach</city>
        <state>California</state>
        <zip>90807</zip>
        <country>United States</country>
      </address>
    </facility>
    <status>Recruiting</status>
    <contact>
      <phone>562-426-3300</phone>
    </contact>
  </location>
  <location>
    <facility>
      <name>Neuropsychiatric Center - University of California-Irvine</name>
      <address>
        <city>Orange</city>
        <state>California</state>
        <zip>92868</zip>
        <country>United States</country>
      </address>
    </facility>
    <status>Recruiting</status>
    <contact>
      <phone>714-456-5697</phone>
      <email>andrea.weideman@uci.edu</email>
    </contact>
  </location>
  <location>
    <facility>
      <name>ABS Health LLC</name>
      <address>
        <city>Ponoma</city>
        <state>California</state>
        <zip>91767</zip>
        <country>United States</country>
      </address>
    </facility>
    <status>Recruiting</status>
    <contact>
      <phone>562-309-4541</phone>
      <email>info@abs-health.com</email>
    </contact>
  </location>
  <location>
    <facility>
      <name>Anderson Clinical Research</name>
      <address>
        <city>Redlands</city>
        <state>California</state>
        <zip>92374</zip>
        <country>United States</country>
      </address>
    </facility>
    <status>Recruiting</status>
    <contact>
      <phone>909-792-9007</phone>
      <email>info@andersonstudies.com</email>
    </contact>
  </location>
  <location>
    <facility>
      <name>Breakthrough Clinical trials</name>
      <address>
        <city>San bernardino</city>
        <state>California</state>
        <zip>92408</zip>
        <country>United States</country>
      </address>
    </facility>
    <status>Recruiting</status>
    <contact>
      <phone>909-890-9222</phone>
      <email>questions@brkthru.org</email>
    </contact>
  </location>
  <location>
    <facility>
      <name>Pacific Research Network, Inc</name>
      <address>
        <city>San Diego</city>
        <state>California</state>
        <zip>92103</zip>
        <country>United States</country>
      </address>
    </facility>
    <status>Recruiting</status>
    <contact>
      <phone>619-294-4302</phone>
    </contact>
  </location>
  <location>
    <facility>
      <name>Sharp Mesa Vista Clinical research</name>
      <address>
        <city>San Diego</city>
        <state>California</state>
        <zip>92123</zip>
        <country>United States</country>
      </address>
    </facility>
    <status>Recruiting</status>
    <contact>
      <phone>858-836-8350</phone>
    </contact>
  </location>
  <location>
    <facility>
      <name>Syrentis Clinical Research</name>
      <address>
        <city>Santa Ana</city>
        <state>California</state>
        <zip>92705</zip>
        <country>United States</country>
      </address>
    </facility>
    <status>Recruiting</status>
    <contact>
      <phone>714-542-3008</phone>
      <email>mbarelacrc@gmail.com</email>
    </contact>
  </location>
  <location>
    <facility>
      <name>Shreenath Clinical Service</name>
      <address>
        <city>Yorba Linda</city>
        <state>California</state>
        <zip>92886</zip>
        <country>United States</country>
      </address>
    </facility>
    <status>Recruiting</status>
    <contact>
      <phone>714-717-6039</phone>
    </contact>
  </location>
  <location>
    <facility>
      <name>Research Center For Clinical Studies, Inc</name>
      <address>
        <city>Norwalk</city>
        <state>Connecticut</state>
        <zip>06851</zip>
        <country>United States</country>
      </address>
    </facility>
    <status>Recruiting</status>
    <contact>
      <phone>203-838-0070</phone>
    </contact>
  </location>
  <location>
    <facility>
      <name>Meridien Research INC</name>
      <address>
        <city>Brooksville</city>
        <state>Florida</state>
        <zip>34601</zip>
        <country>United States</country>
      </address>
    </facility>
    <status>Recruiting</status>
    <contact>
      <phone>352-597-8839</phone>
    </contact>
  </location>
  <location>
    <facility>
      <name>Pioneer Clinical research</name>
      <address>
        <city>Coconut Creek</city>
        <state>Florida</state>
        <zip>33066</zip>
        <country>United States</country>
      </address>
    </facility>
    <status>Recruiting</status>
    <contact>
      <last_name>Nilay Mehta</last_name>
      <phone>954-204-0052</phone>
      <email>nilaymehta@pioneerclinical.com</email>
    </contact>
  </location>
  <location>
    <facility>
      <name>University of Miami</name>
      <address>
        <city>Coral Gables</city>
        <state>Florida</state>
        <zip>33146</zip>
        <country>United States</country>
      </address>
    </facility>
    <status>Recruiting</status>
    <contact>
      <phone>305-355-8186</phone>
    </contact>
  </location>
  <location>
    <facility>
      <name>MD Clinical</name>
      <address>
        <city>Hallandale Beach</city>
        <state>Florida</state>
        <zip>33009</zip>
        <country>United States</country>
      </address>
    </facility>
    <status>Recruiting</status>
    <contact>
      <phone>954-455-5757</phone>
    </contact>
  </location>
  <location>
    <facility>
      <name>New Life Medical Research Center</name>
      <address>
        <city>Hialeah</city>
        <state>Florida</state>
        <zip>33012</zip>
        <country>United States</country>
      </address>
    </facility>
    <status>Recruiting</status>
    <contact>
      <phone>786-360-3750</phone>
      <email>ocana@newlifemedresearch.com</email>
    </contact>
  </location>
  <location>
    <facility>
      <name>Galiz reserach</name>
      <address>
        <city>Hialeah</city>
        <state>Florida</state>
        <zip>33016</zip>
        <country>United States</country>
      </address>
    </facility>
    <status>Recruiting</status>
    <contact>
      <phone>305-805-0921</phone>
    </contact>
  </location>
  <location>
    <facility>
      <name>Biomed Research Institute</name>
      <address>
        <city>Miami</city>
        <state>Florida</state>
        <zip>33126</zip>
        <country>United States</country>
      </address>
    </facility>
    <status>Recruiting</status>
    <contact>
      <phone>305-267-4123</phone>
    </contact>
  </location>
  <location>
    <facility>
      <name>Miami Jewish Health Systems</name>
      <address>
        <city>Miami</city>
        <state>Florida</state>
        <zip>33137</zip>
        <country>United States</country>
      </address>
    </facility>
    <status>Recruiting</status>
    <contact>
      <phone>305-514-8710</phone>
    </contact>
  </location>
  <location>
    <facility>
      <name>Advanced Clinical research Network</name>
      <address>
        <city>Miami</city>
        <state>Florida</state>
        <zip>33176</zip>
        <country>United States</country>
      </address>
    </facility>
    <status>Recruiting</status>
    <contact>
      <phone>305-702-1594</phone>
    </contact>
  </location>
  <location>
    <facility>
      <name>Naples research</name>
      <address>
        <city>Naples</city>
        <state>Florida</state>
        <zip>34102</zip>
        <country>United States</country>
      </address>
    </facility>
    <status>Recruiting</status>
  </location>
  <location>
    <facility>
      <name>Medical Research Group of central Florida Inc.</name>
      <address>
        <city>Orange City</city>
        <state>Florida</state>
        <zip>32763</zip>
        <country>United States</country>
      </address>
    </facility>
    <status>Recruiting</status>
    <contact>
      <phone>386-775-7627</phone>
    </contact>
  </location>
  <location>
    <facility>
      <name>The Roskamp Institute, Inc</name>
      <address>
        <city>Sarasota</city>
        <state>Florida</state>
        <zip>34243</zip>
        <country>United States</country>
      </address>
    </facility>
    <status>Recruiting</status>
    <contact>
      <phone>941-752-2949</phone>
      <email>info@roskampinstitute.net</email>
    </contact>
  </location>
  <location>
    <facility>
      <name>Infinity Clinical Research, LLC.</name>
      <address>
        <city>Sunrise</city>
        <state>Florida</state>
        <zip>33351</zip>
        <country>United States</country>
      </address>
    </facility>
    <status>Recruiting</status>
    <contact>
      <phone>954-366-0277</phone>
    </contact>
  </location>
  <location>
    <facility>
      <name>Olympian Clinical Research</name>
      <address>
        <city>Tampa</city>
        <state>Florida</state>
        <zip>33609</zip>
        <country>United States</country>
      </address>
    </facility>
    <status>Recruiting</status>
    <contact>
      <phone>813-849-5566</phone>
    </contact>
  </location>
  <location>
    <facility>
      <name>Meridien Research, INC</name>
      <address>
        <city>Tampa</city>
        <state>Florida</state>
        <zip>33634</zip>
        <country>United States</country>
      </address>
    </facility>
    <status>Recruiting</status>
    <contact>
      <phone>813-877-8839</phone>
      <email>cmanis@meridienresearch.net</email>
    </contact>
  </location>
  <location>
    <facility>
      <name>Medical reserach Soultions - Midtown Neurology</name>
      <address>
        <city>Atlanta</city>
        <state>Georgia</state>
        <zip>30312</zip>
        <country>United States</country>
      </address>
    </facility>
    <status>Recruiting</status>
    <contact>
      <phone>404-653-0039</phone>
    </contact>
  </location>
  <location>
    <facility>
      <name>Rowe Neurology</name>
      <address>
        <city>Lenexa</city>
        <state>Kansas</state>
        <zip>66214</zip>
        <country>United States</country>
      </address>
    </facility>
    <status>Not yet recruiting</status>
    <contact>
      <phone>913-827-4214</phone>
      <email>lkemble@neurokc.com</email>
    </contact>
  </location>
  <location>
    <facility>
      <name>Lake Charles Clinical Trials, LLC</name>
      <address>
        <city>Lake Charles</city>
        <state>Louisiana</state>
        <zip>27604</zip>
        <country>United States</country>
      </address>
    </facility>
    <status>Recruiting</status>
    <contact>
      <phone>337-564-6405</phone>
      <email>info@lakecharlesclinicaltrials.com</email>
    </contact>
  </location>
  <location>
    <facility>
      <name>Sheppard Pratt Health System</name>
      <address>
        <city>Baltimore</city>
        <state>Maryland</state>
        <zip>21204</zip>
        <country>United States</country>
      </address>
    </facility>
    <status>Recruiting</status>
    <contact>
      <phone>410-938-3000</phone>
    </contact>
  </location>
  <location>
    <facility>
      <name>Pharmasite Research INC</name>
      <address>
        <city>Baltimore</city>
        <state>Maryland</state>
        <zip>21208</zip>
        <country>United States</country>
      </address>
    </facility>
    <status>Recruiting</status>
    <contact>
      <phone>410-602-1440</phone>
    </contact>
  </location>
  <location>
    <facility>
      <name>Activmed Practices &amp; Research, Inc</name>
      <address>
        <city>Metheun</city>
        <state>Massachusetts</state>
        <zip>01844</zip>
        <country>United States</country>
      </address>
    </facility>
    <status>Recruiting</status>
    <contact>
      <phone>978-655-7155</phone>
      <email>info@activmedresearch.com</email>
    </contact>
  </location>
  <location>
    <facility>
      <name>Activmed Practices &amp; Research INC.</name>
      <address>
        <city>Methuen</city>
        <state>Massachusetts</state>
        <zip>01844</zip>
        <country>United States</country>
      </address>
    </facility>
    <status>Recruiting</status>
    <contact>
      <phone>978-655-7155</phone>
    </contact>
  </location>
  <location>
    <facility>
      <name>Quest Research Institute</name>
      <address>
        <city>Farmington Hills</city>
        <state>Michigan</state>
        <zip>48334</zip>
        <country>United States</country>
      </address>
    </facility>
    <status>Recruiting</status>
    <contact>
      <phone>248-957-8940</phone>
    </contact>
  </location>
  <location>
    <facility>
      <name>Precise Research Centers</name>
      <address>
        <city>Flowood</city>
        <state>Mississippi</state>
        <zip>39232</zip>
        <country>United States</country>
      </address>
    </facility>
    <status>Recruiting</status>
    <contact>
      <phone>601-420-5810</phone>
    </contact>
  </location>
  <location>
    <facility>
      <name>Hattiesburg Clinic, P.A.</name>
      <address>
        <city>Hattiesburg</city>
        <state>Mississippi</state>
        <zip>39401</zip>
        <country>United States</country>
      </address>
    </facility>
    <status>Recruiting</status>
    <contact>
      <phone>601-264-6000</phone>
    </contact>
  </location>
  <location>
    <facility>
      <name>Galen Research</name>
      <address>
        <city>Chesterfield</city>
        <state>Missouri</state>
        <zip>63005</zip>
        <country>United States</country>
      </address>
    </facility>
    <status>Recruiting</status>
    <contact>
      <phone>314-546-5888</phone>
    </contact>
  </location>
  <location>
    <facility>
      <name>Activmed Practices and Research</name>
      <address>
        <city>Portsmouth</city>
        <state>New Hampshire</state>
        <zip>03801</zip>
        <country>United States</country>
      </address>
    </facility>
    <status>Recruiting</status>
    <contact>
      <phone>603-319-8863</phone>
    </contact>
  </location>
  <location>
    <facility>
      <name>Alzheimer's Research Corporation</name>
      <address>
        <city>Manchester</city>
        <state>New Jersey</state>
        <zip>08759</zip>
        <country>United States</country>
      </address>
    </facility>
    <status>Recruiting</status>
    <contact>
      <phone>732-657-6100</phone>
    </contact>
  </location>
  <location>
    <facility>
      <name>The Neurocognitive Institute, LLC</name>
      <address>
        <city>Mount Arlington</city>
        <state>New Jersey</state>
        <zip>07856</zip>
        <country>United States</country>
      </address>
    </facility>
    <status>Recruiting</status>
    <contact>
      <phone>888-740-7517</phone>
      <email>info@neuroci.com</email>
    </contact>
  </location>
  <location>
    <facility>
      <name>Global Medical Institutes</name>
      <address>
        <city>Princeton</city>
        <state>New Jersey</state>
        <zip>08540</zip>
        <country>United States</country>
      </address>
    </facility>
    <status>Recruiting</status>
    <contact>
      <phone>718-339-7711</phone>
      <email>Contact@gminstitutes.com</email>
    </contact>
  </location>
  <location>
    <facility>
      <name>Neurology Specialists of Monmouth County</name>
      <address>
        <city>West Long Branch</city>
        <state>New Jersey</state>
        <zip>07764</zip>
        <country>United States</country>
      </address>
    </facility>
    <status>Recruiting</status>
    <contact>
      <phone>732-935-1850</phone>
      <email>avtuvy@neurologyspecialists.org</email>
    </contact>
  </location>
  <location>
    <facility>
      <name>Neurological Associates of Albany, PC</name>
      <address>
        <city>Albany</city>
        <state>New York</state>
        <zip>12208</zip>
        <country>United States</country>
      </address>
    </facility>
    <status>Recruiting</status>
    <contact>
      <phone>518-426-0575</phone>
      <email>Newpatient@naa.com</email>
    </contact>
  </location>
  <location>
    <facility>
      <name>Dent Neurosciences Research Center, Inc</name>
      <address>
        <city>Amherst</city>
        <state>New York</state>
        <zip>14226</zip>
        <country>United States</country>
      </address>
    </facility>
    <status>Recruiting</status>
    <contact>
      <phone>716-250-2000</phone>
    </contact>
  </location>
  <location>
    <facility>
      <name>Integrative Clinical Trials, LLC</name>
      <address>
        <city>Brooklyn</city>
        <state>New York</state>
        <zip>11229</zip>
        <country>United States</country>
      </address>
    </facility>
    <status>Recruiting</status>
    <contact>
      <phone>718-444-7774</phone>
      <email>info@iclinicaltrials.net</email>
    </contact>
  </location>
  <location>
    <facility>
      <name>SPRI Clinical Trials, LLC</name>
      <address>
        <city>Brooklyn</city>
        <state>New York</state>
        <zip>11235</zip>
        <country>United States</country>
      </address>
    </facility>
    <status>Recruiting</status>
    <contact>
      <phone>718-616-2400</phone>
    </contact>
  </location>
  <location>
    <facility>
      <name>State University of New York</name>
      <address>
        <city>Buffalo</city>
        <state>New York</state>
        <zip>14215</zip>
        <country>United States</country>
      </address>
    </facility>
    <status>Recruiting</status>
    <contact>
      <phone>716-888-4841</phone>
    </contact>
  </location>
  <location>
    <facility>
      <name>Manhattan Behavioral Medicine, PLLC</name>
      <address>
        <city>New York</city>
        <state>New York</state>
        <zip>10022</zip>
        <country>United States</country>
      </address>
    </facility>
    <status>Recruiting</status>
    <contact>
      <phone>646-678-4196</phone>
      <email>Info@ManhattanBehavioralMedicine.com</email>
    </contact>
  </location>
  <location>
    <facility>
      <name>Richmond Behavioral Associates</name>
      <address>
        <city>Staten Island</city>
        <state>New York</state>
        <zip>10312</zip>
        <country>United States</country>
      </address>
    </facility>
    <status>Recruiting</status>
    <contact>
      <phone>718-317-5522</phone>
    </contact>
  </location>
  <location>
    <facility>
      <name>New Hope Clinical research</name>
      <address>
        <city>Charlotte</city>
        <state>North Carolina</state>
        <zip>28211</zip>
        <country>United States</country>
      </address>
    </facility>
    <status>Recruiting</status>
    <contact>
      <phone>980-209-9784</phone>
    </contact>
  </location>
  <location>
    <facility>
      <name>Richard H. Weisler, M.D., P.A. &amp; Associates</name>
      <address>
        <city>Raleigh</city>
        <state>North Carolina</state>
        <zip>27609</zip>
        <country>United States</country>
      </address>
    </facility>
    <status>Recruiting</status>
    <contact>
      <phone>919-872-5900</phone>
    </contact>
  </location>
  <location>
    <facility>
      <name>Wake Research Associates, Llc</name>
      <address>
        <city>Raleigh</city>
        <state>North Carolina</state>
        <zip>27612</zip>
        <country>United States</country>
      </address>
    </facility>
    <status>Recruiting</status>
    <contact>
      <phone>919-781-2514</phone>
      <email>contactus@wakeresearch.com</email>
    </contact>
  </location>
  <location>
    <facility>
      <name>Red river medical research Center</name>
      <address>
        <city>Oklahoma City</city>
        <state>Oklahoma</state>
        <zip>73112</zip>
        <country>United States</country>
      </address>
    </facility>
    <status>Recruiting</status>
    <contact>
      <phone>405-759-5600</phone>
      <email>awhite@redriverokc.com</email>
    </contact>
  </location>
  <location>
    <facility>
      <name>Tulsa Clinical Research, LLC.</name>
      <address>
        <city>Tulsa</city>
        <state>Oklahoma</state>
        <zip>74104</zip>
        <country>United States</country>
      </address>
    </facility>
    <status>Recruiting</status>
    <contact>
      <phone>918-743-2349</phone>
      <email>manager@tulsaclinicalresearch.com</email>
    </contact>
  </location>
  <location>
    <facility>
      <name>The Clinical research Center LLC</name>
      <address>
        <city>Jenkintown</city>
        <state>Pennsylvania</state>
        <zip>19046</zip>
        <country>United States</country>
      </address>
    </facility>
    <status>Recruiting</status>
    <contact>
      <phone>215-884-1700</phone>
    </contact>
  </location>
  <location>
    <facility>
      <name>Suburban Research Associates</name>
      <address>
        <city>Media</city>
        <state>Pennsylvania</state>
        <zip>19063</zip>
        <country>United States</country>
      </address>
    </facility>
    <status>Recruiting</status>
    <contact>
      <phone>610-891-7200</phone>
    </contact>
  </location>
  <location>
    <facility>
      <name>Roper St. Francis Healthcare</name>
      <address>
        <city>Charleston</city>
        <state>South Carolina</state>
        <zip>29401</zip>
        <country>United States</country>
      </address>
    </facility>
    <status>Not yet recruiting</status>
    <contact>
      <phone>843-724-2208</phone>
      <email>Arthur.Williams@rsfh.com</email>
    </contact>
  </location>
  <location>
    <facility>
      <name>Neurology Clinic P.C.</name>
      <address>
        <city>Cordova</city>
        <state>Tennessee</state>
        <zip>38018</zip>
        <country>United States</country>
      </address>
    </facility>
    <status>Recruiting</status>
    <contact>
      <phone>901-747-1111</phone>
    </contact>
  </location>
  <location>
    <facility>
      <name>Clinical Research Solutions</name>
      <address>
        <city>Franklin</city>
        <state>Tennessee</state>
        <zip>37064</zip>
        <country>United States</country>
      </address>
    </facility>
    <status>Recruiting</status>
    <contact>
      <phone>615-577-4017</phone>
    </contact>
  </location>
  <location>
    <facility>
      <name>Shepherd Clinical Research LLC</name>
      <address>
        <city>Lewisville</city>
        <state>Texas</state>
        <zip>75067</zip>
        <country>United States</country>
      </address>
    </facility>
    <status>Recruiting</status>
    <contact>
      <phone>972-420-8777</phone>
      <email>support@shepherdhealth.com</email>
    </contact>
  </location>
  <location>
    <facility>
      <name>Radiant Research</name>
      <address>
        <city>San Antonio</city>
        <state>Texas</state>
        <zip>78229</zip>
        <country>United States</country>
      </address>
    </facility>
    <status>Not yet recruiting</status>
    <contact>
      <phone>210-614-7843</phone>
      <phone_ext>4210</phone_ext>
      <email>terifielder@radiantresearch.com</email>
    </contact>
  </location>
  <location>
    <facility>
      <name>Greyline Research Center</name>
      <address>
        <city>Wichita Falls</city>
        <state>Texas</state>
        <zip>76309</zip>
        <country>United States</country>
      </address>
    </facility>
    <status>Recruiting</status>
    <contact>
      <phone>940-322-1131</phone>
      <email>info@graylinecdt.com</email>
    </contact>
  </location>
  <location>
    <facility>
      <name>Aspen Clinical research</name>
      <address>
        <city>Orem</city>
        <state>Utah</state>
        <zip>84058</zip>
        <country>United States</country>
      </address>
    </facility>
    <status>Recruiting</status>
    <contact>
      <phone>801-356-5555</phone>
    </contact>
  </location>
  <location>
    <facility>
      <name>Wasatch Clinical Research LLC</name>
      <address>
        <city>Salt Lake City</city>
        <state>Utah</state>
        <zip>84107</zip>
        <country>United States</country>
      </address>
    </facility>
    <status>Recruiting</status>
    <contact>
      <phone>801-228-0607</phone>
    </contact>
  </location>
  <location>
    <facility>
      <name>Zain Research, Llc</name>
      <address>
        <city>Richland</city>
        <state>Washington</state>
        <zip>99352</zip>
        <country>United States</country>
      </address>
    </facility>
    <status>Recruiting</status>
    <contact>
      <phone>509-420-5053</phone>
      <email>nfo@zaimur.com</email>
    </contact>
  </location>
  <location>
    <facility>
      <name>Premier Clinical Research</name>
      <address>
        <city>Spokane</city>
        <state>Washington</state>
        <zip>99202</zip>
        <country>United States</country>
      </address>
    </facility>
    <status>Recruiting</status>
    <contact>
      <phone>509-343-3710</phone>
      <email>research@premierclinicalresearch.com</email>
    </contact>
  </location>
  <location>
    <facility>
      <name>Dean Foundation For Health, Research And Education, Inc.</name>
      <address>
        <city>Middleton</city>
        <state>Wisconsin</state>
        <zip>53562</zip>
        <country>United States</country>
      </address>
    </facility>
    <status>Recruiting</status>
    <contact>
      <phone>608-827-2316</phone>
    </contact>
  </location>
  <location_countries>
    <country>United States</country>
  </location_countries>
  <verification_date>March 2017</verification_date>
  <!-- Old date names will be dropped in a few months (sometime in 2018)                        -->
  <lastchanged_date>March 12, 2017</lastchanged_date>
  <firstreceived_date>November 18, 2015</firstreceived_date>
  <!-- New date names                                                                           -->
  <study_first_submitted>November 18, 2015</study_first_submitted>
  <study_first_submitted_qc>November 22, 2015</study_first_submitted_qc>
  <study_first_posted type="Estimate">November 25, 2015</study_first_posted>
  <last_update_submitted>March 12, 2017</last_update_submitted>
  <last_update_submitted_qc>March 12, 2017</last_update_submitted_qc>
  <last_update_posted type="Actual">March 14, 2017</last_update_posted>
  <!-- End of dates                                                                             -->
  <responsible_party>
    <responsible_party_type>Sponsor</responsible_party_type>
  </responsible_party>
  <keyword>Cognition</keyword>
  <keyword>mild Alzheimer's disease</keyword>
  <keyword>Sleep</keyword>
  <condition_browse>
    <!-- CAUTION:  The following MeSH terms are assigned with an imperfect algorithm            -->
    <mesh_term>Alzheimer Disease</mesh_term>
  </condition_browse>
  <study_docs>
    <study_doc>
      <doc_type>Study website</doc_type>
      <doc_url>http://www.recognitionstudy.com</doc_url>
    </study_doc>
  </study_docs>
  <!-- Results have not yet been posted for this study                                          -->
</clinical_study>

