<?xml version="1.0" encoding="UTF-8"?>
<clinical_study rank="194">
  <!-- This xml conforms to an XML Schema at:
    https://clinicaltrials.gov/ct2/html/images/info/public.xsd -->
  <required_header>
    <download_date>ClinicalTrials.gov processed this data on November 07, 2017</download_date>
    <link_text>Link to the current ClinicalTrials.gov record.</link_text>
    <url>https://clinicaltrials.gov/show/NCT02925650</url>
  </required_header>
  <id_info>
    <org_study_id>QR15001</org_study_id>
    <secondary_id>ADC-042-DISC</secondary_id>
    <nct_id>NCT02925650</nct_id>
  </id_info>
  <brief_title>Safety, Tolerability, PK and PD of Posiphen® in Subjects With Early Alzheimer's Disease</brief_title>
  <acronym>DISCOVER</acronym>
  <official_title>A Multicenter, Randomized, Double-Blind, Placebo-Controlled, Ascending Dose Study to Evaluate the Safety, Tolerability, Pharmacokinetics (PK) and Pharmacodynamic (PD) Effects of Posiphen® in Subjects With Early Alzheimer's Disease (AD)</official_title>
  <sponsors>
    <lead_sponsor>
      <agency>QR Pharma Inc.</agency>
      <agency_class>Industry</agency_class>
    </lead_sponsor>
    <collaborator>
      <agency>Alzheimer's Disease Cooperative Study (ADCS)</agency>
      <agency_class>Other</agency_class>
    </collaborator>
  </sponsors>
  <source>QR Pharma Inc.</source>
  <oversight_info>
    <has_dmc>Yes</has_dmc>
    <is_fda_regulated_drug>Yes</is_fda_regulated_drug>
    <is_fda_regulated_device>No</is_fda_regulated_device>
  </oversight_info>
  <brief_summary>
    <textblock>
      This study evaluates the safety and pharmacological effects of 3 different doses of Posiphen®
      when compared to a placebo, in adult male and female patients with early Alzheimer's disease
      (AD).
    </textblock>
  </brief_summary>
  <detailed_description>
    <textblock>
      Posiphen®, which was discovered by the US National Institute on Aging (NIA) is a selective
      inhibitor of amyloid precursor protein (APP) production and has potential utility as a
      disease modifying treatment for AD. The present study will confirm the pharmacokinetics (PK)
      of Posiphen and its metabolites in plasma and cerebral spinal fluid (CSF). It will also
      measure the effects of a 23-25 day treatment period with Posiphen on the CSF and plasma
      levels of a number of biomarkers, inflammatory factors and control proteins. It will also
      expand the safety data in humans by extending the treatment period from 10 days to a
      treatment period from 23-25 days. In addition, this study will measure concentrations of
      various soluble biomarkers in CSF and use the SILK™ assay methods to directly measure the
      effect of Posiphen on the fractional synthesis rate of Aβ40 in CSF, which will help guide the
      further development of Posiphen and determine the feasibility of SILK™ in a multicenter
      trial.
    </textblock>
  </detailed_description>
  <overall_status>Recruiting</overall_status>
  <start_date type="Actual">March 2, 2017</start_date>
  <completion_date type="Anticipated">December 2018</completion_date>
  <primary_completion_date type="Anticipated">December 2017</primary_completion_date>
  <phase>Phase 1/Phase 2</phase>
  <study_type>Interventional</study_type>
  <has_expanded_access>No</has_expanded_access>
  <study_design_info>
    <allocation>Randomized</allocation>
    <intervention_model>Parallel Assignment</intervention_model>
    <primary_purpose>Treatment</primary_purpose>
    <masking>Quadruple (Participant, Care Provider, Investigator, Outcomes Assessor)</masking>
  </study_design_info>
  <primary_outcome>
    <measure>Safety and Tolerability: Reports of adverse events or study discontinuations</measure>
    <time_frame>up to 25 days</time_frame>
    <description>Reports of adverse events or study discontinuations related to Posiphen</description>
  </primary_outcome>
  <primary_outcome>
    <measure>AUC of Posiphen and its metabolites in plasma and CSF</measure>
    <time_frame>up to 25 days</time_frame>
    <description>The levels of Posiphen and its metabolites will be determined in plasma and CSF</description>
  </primary_outcome>
  <primary_outcome>
    <measure>Fractional synthesis rate of Aβ40 in CSF using the SILK™ technique</measure>
    <time_frame>up to 25 days</time_frame>
    <description>The fractional synthesis rate (FSR) of Aβ40 will be measured in the CSF using the SILK™ technique</description>
  </primary_outcome>
  <secondary_outcome>
    <measure>Concentration of soluble biomarkers of Alzheimer's disease in CSF</measure>
    <time_frame>up to 25 days</time_frame>
    <description>Alzheimer's disease biomarkers including Beta Amyloid 38 (Aβ38), Aβ42, Soluble Amyloid Precursor Protein alpha (sAPPα), Soluble Amyloid Precursor Protein beta (sAPPβ), T-Tau, and Acetylcholinesterase (AChE), will be measured in the CSF to determine if Posiphen has any affect.</description>
  </secondary_outcome>
  <secondary_outcome>
    <measure>Assessment of cognitive assessments</measure>
    <time_frame>up to 25 days</time_frame>
    <description>The short-term cognitive effects of Posiphen will be measured using the Alzheimer's Disease Assessment Scale (ADAS-Cog12).</description>
  </secondary_outcome>
  <secondary_outcome>
    <measure>Assessment of mental status effects</measure>
    <time_frame>up to 25 days</time_frame>
    <description>The short-term mental status effects of Posiphen will be measured using the Mini-Mental State Examination (MMSE).</description>
  </secondary_outcome>
  <secondary_outcome>
    <measure>Assessment of neuropsychiatric effects</measure>
    <time_frame>up to 25 days</time_frame>
    <description>The short-term neuropsychiatric effects of Posiphen will be measured using the Neuropsychiatric Inventory (NPI).</description>
  </secondary_outcome>
  <number_of_arms>4</number_of_arms>
  <enrollment type="Anticipated">24</enrollment>
  <condition>Alzheimer's Disease</condition>
  <arm_group>
    <arm_group_label>Low Dose</arm_group_label>
    <arm_group_type>Experimental</arm_group_type>
    <description>The study drug Posiphen dosage of 60mg is to be taken orally in divided doses, three times per day for a total 23-25 days.</description>
  </arm_group>
  <arm_group>
    <arm_group_label>Medium Dose</arm_group_label>
    <arm_group_type>Experimental</arm_group_type>
    <description>The study drug Posiphen dosage of 120mg is to be taken orally in divided doses, three times per day for a total 23-25 days.</description>
  </arm_group>
  <arm_group>
    <arm_group_label>High Dose</arm_group_label>
    <arm_group_type>Experimental</arm_group_type>
    <description>The study drug Posiphen dosage of 180mg is to be taken orally in divided doses, three times per day for a total 23-25 days.</description>
  </arm_group>
  <arm_group>
    <arm_group_label>Placebo</arm_group_label>
    <arm_group_type>Placebo Comparator</arm_group_type>
    <description>The Placebo comparator is to be taken orally in divided doses, three times per day for a total 23-25 days.</description>
  </arm_group>
  <intervention>
    <intervention_type>Drug</intervention_type>
    <intervention_name>Posiphen</intervention_name>
    <description>oral solid dosage form capsule</description>
    <arm_group_label>Low Dose</arm_group_label>
    <arm_group_label>Medium Dose</arm_group_label>
    <arm_group_label>High Dose</arm_group_label>
  </intervention>
  <intervention>
    <intervention_type>Drug</intervention_type>
    <intervention_name>Placebo</intervention_name>
    <description>oral solid dosage form capsule</description>
    <arm_group_label>Placebo</arm_group_label>
  </intervention>
  <eligibility>
    <criteria>
      <textblock>
        Inclusion Criteria:

          1. Male or female aged 55 to 85 years (inclusive).

          2. Female participants must be post-menopausal for at least 2 consecutive years or
             surgically sterile (bilateral tubal ligation, hysterectomy or bilateral oophorectomy)
             for at least 6 months prior to screening.

          3. Female participants will be given a urine pregnancy test at the screening visit for
             which they should test negative.

          4. Diagnosis of amnestic MCI or probable mild AD according to the core clinical criteria
             outlined in the NIA-AA Guidelines.

          5. MMSE score between the range of 21 to 27.

          6. CDR score of 0.5 or 1.0.

          7. A score on the Logical Memory II subscale (Delayed Paragraph Recall, Paragraph A only)
             from the Wechsler Memory Scale-Revised within the following education-adjusted ranges:

               -  Less than or equal to 11 for 16 or more years of education

               -  Less than or equal to 9 for 8-15 years of education

               -  Less than or equal to 6 for 0-7 years of education

          8. To qualify for entry, subjects will have CSF Aβ42 levels that are consistent with
             Alzheimer's disease as measured via mass spectrometry by C2N.

          9. General cognition and functional performance sufficiently preserved that the subject
             can provide written informed consent.

         10. A minimum of 6 years of education or good work history.

         11. Study partner is available who has frequent contact with the subject (e.g. average of
             10 hours per week or more), and can accompany the subject to most visits to answer
             questions about the subject. Study partner (or other individual) should also oversee
             study drug administration if needed to ensure compliance with dose regimen.

         12. No evidence of current suicidal ideation or previous suicide attempt in the past month
             as evaluated in the Columbia Suicide Severity Rating Scale.

         13. MRI scan within the 12 months prior to screening without evidence of infection,
             infarction, or other focal lesions and without clinical symptoms suggestive of
             intervening neurological disease. Lacunes that are not believed to contribute to the
             subject's cognitive impairment are permissible. If there is no MRI available within a
             12-month timeframe, then an MRI must be performed as part of the screening procedures
             for eligibility.

         14. Stability of permitted medications for 4 weeks prior to baseline. NOTE: Cholinesterase
             inhibitors and or memantine are allowable only if stable for 12 weeks prior to screen.
             If taking Aricept (donepezil), no more than 10 mg/day is permitted during the course
             of the study.

         15. Adequate visual and hearing ability (physical ability to perform all the study
             assessments).

         16. Good general health with no disease expected to interfere with the study. Subjects may
             have common age-related disorders (i.e., hypertension, type II diabetes, dyslipidemia,
             and hypothyroidism) as long as these disorders are being controlled by diet or
             medication.

         17. Must speak English fluently.

        Exclusion Criteria:

          1. Has a history of a psychiatric disorder such as schizophrenia, bipolar disorder or
             major depression according to the criteria of the most current version of the
             Diagnostic and Statistical Manual of Mental Disorders (DSM). Mild depression or
             history of depression that is stable on treatment with a tricyclic antidepressant SSRI
             or SNRI medication at a stable dose is acceptable.

          2. Other neurodegenerative diseases, including Parkinson's disease and Huntington's
             disease, or cerebral tumor.

          3. Dementia other than AD, such as Acquired Immunodeficiency Syndrome (AIDS),
             Creutzfeldt-Jakob disease (CJD), Lewy Bodies dementia (LBD), Cerebrovascular dementia
             (CVD), Progressive Supranuclear Palsy (PSP), or normal pressure hydrocephalus (NPH).

          4. History of a seizure disorder.

          5. Clinically significant abnormalities in screening laboratory or ECG results.

          6. Has current serious or unstable illness including cardiovascular, hepatic, renal,
             gastroenterologic, respiratory, endocrinologic, neurologic, psychiatric, immunologic,
             or hematologic disease or other conditions that, in the investigator's opinion, makes
             them ineligible for participation in this study.

          7. Has four or more microinfarcts as noted in the MRI scan.

          8. Has cancer or has had a malignant tumor within the past 3 years, except patients who
             underwent potentially curative therapy with no evidence of recurrence. (Patients with
             stable untreated prostate cancer or skin cancers are not excluded).

          9. According to the criteria of the most current version of the DSM, alcohol abuse,
             alcohol dependence, or drug abuse in the past 5 years.

         10. Participation in another clinical trial with an investigational agent and have taken
             at least one dose of study medication, unless unblinded on placebo, within 16 weeks
             prior to screening. (The end of a previous investigational trial is the date the last
             dose of an investigational agent was taken).

         11. Resides in a skilled nursing facility.

         12. Subjects with infection or inflammation of the skin or skin disease at or in proximity
             to the lumbar puncture site.

         13. History of lumbar spine surgery or chronic low back pain (CLBP).

         14. Subjects whom the site PI deems to be otherwise ineligible.
      </textblock>
    </criteria>
    <gender>All</gender>
    <minimum_age>55 Years</minimum_age>
    <maximum_age>85 Years</maximum_age>
    <healthy_volunteers>No</healthy_volunteers>
  </eligibility>
  <location>
    <facility>
      <name>UCSD Alzheimer's Disease Research Center</name>
      <address>
        <city>La Jolla</city>
        <state>California</state>
        <zip>92037</zip>
        <country>United States</country>
      </address>
    </facility>
    <status>Recruiting</status>
    <contact>
      <last_name>Helen Vanderswag</last_name>
      <phone>858-822-4800</phone>
      <email>hvanderswag@ucsd.edu</email>
    </contact>
  </location>
  <location>
    <facility>
      <name>IU Health Partners, Adult Neurology Clinic</name>
      <address>
        <city>Indianapolis</city>
        <state>Indiana</state>
        <zip>46202</zip>
        <country>United States</country>
      </address>
    </facility>
    <status>Recruiting</status>
    <contact>
      <last_name>Gena Antonopoulos</last_name>
      <phone>317-963-7428</phone>
      <email>ganto@iu.edu</email>
    </contact>
  </location>
  <location>
    <facility>
      <name>Washington University Sleep Medicine Center</name>
      <address>
        <city>Brentwood</city>
        <state>Missouri</state>
        <zip>63144</zip>
        <country>United States</country>
      </address>
    </facility>
    <status>Recruiting</status>
    <contact>
      <last_name>Jill Boyd</last_name>
      <phone>314-747-3477</phone>
      <email>massenaj@wustl.edu</email>
    </contact>
  </location>
  <location_countries>
    <country>United States</country>
  </location_countries>
  <verification_date>May 2017</verification_date>
  <!-- Old date names will be dropped in a few months (sometime in 2018)                        -->
  <lastchanged_date>May 29, 2017</lastchanged_date>
  <firstreceived_date>September 29, 2016</firstreceived_date>
  <!-- New date names                                                                           -->
  <study_first_submitted>September 29, 2016</study_first_submitted>
  <study_first_submitted_qc>October 4, 2016</study_first_submitted_qc>
  <study_first_posted type="Estimate">October 6, 2016</study_first_posted>
  <last_update_submitted>May 29, 2017</last_update_submitted>
  <last_update_submitted_qc>May 29, 2017</last_update_submitted_qc>
  <last_update_posted type="Actual">May 31, 2017</last_update_posted>
  <!-- End of dates                                                                             -->
  <responsible_party>
    <responsible_party_type>Sponsor</responsible_party_type>
  </responsible_party>
  <keyword>Alzheimer's Disease</keyword>
  <keyword>SILK™</keyword>
  <keyword>Pharmacodynamics</keyword>
  <keyword>Safety</keyword>
  <keyword>Pharmacokinetics</keyword>
  <condition_browse>
    <!-- CAUTION:  The following MeSH terms are assigned with an imperfect algorithm            -->
    <mesh_term>Alzheimer Disease</mesh_term>
  </condition_browse>
  <intervention_browse>
    <!-- CAUTION:  The following MeSH terms are assigned with an imperfect algorithm            -->
    <mesh_term>Physostigmine</mesh_term>
  </intervention_browse>
  <patient_data>
    <sharing_ipd>Yes</sharing_ipd>
    <ipd_description>Data from this research will be shared with other researchers pursuant to the 02/26/2003 &quot;NIH Final Statement on Sharing Research Data&quot;.</ipd_description>
  </patient_data>
  <!-- Results have not yet been posted for this study                                          -->
</clinical_study>

