<?xml version="1.0" encoding="UTF-8"?>
<clinical_study rank="425">
  <!-- This xml conforms to an XML Schema at:
    https://clinicaltrials.gov/ct2/html/images/info/public.xsd -->
  <required_header>
    <download_date>ClinicalTrials.gov processed this data on November 07, 2017</download_date>
    <link_text>Link to the current ClinicalTrials.gov record.</link_text>
    <url>https://clinicaltrials.gov/show/NCT02353598</url>
  </required_header>
  <id_info>
    <org_study_id>GN29632</org_study_id>
    <nct_id>NCT02353598</nct_id>
  </id_info>
  <brief_title>A Study of Crenezumab in Participants With Mild to Moderate Alzheimer Disease</brief_title>
  <official_title>A Phase Ib, Multicenter, Randomized, Placebo-Controlled, Double-Blind, Parallel-Arm, Multiple-Dose Study to Assess The Safety, Tolerability, And Pharmacokinetics of Intravenous Crenezumab Administered in Patients With Mild to Moderate Alzheimer's Disease</official_title>
  <sponsors>
    <lead_sponsor>
      <agency>Genentech, Inc.</agency>
      <agency_class>Industry</agency_class>
    </lead_sponsor>
  </sponsors>
  <source>Genentech, Inc.</source>
  <oversight_info>
    <is_fda_regulated_drug>Yes</is_fda_regulated_drug>
    <is_fda_regulated_device>No</is_fda_regulated_device>
  </oversight_info>
  <brief_summary>
    <textblock>
      This randomized, placebo-controlled, double-blind, parallel-arm study will evaluate the
      safety and tolerability of at least two dose levels of intravenous (IV) crenezumab in 24-72
      participants with mild to moderate Alzheimer disease (AD) (mini-mental state examination
      [MMSE] 18 to 28 points, inclusive). An optional open-label extension (OLE) will be offered
      after the completion of initial double-blind stage.
    </textblock>
  </brief_summary>
  <overall_status>Active, not recruiting</overall_status>
  <start_date type="Actual">February 26, 2015</start_date>
  <completion_date type="Anticipated">September 1, 2023</completion_date>
  <primary_completion_date type="Actual">November 30, 2016</primary_completion_date>
  <phase>Phase 1</phase>
  <study_type>Interventional</study_type>
  <has_expanded_access>No</has_expanded_access>
  <study_design_info>
    <allocation>Randomized</allocation>
    <intervention_model>Parallel Assignment</intervention_model>
    <primary_purpose>Treatment</primary_purpose>
    <masking>Double (Participant, Investigator)</masking>
  </study_design_info>
  <primary_outcome>
    <measure>Number of participants with anti-crenezumab antibodies</measure>
    <time_frame>From baseline up to follow-up period (Week 69)</time_frame>
  </primary_outcome>
  <primary_outcome>
    <measure>Number of participants with suicidal ideation, suicidal behavior, and self-injurious behavior without suicidal intent, as determined using the columbia-cuicide severity rating scale (C-SSRS)</measure>
    <time_frame>From baseline up to follow-up period (Week 69)</time_frame>
  </primary_outcome>
  <primary_outcome>
    <measure>Number of participants with changes from baseline in vital signs, electrocardiogram (ECG) and clinical laboratory results</measure>
    <time_frame>From baseline up to follow-up period (Week 69)</time_frame>
  </primary_outcome>
  <primary_outcome>
    <measure>Number of participants with amyloid-related imaging abnormalities-hemorrhage (ARIA-H)</measure>
    <time_frame>Up to Week 13</time_frame>
  </primary_outcome>
  <primary_outcome>
    <measure>Number of participants with adverse events (AEs) and serious adverse events (SAEs) according to national cancer institute common terminology criteria for adverse events, version 4.0 (NCICTCAE v4.0)</measure>
    <time_frame>From baseline up to follow-up period (Week 69)</time_frame>
  </primary_outcome>
  <primary_outcome>
    <measure>Number of participants with of non-serious AEs of special interest</measure>
    <time_frame>From baseline up to follow-up period (Week 69)</time_frame>
  </primary_outcome>
  <primary_outcome>
    <measure>Number of participants with amyloid-related imaging abnormalities-edema/effusion (ARIA-E)</measure>
    <time_frame>Up to Week 13</time_frame>
  </primary_outcome>
  <secondary_outcome>
    <measure>Serum concentration of crenezumab</measure>
    <time_frame>Pre-dose on Day 1, 60-90 minutes (min) post infusion on Day 1, Days 2, 8, Week 2, pre-dose and 60-90 min post infusion on dosing day of Weeks 5, 9, 13, and 21; pre-dose and 60-90 min post infusion on dosing day of Weeks 25, 53, 61, and 69</time_frame>
  </secondary_outcome>
  <number_of_arms>5</number_of_arms>
  <enrollment type="Actual">77</enrollment>
  <condition>Alzheimer Disease</condition>
  <arm_group>
    <arm_group_label>Double-blind treatment window: Crenezumab dose level 1</arm_group_label>
    <arm_group_type>Experimental</arm_group_type>
    <description>Participants will recieve crenezumab dose level 1 once every 4 weeks.</description>
  </arm_group>
  <arm_group>
    <arm_group_label>Double-blind treatment window: Crenezumab dose level 2</arm_group_label>
    <arm_group_type>Experimental</arm_group_type>
    <description>Participants will receive crenezumab dose level 2 once every 4 weeks.</description>
  </arm_group>
  <arm_group>
    <arm_group_label>Double-blind treatment window: Crenezumab dose level 3</arm_group_label>
    <arm_group_type>Experimental</arm_group_type>
    <description>Participants will receive crenezumab dose level 3 once every 4 weeks.</description>
  </arm_group>
  <arm_group>
    <arm_group_label>Double-blind treatment window: Placebo</arm_group_label>
    <arm_group_type>Placebo Comparator</arm_group_type>
    <description>Participants will receive placebo matched to crenezumab once every 4 weeks.</description>
  </arm_group>
  <arm_group>
    <arm_group_label>Optional OLE window: Crenezumab</arm_group_label>
    <arm_group_type>Experimental</arm_group_type>
    <description>Participants will receive crenezumab dose levels 1 2, or 3 once in every 4 weeks.</description>
  </arm_group>
  <intervention>
    <intervention_type>Drug</intervention_type>
    <intervention_name>Crenezumab dose level 1</intervention_name>
    <description>Participants will receive crenezumb dose level 1 IV infusion once every 4 weeks up to Week 13 in double-blind treatment window or up to Week 61 in optional OLE window.</description>
    <arm_group_label>Double-blind treatment window: Crenezumab dose level 1</arm_group_label>
    <arm_group_label>Optional OLE window: Crenezumab</arm_group_label>
  </intervention>
  <intervention>
    <intervention_type>Drug</intervention_type>
    <intervention_name>Crenezumab dose level 2</intervention_name>
    <description>Participants will receive crenezumb dose level 2 IV infusion once every 4 weeks up to Week 13 in double-blind treatment window or up to Week 61 in optional OLE window.</description>
    <arm_group_label>Double-blind treatment window: Crenezumab dose level 2</arm_group_label>
    <arm_group_label>Optional OLE window: Crenezumab</arm_group_label>
  </intervention>
  <intervention>
    <intervention_type>Drug</intervention_type>
    <intervention_name>Crenezumb dose level 3</intervention_name>
    <description>Participants will receive crenezumb dose level 3 IV infusion once every 4 weeks upto Week 13 in double-blind treatment window or up to Week 61 in optional OLE window.</description>
    <arm_group_label>Double-blind treatment window: Crenezumab dose level 3</arm_group_label>
    <arm_group_label>Optional OLE window: Crenezumab</arm_group_label>
  </intervention>
  <intervention>
    <intervention_type>Drug</intervention_type>
    <intervention_name>Placebo</intervention_name>
    <description>Participants will receive placebo matched to crenezumab IV infusion once every 4 weeks upto Week 13 in double-blind treatment window.</description>
    <arm_group_label>Double-blind treatment window: Placebo</arm_group_label>
  </intervention>
  <eligibility>
    <criteria>
      <textblock>
        Inclusion Criteria:

          -  Body weight greater than or equal (&gt;/=) 45 kilograms (kg) and less than or equal (&lt;/=)
             120 kg

          -  Ages 50-90 years, inclusive

          -  Availability of a person (&quot;caregiver&quot;) who, in the investigator's judgment, has
             frequent and sufficient contact with the participant and is able to provide accurate
             information regarding the participant's cognitive and functional abilities, agrees to
             provide information at clinic visits, which require partner input for scale
             completion, and signs the necessary consent form

          -  Willingness and ability to complete all aspects of the study; the participant should
             be capable of completing assessments either alone or with the help of the caregiver

          -  Adequate visual and auditory acuity, in the investigator's judgment, sufficient to
             perform the neuropsychological testing

          -  Clinical diagnosis of probable mild to moderate AD based on the national institute on
             neurological and communication disease and stroke/Alzheimer's disease and related
             disorders association (NINCDS/ADRDA) criteria or probable major neurocognitive
             disorder due to AD of mild to moderate severity based on diagnostic and statistical
             manual of mental disorders, version 5 (DSM-5) criteria

          -  Screening MMSE score of 18-28 points, inclusive

          -  Screening clinical dementia rating global score (CDR-GS) of 0.5 or 1.0

          -  Screening geriatric depression (GDS)-15 score less than (&lt;) 6

          -  Positive florbetapir amyloid positron emission tomography (PET) scan by qualitative
             read conducted by the core/central PET laboratory

          -  Women must be postmenopausal or surgically sterile

          -  Men with female partners of childbearing potential agree to remain abstinent or use
             adequate methods of contraception as defined by protocol during the treatment period
             and for at least 8 weeks after the last dose of study drug and agreement to refrain
             from donating sperm during this same period

        Exclusion Criteria:

          -  History or presence of clinically evident vascular disease potentially affecting the
             brain that, in the opinion of the investigator, has the potential to affect cognitive
             function

          -  History or presence of stroke within the previous 2 years or documented history of
             transient ischemic attack within the previous 12 months

          -  History of severe, clinically significant central nervous system trauma

          -  History or presence of intracranial tumor that is clinically relevant in the opinion
             of the investigator

          -  Presence of infections that affect brain function or history of infections that
             resulted in neurologic sequelae

          -  History or presence of systemic autoimmune disorders potentially causing progressive
             neurologic disease with associated cognitive deficits

          -  History or presence of a neurologic disease other than AD that may affect cognition

          -  Presence of superficial siderosis, more than four cerebral microhemorrhages, or
             evidence of a prior cerebral macrohemorrhage

          -  Inability to tolerate magnetic resonance imaging (MRI) procedures or contraindication
             to MRI

          -  History or presence of atrial fibrillation except if only one episode that resolved
             more than 1 year ago and for which treatment is no longer indicated or that in the
             investigator's judgment poses no risk for future stroke

          -  Within the previous 2 years, unstable or clinically significant cardiovascular disease

          -  Uncontrolled hypertension

          -  Chronic kidney disease of Stage &gt;/= 4, according to the national kidney foundation
             kidney disease outcomes quality initiative (NKF KDOQI) guidelines for chronic kidney
             disease

          -  Impaired hepatic function

          -  Clinically significantly abnormal screening blood or urine that remain abnormal on
             retest

          -  History of malignancies within 5 years prior to screening, except for appropriately
             treated carcinoma in situ of the cervix, non-melanoma skin carcinoma, or Stage I
             uterine cancer; cancer that is considered likely to be cured, is not being actively
             treated with anti-cancer therapy or radiotherapy and not likely to require treatment
             in the ensuing 5 years as well as cancers that are considered to have low probability
             of recurrence are allowed

          -  Known history of severe allergic, anaphylactic, or other hypersensitivity reactions to
             chimeric, human, or humanized antibodies or fusion proteins

          -  Severe or unstable medical condition that, in the opinion of the investigator or
             sponsor, could be expected to progress, recur, or change to such an extent that it
             could put the patient at special risk, bias the assessment of the clinical or mental
             status of the patient to a significant degree, interfere with the patient's ability to
             complete the study assessments, or would require the equivalent of institutional or
             hospital care

          -  Any previous treatment with medications used to treat Parkinsonian symptoms or any
             other neurodegenerative disorder within 1 year before screening even if the patient is
             taking the medicine for a non-neurodegenerative disorder such as restless leg disorder

          -  Typical anti-psychotic or neuroleptic medication within 6 months before screening
             except as brief treatment for a non-psychiatric indication

          -  Antihemostasis medication within 2 weeks before screening

          -  Sedative, hypnotic, or benzodiazepine medication within 3 months before screening
             except intermittent use of the following for sleep or anxiety: alprazolam, lorazepam,
             oxazepam, temazepam, diazepam, or a short-acting benzodiazepine-like medication
      </textblock>
    </criteria>
    <gender>All</gender>
    <minimum_age>50 Years</minimum_age>
    <maximum_age>90 Years</maximum_age>
    <healthy_volunteers>No</healthy_volunteers>
  </eligibility>
  <overall_official>
    <last_name>Clinical Trials</last_name>
    <role>Study Director</role>
    <affiliation>Hoffmann-La Roche</affiliation>
  </overall_official>
  <location>
    <facility>
      <name>Mayo Clinic Scottsdale</name>
      <address>
        <city>Phoenix</city>
        <state>Arizona</state>
        <zip>85054</zip>
        <country>United States</country>
      </address>
    </facility>
  </location>
  <location>
    <facility>
      <name>UCSF - Memory and Aging Center</name>
      <address>
        <city>San Francisco</city>
        <state>California</state>
        <zip>94143</zip>
        <country>United States</country>
      </address>
    </facility>
  </location>
  <location>
    <facility>
      <name>Brain Matters Research, Inc.</name>
      <address>
        <city>Delray Beach</city>
        <state>Florida</state>
        <zip>33445</zip>
        <country>United States</country>
      </address>
    </facility>
  </location>
  <location>
    <facility>
      <name>Compass Research North, LLC</name>
      <address>
        <city>Leesburg</city>
        <state>Florida</state>
        <zip>34748</zip>
        <country>United States</country>
      </address>
    </facility>
  </location>
  <location>
    <facility>
      <name>Miami Jewish Health Systems</name>
      <address>
        <city>Miami</city>
        <state>Florida</state>
        <zip>33137</zip>
        <country>United States</country>
      </address>
    </facility>
  </location>
  <location>
    <facility>
      <name>Compass Research</name>
      <address>
        <city>Orlando</city>
        <state>Florida</state>
        <zip>32806</zip>
        <country>United States</country>
      </address>
    </facility>
  </location>
  <location>
    <facility>
      <name>Indiana University School Of Medicine; Department Of Neurology</name>
      <address>
        <city>Indianapolis</city>
        <state>Indiana</state>
        <zip>46202</zip>
        <country>United States</country>
      </address>
    </facility>
  </location>
  <location>
    <facility>
      <name>Hattiesburg Clinic</name>
      <address>
        <city>Hattiesburg</city>
        <state>Mississippi</state>
        <zip>39401</zip>
        <country>United States</country>
      </address>
    </facility>
  </location>
  <location>
    <facility>
      <name>Millennium Psychiatric Associates, LLC</name>
      <address>
        <city>Creve Coeur</city>
        <state>Missouri</state>
        <zip>63141</zip>
        <country>United States</country>
      </address>
    </facility>
  </location>
  <location>
    <facility>
      <name>Columbia University Medical Center</name>
      <address>
        <city>New York</city>
        <state>New York</state>
        <zip>10032</zip>
        <country>United States</country>
      </address>
    </facility>
  </location>
  <location>
    <facility>
      <name>UNiversity of Rochester</name>
      <address>
        <city>Rochester</city>
        <state>New York</state>
        <zip>14620</zip>
        <country>United States</country>
      </address>
    </facility>
  </location>
  <location>
    <facility>
      <name>Rhode Island Mood &amp; Memory Research Institute</name>
      <address>
        <city>East Providence</city>
        <state>Rhode Island</state>
        <zip>02914</zip>
        <country>United States</country>
      </address>
    </facility>
  </location>
  <location>
    <facility>
      <name>Roper St. Francis Healthcare; Clinical Biotechnology Research Institute</name>
      <address>
        <city>Charleston</city>
        <state>South Carolina</state>
        <zip>29401</zip>
        <country>United States</country>
      </address>
    </facility>
  </location>
  <location_countries>
    <country>United States</country>
  </location_countries>
  <verification_date>October 2017</verification_date>
  <!-- Old date names will be dropped in a few months (sometime in 2018)                        -->
  <lastchanged_date>October 16, 2017</lastchanged_date>
  <firstreceived_date>January 23, 2015</firstreceived_date>
  <!-- New date names                                                                           -->
  <study_first_submitted>January 23, 2015</study_first_submitted>
  <study_first_submitted_qc>January 30, 2015</study_first_submitted_qc>
  <study_first_posted type="Estimate">February 3, 2015</study_first_posted>
  <last_update_submitted>October 16, 2017</last_update_submitted>
  <last_update_submitted_qc>October 16, 2017</last_update_submitted_qc>
  <last_update_posted type="Actual">October 18, 2017</last_update_posted>
  <!-- End of dates                                                                             -->
  <responsible_party>
    <responsible_party_type>Sponsor</responsible_party_type>
  </responsible_party>
  <condition_browse>
    <!-- CAUTION:  The following MeSH terms are assigned with an imperfect algorithm            -->
    <mesh_term>Alzheimer Disease</mesh_term>
  </condition_browse>
  <intervention_browse>
    <!-- CAUTION:  The following MeSH terms are assigned with an imperfect algorithm            -->
    <mesh_term>Antibodies, Monoclonal</mesh_term>
  </intervention_browse>
  <!-- Results have not yet been posted for this study                                          -->
</clinical_study>

