<?xml version="1.0" encoding="UTF-8"?>
<clinical_study rank="360">
  <!-- This xml conforms to an XML Schema at:
    https://clinicaltrials.gov/ct2/html/images/info/public.xsd -->
  <required_header>
    <download_date>ClinicalTrials.gov processed this data on November 07, 2017</download_date>
    <link_text>Link to the current ClinicalTrials.gov record.</link_text>
    <url>https://clinicaltrials.gov/show/NCT02792257</url>
  </required_header>
  <id_info>
    <org_study_id>IRB00052955</org_study_id>
    <nct_id>NCT02792257</nct_id>
  </id_info>
  <brief_title>Trial of Dronabinol Adjunctive Treatment of Agitation in Alzheimer's Disease (AD) (THC-AD)</brief_title>
  <acronym>THC-AD</acronym>
  <official_title>Pilot Trial of Dronabinol Adjunctive Treatment of Agitation in Alzheimer's Disease (AD) (THC-AD)</official_title>
  <sponsors>
    <lead_sponsor>
      <agency>Johns Hopkins University</agency>
      <agency_class>Other</agency_class>
    </lead_sponsor>
    <collaborator>
      <agency>Mclean Hospital</agency>
      <agency_class>Other</agency_class>
    </collaborator>
  </sponsors>
  <source>Johns Hopkins University</source>
  <oversight_info>
    <has_dmc>Yes</has_dmc>
    <is_fda_regulated_drug>Yes</is_fda_regulated_drug>
    <is_fda_regulated_device>No</is_fda_regulated_device>
  </oversight_info>
  <brief_summary>
    <textblock>
      Alzheimer's disease (AD) is the most prevalent neurodegenerative disease of aging.
      Neuropsychiatric symptoms (NPS) in AD are a major cause of burden to patients, caregivers,
      and society and are near-universal at some point in the AD course. One of the most troubling
      of these symptoms is agitation (Agit-AD), typified by a variety of problem behaviors
      including combativeness, yelling, pacing, lack of cooperation with care, insomnia, and
      restlessness There is a great need for better interventions that target Agit-AD, a major
      source of patient disability as well as caregiver burden and stress, particularly in the case
      of moderate to severe agitation. This pilot trial could open the door to &quot;re-purposing&quot;
      Dronabinol (Marinol®) as a novel and safe treatment for Agit-AD with significant public
      health impact.
    </textblock>
  </brief_summary>
  <detailed_description>
    <textblock>
      Alzheimer's disease (AD) is the most prevalent neurodegenerative disease of aging, affecting
      an estimated 5.2 million Americans and predicted to increase to 13.8 million by 2050. AD
      affects both cognition and emotion. Neuropsychiatric symptoms (NPS) in AD are a major cause
      of burden to patients, caregivers, and society and are near-universal at some point in the AD
      course with &gt; 97% of AD patients having at least one symptom reported on the Neuropsychiatric
      Inventory (NPI).

      One of the most troubling of these symptoms is agitation (Agit-AD), typified by a variety of
      problem behaviors including combativeness, yelling, pacing, lack of cooperation with care,
      insomnia, and restlessness. In community-based samples, Agit-AD is common. Agit-AD is
      associated with greater caregiver burden and shorter time to institutionalization, and there
      is a particularly acute need for interventions for severe Agit-AD in advanced dementia.

      While there are currently no FDA approved medications for Agit-AD, psychotropic medications
      are widely prescribed &quot;off-label&quot; to treat Agit-AD. The most commonly used classes of
      medications prescribed for &quot;off-label&quot; treatment are antipsychotics and antidepressants. The
      evidence to date for efficacy remains mixed. Antipsychotics appear to have some degree of
      efficacy, but the effects are not highly replicable and their use is associated with
      increased mortality in elderly patients with dementia. Antidepressants (particularly
      selective serotonin reuptake inhibitors,( SSRI)s) appear to have fewer and less severe
      adverse effects compared to antipsychotics, as well as no known mortality risks, but are not
      without limitation. Therefore, exploration of alternative treatments for Agit-AD,
      particularly severe cases, is timely and warranted.

      Dronabinol (Marinol®) is FDA-approved for the treatment of anorexia/weight loss in AIDS and
      for nausea/emesis associated with chemotherapy, which is now being used off-label for
      Agit-AD. Dronabinol is a synthetic oral formulation of delta-9-tetrahydrocannabinol (THC), a
      psychoactive constituent of the cannabis plant that acts as a partial agonist at the Type 1
      (CB1) and Type 2 (CB2) endocannabinoid receptors. This pharmacology is appropriate for
      targeting Agit-AD because CB1 receptor agonism can produce anxiolytic and antidepressant
      effects and CB2 receptor agonism can be anti-inflammatory.

      The mechanism by which dronabinol exerts its effects on agitation and aggression in patients
      with dementia may occur through its action at the CB1 and/or the CB2 receptor. Agonists at
      the CB1 receptor in the brain improve anxiety and depression in humans as well as animal
      models. Dronabinol is an effective agonist at the CB1 receptor, which is generally specific
      to neurons and localized predominantly on the presynaptic terminal where it inhibits
      glutamatergic, dopaminergic and other neurotransmitter release. The CB1 receptor effects has
      been observed to mediate the observed anxiolytic and antidepressant effects of THC.
      Dronabinol is also an agonist at CB2, a potent anti-inflammatory receptor localized on
      activated microglia. Patients with AD have increased central and peripheral inflammation,
      likely as a result of the accumulation of beta-amyloid. Increased inflammation may have a
      number of behavioral effects that could drive the agitation and aggression in dementia
      patients. Dronabinol's effects at the CB2 receptor therefore could also produce changes in
      behavior in AD patients by reducing inflammation.
    </textblock>
  </detailed_description>
  <overall_status>Recruiting</overall_status>
  <start_date type="Actual">March 1, 2017</start_date>
  <completion_date type="Anticipated">December 2020</completion_date>
  <primary_completion_date type="Anticipated">August 2020</primary_completion_date>
  <phase>Phase 2</phase>
  <study_type>Interventional</study_type>
  <has_expanded_access>No</has_expanded_access>
  <study_design_info>
    <allocation>Randomized</allocation>
    <intervention_model>Parallel Assignment</intervention_model>
    <primary_purpose>Treatment</primary_purpose>
    <masking>Quadruple (Participant, Care Provider, Investigator, Outcomes Assessor)</masking>
  </study_design_info>
  <primary_outcome>
    <measure>Symptoms of agitation as measured by the Pittsburgh Agitation Scale</measure>
    <time_frame>3-weeks</time_frame>
    <description>Scale will be administered weekly</description>
  </primary_outcome>
  <primary_outcome>
    <measure>Symptoms of agitation as measured by the Neuropsychiatric Inventory, Clinician Version</measure>
    <time_frame>3-weeks</time_frame>
    <description>Scale will be administered weekly</description>
  </primary_outcome>
  <secondary_outcome>
    <measure>Adverse events in Dronabinol treatment as compared to placebo</measure>
    <time_frame>3-weeks</time_frame>
    <description>All Adverse Events (AE) s occurring after randomization and during the 3-week treatment period, regardless of adherence to study treatment, will be recorded at all contacts.</description>
  </secondary_outcome>
  <number_of_arms>2</number_of_arms>
  <enrollment type="Anticipated">160</enrollment>
  <condition>Alzheimer's Disease</condition>
  <arm_group>
    <arm_group_label>Dronabinol</arm_group_label>
    <arm_group_type>Experimental</arm_group_type>
    <description>Study medication will be administered twice daily. Capsules of dronabinol will contain 2.5 mg per dose (5mg daily) during Week 1, then increase to 5 mg per dose (10mg daily) for Weeks 2 and 3.</description>
  </arm_group>
  <arm_group>
    <arm_group_label>Placebo</arm_group_label>
    <arm_group_type>Placebo Comparator</arm_group_type>
    <description>Placebo medication will be administered twice daily.</description>
  </arm_group>
  <intervention>
    <intervention_type>Drug</intervention_type>
    <intervention_name>Dronabinol (Marinol®)</intervention_name>
    <description>5mg -10mg daily dose</description>
    <arm_group_label>Dronabinol</arm_group_label>
  </intervention>
  <intervention>
    <intervention_type>Drug</intervention_type>
    <intervention_name>Placebo</intervention_name>
    <description>Daily dose</description>
    <arm_group_label>Placebo</arm_group_label>
  </intervention>
  <eligibility>
    <criteria>
      <textblock>
        Inclusion Criteria:

          1. Diagnosis of Dementia due to AD

          2. Presence of Agit-AD as defined by the provisional criteria from the International
             Psychogeriatric Association (IPA). The definition requires the presence of cognitive
             impairment, evidence of emotional distress, one of three observable types of behavior
             (excessive motor activity, verbal aggression, physical aggression), requires that the
             behavior cause excess disability, and notes that the behaviors cannot be solely
             attributable to another disorder such as psychiatric illness, medical illness, or
             effects of substance use.

          3. Clinically significant severity of agitation defined by NPI-C Agitation or NPI-C
             Aggression &gt; 4.

          4. Able to give informed consent, or deemed to lack such capacity by clinical team and
             legally authorized representative consents.

          5. Must be fluent in English (includes reading, writing, and speech)

          6. Must be able to stay at McLean Hospital or John Hopkins Hospital for the study
             duration (3 weeks)

          7. Must be 60-90 years old

          8. Must begin enrollment in study within one week of being determined eligible

        Exclusion Criteria:

          1. Serious or unstable medical illness, including cardiovascular, hepatic, renal,
             respiratory, endocrine, neurologic or hematologic disease, which might confound
             assessment of safety outcomes.

          2. Seizure disorder

          3. Baseline delirium as determined by Confusion Assessment Method (CAM) and Diagnostic
             and Statistical Manual of Mental Disorders (DSM) -5 criteria
      </textblock>
    </criteria>
    <gender>All</gender>
    <minimum_age>60 Years</minimum_age>
    <maximum_age>90 Years</maximum_age>
    <healthy_volunteers>No</healthy_volunteers>
  </eligibility>
  <overall_official>
    <last_name>Paul Rosenberg</last_name>
    <role>Principal Investigator</role>
    <affiliation>Johns Hopkins University</affiliation>
  </overall_official>
  <overall_official>
    <last_name>Brent Forester</last_name>
    <role>Principal Investigator</role>
    <affiliation>Mclean Hospital</affiliation>
  </overall_official>
  <overall_contact>
    <last_name>Caitlin Romano</last_name>
    <phone>410-550-9047</phone>
    <email>cromano3@jhmi.edu</email>
  </overall_contact>
  <overall_contact_backup>
    <last_name>Patrick Monette</last_name>
    <phone>617-855-2591</phone>
    <email>PMONETTE@MCLEAN.HARVARD.EDU</email>
  </overall_contact_backup>
  <location>
    <facility>
      <name>Johns Hopkins University</name>
      <address>
        <city>Baltimore</city>
        <state>Maryland</state>
        <zip>21224</zip>
        <country>United States</country>
      </address>
    </facility>
    <status>Recruiting</status>
    <contact>
      <last_name>Caitlin Romano</last_name>
      <phone>410-550-9047</phone>
      <email>cromano3@jhmi.edu</email>
    </contact>
    <contact_backup>
      <last_name>Sarah Lawrence</last_name>
      <phone>410-550-9020</phone>
      <email>swoody1@jhmi.edu</email>
    </contact_backup>
    <investigator>
      <last_name>Paul Rosenberg, MD</last_name>
      <role>Principal Investigator</role>
    </investigator>
  </location>
  <location>
    <facility>
      <name>McLean Hospital</name>
      <address>
        <city>Belmont</city>
        <state>Massachusetts</state>
        <zip>02478</zip>
        <country>United States</country>
      </address>
    </facility>
    <status>Recruiting</status>
    <contact>
      <last_name>Patrick Monette</last_name>
      <phone>617-855-2591</phone>
      <email>PMONETTE@MCLEAN.HARVARD.EDU</email>
    </contact>
    <investigator>
      <last_name>Brent P Forester, MD, MSc</last_name>
      <role>Principal Investigator</role>
    </investigator>
  </location>
  <location_countries>
    <country>United States</country>
  </location_countries>
  <verification_date>October 2017</verification_date>
  <!-- Old date names will be dropped in a few months (sometime in 2018)                        -->
  <lastchanged_date>October 26, 2017</lastchanged_date>
  <firstreceived_date>May 26, 2016</firstreceived_date>
  <!-- New date names                                                                           -->
  <study_first_submitted>May 26, 2016</study_first_submitted>
  <study_first_submitted_qc>June 1, 2016</study_first_submitted_qc>
  <study_first_posted type="Estimate">June 7, 2016</study_first_posted>
  <last_update_submitted>October 26, 2017</last_update_submitted>
  <last_update_submitted_qc>October 26, 2017</last_update_submitted_qc>
  <last_update_posted type="Actual">October 27, 2017</last_update_posted>
  <!-- End of dates                                                                             -->
  <responsible_party>
    <responsible_party_type>Sponsor</responsible_party_type>
  </responsible_party>
  <condition_browse>
    <!-- CAUTION:  The following MeSH terms are assigned with an imperfect algorithm            -->
    <mesh_term>Alzheimer Disease</mesh_term>
  </condition_browse>
  <intervention_browse>
    <!-- CAUTION:  The following MeSH terms are assigned with an imperfect algorithm            -->
    <mesh_term>Dronabinol</mesh_term>
  </intervention_browse>
  <!-- Results have not yet been posted for this study                                          -->
</clinical_study>

