<?xml version="1.0" encoding="UTF-8"?>
<clinical_study rank="111">
  <!-- This xml conforms to an XML Schema at:
    https://clinicaltrials.gov/ct2/html/images/info/public.xsd -->
  <required_header>
    <download_date>ClinicalTrials.gov processed this data on November 07, 2017</download_date>
    <link_text>Link to the current ClinicalTrials.gov record.</link_text>
    <url>https://clinicaltrials.gov/show/NCT01538212</url>
  </required_header>
  <id_info>
    <org_study_id>AX-11-009</org_study_id>
    <nct_id>NCT01538212</nct_id>
  </id_info>
  <brief_title>Retrospective Cohort Study Of The Efficacy Of Axona® (Medium Chain Triglycerides) In Patients With Alzheimer's Disease</brief_title>
  <acronym>ACT</acronym>
  <official_title>Retrospective Cohort Study Of The Efficacy Of Axona® (Medium Chain Triglycerides) In Patients With Alzheimer's Disease</official_title>
  <sponsors>
    <lead_sponsor>
      <agency>Accera, Inc.</agency>
      <agency_class>Industry</agency_class>
    </lead_sponsor>
  </sponsors>
  <source>Accera, Inc.</source>
  <oversight_info>
    <has_dmc>No</has_dmc>
  </oversight_info>
  <brief_summary>
    <textblock>
      This evaluation of the efficacy and safety of AXONA will be a chart review carried out at 16
      practices in which AXONA has been prescribed for the treatment of patients with
      mild-to-moderate AD. Efficacy of AXONA will be assessed by comparison of patient status
      before and after initiation of treatment.
    </textblock>
  </brief_summary>
  <detailed_description>
    <textblock>
      The primary objective is to assess the efficacy of AXONA (medium chain triglycerides [MCTs])
      when used alone or in combination with other agents in patients with mild-to-moderate
      Alzheimer's disease (AD) in routine clinical practice.
    </textblock>
  </detailed_description>
  <overall_status>Completed</overall_status>
  <start_date>January 2012</start_date>
  <completion_date type="Actual">October 2012</completion_date>
  <primary_completion_date type="Actual">October 2012</primary_completion_date>
  <phase>N/A</phase>
  <study_type>Observational</study_type>
  <has_expanded_access>No</has_expanded_access>
  <study_design_info>
    <observational_model>Case-Only</observational_model>
    <time_perspective>Retrospective</time_perspective>
  </study_design_info>
  <primary_outcome>
    <measure>Physician's Overall Assessment of Patient Status at the beginning of Axona treatment and the most recent assessment</measure>
    <time_frame>6 months post the start date of Axona</time_frame>
  </primary_outcome>
  <secondary_outcome>
    <measure>Changes from baseline in patient's living situation</measure>
    <time_frame>6 months post the start date of Axona</time_frame>
  </secondary_outcome>
  <secondary_outcome>
    <measure>Changes from baseline in patient's medications for the treatment of AD</measure>
    <time_frame>6 months post the start date of Axona</time_frame>
  </secondary_outcome>
  <secondary_outcome>
    <measure>Changes from baseline in patient's medications for psychiatric conditions related to AD</measure>
    <time_frame>6 months post the start date of Axona</time_frame>
  </secondary_outcome>
  <secondary_outcome>
    <measure>Changes from baseline in patient's memory and ability to carry out instrumental activities of daily living as assessed by caregivers</measure>
    <time_frame>6 months post the start date of Axona</time_frame>
  </secondary_outcome>
  <secondary_outcome>
    <measure>Adverse events assessed by physician's as being possibly associated with the use of Axona</measure>
    <time_frame>6 months post the start date of Axona</time_frame>
  </secondary_outcome>
  <number_of_groups>1</number_of_groups>
  <enrollment type="Actual">55</enrollment>
  <condition>Alzheimer's Disease</condition>
  <eligibility>
    <study_pop>
      <textblock>
        The study population will consist of patients with a diagnosis of mild-to-moderate AD who
        have been treated with AXONA for ≥ 6 months and whose medical record includes an evaluation
        within 3 months prior to initiation of treatment and at least one evaluation while
        receiving AXONA.

        Potential for intentional inclusion in the study will be determined on the basis of
        prescribing data and physicians will be contacted. For Neurology and Psychiatry practices
        agreeing to participate, all charts meeting the above criteria and for which
        patients/caregivers give consent will be included in the analysis.
      </textblock>
    </study_pop>
    <sampling_method>Non-Probability Sample</sampling_method>
    <criteria>
      <textblock>
        Patient Inclusion Criteria:

          -  Male or female outpatients aged ≥ 50 years with a diagnosis of probable AD of
             mild-to-moderate severity

          -  MMSE score between 14 and 24 inclusive at the initiation of AXONA treatment (if
             available)

          -  Has received Axona for a duration of ≥ 6 months

        Caregiver Inclusion Criteria (if applicable):

          -  Must be at least 21 years of age, has been the primary caregiver since prior to the
             initiation of Axona, provides at least 4 hours of supervision or direct assistance per
             day for the patient and is able to perform assessments.

        Patient Exclusion Criteria:

          -  MMSE score &lt; 14 at the time when AXONA treatment was initiated

          -  Presence of co-morbid disease known to adversely impact cognitive function (e.g.,
             Parkinson's disease, history of cerebral infarcts, dementia with Lewy bodies)

          -  Vascular dementia
      </textblock>
    </criteria>
    <gender>All</gender>
    <minimum_age>50 Years</minimum_age>
    <maximum_age>N/A</maximum_age>
    <healthy_volunteers>No</healthy_volunteers>
  </eligibility>
  <overall_official>
    <last_name>Samuel T Henderson, PhD</last_name>
    <role>Study Director</role>
    <affiliation>Accera, Inc.</affiliation>
  </overall_official>
  <verification_date>April 2016</verification_date>
  <!-- Old date names will be dropped in a few months (sometime in 2018)                        -->
  <lastchanged_date>April 15, 2016</lastchanged_date>
  <firstreceived_date>February 20, 2012</firstreceived_date>
  <!-- New date names                                                                           -->
  <study_first_submitted>February 20, 2012</study_first_submitted>
  <study_first_submitted_qc>February 23, 2012</study_first_submitted_qc>
  <study_first_posted type="Estimate">February 24, 2012</study_first_posted>
  <last_update_submitted>April 15, 2016</last_update_submitted>
  <last_update_submitted_qc>April 15, 2016</last_update_submitted_qc>
  <last_update_posted type="Estimate">April 18, 2016</last_update_posted>
  <!-- End of dates                                                                             -->
  <responsible_party>
    <responsible_party_type>Sponsor</responsible_party_type>
  </responsible_party>
  <keyword>Alzheimer's disease</keyword>
  <keyword>retrospective</keyword>
  <keyword>Axona</keyword>
  <condition_browse>
    <!-- CAUTION:  The following MeSH terms are assigned with an imperfect algorithm            -->
    <mesh_term>Alzheimer Disease</mesh_term>
  </condition_browse>
  <!-- Results have not yet been posted for this study                                          -->
</clinical_study>

