<?xml version="1.0" encoding="UTF-8"?>
<clinical_study rank="92">
  <!-- This xml conforms to an XML Schema at:
    https://clinicaltrials.gov/ct2/html/images/info/public.xsd -->
  <required_header>
    <download_date>ClinicalTrials.gov processed this data on November 07, 2017</download_date>
    <link_text>Link to the current ClinicalTrials.gov record.</link_text>
    <url>https://clinicaltrials.gov/show/NCT00973518</url>
  </required_header>
  <id_info>
    <org_study_id>ADD 09-02</org_study_id>
    <nct_id>NCT00973518</nct_id>
  </id_info>
  <brief_title>Improved Diagnosis of Alzheimer's Disease Using Magnetoencephalography (MEG)</brief_title>
  <official_title>Improved Diagnosis of Alzheimer's Disease Using Magnetoencephalography (MEG) and the Synchronous Neural Interaction Test: A One-month Study</official_title>
  <sponsors>
    <lead_sponsor>
      <agency>Orasi Medical, Inc.</agency>
      <agency_class>Industry</agency_class>
    </lead_sponsor>
  </sponsors>
  <source>Orasi Medical, Inc.</source>
  <oversight_info>
    <has_dmc>No</has_dmc>
  </oversight_info>
  <brief_summary>
    <textblock>
      The current study is intended to enrich and extend the database of Alzheimer's Disease (AD)
      and healthy control (HC) MEG scans and will include patients meeting DSM-IV-TR criteria for
      dementia of Alzheimer's type, and age- and gender-matched HC subjects meeting criteria of
      normal neurological function. This study will include 2 MEG and electroencephalography (EEG)
      scans on approximately 80 AD subjects and 80 HC subjects over approximately 30 days. All
      subjects will have MEG/EEG scans at baseline and 28 - 35 days after baseline. Within one day
      of each scan visit AD subjects will undergo 4 standard functional tests while HC subjects
      will undergo 2 standard functional tests.

      This study will test the following hypotheses:

        -  MEG scans of resting-state, eyes-open brain function reveal patterns of correlated
           activity that differ between HC subjects and subjects diagnosed with dementia of
           Alzheimer's type;

        -  Patterns of correlated activity measured in AD subjects correspond to other measures of
           disease severity such as standard functional test scores;

        -  MEG scan patterns for HC subjects are consistent across repeated measures taken over a
           30 day period.
    </textblock>
  </brief_summary>
  <detailed_description>
    <textblock>
      This study is intended to extend the capabilities of the Synchronous Neural Interaction®
      (SNI) test, which is under development by the sponsor, Orasi Medical, Inc.
      Magnetoencephalography (MEG) is an FDA-approved, non-invasive technique used to measure
      magnetic fields generated by small intracellular electrical currents in neurons. The SNI test
      evaluates brain function and dysfunction by analyzing brief (1 minute) MEG scans and
      comparing individual scan results to a database of MEG scans and clinical information.
      Proprietary software algorithms process the data generated by MEG instruments allowing Orasi
      to use the SNI test for accurate tracking and diagnosis of neurological disorders such as
      Alzheimer's disease (AD) and Multiple Sclerosis (MS). The current study is intended to enrich
      and extend the database of AD and healthy control (HC) MEG scans and will include patients
      meeting DSM-IV-TR criteria for dementia of Alzheimer's type, and age- and gender-matched HC
      subjects meeting criteria of normal neurological function. This study will include 2 MEG and
      EEG scans on approximately 80 AD subjects and 80 HC subjects over approximately 30 days. All
      subjects will have MEG/EEG scans at baseline and 28 - 35 days after baseline. Within one day
      of each scan visit AD subjects will undergo 4 standard functional tests while HC subjects
      will undergo 2 standard functional tests. The results generated in this study will be used to
      improve the accuracy of the SNI test for diagnosing and tracking the progression of AD. Once
      a robust training set or template is described, Orasi Medical will conduct additional
      clinical studies to formally test the diagnostic accuracy of the technology and support
      applications for regulatory approval to market the SNI test for AD. The objective of this
      work is to produce and validate a novel tracking and diagnostic technology for AD that is
      more selective and sensitive than currently available diagnostic tools.
    </textblock>
  </detailed_description>
  <overall_status>Completed</overall_status>
  <start_date>September 2009</start_date>
  <completion_date type="Actual">June 2010</completion_date>
  <primary_completion_date type="Actual">June 2010</primary_completion_date>
  <phase>N/A</phase>
  <study_type>Observational</study_type>
  <has_expanded_access>No</has_expanded_access>
  <study_design_info>
    <observational_model>Cohort</observational_model>
    <time_perspective>Prospective</time_perspective>
  </study_design_info>
  <primary_outcome>
    <measure>Identification and characterization of patterns of correlated brain activity measured by MEG and the Orasi SNI test that differ consistently (e.g. at all evaluation time points) between HC and AD subjects</measure>
    <time_frame>approximately 30 days</time_frame>
  </primary_outcome>
  <primary_outcome>
    <measure>Identification and characterization of patterns of correlated brain activity measured by MEG and the Orasi SNI test that differ across time points within single subjects and across groups of HC and AD subjects</measure>
    <time_frame>Approximately 30 days</time_frame>
  </primary_outcome>
  <secondary_outcome>
    <measure>Identification and characterization of Orasi SNI test features that correlate with independent measures of cognitive function based on functional testing (ADAS-Cog sum of boxes, and MMSE raw score, One Card Learning Test)</measure>
    <time_frame>Approximately 30 days</time_frame>
  </secondary_outcome>
  <secondary_outcome>
    <measure>Identification and characterization of Orasi SNI test features that correlate with AD medications being taken by AD subjects</measure>
    <time_frame>Approximately one month</time_frame>
  </secondary_outcome>
  <secondary_outcome>
    <measure>Identification, characterization and comparison of scan results generated by MEG and EEG</measure>
    <time_frame>Approximately one month</time_frame>
  </secondary_outcome>
  <number_of_groups>2</number_of_groups>
  <enrollment type="Anticipated">160</enrollment>
  <condition>Alzheimer's Disease</condition>
  <arm_group>
    <arm_group_label>Alzheimer's Disease subjects</arm_group_label>
    <description>Subjects diagnosed with dementia of Alzheimer's type (DSM-IV-TR).</description>
  </arm_group>
  <arm_group>
    <arm_group_label>Healthy Control subjects</arm_group_label>
    <description>Age &amp; gender-matched subjects determined to be healthy.</description>
  </arm_group>
  <eligibility>
    <study_pop>
      <textblock>
        The current study will include patients meeting DSM-IV-TR criteria for dementia of
        Alzheimer's type, and age- and gender-matched healthy control subjects meeting criteria of
        normal neurological function.
      </textblock>
    </study_pop>
    <sampling_method>Probability Sample</sampling_method>
    <criteria>
      <textblock>
        Inclusion Criteria:

          -  Subject has been diagnosed with dementia of Alzheimer's type (DSM-IV-TR) or is serving
             as a healthy control subject with normal neurological function based on medical
             history and following neurological exam.

          -  AD Subject has a screen MMSE raw score &gt; 16 or HC subject has a screen MMSE raw score
             &gt; 26.

          -  Subject is between 50 and 90 years of age at the time of screening.

          -  Subject understands the study procedures and agrees to participate in the study by
             giving written informed consent.

          -  Subject is a non-smoker.

          -  Subject is judged to be in good health other than AD, based on medical history and
             brief physical examination.

          -  AD subject has a care-giver or spouse who is willing and able to assure subject
             compliance with study procedures or subject is participating as a healthy control
             subject.

        Exclusion Criteria:

          -  Subject has a history or diagnosis of a significant neurological condition other than
             Alzheimer's disease including Parkinson's disease, vascular dementia, Lewy body
             dementia, frontal temporal dementia, human immunodeficiency virus, multiple sclerosis,
             seizures, epilepsy, stroke, ADHD, dyslexia, or severe traumatic brain injury.

          -  Subject has a history of primary psychotic disorder (e.g. schizophrenia,
             schizoaffective disorder, delusional disorder) or bipolar disorder.

          -  Subject has a Modified Hachinski Ischemia Scale (HIS) score greater than 4.

          -  The subject has a recent history (within 2 years) of alcohol or substance
             abuse/dependence.

          -  Subject had an MRI within two weeks prior to Study Day 1.

          -  Subject has metal dental braces, pacemaker or other common medical devices that may
             interfere with the MEG scan.

          -  Subject is unable to complete the MEG scan procedure.

          -  Investigator has any concern regarding the safe participation of a subject in the
             study, or if for any other reason the investigator considers the subject inappropriate
             for study participation.
      </textblock>
    </criteria>
    <gender>All</gender>
    <minimum_age>50 Years</minimum_age>
    <maximum_age>90 Years</maximum_age>
    <healthy_volunteers>Accepts Healthy Volunteers</healthy_volunteers>
  </eligibility>
  <overall_official>
    <last_name>Concetta Forchetti, MD, PhD</last_name>
    <role>Principal Investigator</role>
    <affiliation>Alexian Brothers Neuroscience Institute</affiliation>
  </overall_official>
  <overall_official>
    <last_name>Raj C Shah, MD</last_name>
    <role>Principal Investigator</role>
    <affiliation>Rush Alzheimer's Disease Center</affiliation>
  </overall_official>
  <location>
    <facility>
      <name>Rush Alzheimer's Disease Center</name>
      <address>
        <city>Chicago</city>
        <state>Illinois</state>
        <zip>60612</zip>
        <country>United States</country>
      </address>
    </facility>
  </location>
  <location>
    <facility>
      <name>Alexian Brothers Neuroscience Institute</name>
      <address>
        <city>Elk Grove Village</city>
        <state>Illinois</state>
        <zip>60007</zip>
        <country>United States</country>
      </address>
    </facility>
  </location>
  <location_countries>
    <country>United States</country>
  </location_countries>
  <verification_date>August 2010</verification_date>
  <!-- Old date names will be dropped in a few months (sometime in 2018)                        -->
  <lastchanged_date>August 12, 2010</lastchanged_date>
  <firstreceived_date>September 4, 2009</firstreceived_date>
  <!-- New date names                                                                           -->
  <study_first_submitted>September 4, 2009</study_first_submitted>
  <study_first_submitted_qc>September 8, 2009</study_first_submitted_qc>
  <study_first_posted type="Estimate">September 9, 2009</study_first_posted>
  <last_update_submitted>August 12, 2010</last_update_submitted>
  <last_update_submitted_qc>August 12, 2010</last_update_submitted_qc>
  <last_update_posted type="Estimate">August 13, 2010</last_update_posted>
  <!-- End of dates                                                                             -->
  <responsible_party>
    <name_title>Todd Verdoorn, Ph.D., Chief Scientific Officer</name_title>
    <organization>Orasi Medical, Inc.</organization>
  </responsible_party>
  <keyword>Alzheimer's Disease</keyword>
  <keyword>AD</keyword>
  <keyword>Healthy Control</keyword>
  <condition_browse>
    <!-- CAUTION:  The following MeSH terms are assigned with an imperfect algorithm            -->
    <mesh_term>Alzheimer Disease</mesh_term>
  </condition_browse>
  <!-- Results have not yet been posted for this study                                          -->
</clinical_study>

