<?xml version="1.0" encoding="UTF-8"?>
<clinical_study rank="457">
  <!-- This xml conforms to an XML Schema at:
    https://clinicaltrials.gov/ct2/html/images/info/public.xsd -->
  <required_header>
    <download_date>ClinicalTrials.gov processed this data on November 07, 2017</download_date>
    <link_text>Link to the current ClinicalTrials.gov record.</link_text>
    <url>https://clinicaltrials.gov/show/NCT02991235</url>
  </required_header>
  <id_info>
    <org_study_id>BIO-PRJ-2015-01</org_study_id>
    <nct_id>NCT02991235</nct_id>
  </id_info>
  <brief_title>Efficacy and Safety of PRJ212 to Improve the Memory of Patients With Mild Severity Alzheimer's Disease</brief_title>
  <official_title>Evaluation of the Efficacy and Safety of PRJ212 on Improving the Memory of Patients With Mild Severity Alzheimer's Disease: A 6-month Randomized, Double-blind and Placebo-controlled, Followed by a 6-month Open Label Extension Study</official_title>
  <sponsors>
    <lead_sponsor>
      <agency>Bioiberica</agency>
      <agency_class>Industry</agency_class>
    </lead_sponsor>
  </sponsors>
  <source>Bioiberica</source>
  <oversight_info>
    <has_dmc>No</has_dmc>
  </oversight_info>
  <brief_summary>
    <textblock>
      A 6-month randomized, double-blind and placebo-controlled, followed by a 6-month open label
      extension study.
    </textblock>
  </brief_summary>
  <detailed_description>
    <textblock>
      Men and women from 60 to 85 years old with diagnosis of mild severity Alzheimer's disease,
      according to the diagnostic criteria established by the National Institute of Neurological
      and Communicative Disorders and Stroke and Alzheimer's Disease and Related Disorders
      Associations (NINCDS-ADRDA).
    </textblock>
  </detailed_description>
  <overall_status>Recruiting</overall_status>
  <start_date>December 2016</start_date>
  <completion_date type="Anticipated">December 2018</completion_date>
  <primary_completion_date type="Anticipated">June 2017</primary_completion_date>
  <phase>N/A</phase>
  <study_type>Interventional</study_type>
  <has_expanded_access>No</has_expanded_access>
  <study_design_info>
    <allocation>Randomized</allocation>
    <intervention_model>Parallel Assignment</intervention_model>
    <primary_purpose>Supportive Care</primary_purpose>
    <masking>Quadruple (Participant, Care Provider, Investigator, Outcomes Assessor)</masking>
  </study_design_info>
  <primary_outcome>
    <measure>Efficacy of PRJ212 versus placebo on the memory measured by Repeatable Battery for the Assessment of Neuropsychological Status (R-BANS).</measure>
    <time_frame>Comparison of the R-BANS score, from baseline to 6 months.</time_frame>
  </primary_outcome>
  <primary_outcome>
    <measure>Efficacy of PRJ212 versus placebo on the memory measured by Wechsler Memory Scale (WMS).</measure>
    <time_frame>Comparison of the WMS score, from baseline to 6 months.</time_frame>
  </primary_outcome>
  <primary_outcome>
    <measure>Efficacy of PRJ212 versus placebo on the memory measured by memory composite (R-BANS+WMS).</measure>
    <time_frame>Comparison of the total memory composite score, from baseline to 6 months.</time_frame>
  </primary_outcome>
  <number_of_arms>2</number_of_arms>
  <enrollment type="Anticipated">30</enrollment>
  <condition>Alzheimer Disease</condition>
  <arm_group>
    <arm_group_label>PRJ212</arm_group_label>
    <arm_group_type>Experimental</arm_group_type>
    <description>PRJ212 is a nutritional product with active food ingredients.</description>
  </arm_group>
  <arm_group>
    <arm_group_label>Placebo</arm_group_label>
    <arm_group_type>Placebo Comparator</arm_group_type>
    <description>Placebo is like PRJ212 without active food ingredients.</description>
  </arm_group>
  <intervention>
    <intervention_type>Dietary Supplement</intervention_type>
    <intervention_name>PRJ212</intervention_name>
    <description>6 capsules of study product will be taken daily and orally.</description>
    <arm_group_label>PRJ212</arm_group_label>
  </intervention>
  <intervention>
    <intervention_type>Dietary Supplement</intervention_type>
    <intervention_name>Placebo</intervention_name>
    <description>6 capsules of study product will be taken daily and orally.</description>
    <arm_group_label>Placebo</arm_group_label>
  </intervention>
  <eligibility>
    <criteria>
      <textblock>
        Inclusion Criteria:

          -  Patients aged from 60 to 85 years.

          -  Patients with a diagnosis of probable or possible Alzheimer's disease according to the
             NINCDS-ADRDA.

          -  Patients with mild Alzheimer's disease according to MMSE.

          -  Patients with ability to ingest oral medication.

          -  Patients able to undergo a MRI.

        Exclusion Criteria:

          -  Pregnant or breastfeeding women or planning a pregnancy during the study.

          -  Patients and caregivers unwilling or unable to perform cognitive testing.

          -  Patients taking part in an interventional clinical trial.

          -  Patients who have a risk of non-compliance to the study procedures.

          -  Patients with clinical or significant laboratory abnormalities.

          -  Patients treated with concomitant treatment or food supplements which could interfere
             with evaluation criteria.
      </textblock>
    </criteria>
    <gender>All</gender>
    <minimum_age>60 Years</minimum_age>
    <maximum_age>85 Years</maximum_age>
    <healthy_volunteers>No</healthy_volunteers>
  </eligibility>
  <overall_official>
    <last_name>Martinez</last_name>
    <role>Study Director</role>
    <affiliation>Bioiberica, S.A.</affiliation>
  </overall_official>
  <overall_contact>
    <last_name>Martinez</last_name>
    <phone>0034937 65 03 90</phone>
    <email>dmartinez@bioiberica.com</email>
  </overall_contact>
  <location>
    <facility>
      <name>Fundació ACE</name>
      <address>
        <city>Barcelona</city>
        <zip>08028</zip>
        <country>Spain</country>
      </address>
    </facility>
    <status>Recruiting</status>
    <contact>
      <last_name>Mercè Boada, Doctor</last_name>
      <phone>0034934304720</phone>
    </contact>
  </location>
  <location_countries>
    <country>Spain</country>
  </location_countries>
  <verification_date>December 2016</verification_date>
  <!-- Old date names will be dropped in a few months (sometime in 2018)                        -->
  <lastchanged_date>December 21, 2016</lastchanged_date>
  <firstreceived_date>November 29, 2016</firstreceived_date>
  <!-- New date names                                                                           -->
  <study_first_submitted>November 29, 2016</study_first_submitted>
  <study_first_submitted_qc>December 12, 2016</study_first_submitted_qc>
  <study_first_posted type="Estimate">December 13, 2016</study_first_posted>
  <last_update_submitted>December 21, 2016</last_update_submitted>
  <last_update_submitted_qc>December 21, 2016</last_update_submitted_qc>
  <last_update_posted type="Estimate">December 22, 2016</last_update_posted>
  <!-- End of dates                                                                             -->
  <responsible_party>
    <responsible_party_type>Sponsor</responsible_party_type>
  </responsible_party>
  <condition_browse>
    <!-- CAUTION:  The following MeSH terms are assigned with an imperfect algorithm            -->
    <mesh_term>Alzheimer Disease</mesh_term>
  </condition_browse>
  <patient_data>
    <sharing_ipd>No</sharing_ipd>
  </patient_data>
  <!-- Results have not yet been posted for this study                                          -->
</clinical_study>

