<?xml version="1.0" encoding="UTF-8"?>
<clinical_study rank="78">
  <!-- This xml conforms to an XML Schema at:
    https://clinicaltrials.gov/ct2/html/images/info/public.xsd -->
  <required_header>
    <download_date>ClinicalTrials.gov processed this data on November 07, 2017</download_date>
    <link_text>Link to the current ClinicalTrials.gov record.</link_text>
    <url>https://clinicaltrials.gov/show/NCT01966666</url>
  </required_header>
  <id_info>
    <org_study_id>TPI287-AD-001</org_study_id>
    <nct_id>NCT01966666</nct_id>
  </id_info>
  <brief_title>A Safety, Tolerability, Pharmacokinetics, Pharmacodynamics and Preliminary Efficacy Study of TPI-287 in Alzheimer's Disease</brief_title>
  <official_title>A Phase 1, Randomized, Double-Blind, Placebo-Controlled, Sequential Cohort, Dose-Ranging Study of the Safety, Tolerability, Pharmacokinetics, Pharmacodynamics, and Preliminary Efficacy of TPI-287 in Patients With Mild to Moderate Alzheimer's Disease</official_title>
  <sponsors>
    <lead_sponsor>
      <agency>University of California, San Francisco</agency>
      <agency_class>Other</agency_class>
    </lead_sponsor>
  </sponsors>
  <source>University of California, San Francisco</source>
  <oversight_info>
    <has_dmc>Yes</has_dmc>
  </oversight_info>
  <brief_summary>
    <textblock>
      The purpose of the study is to determine the highest dose of TPI-287 that is safe and
      tolerable when administered as an intravenous infusion to participants with mild to moderate
      Alzheimer's disease (AD), to measure pharmacokinetic properties of the drug as well as to
      gauge preliminary efficacy of TPI-287 on disease progression.
    </textblock>
  </brief_summary>
  <detailed_description>
    <textblock>
      The maximum tolerated dose of TPI-287 will be determined through a planned dose escalation
      over 3 sequential cohorts, each comprising of 11 participants randomized to either TPI-287 or
      placebo. TPI-287 or placebo will be administered as an intravenous infusion once every 3
      weeks for 9 weeks, for a total of 4 infusions. Participants who successfully complete this
      phase will have the option of entering into the open label extension phase during which
      TPI-287 will be administered once every 3 weeks for an additional 6 weeks, for a total of 3
      extra infusions.

      Pre-medication of diphenhyramine 25 mg (Benadryl) will be given IV within 30 to 60 minutes
      prior to each study infusion in the study.

      Safety and tolerability will be assessed through reporting of adverse events, physical and
      neurological testing, ECGs, as well as blood and urine analyses. Baseline and end-point
      measures of cognition and function, MRI brain scans, and cerebrospinal fluid (CSF) biomarker
      analyses will be used to determine preliminary efficacy of TPI-287 in mild-moderate AD.
      Pharmacokinetic and pharmacodynamic properties of TPI-287 will be calculated from blood
      plasma collected after the first infusion, and from CSF collected on the last visit of the
      placebo-controlled phase.
    </textblock>
  </detailed_description>
  <overall_status>Active, not recruiting</overall_status>
  <start_date>November 2013</start_date>
  <completion_date type="Anticipated">November 2017</completion_date>
  <primary_completion_date type="Anticipated">May 2017</primary_completion_date>
  <phase>Phase 1</phase>
  <study_type>Interventional</study_type>
  <has_expanded_access>No</has_expanded_access>
  <study_design_info>
    <allocation>Randomized</allocation>
    <intervention_model>Parallel Assignment</intervention_model>
    <masking>Quadruple (Participant, Care Provider, Investigator, Outcomes Assessor)</masking>
  </study_design_info>
  <primary_outcome>
    <measure>Maximum tolerated dose of TPI-287</measure>
    <time_frame>up to 13 weeks post initial dosing</time_frame>
    <description>Planned dose range of intravenous infusions of TPI-287 administered once every 3 weeks for 9 weeks. The dose will be escalated in 3 sequential cohorts and participants will be monitored for adverse events to determine safety and tolerability.</description>
  </primary_outcome>
  <secondary_outcome>
    <measure>TPI-287 levels in blood plasma and cerebrospinal fluid</measure>
    <time_frame>Screening and Week 10</time_frame>
    <description>Blood plasma will be collected at specified time-points before and following the first infusion of study drug (TPI-287 or placebo) to measure TPI-287 levels. Steady-state levels of TPI-287 will be estimated from cerebrospinal fluid collected at end-point visit of placebo-controlled phase. These levels will be used to estimate the pharmacokinetic properties of TPI-287.</description>
  </secondary_outcome>
  <other_outcome>
    <measure>CSF biomarkers of Alzheimer's disease</measure>
    <time_frame>Screening and Week 10</time_frame>
    <description>A lumbar puncture will be performed at the screening and final visits to obtain cerebrospinal fluid (CSF). CSF will be analyzed for changes to concentration of biomarkers of Alzheimer's disease - beta amyloid (1-42), total tau, phosphorylated tau, tau isoforms and fragments, and tau phosphopeptides.</description>
  </other_outcome>
  <other_outcome>
    <measure>Brain MRI scan</measure>
    <time_frame>Screening and Week 11</time_frame>
    <description>Brain MRI scans will be performed to explore effects of changes in brain network functional and structural connectivity as well as perfusion after administration of study drug.</description>
  </other_outcome>
  <other_outcome>
    <measure>Cognition</measure>
    <time_frame>Screening and Week 11</time_frame>
    <description>The Alzheimer's Disease Assessment Scale - Cognitive subscale (ADAS-Cog) and Mini Mental State Examination (MMSE) will be conducted to determine effect and preliminary efficacy of the drug on cognition.</description>
  </other_outcome>
  <other_outcome>
    <measure>Degree of disability</measure>
    <time_frame>Screening and Week 11</time_frame>
    <description>The Alzheimer's Disease Cooperative Study - Activities of Daily Living (ADCS-ADL) will be conducted to determine effect and preliminary efficacy of the drug on degree of disability.</description>
  </other_outcome>
  <other_outcome>
    <measure>Behavior</measure>
    <time_frame>Screening and Week 11</time_frame>
    <description>The Geriatric Depression Scale (GDS) will be conducted to determine effect and preliminary efficacy of the drug on behavior.</description>
  </other_outcome>
  <other_outcome>
    <measure>Number of participants with adverse events as a measure of safety and tolerability of extended administration of TPI-287</measure>
    <time_frame>up to 20 weeks post initial dosing</time_frame>
    <description>Participants who successfully complete the placebo controlled phase will be offered the option to enter an open label extension phase comprising of 3 additional infusions of TPI-287, administered once every 3 weeks for 6 weeks. Participants will be monitored for adverse events to determine drug safety and tolerability.</description>
  </other_outcome>
  <number_of_arms>4</number_of_arms>
  <enrollment type="Anticipated">33</enrollment>
  <condition>Alzheimer's Disease</condition>
  <arm_group>
    <arm_group_label>TPI-287 low dose</arm_group_label>
    <arm_group_type>Experimental</arm_group_type>
    <description>2 mg/m2 of TPI-287 administered as a 1-hour intravenous infusion once every 3 weeks for 9 weeks (for a total of 4 infusions)</description>
  </arm_group>
  <arm_group>
    <arm_group_label>TPI-287 moderate dose</arm_group_label>
    <arm_group_type>Experimental</arm_group_type>
    <description>6.3 mg/m2 of TPI-287 administered as a 1-hour intravenous infusion once every 3 weeks for 9 weeks (for a total of 4 infusions)</description>
  </arm_group>
  <arm_group>
    <arm_group_label>TPI-287 high dose</arm_group_label>
    <arm_group_type>Experimental</arm_group_type>
    <description>20 mg/m2 of TPI-287 administered as a 1-hour intravenous infusion once every 3 weeks for 9 weeks (for a total of 4 infusions)</description>
  </arm_group>
  <arm_group>
    <arm_group_label>Placebo</arm_group_label>
    <arm_group_type>Placebo Comparator</arm_group_type>
  </arm_group>
  <intervention>
    <intervention_type>Drug</intervention_type>
    <intervention_name>TPI-287 2 mg/m2</intervention_name>
    <description>2 mg/m2 of TPI-287 diluted with 500mL 0.9% sodium chloride. TPI-287 is a microtubule inhibitor belonging to the taxane diterpenoid (taxoid) family, and specifically to the abeotaxane class.</description>
    <arm_group_label>TPI-287 low dose</arm_group_label>
  </intervention>
  <intervention>
    <intervention_type>Drug</intervention_type>
    <intervention_name>TPI-287 6.3 mg/m2</intervention_name>
    <description>6.3 mg/m2 of TPI-287 diluted with 500mL 0.9% sodium chloride. TPI-287 is a microtubule inhibitor belonging to the taxane diterpenoid (taxoid) family, and specifically to the abeotaxane class.</description>
    <arm_group_label>TPI-287 moderate dose</arm_group_label>
  </intervention>
  <intervention>
    <intervention_type>Drug</intervention_type>
    <intervention_name>TPI-287 20 mg/m2</intervention_name>
    <description>20 mg/m2 of TPI-287 diluted with 500mL 0.9% sodium chloride. TPI-287 is a microtubule inhibitor belonging to the taxane diterpenoid (taxoid) family, and specifically to the abeotaxane class.</description>
    <arm_group_label>TPI-287 high dose</arm_group_label>
  </intervention>
  <intervention>
    <intervention_type>Drug</intervention_type>
    <intervention_name>Placebo</intervention_name>
    <description>500mL 0.9% sodium chloride.</description>
    <arm_group_label>TPI-287 low dose</arm_group_label>
    <arm_group_label>TPI-287 moderate dose</arm_group_label>
    <arm_group_label>TPI-287 high dose</arm_group_label>
    <arm_group_label>Placebo</arm_group_label>
  </intervention>
  <eligibility>
    <criteria>
      <textblock>
        Inclusion Criteria (all must be met):

          1. Between 50 and 82 years of age (inclusive)

          2. Meets National Institute on Aging-Alzheimer's Association Workgroups criteria for
             probable AD dementia (McKhann et al. 2011)

          3. MRI at Screening is consistent with AD (≤ 4 microhemorrhages, and no large strokes or
             severe white matter disease)

          4. MHIS at Screening is ≤ 4

          5. MMSE at Screening is between 14 and 26 (inclusive)

          6. FDA-approved AD medications are allowed as long as the dose is stable for 2 months
             prior to Screening. Other medications (except those listed under exclusion criteria)
             are allowed as long as the dose is stable for 30 days prior to Screening

          7. Has a reliable study partner who agrees to accompany the subject to visits, and spends
             at least 5 hours per week with the subject

          8. Agrees to 2 lumbar punctures

          9. Signed and dated written informed consent obtained from the subject and the subject's
             caregiver in accordance with local IRB regulations

         10. Males and all WCBP agree to abstain from sex or use an adequate method of
             contraception for the duration of the study and for 30 days after the last dose of
             study drug.

        Exclusion Criteria (any one of the following will exclude a subject from being enrolled
        into the study):

          1. Any medical condition other than AD that could account for cognitive deficits (e.g.,
             active seizure disorder, stroke, vascular dementia)

          2. History of significant cardiovascular, hematologic, renal, or hepatic disease (or
             laboratory evidence thereof)

          3. History of significant peripheral neuropathy

          4. History of major psychiatric illness or untreated depression

          5. Neutrophil count &lt;1,500/mm3, platelets &lt;100,000/mm3, serum creatinine &gt;1.5 x upper
             limit of normal (ULN), total bilirubin &gt;1.5 x ULN, alanine aminotransferase (ALT) &gt;3 x
             ULN, aspartate aminotransferase (AST) &gt;3 x ULN, or INR &gt;1.2 at Screening or baseline
             evaluations

          6. Evidence of any clinically significant findings on Screening or baseline evaluations
             which, in the opinion of the Investigator would pose a safety risk or interfere with
             appropriate interpretation of study data

          7. Current or recent history (within four weeks prior to Screening) of a clinically
             significant bacterial, fungal, or mycobacterial infection

          8. Current clinically significant viral infection

          9. Major surgery within four weeks prior to Screening

         10. Unable to tolerate MRI scan at Screening

         11. Any contraindication to or unable to tolerate lumbar puncture at Screening, including
             use of anti-coagulant medications such as warfarin. Daily administration of 81 mg
             aspirin will be allowed as long as the dose is stable for 30 days prior to Screening

         12. Subjects who, in the opinion of the Investigator, are unable or unlikely to comply
             with the dosing schedule or study evaluations

         13. Any previous exposure to microtubule inhibitors (including TPI 287) within 5 years of
             Screening. Treatment with microtubule inhibitors other than TPI287 while on study will
             not be allowed

         14. Participation in another AD clinical trial within 3 months of Screening

         15. Treatment with another investigational drug within 30 days of Screening. Treatment
             with investigational drugs other than TPI 287 while on study will not be allowed

         16. Known hypersensitivity to the inactive ingredients in the study drug

         17. Pregnant or lactating

         18. Positive pregnancy test at Screening or Baseline (Day 1)

         19. Cancer within 5 years of Screening, except for non-metastatic skin cancer.
      </textblock>
    </criteria>
    <gender>All</gender>
    <minimum_age>50 Years</minimum_age>
    <maximum_age>82 Years</maximum_age>
    <healthy_volunteers>No</healthy_volunteers>
  </eligibility>
  <overall_official>
    <last_name>Adam L Boxer, M.D., Ph.D.</last_name>
    <role>Principal Investigator</role>
    <affiliation>University of California, San Francisco</affiliation>
  </overall_official>
  <location>
    <facility>
      <name>UCSF Memory and Aging Center</name>
      <address>
        <city>San Francisco</city>
        <state>California</state>
        <zip>94158</zip>
        <country>United States</country>
      </address>
    </facility>
  </location>
  <location_countries>
    <country>United States</country>
  </location_countries>
  <verification_date>December 2016</verification_date>
  <!-- Old date names will be dropped in a few months (sometime in 2018)                        -->
  <lastchanged_date>December 5, 2016</lastchanged_date>
  <firstreceived_date>October 14, 2013</firstreceived_date>
  <!-- New date names                                                                           -->
  <study_first_submitted>October 14, 2013</study_first_submitted>
  <study_first_submitted_qc>October 16, 2013</study_first_submitted_qc>
  <study_first_posted type="Estimate">October 21, 2013</study_first_posted>
  <last_update_submitted>December 5, 2016</last_update_submitted>
  <last_update_submitted_qc>December 5, 2016</last_update_submitted_qc>
  <last_update_posted type="Estimate">December 7, 2016</last_update_posted>
  <!-- End of dates                                                                             -->
  <responsible_party>
    <responsible_party_type>Principal Investigator</responsible_party_type>
    <investigator_affiliation>University of California, San Francisco</investigator_affiliation>
    <investigator_full_name>Adam Boxer</investigator_full_name>
    <investigator_title>Prinicpal Investigator</investigator_title>
  </responsible_party>
  <keyword>Alzheimer's disease</keyword>
  <keyword>mild to moderate</keyword>
  <condition_browse>
    <!-- CAUTION:  The following MeSH terms are assigned with an imperfect algorithm            -->
    <mesh_term>Alzheimer Disease</mesh_term>
  </condition_browse>
  <!-- Results have not yet been posted for this study                                          -->
</clinical_study>

