<?xml version="1.0" encoding="UTF-8"?>
<clinical_study rank="387">
  <!-- This xml conforms to an XML Schema at:
    https://clinicaltrials.gov/ct2/html/images/info/public.xsd -->
  <required_header>
    <download_date>ClinicalTrials.gov processed this data on November 07, 2017</download_date>
    <link_text>Link to the current ClinicalTrials.gov record.</link_text>
    <url>https://clinicaltrials.gov/show/NCT00231946</url>
  </required_header>
  <id_info>
    <org_study_id>IA0084</org_study_id>
    <nct_id>NCT00231946</nct_id>
  </id_info>
  <brief_title>ALADDIN Study - Phase III: Antigonadotropin-Leuprolide in Alzheimer's Disease Drug INvestigation (VP-AD-301)</brief_title>
  <official_title>A Double-Blind Placebo-Controlled Study of VP4896 For the Treatment of Mild-to-Moderate Alzheimer's Disease</official_title>
  <sponsors>
    <lead_sponsor>
      <agency>Voyager Pharmaceutical Corporation</agency>
      <agency_class>Industry</agency_class>
    </lead_sponsor>
  </sponsors>
  <source>National Institute on Aging (NIA)</source>
  <brief_summary>
    <textblock>
      The study is designed to investigate the activity of the hormone drug leuprolide acetate in
      stabilizing cognitive function in mild-to-moderate AD patients.
    </textblock>
  </brief_summary>
  <detailed_description>
    <textblock>
      VP4896 is a gonadotropin releasing hormone (GnRH) agonist that binds to and inactivates GnRH
      receptors on the pituitary gland. This decreases the amount of luteinizing hormone released
      by the pituitary. The hypothesis upon which this trial is designed is that luteinizing
      hormone is the cause of Alzheimer's disease. VP4896 decreases the amount of luteinizing
      hormone in the body and, therefore, may decrease or halt the progression of Alzheimer's
      disease.

      This is a double-blind, placebo-controlled, study designed to assess the safety and efficacy
      of VP4896 (a novel formulation of leuprolide acetate) in the treatment of subjects with
      mild-to-moderate AD. The study duration is 56 weeks. Approximately 555 participants will be
      recruited from approximately 80 sites in the United States, Canada, and South America.

      The study drug will be administered every eight weeks over a 48 week period. Male subjects
      randomized to active treatment will also receive testosterone replacement gel.

      The change from baseline in ADAS-Cog (cognitive test) score at Week 50 and ADCS-CGIC (global
      cognitive and behavioral measure) at Week 50 will be the primary efficacy endpoints. Safety
      will be assessed at all visits and by phone at Week 1.
    </textblock>
  </detailed_description>
  <overall_status>Completed</overall_status>
  <start_date>September 2005</start_date>
  <phase>Phase 3</phase>
  <study_type>Interventional</study_type>
  <study_design_info>
    <allocation>Randomized</allocation>
    <intervention_model>Parallel Assignment</intervention_model>
    <primary_purpose>Treatment</primary_purpose>
    <masking>Double</masking>
  </study_design_info>
  <primary_outcome>
    <measure>Cognitive assessment and Caregiver's impression of change at baseline and at weeks 8, 24, 34, and 50.</measure>
  </primary_outcome>
  <secondary_outcome>
    <measure>Ability to perform Activities of Daily Living (ADL) at baseline and weeks 8, 24, 34, and 50. Impression of disease severity assessment at week 50.</measure>
  </secondary_outcome>
  <enrollment>555</enrollment>
  <condition>Alzheimer's Disease</condition>
  <intervention>
    <intervention_type>Drug</intervention_type>
    <intervention_name>VP4896</intervention_name>
  </intervention>
  <eligibility>
    <criteria>
      <textblock>
        Inclusion Criteria:

          -  60 years of age or older

          -  Diagnosis of probable mild-to-moderate Alzheimer's Disease

          -  On a stable dose of an acetylcholinesterase inhibitor (including, but not limited to:
             donepezil, galantamine, rivastigmine, and tacrine) for at least 120 days prior to
             baseline and will likely remain on the drug throughout the trial; all participants
             must be on acetylcholinesterase inhibitors

          -  No other significant or interfering medical conditions

        Exclusion Criteria:

          -  Significant neurological disease affecting the brain or psychiatric disease other than
             AD, such as current untreated major depression, schizophrenia, epilepsy, Parkinson's
             disease, Creutzfeldt-Jakob's disease, or clinical episode of stroke

          -  Laboratory or clinical signs of untreated, clinically significant abnormal thyroid
             function, in the Investigator's opinion

          -  Received other investigational drugs within 30 days or 5 half-lives prior to baseline,
             whichever is longer

          -  Taking other medications, with the exception of estrogen, known to affect serum
             gonadotropin (Gn) concentrations, including but not limited to goserelin, danazol, or
             leuprolide

          -  Other exclusion criteria exist--eligibility can be assessed by the trial site
      </textblock>
    </criteria>
    <gender>All</gender>
    <minimum_age>60 Years</minimum_age>
    <maximum_age>N/A</maximum_age>
    <healthy_volunteers>No</healthy_volunteers>
  </eligibility>
  <overall_official>
    <last_name>Connie Powers</last_name>
    <role>Principal Investigator</role>
    <affiliation>Sr. Clinical Scientist, Voyager Pharmaceutical</affiliation>
  </overall_official>
  <location>
    <facility>
      <name>Pivotal Research Centers</name>
      <address>
        <city>Peoria</city>
        <state>Arizona</state>
        <zip>85381</zip>
        <country>United States</country>
      </address>
    </facility>
  </location>
  <location>
    <facility>
      <name>NeuroSpecialists, PLLC</name>
      <address>
        <city>Tucson</city>
        <state>Arizona</state>
        <zip>85741</zip>
        <country>United States</country>
      </address>
    </facility>
  </location>
  <location>
    <facility>
      <name>Margolin Brain Institute</name>
      <address>
        <city>Fresno</city>
        <state>California</state>
        <zip>93720</zip>
        <country>United States</country>
      </address>
    </facility>
  </location>
  <location>
    <facility>
      <name>Bay Area Research Institute</name>
      <address>
        <city>Lafayette</city>
        <state>California</state>
        <zip>94549</zip>
        <country>United States</country>
      </address>
    </facility>
  </location>
  <location>
    <facility>
      <name>Anderson Clinical Research</name>
      <address>
        <city>Loma Linda</city>
        <state>California</state>
        <zip>92354</zip>
        <country>United States</country>
      </address>
    </facility>
  </location>
  <location>
    <facility>
      <name>Pharmacology Research Institute</name>
      <address>
        <city>Los Alamitos</city>
        <state>California</state>
        <zip>90720</zip>
        <country>United States</country>
      </address>
    </facility>
  </location>
  <location>
    <facility>
      <name>David Trader</name>
      <address>
        <city>Los Angeles</city>
        <state>California</state>
        <zip>90035</zip>
        <country>United States</country>
      </address>
    </facility>
  </location>
  <location>
    <facility>
      <name>Synergy Clinical Research</name>
      <address>
        <city>National City</city>
        <state>California</state>
        <zip>91950</zip>
        <country>United States</country>
      </address>
    </facility>
  </location>
  <location>
    <facility>
      <name>Pharmacology Research Institute</name>
      <address>
        <city>Newport Beach</city>
        <state>California</state>
        <zip>92660</zip>
        <country>United States</country>
      </address>
    </facility>
  </location>
  <location>
    <facility>
      <name>Pharmacology Research Institute</name>
      <address>
        <city>Northridge</city>
        <state>California</state>
        <zip>91324</zip>
        <country>United States</country>
      </address>
    </facility>
  </location>
  <location>
    <facility>
      <name>North County Neurology Assoc.</name>
      <address>
        <city>Oceanside</city>
        <state>California</state>
        <zip>92056</zip>
        <country>United States</country>
      </address>
    </facility>
  </location>
  <location>
    <facility>
      <name>Pharmacology Research Institute</name>
      <address>
        <city>Riverside</city>
        <state>California</state>
        <zip>92056</zip>
        <country>United States</country>
      </address>
    </facility>
  </location>
  <location>
    <facility>
      <name>Pacific Research Network</name>
      <address>
        <city>San Diego</city>
        <state>California</state>
        <zip>92103</zip>
        <country>United States</country>
      </address>
    </facility>
  </location>
  <location>
    <facility>
      <name>San Francisco Clinical Research Center</name>
      <address>
        <city>San Francisco</city>
        <state>California</state>
        <zip>94109</zip>
        <country>United States</country>
      </address>
    </facility>
  </location>
  <location>
    <facility>
      <name>Neurological Research Institute</name>
      <address>
        <city>Santa Monica</city>
        <state>California</state>
        <zip>90404</zip>
        <country>United States</country>
      </address>
    </facility>
  </location>
  <location>
    <facility>
      <name>Torrance Clinical Research</name>
      <address>
        <city>Torrance</city>
        <state>California</state>
        <zip>90505</zip>
        <country>United States</country>
      </address>
    </facility>
  </location>
  <location>
    <facility>
      <name>Radiant Research</name>
      <address>
        <city>Denver</city>
        <state>Colorado</state>
        <zip>80212</zip>
        <country>United States</country>
      </address>
    </facility>
  </location>
  <location>
    <facility>
      <name>Colorado Neurology &amp; Headache Center</name>
      <address>
        <city>Denver</city>
        <state>Colorado</state>
        <zip>80218</zip>
        <country>United States</country>
      </address>
    </facility>
  </location>
  <location>
    <facility>
      <name>Comprehensive Neuroscience, Inc.</name>
      <address>
        <city>Darien</city>
        <state>Connecticut</state>
        <zip>06820</zip>
        <country>United States</country>
      </address>
    </facility>
  </location>
  <location>
    <facility>
      <name>Geriatric and Adult Psychiatry</name>
      <address>
        <city>Hamden</city>
        <state>Connecticut</state>
        <zip>06518</zip>
        <country>United States</country>
      </address>
    </facility>
  </location>
  <location>
    <facility>
      <name>Meridien Research</name>
      <address>
        <city>Brookville</city>
        <state>Florida</state>
        <zip>34613</zip>
        <country>United States</country>
      </address>
    </facility>
  </location>
  <location>
    <facility>
      <name>Brain Matters Research</name>
      <address>
        <city>Delray Beach</city>
        <state>Florida</state>
        <zip>33445</zip>
        <country>United States</country>
      </address>
    </facility>
  </location>
  <location>
    <facility>
      <name>Berma Research Group</name>
      <address>
        <city>Hialeah</city>
        <state>Florida</state>
        <zip>33016</zip>
        <country>United States</country>
      </address>
    </facility>
  </location>
  <location>
    <facility>
      <name>Neurology Clinical Research, LLC</name>
      <address>
        <city>Plantation</city>
        <state>Florida</state>
        <zip>33324</zip>
        <country>United States</country>
      </address>
    </facility>
  </location>
  <location>
    <facility>
      <name>Roskamp Institute</name>
      <address>
        <city>Sarasota</city>
        <state>Florida</state>
        <zip>34243</zip>
        <country>United States</country>
      </address>
    </facility>
  </location>
  <location>
    <facility>
      <name>Meridien Research</name>
      <address>
        <city>St. Petersburg</city>
        <state>Florida</state>
        <zip>33709</zip>
        <country>United States</country>
      </address>
    </facility>
  </location>
  <location>
    <facility>
      <name>Meridien Research</name>
      <address>
        <city>Tampa</city>
        <state>Florida</state>
        <zip>33609</zip>
        <country>United States</country>
      </address>
    </facility>
  </location>
  <location>
    <facility>
      <name>Palm Beach Neurological Group</name>
      <address>
        <city>West Palm Beach</city>
        <state>Florida</state>
        <zip>33407</zip>
        <country>United States</country>
      </address>
    </facility>
  </location>
  <location>
    <facility>
      <name>Quantum Laboratories</name>
      <address>
        <city>West Palm Beach</city>
        <state>Florida</state>
        <zip>33409</zip>
        <country>United States</country>
      </address>
    </facility>
  </location>
  <location>
    <facility>
      <name>Kuakani Medical Center</name>
      <address>
        <city>Honolulu</city>
        <state>Hawaii</state>
        <zip>96817</zip>
        <country>United States</country>
      </address>
    </facility>
  </location>
  <location>
    <facility>
      <name>Booker, J. Gary, MD, APMC</name>
      <address>
        <city>Shreveport</city>
        <state>Louisiana</state>
        <zip>71104</zip>
        <country>United States</country>
      </address>
    </facility>
  </location>
  <location>
    <facility>
      <name>ICPS Group</name>
      <address>
        <city>Boston</city>
        <state>Massachusetts</state>
        <zip>02131</zip>
        <country>United States</country>
      </address>
    </facility>
  </location>
  <location>
    <facility>
      <name>Pivotal Research Centers</name>
      <address>
        <city>Royal Oak</city>
        <state>Michigan</state>
        <zip>48073</zip>
        <country>United States</country>
      </address>
    </facility>
  </location>
  <location>
    <facility>
      <name>University of Nebraska Medical Center</name>
      <address>
        <city>Omaha</city>
        <state>Nebraska</state>
        <zip>68198</zip>
        <country>United States</country>
      </address>
    </facility>
  </location>
  <location>
    <facility>
      <name>Hunterdon Medical Center</name>
      <address>
        <city>Flemington</city>
        <state>New Jersey</state>
        <zip>08822</zip>
        <country>United States</country>
      </address>
    </facility>
  </location>
  <location>
    <facility>
      <name>Albuquerque Neuroscience Inc.</name>
      <address>
        <city>Albuquerque</city>
        <state>New Mexico</state>
        <zip>87102</zip>
        <country>United States</country>
      </address>
    </facility>
  </location>
  <location>
    <facility>
      <name>Upstate Clinical Research, LLC</name>
      <address>
        <city>Albany</city>
        <state>New York</state>
        <zip>12205</zip>
        <country>United States</country>
      </address>
    </facility>
  </location>
  <location>
    <facility>
      <name>Medark Clinical Trials</name>
      <address>
        <city>Morgantown</city>
        <state>North Carolina</state>
        <zip>28655</zip>
        <country>United States</country>
      </address>
    </facility>
  </location>
  <location>
    <facility>
      <name>Raleigh Neurology Associates, P.A.</name>
      <address>
        <city>Raleigh</city>
        <state>North Carolina</state>
        <zip>27607</zip>
        <country>United States</country>
      </address>
    </facility>
  </location>
  <location>
    <facility>
      <name>Piedmont Medical Research Associates</name>
      <address>
        <city>Winston-Salem</city>
        <state>North Carolina</state>
        <zip>27103</zip>
        <country>United States</country>
      </address>
    </facility>
  </location>
  <location>
    <facility>
      <name>Ohio State University Medical Center</name>
      <address>
        <city>Columbus</city>
        <state>Ohio</state>
        <zip>43210</zip>
        <country>United States</country>
      </address>
    </facility>
  </location>
  <location>
    <facility>
      <name>Neurology Center of Ohio</name>
      <address>
        <city>Toledo</city>
        <state>Ohio</state>
        <zip>43623</zip>
        <country>United States</country>
      </address>
    </facility>
  </location>
  <location>
    <facility>
      <name>IPS Research Company</name>
      <address>
        <city>Oklahoma City</city>
        <state>Oklahoma</state>
        <zip>73103</zip>
        <country>United States</country>
      </address>
    </facility>
  </location>
  <location>
    <facility>
      <name>Pharmaceutical Research-Oregon, Inc.</name>
      <address>
        <city>Eugene</city>
        <state>Oregon</state>
        <zip>97401</zip>
        <country>United States</country>
      </address>
    </facility>
  </location>
  <location>
    <facility>
      <name>Clinical Trial Center, LLC.</name>
      <address>
        <city>Jenkintown</city>
        <state>Pennsylvania</state>
        <zip>19046</zip>
        <country>United States</country>
      </address>
    </facility>
  </location>
  <location>
    <facility>
      <name>Pearl Clinical Research, Inc.</name>
      <address>
        <city>Norristown</city>
        <state>Pennsylvania</state>
        <zip>19401</zip>
        <country>United States</country>
      </address>
    </facility>
  </location>
  <location>
    <facility>
      <name>Memory Research Institute</name>
      <address>
        <city>East Providence</city>
        <state>Rhode Island</state>
        <zip>02914</zip>
        <country>United States</country>
      </address>
    </facility>
  </location>
  <location>
    <facility>
      <name>Butler Hospital</name>
      <address>
        <city>Providence</city>
        <state>Rhode Island</state>
        <zip>02906</zip>
        <country>United States</country>
      </address>
    </facility>
  </location>
  <location>
    <facility>
      <name>Norman Gordon, MD</name>
      <address>
        <city>Providence</city>
        <state>Rhode Island</state>
        <zip>02916</zip>
        <country>United States</country>
      </address>
    </facility>
  </location>
  <location>
    <facility>
      <name>Radiant Research - Greer</name>
      <address>
        <city>Greer</city>
        <state>South Carolina</state>
        <zip>29651</zip>
        <country>United States</country>
      </address>
    </facility>
  </location>
  <location>
    <facility>
      <name>University of Texas Health Science Center at Houston</name>
      <address>
        <city>Houston</city>
        <state>Texas</state>
        <zip>77030</zip>
        <country>United States</country>
      </address>
    </facility>
  </location>
  <location>
    <facility>
      <name>Bexar Diagnostic Medicine Associates</name>
      <address>
        <city>San Antonio</city>
        <state>Texas</state>
        <zip>78229</zip>
        <country>United States</country>
      </address>
    </facility>
  </location>
  <location>
    <facility>
      <name>Grayline Clinical Drug Trials</name>
      <address>
        <city>Wichita Falls</city>
        <state>Texas</state>
        <zip>76309</zip>
        <country>United States</country>
      </address>
    </facility>
  </location>
  <location>
    <facility>
      <name>Southwestern Vermont Medical Center</name>
      <address>
        <city>Bennington</city>
        <state>Vermont</state>
        <zip>05201</zip>
        <country>United States</country>
      </address>
    </facility>
  </location>
  <location>
    <facility>
      <name>Innovative Clinical Research Center</name>
      <address>
        <city>Alexandria</city>
        <state>Virginia</state>
        <zip>22304</zip>
        <country>United States</country>
      </address>
    </facility>
  </location>
  <location>
    <facility>
      <name>The Medical Arts Health Research Group</name>
      <address>
        <city>Penticton</city>
        <state>British Columbia</state>
        <zip>V2ASC8</zip>
        <country>Canada</country>
      </address>
    </facility>
  </location>
  <location>
    <facility>
      <name>Queen Elizabeth II Health Sciences Centre</name>
      <address>
        <city>Halifax</city>
        <state>Nova Scotia</state>
        <zip>B3H2E1</zip>
        <country>Canada</country>
      </address>
    </facility>
  </location>
  <location>
    <facility>
      <name>Toronto Memory Program (Neurology Research Inc.)</name>
      <address>
        <city>Toronto</city>
        <state>Ontario</state>
        <zip>M2J5A3</zip>
        <country>Canada</country>
      </address>
    </facility>
  </location>
  <location>
    <facility>
      <name>Novabyss Inc.</name>
      <address>
        <city>Sherbrooke</city>
        <state>Quebec</state>
        <zip>J1G2E8</zip>
        <country>Canada</country>
      </address>
    </facility>
  </location>
  <location_countries>
    <country>Canada</country>
    <country>United States</country>
  </location_countries>
  <link>
    <url>http://voyagerpharma.com</url>
    <description>Voyager Pharmaceutical</description>
  </link>
  <link>
    <url>http://www.alz.org</url>
    <description>Alzheimer's Association</description>
  </link>
  <reference>
    <citation>Gregory CW, Bowen RL. Novel therapeutic strategies for Alzheimer's disease based on the forgotten reproductive hormones. Cell Mol Life Sci. 2005 Feb;62(3):313-9. Review.</citation>
    <PMID>15723167</PMID>
  </reference>
  <reference>
    <citation>Bowen RL, Atwood CS. Living and dying for sex. A theory of aging based on the modulation of cell cycle signaling by reproductive hormones. Gerontology. 2004 Sep-Oct;50(5):265-90. Review.</citation>
    <PMID>15331856</PMID>
  </reference>
  <reference>
    <citation>Bowen RL, Verdile G, Liu T, Parlow AF, Perry G, Smith MA, Martins RN, Atwood CS. Luteinizing hormone, a reproductive regulator that modulates the processing of amyloid-beta precursor protein and amyloid-beta deposition. J Biol Chem. 2004 May 7;279(19):20539-45. Epub 2004 Feb 9.</citation>
    <PMID>14871891</PMID>
  </reference>
  <reference>
    <citation>Webber KM, Bowen R, Casadesus G, Perry G, Atwood CS, Smith MA. Gonadotropins and Alzheimer's disease: the link between estrogen replacement therapy and neuroprotection. Acta Neurobiol Exp (Wars). 2004;64(1):113-8. Review.</citation>
    <PMID>15190686</PMID>
  </reference>
  <reference>
    <citation>Zhu X, McShea A, Harris PL, Raina AK, Castellani RJ, Funk JO, Shah S, Atwood C, Bowen R, Bowser R, Morelli L, Perry G, Smith MA. Elevated expression of a regulator of the G2/M phase of the cell cycle, neuronal CIP-1-associated regulator of cyclin B, in Alzheimer's disease. J Neurosci Res. 2004 Mar 1;75(5):698-703.</citation>
    <PMID>14991845</PMID>
  </reference>
  <verification_date>September 2007</verification_date>
  <!-- Old date names will be dropped in a few months (sometime in 2018)                        -->
  <lastchanged_date>September 18, 2007</lastchanged_date>
  <firstreceived_date>September 30, 2005</firstreceived_date>
  <!-- New date names                                                                           -->
  <study_first_submitted>September 30, 2005</study_first_submitted>
  <study_first_submitted_qc>September 30, 2005</study_first_submitted_qc>
  <study_first_posted type="Estimate">October 4, 2005</study_first_posted>
  <last_update_submitted>September 18, 2007</last_update_submitted>
  <last_update_submitted_qc>September 18, 2007</last_update_submitted_qc>
  <last_update_posted type="Estimate">September 20, 2007</last_update_posted>
  <!-- End of dates                                                                             -->
  <keyword>gonadotropins</keyword>
  <keyword>hormone therapy</keyword>
  <keyword>HRT</keyword>
  <keyword>Antigonadotropin</keyword>
  <keyword>Leuprolide</keyword>
  <condition_browse>
    <!-- CAUTION:  The following MeSH terms are assigned with an imperfect algorithm            -->
    <mesh_term>Alzheimer Disease</mesh_term>
  </condition_browse>
  <intervention_browse>
    <!-- CAUTION:  The following MeSH terms are assigned with an imperfect algorithm            -->
    <mesh_term>Leuprolide</mesh_term>
  </intervention_browse>
  <!-- Results have not yet been posted for this study                                          -->
</clinical_study>

