<?xml version="1.0" encoding="UTF-8"?>
<clinical_study rank="37">
  <!-- This xml conforms to an XML Schema at:
    https://clinicaltrials.gov/ct2/html/images/info/public.xsd -->
  <required_header>
    <download_date>ClinicalTrials.gov processed this data on November 07, 2017</download_date>
    <link_text>Link to the current ClinicalTrials.gov record.</link_text>
    <url>https://clinicaltrials.gov/show/NCT00945672</url>
  </required_header>
  <id_info>
    <org_study_id>A9951007</org_study_id>
    <nct_id>NCT00945672</nct_id>
  </id_info>
  <brief_title>A Multiple Dose Study of PF-04360365 In Patients With Mild to Moderate Alzheimer's Disease</brief_title>
  <official_title>A Phase 2 Double-Blinded, Randomized, Placebo-Controlled, Multicenter Study Evaluating The Safety, Tolerability And Pharmacokinetics/ Pharmacodynamics Of PF-04360365 In Mild To Moderate Alzheimer's Disease Patients</official_title>
  <sponsors>
    <lead_sponsor>
      <agency>Pfizer</agency>
      <agency_class>Industry</agency_class>
    </lead_sponsor>
  </sponsors>
  <source>Pfizer</source>
  <oversight_info>
    <has_dmc>Yes</has_dmc>
  </oversight_info>
  <brief_summary>
    <textblock>
      The purpose of this study is to determine whether multiple dose administration is safe and
      well tolerated in patients with mild to moderate Alzheimer's Disease.
    </textblock>
  </brief_summary>
  <overall_status>Completed</overall_status>
  <start_date>August 2009</start_date>
  <completion_date type="Actual">June 2011</completion_date>
  <primary_completion_date type="Actual">June 2011</primary_completion_date>
  <phase>Phase 2</phase>
  <study_type>Interventional</study_type>
  <has_expanded_access>No</has_expanded_access>
  <study_design_info>
    <allocation>Randomized</allocation>
    <intervention_model>Parallel Assignment</intervention_model>
    <primary_purpose>Treatment</primary_purpose>
    <masking>Triple (Participant, Care Provider, Investigator)</masking>
  </study_design_info>
  <primary_outcome>
    <measure>Safety/tolerability/PK of multiple doses of PF-04360365 in subjects with mild to moderate Alzheimer's disease dosed for 1 year (adverse events, physical/neurological exams, vital signs, 12-lead ECG, clinical labs, brain MRI, cognitive assessments)</measure>
    <time_frame>18 months</time_frame>
  </primary_outcome>
  <primary_outcome>
    <measure>Brain amyloid burden</measure>
    <time_frame>13 months</time_frame>
  </primary_outcome>
  <primary_outcome>
    <measure>CSF abeta</measure>
    <time_frame>13 months</time_frame>
  </primary_outcome>
  <secondary_outcome>
    <measure>Alzheimer's Disease Assessment Scale-Cognitive Subscale (ADAS-cog); Disability Assessment for Dementia (DAD); plasma abeta, CSF tau and phosphotau; CSF protein, RBCs, WBCs and glucose; immunogenicity (anti-drug antibodies)</measure>
    <time_frame>18 months</time_frame>
  </secondary_outcome>
  <number_of_arms>3</number_of_arms>
  <enrollment type="Actual">36</enrollment>
  <condition>Alzheimer's Disease</condition>
  <arm_group>
    <arm_group_label>PF-04360365 10 mg/kg</arm_group_label>
    <arm_group_type>Experimental</arm_group_type>
  </arm_group>
  <arm_group>
    <arm_group_label>PF-04360365 7.5 mg/kg</arm_group_label>
    <arm_group_type>Experimental</arm_group_type>
  </arm_group>
  <arm_group>
    <arm_group_label>placebo</arm_group_label>
    <arm_group_type>Placebo Comparator</arm_group_type>
  </arm_group>
  <intervention>
    <intervention_type>Biological</intervention_type>
    <intervention_name>PF-04360365 10 mg/kg</intervention_name>
    <description>10 mg/kg every 90 days (5 total doses)</description>
    <arm_group_label>PF-04360365 10 mg/kg</arm_group_label>
  </intervention>
  <intervention>
    <intervention_type>Biological</intervention_type>
    <intervention_name>PF-04360365 7.5 mg/kg</intervention_name>
    <description>10 mg/kg loading dose followed by 7.5 mg/kg monthly maintenance dosing (total of 13 doses)</description>
    <arm_group_label>PF-04360365 7.5 mg/kg</arm_group_label>
  </intervention>
  <intervention>
    <intervention_type>Drug</intervention_type>
    <intervention_name>placebo</intervention_name>
    <description>placebo administered every 90 days or monthly to match experimental treatment arms.</description>
    <arm_group_label>placebo</arm_group_label>
  </intervention>
  <eligibility>
    <criteria>
      <textblock>
        Inclusion Criteria:

          -  Males or females of non childbearing potential, age &gt; or = 50.

          -  Diagnosis of probable Alzheimer's disease, consistent with criteria from both:

               -  National Institute of Neurological and Communicable Disease and Stroke and
                  Alzheimer's Disease and Related Disorders Association (NINCDS-ADRDA).

               -  Diagnostic and Statistical Manual of Mental Disorders (DSM IV).

          -  Mini-mental status exam score of 16-26 inclusive.

          -  Rosen-Modified Hachinski Ischemia Score of &lt; or = 4.

        Exclusion Criteria:

          -  Diagnosis or history of other demential or neurodegenerative disorders.

          -  Diagnosis or history of clinically significant cerebrovascular disease.

          -  Specific findings on magnetic resonance imaging (MRI); cortical infarct, micro
             hemorrhage, multiple white matter lacunes, extensive white matter abnormalities.

          -  History of autoimmune disorders.

          -  History of allergic or anaphylactic reactions.
      </textblock>
    </criteria>
    <gender>All</gender>
    <minimum_age>50 Years</minimum_age>
    <maximum_age>N/A</maximum_age>
    <healthy_volunteers>No</healthy_volunteers>
  </eligibility>
  <overall_official>
    <last_name>Pfizer CT.gov Call Center</last_name>
    <role>Study Director</role>
    <affiliation>Pfizer</affiliation>
  </overall_official>
  <location>
    <facility>
      <name>Pfizer Investigational Site</name>
      <address>
        <city>Göteborg</city>
        <zip>413 45</zip>
        <country>Sweden</country>
      </address>
    </facility>
  </location>
  <location>
    <facility>
      <name>Pfizer Investigational Site</name>
      <address>
        <city>Malmo</city>
        <zip>205 02</zip>
        <country>Sweden</country>
      </address>
    </facility>
  </location>
  <location>
    <facility>
      <name>Pfizer Investigational Site</name>
      <address>
        <city>Molndal</city>
        <zip>431 41</zip>
        <country>Sweden</country>
      </address>
    </facility>
  </location>
  <location>
    <facility>
      <name>Pfizer Investigational Site</name>
      <address>
        <city>Stockholm</city>
        <zip>141 86</zip>
        <country>Sweden</country>
      </address>
    </facility>
  </location>
  <location_countries>
    <country>Sweden</country>
  </location_countries>
  <link>
    <url>https://trialinfoemail.pfizer.com/pages/landing.aspx?StudyID=A9951007&amp;StudyName=A%20Multiple%20Dose%20Study%20of%20PF-04360365%20In%20Patients%20With%20Mild%20to%20Moderate%20Alzheimer%27s%20Disease</url>
    <description>To obtain contact information for a study center near you, click here.</description>
  </link>
  <verification_date>June 2011</verification_date>
  <!-- Old date names will be dropped in a few months (sometime in 2018)                        -->
  <lastchanged_date>April 8, 2016</lastchanged_date>
  <firstreceived_date>July 22, 2009</firstreceived_date>
  <firstreceived_results_disposition_date>April 8, 2016</firstreceived_results_disposition_date>
  <!-- New date names                                                                           -->
  <study_first_submitted>July 22, 2009</study_first_submitted>
  <study_first_submitted_qc>July 23, 2009</study_first_submitted_qc>
  <study_first_posted type="Estimate">July 24, 2009</study_first_posted>
  <disposition_first_submitted>April 8, 2016</disposition_first_submitted>
  <disposition_first_submitted_qc>April 8, 2016</disposition_first_submitted_qc>
  <disposition_first_posted type="Estimate">May 5, 2016</disposition_first_posted>
  <last_update_submitted>April 8, 2016</last_update_submitted>
  <last_update_submitted_qc>April 8, 2016</last_update_submitted_qc>
  <last_update_posted type="Estimate">May 5, 2016</last_update_posted>
  <!-- End of dates                                                                             -->
  <responsible_party>
    <name_title>Director, Clinical Trial Disclosure Group</name_title>
    <organization>Pfizer, Inc.</organization>
  </responsible_party>
  <keyword>Alzheimer's disease amyloid imaging antibody</keyword>
  <condition_browse>
    <!-- CAUTION:  The following MeSH terms are assigned with an imperfect algorithm            -->
    <mesh_term>Alzheimer Disease</mesh_term>
  </condition_browse>
  <!-- Results have not yet been posted, but a results disposition has been submitted           -->
</clinical_study>

