<?xml version="1.0" encoding="UTF-8"?>
<clinical_study rank="375">
  <!-- This xml conforms to an XML Schema at:
    https://clinicaltrials.gov/ct2/html/images/info/public.xsd -->
  <required_header>
    <download_date>ClinicalTrials.gov processed this data on November 07, 2017</download_date>
    <link_text>Link to the current ClinicalTrials.gov record.</link_text>
    <url>https://clinicaltrials.gov/show/NCT00672945</url>
  </required_header>
  <id_info>
    <org_study_id>Protocol 01340-202</org_study_id>
    <nct_id>NCT00672945</nct_id>
  </id_info>
  <brief_title>A Study of PRX-03140 in Subjects With Alzheimer's Disease Receiving a Stable Dose of Donepezil</brief_title>
  <official_title>Phase 2 Double-Blind Study of PRX-03140 in Subjects With Alzheimer's Disease Receiving a Stable Dose of Donepezil</official_title>
  <sponsors>
    <lead_sponsor>
      <agency>Epix Pharmaceuticals, Inc.</agency>
      <agency_class>Industry</agency_class>
    </lead_sponsor>
  </sponsors>
  <source>Epix Pharmaceuticals, Inc.</source>
  <brief_summary>
    <textblock>
      A randomized placebo-controlled study to evaluate the efficacy of PRX-03140 in subjects with
      Alzheimer's Disease receiving a stable dose of donepezil. The study consists of a 26-week
      double-blind treatment period.
    </textblock>
  </brief_summary>
  <overall_status>Terminated</overall_status>
  <start_date>April 2008</start_date>
  <primary_completion_date type="Anticipated">January 2010</primary_completion_date>
  <phase>Phase 2</phase>
  <study_type>Interventional</study_type>
  <has_expanded_access>No</has_expanded_access>
  <study_design_info>
    <primary_purpose>Treatment</primary_purpose>
  </study_design_info>
  <primary_outcome>
    <measure>Alzheimer's Disease Assessment Scale-Cognitive subscale.</measure>
  </primary_outcome>
  <number_of_arms>2</number_of_arms>
  <enrollment type="Anticipated">420</enrollment>
  <condition>Alzheimer's Disease</condition>
  <arm_group>
    <arm_group_label>PRX-03140</arm_group_label>
    <arm_group_type>Experimental</arm_group_type>
  </arm_group>
  <arm_group>
    <arm_group_label>Placebo</arm_group_label>
    <arm_group_type>Placebo Comparator</arm_group_type>
  </arm_group>
  <intervention>
    <intervention_type>Drug</intervention_type>
    <intervention_name>PRX-03140</intervention_name>
    <arm_group_label>PRX-03140</arm_group_label>
  </intervention>
  <intervention>
    <intervention_type>Drug</intervention_type>
    <intervention_name>Placebo</intervention_name>
    <arm_group_label>Placebo</arm_group_label>
  </intervention>
  <eligibility>
    <criteria>
      <textblock>
        -  Men or Women with a clinical diagnosis of Probable AD

          -  MMSE score 12 to 22 inclusive

          -  Age &gt;50 and &lt;90 years

          -  Received at least 4 months of a stable dose of donepezil 10mg QD for AD

          -  Brain CT or MRI scan Consistent with a primary diagnosis of AD within 24 months

          -  Neurological examination without focal deficits (excluding changes attributable to
             peripheral nervous system disease, trauma or congenital birth deficits)

          -  No history or evidence of any other CNS disorder that could be interpreted as a cause
             of dementia

          -  No diagnosis of vascular dementia

          -  No history of significant psychiatric illness such as schizophrenia or bipolar
             affective disorder. Subjects with major depressive disorder on a stable dose of an
             antidepressant for &gt;6 months may be eligible

          -  No evidence of the following: current vitamin B12 deficiency, positive syphilis
             serology, positive HIV test, or abnormalities in thyroid function

          -  No cognitive rehabilitation within 6 months of the study

          -  Subject has a regular caregiver willing to attend all study visits

          -  Signed informed consent by the subject (and legal guardian, if applicable)

          -  No history of drug or alcohol abuse

          -  No clinically significant laboratory abnormalities or medical history

          -  No investigational drug within 30 days of Randomization

          -  Cannot receive memantine within 2 months of enrollment

          -  No other prescription acetylcholinesterase inhibitors for AD (other than donepezil)
             within 4 months of enrollment

          -  No clinically significant ECG abnormalities or cardiac history

          -  No history of uncontrolled seizure disorder within 12 months of enrollment

          -  Cannot be taking MAO inhibitors, bupropion,fluoxetine, paroxetine, quinidine

          -  No history of malignancy within 3 years of randomization

          -  Women cannot be pregnant or breastfeeding
      </textblock>
    </criteria>
    <gender>All</gender>
    <minimum_age>50 Years</minimum_age>
    <maximum_age>90 Years</maximum_age>
    <healthy_volunteers>No</healthy_volunteers>
  </eligibility>
  <location>
    <facility>
      <name>Barrow Neurological Institute</name>
      <address>
        <city>Phoenix</city>
        <state>Arizona</state>
        <zip>85013</zip>
        <country>United States</country>
      </address>
    </facility>
  </location>
  <location>
    <facility>
      <name>PsyPharma Clinical Research, Inc.</name>
      <address>
        <city>Phoenix</city>
        <state>Arizona</state>
        <zip>85050</zip>
        <country>United States</country>
      </address>
    </facility>
  </location>
  <location>
    <facility>
      <name>Northwest NeuroSpecialists, PLLC</name>
      <address>
        <city>Tucson</city>
        <state>Arizona</state>
        <zip>85741</zip>
        <country>United States</country>
      </address>
    </facility>
  </location>
  <location>
    <facility>
      <name>Synergy Clinical Research Center</name>
      <address>
        <city>National City</city>
        <state>California</state>
        <zip>91950</zip>
        <country>United States</country>
      </address>
    </facility>
  </location>
  <location>
    <facility>
      <name>Pacific Neuroscience Medical Group</name>
      <address>
        <city>Oxnard</city>
        <state>California</state>
        <zip>93030</zip>
        <country>United States</country>
      </address>
    </facility>
  </location>
  <location>
    <facility>
      <name>California Neuroscience Research Medical Group, Inc.</name>
      <address>
        <city>Sherman Oaks</city>
        <state>California</state>
        <zip>91403</zip>
        <country>United States</country>
      </address>
    </facility>
  </location>
  <location>
    <facility>
      <name>Torrance Clinical Research</name>
      <address>
        <city>Torrance</city>
        <state>California</state>
        <zip>90505</zip>
        <country>United States</country>
      </address>
    </facility>
  </location>
  <location>
    <facility>
      <name>Bradenton Research Center</name>
      <address>
        <city>Bradenton</city>
        <state>Florida</state>
        <zip>34205</zip>
        <country>United States</country>
      </address>
    </facility>
  </location>
  <location>
    <facility>
      <name>Brain Matters Research</name>
      <address>
        <city>Delray Beach</city>
        <state>Florida</state>
        <zip>33445</zip>
        <country>United States</country>
      </address>
    </facility>
  </location>
  <location>
    <facility>
      <name>Clinical Neuroscience Solutions, Inc.</name>
      <address>
        <city>Jacksonville</city>
        <state>Florida</state>
        <zip>32216</zip>
        <country>United States</country>
      </address>
    </facility>
  </location>
  <location>
    <facility>
      <name>Renstar Medical Research</name>
      <address>
        <city>Ocala</city>
        <state>Florida</state>
        <zip>34471</zip>
        <country>United States</country>
      </address>
    </facility>
  </location>
  <location>
    <facility>
      <name>Compass Research</name>
      <address>
        <city>Orlando</city>
        <state>Florida</state>
        <zip>32806</zip>
        <country>United States</country>
      </address>
    </facility>
  </location>
  <location>
    <facility>
      <name>Berma Research Group</name>
      <address>
        <city>Plantation</city>
        <state>Florida</state>
        <zip>33317</zip>
        <country>United States</country>
      </address>
    </facility>
  </location>
  <location>
    <facility>
      <name>Meridien Research</name>
      <address>
        <city>St. Petersburg</city>
        <state>Florida</state>
        <zip>33709</zip>
        <country>United States</country>
      </address>
    </facility>
  </location>
  <location>
    <facility>
      <name>Stedman Clinical Trials</name>
      <address>
        <city>Tampa</city>
        <state>Florida</state>
        <zip>33613</zip>
        <country>United States</country>
      </address>
    </facility>
  </location>
  <location>
    <facility>
      <name>Roskamp Institute</name>
      <address>
        <city>Tampa</city>
        <state>Florida</state>
        <zip>33617</zip>
        <country>United States</country>
      </address>
    </facility>
  </location>
  <location>
    <facility>
      <name>Alexian Brothers Neroscience Institute</name>
      <address>
        <city>Elk Grove Village</city>
        <state>Illinois</state>
        <zip>60007</zip>
        <country>United States</country>
      </address>
    </facility>
  </location>
  <location>
    <facility>
      <name>Four Rivers Clinical Research</name>
      <address>
        <city>Paducah</city>
        <state>Kentucky</state>
        <zip>42003</zip>
        <country>United States</country>
      </address>
    </facility>
  </location>
  <location>
    <facility>
      <name>J. Gary Booker, MD</name>
      <address>
        <city>Shreveport</city>
        <state>Louisiana</state>
        <zip>71104</zip>
        <country>United States</country>
      </address>
    </facility>
  </location>
  <location>
    <facility>
      <name>Maine Neurology</name>
      <address>
        <city>Scarborough</city>
        <state>Maine</state>
        <zip>04074</zip>
        <country>United States</country>
      </address>
    </facility>
  </location>
  <location>
    <facility>
      <name>The ICPS Group</name>
      <address>
        <city>Norwood</city>
        <state>Massachusetts</state>
        <zip>02062</zip>
        <country>United States</country>
      </address>
    </facility>
  </location>
  <location>
    <facility>
      <name>Memory Center of America</name>
      <address>
        <city>Long Beach</city>
        <state>New Jersey</state>
        <zip>07740</zip>
        <country>United States</country>
      </address>
    </facility>
  </location>
  <location>
    <facility>
      <name>Alzheimer's Research Corporation</name>
      <address>
        <city>Manchester</city>
        <state>New Jersey</state>
        <zip>08759</zip>
        <country>United States</country>
      </address>
    </facility>
  </location>
  <location>
    <facility>
      <name>Global Medical Institutes</name>
      <address>
        <city>Princeton</city>
        <state>New Jersey</state>
        <zip>08540</zip>
        <country>United States</country>
      </address>
    </facility>
  </location>
  <location>
    <facility>
      <name>Neurological Associates of Albany, P.C.</name>
      <address>
        <city>Albany</city>
        <state>New York</state>
        <zip>12208</zip>
        <country>United States</country>
      </address>
    </facility>
  </location>
  <location>
    <facility>
      <name>Social Psychiatry Research Institute</name>
      <address>
        <city>Brooklyn</city>
        <state>New York</state>
        <zip>11235</zip>
        <country>United States</country>
      </address>
    </facility>
  </location>
  <location>
    <facility>
      <name>The Mount Sinai Medical Center</name>
      <address>
        <city>New York</city>
        <state>New York</state>
        <zip>10029</zip>
        <country>United States</country>
      </address>
    </facility>
  </location>
  <location>
    <facility>
      <name>Behavioral Medical Research of Staten Island</name>
      <address>
        <city>Staten Island</city>
        <state>New York</state>
        <zip>10305</zip>
        <country>United States</country>
      </address>
    </facility>
  </location>
  <location>
    <facility>
      <name>The Neurological Institute, P.A.</name>
      <address>
        <city>Charlotte</city>
        <state>North Carolina</state>
        <zip>28204</zip>
        <country>United States</country>
      </address>
    </facility>
  </location>
  <location>
    <facility>
      <name>MedArk</name>
      <address>
        <city>Morgantown</city>
        <state>North Carolina</state>
        <zip>28655</zip>
        <country>United States</country>
      </address>
    </facility>
  </location>
  <location>
    <facility>
      <name>Neurology and Neuroscience Center of Ohio</name>
      <address>
        <city>Toledo</city>
        <state>Ohio</state>
        <zip>43623</zip>
        <country>United States</country>
      </address>
    </facility>
  </location>
  <location>
    <facility>
      <name>Tulsa Clinical Research, LLC</name>
      <address>
        <city>Tulsa</city>
        <state>Oklahoma</state>
        <zip>74104</zip>
        <country>United States</country>
      </address>
    </facility>
  </location>
  <location>
    <facility>
      <name>RI Mood and Memory Research Institute</name>
      <address>
        <city>East Providence</city>
        <state>Rhode Island</state>
        <zip>02914</zip>
        <country>United States</country>
      </address>
    </facility>
  </location>
  <location>
    <facility>
      <name>Todd Swick, MD, PA</name>
      <address>
        <city>Houston</city>
        <state>Texas</state>
        <zip>77063</zip>
        <country>United States</country>
      </address>
    </facility>
  </location>
  <location>
    <facility>
      <name>The Memory Clinic</name>
      <address>
        <city>Bennington</city>
        <state>Vermont</state>
        <zip>05201</zip>
        <country>United States</country>
      </address>
    </facility>
  </location>
  <location>
    <facility>
      <name>University of Vermont</name>
      <address>
        <city>Burlington</city>
        <state>Vermont</state>
        <zip>05401</zip>
        <country>United States</country>
      </address>
    </facility>
  </location>
  <location>
    <facility>
      <name>The Glennan Center for Geriatrics &amp; Gerontology, Eastern Virginia Medical School</name>
      <address>
        <city>Norfolk</city>
        <state>Virginia</state>
        <zip>23507</zip>
        <country>United States</country>
      </address>
    </facility>
  </location>
  <location>
    <facility>
      <name>The Center for Excellence in Aging and Geriatric Health</name>
      <address>
        <city>Williamsburg</city>
        <state>Virginia</state>
        <zip>23185</zip>
        <country>United States</country>
      </address>
    </facility>
  </location>
  <location_countries>
    <country>United States</country>
  </location_countries>
  <verification_date>July 2009</verification_date>
  <!-- Old date names will be dropped in a few months (sometime in 2018)                        -->
  <lastchanged_date>July 28, 2009</lastchanged_date>
  <firstreceived_date>May 2, 2008</firstreceived_date>
  <!-- New date names                                                                           -->
  <study_first_submitted>May 2, 2008</study_first_submitted>
  <study_first_submitted_qc>May 5, 2008</study_first_submitted_qc>
  <study_first_posted type="Estimate">May 6, 2008</study_first_posted>
  <last_update_submitted>July 28, 2009</last_update_submitted>
  <last_update_submitted_qc>July 28, 2009</last_update_submitted_qc>
  <last_update_posted type="Estimate">July 30, 2009</last_update_posted>
  <!-- End of dates                                                                             -->
  <responsible_party>
    <name_title>Elkan R. Gamzu, PhD</name_title>
    <organization>EPIX Pharmaceuticals, Inc</organization>
  </responsible_party>
  <condition_browse>
    <!-- CAUTION:  The following MeSH terms are assigned with an imperfect algorithm            -->
    <mesh_term>Alzheimer Disease</mesh_term>
  </condition_browse>
  <intervention_browse>
    <!-- CAUTION:  The following MeSH terms are assigned with an imperfect algorithm            -->
    <mesh_term>Donepezil</mesh_term>
  </intervention_browse>
  <!-- Results have not yet been posted for this study                                          -->
</clinical_study>

