<?xml version="1.0" encoding="UTF-8"?>
<clinical_study rank="79">
  <!-- This xml conforms to an XML Schema at:
    https://clinicaltrials.gov/ct2/html/images/info/public.xsd -->
  <required_header>
    <download_date>ClinicalTrials.gov processed this data on November 07, 2017</download_date>
    <link_text>Link to the current ClinicalTrials.gov record.</link_text>
    <url>https://clinicaltrials.gov/show/NCT00334568</url>
  </required_header>
  <id_info>
    <org_study_id>AVA100930</org_study_id>
    <nct_id>NCT00334568</nct_id>
  </id_info>
  <brief_title>Effects Of Rosiglitazone (Extended Release Tablets) On Cerebral Glucose Utilisation And Cognition Alzheimers Disease</brief_title>
  <official_title>A Double-blind, Randomised, Placebo-controlled, Parallel-group Study to Investigate the Effects of Rosiglitazone (Extended Release Tablets) on Cerebral Glucose Utilisation and Cognition in Subjects With Mild to Moderate Alzheimers Disease (AD)</official_title>
  <sponsors>
    <lead_sponsor>
      <agency>GlaxoSmithKline</agency>
      <agency_class>Industry</agency_class>
    </lead_sponsor>
  </sponsors>
  <source>GlaxoSmithKline</source>
  <brief_summary>
    <textblock>
      Clinical features in patients with the familial early onset forms and the sporadic forms of
      Alzheimers disease are similar, although the course of deterioration may be different. It
      would be very informative to examine the drug response of patients with Alzheimers disease by
      a certain genotype to find evidence favouring genotype-specific drug responses that may
      indicate genetically defined phenotypic differences in alzheimers disease.
    </textblock>
  </brief_summary>
  <overall_status>Terminated</overall_status>
  <why_stopped>
    Slow recruitment
  </why_stopped>
  <start_date>December 2004</start_date>
  <completion_date type="Actual">July 2007</completion_date>
  <primary_completion_date type="Actual">July 2007</primary_completion_date>
  <phase>Phase 2</phase>
  <study_type>Interventional</study_type>
  <has_expanded_access>No</has_expanded_access>
  <study_design_info>
    <allocation>Randomized</allocation>
    <intervention_model>Parallel Assignment</intervention_model>
    <primary_purpose>Treatment</primary_purpose>
    <masking>Double (Participant, Investigator)</masking>
  </study_design_info>
  <primary_outcome>
    <measure>Change in global and regional cerebral glucose metabolism/Cerebral Metabolic Rate for glucose (CMRglu) as measured by the ratio of Ki to K1</measure>
    <time_frame>at baseline and 12 months.</time_frame>
  </primary_outcome>
  <secondary_outcome>
    <measure>Changes in global and regional CMRglu as measured by [18F]FDG uptake.</measure>
    <time_frame>between baseline and 12 month point</time_frame>
  </secondary_outcome>
  <secondary_outcome>
    <measure>Global changes in brain structure from baseline as measured by structural MRI from baseline.Vital signs and ECGs.</measure>
    <time_frame>throughout study</time_frame>
  </secondary_outcome>
  <number_of_arms>2</number_of_arms>
  <enrollment type="Actual">12</enrollment>
  <condition>Alzheimer's Disease</condition>
  <arm_group>
    <arm_group_label>Rosi XR</arm_group_label>
    <arm_group_type>Experimental</arm_group_type>
    <description>Rosi XR</description>
  </arm_group>
  <arm_group>
    <arm_group_label>Placebo</arm_group_label>
    <arm_group_type>Placebo Comparator</arm_group_type>
    <description>Placebo (matched)</description>
  </arm_group>
  <intervention>
    <intervention_type>Drug</intervention_type>
    <intervention_name>Rosiglitazone XR (extended release) oral tablets</intervention_name>
    <description>Rosi XR tablets</description>
    <arm_group_label>Rosi XR</arm_group_label>
  </intervention>
  <intervention>
    <intervention_type>Drug</intervention_type>
    <intervention_name>Placebo</intervention_name>
    <description>Placebo</description>
    <arm_group_label>Placebo</arm_group_label>
  </intervention>
  <eligibility>
    <criteria>
      <textblock>
        Inclusion Criteria:

          -  Meets the National Institute of Neurological and Communicative Diseases and
             Stroke/Alzheimers Disease and Related Disorders Association (NINCDS-ADRDA) criteria
             for Alzheimers disease, regardless of date of diagnosis relative to study entry date.

          -  Has an Alzheimers disease status of mild to moderate, as classified by a Mini Mental
             State Examination (MMSE) score of 16 - 26 inclusive at screening.

          -  Post-menopausal females defined as menopause is defined as &gt;6 months without menstrual
             period with an appropriate clinical profile, e.g. age appropriate, history of
             vasomotor symptoms. However if indicated this should be confirmed by oestradiol and
             FSH levels consistent with menopause (according to local laboratory ranges).

          -  Women who are on HRT (hormone replacement therapy) treatment, and have not been
             confirmed as post-menopausal should be advised to use contraception.

          -  Has a permanent caregiver who is willing to attend all visits, oversee the subjects
             compliance with protocol-specified procedures and study medication, and report on
             subjects status. (Subjects living alone or in a nursing home are not eligible).

        Exclusion Criteria:

          -  Has a history of or suffers from claustrophobia.

          -  Is unable to lie comfortably on a bed inside a PET camera with their head in the field
             of view for at least 60 minutes as assessed by physical examination and medical
             history (e.g. back pain, arthritis).

          -  Has a history or presence of other neurological or other medical conditions that may
             influence the outcome or analysis of the PET scan results. Examples of such conditions
             include, but are not limited to stroke, traumatic brain injury, epilepsy or space
             occupying lesions.

          -  History of Type I or Type II diabetes mellitus.

          -  Fasting plasma glucose level &gt;126 mg/dL (&gt;7.0 mmol/L) or HbA1c &gt;6.2%.

          -  History or clinical/laboratory evidence of moderate congestive heart failure defined
             by the New York Heart Association criteria (class II-IV.
      </textblock>
    </criteria>
    <gender>All</gender>
    <minimum_age>50 Years</minimum_age>
    <maximum_age>85 Years</maximum_age>
    <healthy_volunteers>No</healthy_volunteers>
  </eligibility>
  <overall_official>
    <last_name>GSK Clinical Trials</last_name>
    <role>Study Director</role>
    <affiliation>GlaxoSmithKline</affiliation>
  </overall_official>
  <location>
    <facility>
      <name>GSK Investigational Site</name>
      <address>
        <city>Cambridge</city>
        <state>Cambridgeshire</state>
        <zip>CB2 2EF</zip>
        <country>United Kingdom</country>
      </address>
    </facility>
  </location>
  <location_countries>
    <country>United Kingdom</country>
  </location_countries>
  <verification_date>January 2013</verification_date>
  <!-- Old date names will be dropped in a few months (sometime in 2018)                        -->
  <lastchanged_date>January 10, 2013</lastchanged_date>
  <firstreceived_date>June 6, 2006</firstreceived_date>
  <!-- New date names                                                                           -->
  <study_first_submitted>June 6, 2006</study_first_submitted>
  <study_first_submitted_qc>June 6, 2006</study_first_submitted_qc>
  <study_first_posted type="Estimate">June 8, 2006</study_first_posted>
  <last_update_submitted>January 10, 2013</last_update_submitted>
  <last_update_submitted_qc>January 10, 2013</last_update_submitted_qc>
  <last_update_posted type="Estimate">January 14, 2013</last_update_posted>
  <!-- End of dates                                                                             -->
  <responsible_party>
    <responsible_party_type>Sponsor</responsible_party_type>
  </responsible_party>
  <keyword>AVANDIA</keyword>
  <keyword>Alzheimers Disease</keyword>
  <condition_browse>
    <!-- CAUTION:  The following MeSH terms are assigned with an imperfect algorithm            -->
    <mesh_term>Alzheimer Disease</mesh_term>
  </condition_browse>
  <intervention_browse>
    <!-- CAUTION:  The following MeSH terms are assigned with an imperfect algorithm            -->
    <mesh_term>Rosiglitazone</mesh_term>
  </intervention_browse>
  <!-- Results have not yet been posted for this study                                          -->
</clinical_study>

