<?xml version="1.0" encoding="UTF-8"?>
<clinical_study rank="271">
  <!-- This xml conforms to an XML Schema at:
    https://clinicaltrials.gov/ct2/html/images/info/public.xsd -->
  <required_header>
    <download_date>ClinicalTrials.gov processed this data on November 07, 2017</download_date>
    <link_text>Link to the current ClinicalTrials.gov record.</link_text>
    <url>https://clinicaltrials.gov/show/NCT01075763</url>
  </required_header>
  <id_info>
    <org_study_id>24386</org_study_id>
    <nct_id>NCT01075763</nct_id>
  </id_info>
  <brief_title>A Pilot Trial of Interferon Beta-1a in Alzheimer's Disease</brief_title>
  <acronym>REAL</acronym>
  <official_title>Pilot Trial of Interferon Beta-1a in Alzheimer's Disease</official_title>
  <sponsors>
    <lead_sponsor>
      <agency>Merck KGaA</agency>
      <agency_class>Industry</agency_class>
    </lead_sponsor>
    <collaborator>
      <agency>Merck Serono S.P.A., Italy</agency>
      <agency_class>Industry</agency_class>
    </collaborator>
  </sponsors>
  <source>Merck KGaA</source>
  <brief_summary>
    <textblock>
      This was a 52-week, multicentric, phase II, pilot study conducted in 40 subjects with
      early-onset Alzheimer's disease (AD) to evaluate safety, tolerability and clinical efficacy
      of subcutaneous (sc) interferon (IFN) beta-1a [Rebif® 22 microgram (mcg), three times per
      week (tiw)] in the treatment of AD by comparing the neuropsychological performance changes
      into placebo and treatment arms from screening/baseline to 52 week.
    </textblock>
  </brief_summary>
  <detailed_description>
    <textblock>
      Alzheimer's disease is characterized by progressive cognitive impairment resulting from
      neuronal loss. The primary pathological feature of the disease is the extracellular
      deposition of fibrillary amyloid and its compaction into senile plaques. The senile plaque is
      the focus of a complex cellular reaction involving the activation of both microglia and
      astrocytes adjacent to the amyloid plaque. In fact, microglias are the most abundant and
      prominent cellular components associated with these plaques. Plaque-associated microglia
      exhibits a reactive or activated phenotype. Through the acquisition of a reactive phenotype,
      microglia responds to various stimuli, as is evident by the increased expression of numerous
      cell-surface molecules, including major histocompatibility complex (MHC) class-II antigens
      and complement receptors.

      Traditionally, multiple sclerosis (MS) has been considered a &quot;demyelinating&quot; disease. Recent
      immunocytochemical studies suggest that MS may be more than a demyelinating disorder, and
      that even in early stages of the disease, MS pathological scenario envisages axonal damage.
      Interferons, the modern therapeutic strategies for the treatment of MS, are cytokines -
      proteins which lead to a network of signals within different cells. In the immune system,
      IFNs act at different levels. For example, IFNs increase the expression of MHC class II
      antigens and, thereby, facilitate the antigen-presenting process and the activation of
      lymphocytes. T-lymphocytes are important targets of IFN immunomodulation. In MS, it is
      believed that IFN beta suppresses the production of proinflammatory cytokines such as IFN-γ
      and TNF-α, and increases the production of immunosuppressive cytokines such as interleukin-4
      (IL-4) and IL-10. Since the activation of microglia and astrocytes is common to both AD and
      MS, IFN beta could have therapeutic applications in the treatment of AD. Furthermore, recent
      studies have also found that through astrocyte production, IFNs promote the activation of
      nerve-growth factor.

      OBJECTIVES

        -  To evaluate safety, tolerability and clinical efficacy of IFN beta-1a (Rebif® 22 mcg,
           tiw) in the treatment of AD

      In this study, subjects were randomized into two groups: the first group (treatment arm,
      n=20) received Rebif® 22 mcg tiw; the second group (placebo arm, n=20) received placebo. The
      treatment period was for 28 weeks and subjects were followed up to Week 52. Efficacy was
      determined by comparing neuropsychological performance changes into placebo and treatment
      arms from screening/baseline to Week 52.

      On Day 1 of the study treatment period, subjects received injection training and were
      administered the first dose of Rebif under the supervision of the clinical personnel by
      subcutaneous injection tiw at approximately the same time each day preferably in the late
      afternoon or evening. All subjects received 28 weeks of therapy and after 24 weeks from the
      therapy conclusion, a termination visit was conducted.
    </textblock>
  </detailed_description>
  <overall_status>Completed</overall_status>
  <start_date>November 2004</start_date>
  <completion_date type="Actual">May 2008</completion_date>
  <primary_completion_date type="Actual">May 2008</primary_completion_date>
  <phase>Phase 2</phase>
  <study_type>Interventional</study_type>
  <has_expanded_access>No</has_expanded_access>
  <study_design_info>
    <allocation>Randomized</allocation>
    <intervention_model>Parallel Assignment</intervention_model>
    <primary_purpose>Treatment</primary_purpose>
    <masking>Double (Participant, Investigator)</masking>
  </study_design_info>
  <primary_outcome>
    <measure>Alzheimer's Disease Assessment Scale, Cognitive Subscale (ADAS-Cog) Score</measure>
    <time_frame>Baseline and Week 52</time_frame>
    <description>ADAS: global rating scale created to evaluate both cognitive and functional aspects linked with disease progression. ADAS-Cog: subscale of ADAS which consists in a series of short tests aimed to evaluate possible cognitive impairment due to disease progression. It includes 11 items, testing word-finding difficulty, following commands, naming: objects and fingers, orientation, word recognition, recall of test instructions, constructions, ideational praxis, spoken language ability, comprehension of spoken language and word recall. Scores range from 0 (no impairment) to 70 (serious deficit).</description>
  </primary_outcome>
  <secondary_outcome>
    <measure>Alzheimer's Disease Assessment Scale, Cognitive Subscale (ADAS-Cog) Score</measure>
    <time_frame>Week 12 and 28</time_frame>
    <description>ADAS: global rating scale created to evaluate both cognitive and functional aspects linked with disease progression. ADAS-Cog: subscale of ADAS which consists in a series of short tests aimed to evaluate possible cognitive impairment due to disease progression. It includes 11 items, testing word-finding difficulty, following commands, naming: objects and fingers, orientation, word recognition, recall of test instructions, constructions, ideational praxis, spoken language ability, comprehension of spoken language and word recall. Scores range from 0 (no impairment) to 70 (serious deficit).</description>
  </secondary_outcome>
  <secondary_outcome>
    <measure>Mini Mental Status Examination (MMSE) Score</measure>
    <time_frame>Baseline, Week 12, 28 and 52</time_frame>
    <description>MMSE is a tool for screening cognitive decline associated with dementia. It is a brief examination intended to evaluate an adult participant's level of cognitive functioning. The test is performed in following areas: orientation in time and place, learning and immediate recall, mental control and concentration, short-term recall, naming ability, language expression, verbal comprehension, writing comprehension, writing ability and visual-spatial coordination. Scores range between 0 (maximum cognitive deficit) and 30 (no cognitive deficit).</description>
  </secondary_outcome>
  <secondary_outcome>
    <measure>Alzheimer's Disease Assessment Scale, Non-cognitive Subscale (ADAS-NonCog) Score</measure>
    <time_frame>Baseline, Week 12, 28 and 52</time_frame>
    <description>ADAS-NonCog is a subscale of ADAS aimed to evaluate the non-cognitive features such as mood state and behavioral changes. It takes about 10 minutes to be performed and includes 10 items: testing tearful, depressed mood, concentration/distractibility, uncooperative to testing, delusions, hallucinations, pacing, motor activity increase, tremors and appetite change. Scores range between 0 (excellent performance) and 35 (worst performance).</description>
  </secondary_outcome>
  <secondary_outcome>
    <measure>Instrumental Activities of Daily Living (IADL) Score</measure>
    <time_frame>Baseline, Week 28 and 52</time_frame>
    <description>IADL is used to evaluate participants with early-stage disease, both to assess level of disease and to determine participant's ability of self-care. IADL scale measures functional impact of emotional, cognitive, and physical impairments. It provides information about participants' compromising rate and care he might need. It includes 8 items: testing ability to use telephone, shopping, food preparation, housekeeping, laundry, mode of transportation, responsibility for own medication and ability to handle finances. Scores range between 0 (impairment) and 8 (full independence).</description>
  </secondary_outcome>
  <secondary_outcome>
    <measure>Physical Self-Maintenance Scale (PSMS) Score</measure>
    <time_frame>Baseline, Week 28 and 52</time_frame>
    <description>PSMS designed as a disability measure for use in planning and evaluating treatment in elderly participants living in community or in institutions, is Guttman scale containing 6 items of self-care. The scale is based on theory that human behavior can be ordered in a hierarchy of complexity, within each category, a further hierarchy of complexity runs from basic to complex activities. It includes 6 items, testing the following areas: toilet use, eating, dressing, physical appearance, deambulation and bath. Scores range between 0 (excellent performance) and 30 (worst performance).</description>
  </secondary_outcome>
  <secondary_outcome>
    <measure>Clinician's Interview Based Impression of Change (CIBIC-PLUS) Score</measure>
    <time_frame>Week 28 and 52</time_frame>
    <description>CIBIC-PLUS: structured instrument based on comprehensive evaluation of 3 domains: participant cognition, behavior and functioning, including assessment of daily living activities. It includes 15 items and represents assessment of skilled clinician using validated scales based on the observation at interviews conducted separately with participant and caregiver familiar with behavior of participant. According to comparison between baseline and follow-up assessments, scores can range between 1 (markedly improved) and 7 (markedly worsened), with 4 indicating no change observed between two visits.</description>
  </secondary_outcome>
  <secondary_outcome>
    <measure>Geriatric Depression Scale (GDS) Score</measure>
    <time_frame>Baseline, Week 28 and 52</time_frame>
    <description>The GDS consists of 30 'yes' or 'no' items aimed to assess depression. One point is assigned to each answer and the cumulative score is rated on a scoring grid. Scores are grouped as follows: 0-9 'normal', 10-19 'mildly depressed', and 20-30 'severely depressed'.</description>
  </secondary_outcome>
  <secondary_outcome>
    <measure>Global Deterioration Scale Score</measure>
    <time_frame>Baseline, Week 28 and 52</time_frame>
    <description>Global deterioration scale includes seven different diagnostic stages ranging between &quot;no cognitive deterioration&quot; and &quot;very serious cognitive deterioration&quot;. It investigates the cognitive impairment. Scores range between 1 (no cognitive deterioration) and 7 (very severe cognitive decline).</description>
  </secondary_outcome>
  <number_of_arms>2</number_of_arms>
  <enrollment type="Actual">42</enrollment>
  <condition>Alzheimer's Disease</condition>
  <arm_group>
    <arm_group_label>Treatment arm - Rebif®</arm_group_label>
    <arm_group_type>Experimental</arm_group_type>
    <description>Subjets in this arm received interferon beta-1a (Rebif® 22 mcg tiw)</description>
  </arm_group>
  <arm_group>
    <arm_group_label>Placebo arm</arm_group_label>
    <arm_group_type>Placebo Comparator</arm_group_type>
    <description>Subjects in this arm received placebo</description>
  </arm_group>
  <intervention>
    <intervention_type>Drug</intervention_type>
    <intervention_name>Interferon beta-1a</intervention_name>
    <description>Interferon (IFN) beta-1a [Rebif® 22 microgram (mcg), three times per week (tiw)] administered subcutaneously (sc)</description>
    <arm_group_label>Treatment arm - Rebif®</arm_group_label>
    <other_name>Rebif®</other_name>
  </intervention>
  <intervention>
    <intervention_type>Drug</intervention_type>
    <intervention_name>Placebo</intervention_name>
    <description>The inactive substance (placebo) looks the same as Interferon beta-1a (Rebif®), and is given the same way</description>
    <arm_group_label>Placebo arm</arm_group_label>
  </intervention>
  <eligibility>
    <criteria>
      <textblock>
        Inclusion Criteria:

          -  Subjects aged between 50 and 75 years

          -  Subjects diagnosed with AD, according to the Diagnostic and Statistical Manual of
             Mental Disorders, 4th edition (DSM-IV)

          -  Subjects with MMSE score of 20 to 26 (inclusive)

          -  Subjects supervised by a caregiver

          -  Subjects who have been given informed written consent and approval of the Local
             Ethical Committee

        Exclusion Criteria:

          -  Subjects with constant use in the 3 months prior study enrolment of other drugs that
             can modify the course of the disease (e.g. statins, nonsteroidal anti-inflammatory
             drugs [NSAIDs] and steroids) or symptomatic cognitive treatments (e.g. cholinesterase
             inhibitors)

          -  Subjects with modified Hachinski Ischemic Score ≥ 4

          -  Subjects who are unable to undergo neuropsychological evaluation (including
             analphabetism)

          -  Subjects with significant liver (aspartate aminotransferase, alanine aminotransferase
             , alkaline phosphatase &gt; 2.0 times the upper limit of normal [ULN] of the local
             laboratory, or total bilirubin &gt; 1.5 times the ULN of the local laboratory), thyroid
             (according to clinical judgment) or hematological dysfunctions (e.g. leucocytes ≤ 2.0
             * 109/Liter [L]; platelets ≤ 100 * 109/L; hemoglobin ≤ 12 gram/deciliter [g/dL] for
             women and ≤ 13 g/dL for men, serum albumin ≤ 3 g/dL)

          -  Subjects with history (past or recurrent) of depression unresponsive to medication or
             past medical history of suicidal ideation

          -  Subjects with severe cardiac disease (angina, congestive heart failure class 3-4 New
             York Heart Association [NYHA] Functional Classification , or severe arrhythmia)

          -  Subjects with epilepsy

          -  Subjects with concomitant use of hypnotic, anxiolytic, antidepressant, antipsychotic,
             anticholinergic

          -  Subjects with known allergic reactions against IFNs or other components of the applied
             drug
      </textblock>
    </criteria>
    <gender>All</gender>
    <minimum_age>50 Years</minimum_age>
    <maximum_age>75 Years</maximum_age>
    <healthy_volunteers>No</healthy_volunteers>
  </eligibility>
  <overall_official>
    <last_name>Andrea Paolillo, MD, PhD</last_name>
    <role>Study Director</role>
    <affiliation>Merck Serono S.P.A., Italy</affiliation>
  </overall_official>
  <location>
    <facility>
      <name>U.VA. Neurologia - Azienda Ospedaliera Garibaldi Nesina</name>
      <address>
        <city>Catania</city>
        <state>CT</state>
        <zip>95122</zip>
        <country>Italy</country>
      </address>
    </facility>
  </location>
  <location_countries>
    <country>Italy</country>
  </location_countries>
  <verification_date>January 2014</verification_date>
  <!-- Old date names will be dropped in a few months (sometime in 2018)                        -->
  <lastchanged_date>January 20, 2014</lastchanged_date>
  <firstreceived_date>February 24, 2010</firstreceived_date>
  <firstreceived_results_date>March 7, 2012</firstreceived_results_date>
  <!-- New date names                                                                           -->
  <study_first_submitted>February 24, 2010</study_first_submitted>
  <study_first_submitted_qc>February 24, 2010</study_first_submitted_qc>
  <study_first_posted type="Estimate">February 25, 2010</study_first_posted>
  <results_first_submitted>March 7, 2012</results_first_submitted>
  <results_first_submitted_qc>March 7, 2012</results_first_submitted_qc>
  <results_first_posted type="Estimate">April 4, 2012</results_first_posted>
  <last_update_submitted>January 20, 2014</last_update_submitted>
  <last_update_submitted_qc>January 20, 2014</last_update_submitted_qc>
  <last_update_posted type="Estimate">February 13, 2014</last_update_posted>
  <!-- End of dates                                                                             -->
  <responsible_party>
    <responsible_party_type>Sponsor</responsible_party_type>
  </responsible_party>
  <keyword>Alzheimer's</keyword>
  <keyword>Dementia</keyword>
  <keyword>Interferon beta-1a</keyword>
  <keyword>Rebif</keyword>
  <condition_browse>
    <!-- CAUTION:  The following MeSH terms are assigned with an imperfect algorithm            -->
    <mesh_term>Alzheimer Disease</mesh_term>
  </condition_browse>
  <intervention_browse>
    <!-- CAUTION:  The following MeSH terms are assigned with an imperfect algorithm            -->
    <mesh_term>Interferons</mesh_term>
    <mesh_term>Interferon-beta</mesh_term>
    <mesh_term>Interferon beta-1a</mesh_term>
  </intervention_browse>

  <clinical_results>

    <participant_flow>
      <group_list>
        <group group_id="P1">
          <title>Rebif 22 Mcg</title>
          <description>Single dose of interferon beta-1a (Rebif) injection administered subcutaneously (sc) three times per week (tiw) at a dose of 4.4 microgram (mcg) for first 2 weeks followed by 11 mcg for next 2 weeks and finally 22 mcg for remaining 24 weeks (treatment period 28 weeks).</description>
        </group>
        <group group_id="P2">
          <title>Placebo</title>
          <description>Single dose of matching placebo injection administered sc tiw at a dose of 4.4 mcg for first 2 weeks followed by 11 mcg for next 2 weeks and finally 22 mcg for remaining 24 weeks (treatment period of 28 weeks).</description>
        </group>
      </group_list>
      <period_list>
        <period>
          <title>Overall Study</title>
          <milestone_list>
            <milestone>
              <title>STARTED</title>
              <participants_list>
                <participants group_id="P1" count="23"/>
                <participants group_id="P2" count="19"/>
              </participants_list>
            </milestone>
            <milestone>
              <title>COMPLETED</title>
              <participants_list>
                <participants group_id="P1" count="19"/>
                <participants group_id="P2" count="15"/>
              </participants_list>
            </milestone>
            <milestone>
              <title>NOT COMPLETED</title>
              <participants_list>
                <participants group_id="P1" count="4"/>
                <participants group_id="P2" count="4"/>
              </participants_list>
            </milestone>
          </milestone_list>
          <drop_withdraw_reason_list>
            <drop_withdraw_reason>
              <title>Lost to Follow-up</title>
              <participants_list>
                <participants group_id="P1" count="2"/>
                <participants group_id="P2" count="1"/>
              </participants_list>
            </drop_withdraw_reason>
            <drop_withdraw_reason>
              <title>Lack of Efficacy</title>
              <participants_list>
                <participants group_id="P1" count="0"/>
                <participants group_id="P2" count="1"/>
              </participants_list>
            </drop_withdraw_reason>
            <drop_withdraw_reason>
              <title>Withdrawal by Subject</title>
              <participants_list>
                <participants group_id="P1" count="2"/>
                <participants group_id="P2" count="2"/>
              </participants_list>
            </drop_withdraw_reason>
          </drop_withdraw_reason_list>
        </period>
      </period_list>
    </participant_flow>

    <baseline>
      <group_list>
        <group group_id="B1">
          <title>Rebif 22 Mcg</title>
          <description>Single dose of interferon beta-1a (Rebif) injection administered subcutaneously (sc) three times per week (tiw) at a dose of 4.4 microgram (mcg) for first 2 weeks followed by 11 mcg for next 2 weeks and finally 22 mcg for remaining 24 weeks (treatment period 28 weeks).</description>
        </group>
        <group group_id="B2">
          <title>Placebo</title>
          <description>Single dose of matching placebo injection administered sc tiw at a dose of 4.4 mcg for first 2 weeks followed by 11 mcg for next 2 weeks and finally 22 mcg for remaining 24 weeks (treatment period of 28 weeks).</description>
        </group>
        <group group_id="B3">
          <title>Total</title>
          <description>Total of all reporting groups</description>
        </group>
      </group_list>
      <analyzed_list>
        <analyzed>
          <units>Participants</units>
          <scope>Overall</scope>
          <count_list>
            <count group_id="B1" value="23"/>
            <count group_id="B2" value="19"/>
            <count group_id="B3" value="42"/>
          </count_list>
        </analyzed>
      </analyzed_list>
      <measure_list>
        <measure>
          <title>Age</title>
          <units>years</units>
          <param>Mean</param>
          <dispersion>Standard Deviation</dispersion>
          <class_list>
            <class>
              <category_list>
                <category>
                  <measurement_list>
                    <measurement group_id="B1" value="63.00" spread="9.08"/>
                    <measurement group_id="B2" value="64.58" spread="6.41"/>
                    <measurement group_id="B3" value="63.71" spread="7.87"/>
                  </measurement_list>
                </category>
              </category_list>
            </class>
          </class_list>
        </measure>
        <measure>
          <title>Gender</title>
          <units>participants</units>
          <param>Number</param>
          <class_list>
            <class>
              <title>Female</title>
              <category_list>
                <category>
                  <measurement_list>
                    <measurement group_id="B1" value="15"/>
                    <measurement group_id="B2" value="11"/>
                    <measurement group_id="B3" value="26"/>
                  </measurement_list>
                </category>
              </category_list>
            </class>
            <class>
              <title>Male</title>
              <category_list>
                <category>
                  <measurement_list>
                    <measurement group_id="B1" value="8"/>
                    <measurement group_id="B2" value="8"/>
                    <measurement group_id="B3" value="16"/>
                  </measurement_list>
                </category>
              </category_list>
            </class>
          </class_list>
        </measure>
      </measure_list>
    </baseline>

    <outcome_list>
      <outcome>
        <type>Primary</type>
        <title>Alzheimer's Disease Assessment Scale, Cognitive Subscale (ADAS-Cog) Score</title>
        <description>ADAS: global rating scale created to evaluate both cognitive and functional aspects linked with disease progression. ADAS-Cog: subscale of ADAS which consists in a series of short tests aimed to evaluate possible cognitive impairment due to disease progression. It includes 11 items, testing word-finding difficulty, following commands, naming: objects and fingers, orientation, word recognition, recall of test instructions, constructions, ideational praxis, spoken language ability, comprehension of spoken language and word recall. Scores range from 0 (no impairment) to 70 (serious deficit).</description>
        <time_frame>Baseline and Week 52</time_frame>
        <population>Per protocol population included all participants who received treatments as scheduled and were followed up to week 52.</population>
        <group_list>
          <group group_id="O1">
            <title>Rebif 22 Mcg</title>
            <description>Single dose of interferon beta-1a (Rebif®) injection administered subcutaneously (sc) three times per week (tiw) at a dose of 4.4 microgram (mcg) for first 2 weeks followed by 11 mcg for next 2 weeks and finally 22 mcg for remaining 24 weeks (treatment period 28 weeks).</description>
          </group>
          <group group_id="O2">
            <title>Placebo</title>
            <description>Single dose of matching placebo injection administered sc tiw at a dose of 4.4 mcg for first 2 weeks followed by 11 mcg for next 2 weeks and finally 22 mcg for remaining 24 weeks (treatment period of 28 weeks).</description>
          </group>
        </group_list>
        <measure>
          <title>Alzheimer's Disease Assessment Scale, Cognitive Subscale (ADAS-Cog) Score</title>
          <description>ADAS: global rating scale created to evaluate both cognitive and functional aspects linked with disease progression. ADAS-Cog: subscale of ADAS which consists in a series of short tests aimed to evaluate possible cognitive impairment due to disease progression. It includes 11 items, testing word-finding difficulty, following commands, naming: objects and fingers, orientation, word recognition, recall of test instructions, constructions, ideational praxis, spoken language ability, comprehension of spoken language and word recall. Scores range from 0 (no impairment) to 70 (serious deficit).</description>
          <population>Per protocol population included all participants who received treatments as scheduled and were followed up to week 52.</population>
          <units>units on a scale</units>
          <param>Mean</param>
          <dispersion>Standard Deviation</dispersion>
          <analyzed_list>
            <analyzed>
              <units>Participants</units>
              <scope>Measure</scope>
              <count_list>
                <count group_id="O1" value="19"/>
                <count group_id="O2" value="15"/>
              </count_list>
            </analyzed>
          </analyzed_list>
          <class_list>
            <class>
              <title>Baseline</title>
              <category_list>
                <category>
                  <measurement_list>
                    <measurement group_id="O1" value="18.63" spread="7.86"/>
                    <measurement group_id="O2" value="19.81" spread="6.15"/>
                  </measurement_list>
                </category>
              </category_list>
            </class>
            <class>
              <title>Week 52</title>
              <category_list>
                <category>
                  <measurement_list>
                    <measurement group_id="O1" value="20.66" spread="9.55"/>
                    <measurement group_id="O2" value="20.33" spread="10.05"/>
                  </measurement_list>
                </category>
              </category_list>
            </class>
          </class_list>
        </measure>
        <analysis_list>
          <analysis>
            <group_id_list>
              <group_id>O1</group_id>
              <group_id>O2</group_id>
            </group_id_list>
            <groups_desc>For baseline: the difference between the two groups was analyzed using t-test.</groups_desc>
            <non_inferiority_type>Superiority or Other</non_inferiority_type>
            <p_value>0.64</p_value>
            <method>t-test, 2 sided</method>
          </analysis>
          <analysis>
            <group_id_list>
              <group_id>O1</group_id>
              <group_id>O2</group_id>
            </group_id_list>
            <groups_desc>For Week 52: the difference between the two groups was analyzed using t-test.</groups_desc>
            <non_inferiority_type>Superiority or Other</non_inferiority_type>
            <p_value>0.92</p_value>
            <method>t-test, 2 sided</method>
          </analysis>
        </analysis_list>
      </outcome>
      <outcome>
        <type>Secondary</type>
        <title>Alzheimer's Disease Assessment Scale, Cognitive Subscale (ADAS-Cog) Score</title>
        <description>ADAS: global rating scale created to evaluate both cognitive and functional aspects linked with disease progression. ADAS-Cog: subscale of ADAS which consists in a series of short tests aimed to evaluate possible cognitive impairment due to disease progression. It includes 11 items, testing word-finding difficulty, following commands, naming: objects and fingers, orientation, word recognition, recall of test instructions, constructions, ideational praxis, spoken language ability, comprehension of spoken language and word recall. Scores range from 0 (no impairment) to 70 (serious deficit).</description>
        <time_frame>Week 12 and 28</time_frame>
        <population>Per protocol population included all participants who received treatments as scheduled and were followed up to week 52.</population>
        <group_list>
          <group group_id="O1">
            <title>Rebif 22 Mcg</title>
            <description>Single dose of interferon beta-1a (Rebif®) injection administered subcutaneously (sc) three times per week (tiw) at a dose of 4.4 microgram (mcg) for first 2 weeks followed by 11 mcg for next 2 weeks and finally 22 mcg for remaining 24 weeks (treatment period 28 weeks).</description>
          </group>
          <group group_id="O2">
            <title>Placebo</title>
            <description>Single dose of matching placebo injection administered sc tiw at a dose of 4.4 mcg for first 2 weeks followed by 11 mcg for next 2 weeks and finally 22 mcg for remaining 24 weeks (treatment period of 28 weeks).</description>
          </group>
        </group_list>
        <measure>
          <title>Alzheimer's Disease Assessment Scale, Cognitive Subscale (ADAS-Cog) Score</title>
          <description>ADAS: global rating scale created to evaluate both cognitive and functional aspects linked with disease progression. ADAS-Cog: subscale of ADAS which consists in a series of short tests aimed to evaluate possible cognitive impairment due to disease progression. It includes 11 items, testing word-finding difficulty, following commands, naming: objects and fingers, orientation, word recognition, recall of test instructions, constructions, ideational praxis, spoken language ability, comprehension of spoken language and word recall. Scores range from 0 (no impairment) to 70 (serious deficit).</description>
          <population>Per protocol population included all participants who received treatments as scheduled and were followed up to week 52.</population>
          <units>units on a scale</units>
          <param>Mean</param>
          <dispersion>Standard Deviation</dispersion>
          <analyzed_list>
            <analyzed>
              <units>Participants</units>
              <scope>Measure</scope>
              <count_list>
                <count group_id="O1" value="19"/>
                <count group_id="O2" value="15"/>
              </count_list>
            </analyzed>
          </analyzed_list>
          <class_list>
            <class>
              <title>Week 12</title>
              <category_list>
                <category>
                  <measurement_list>
                    <measurement group_id="O1" value="16.74" spread="6.94"/>
                    <measurement group_id="O2" value="17.97" spread="6.28"/>
                  </measurement_list>
                </category>
              </category_list>
            </class>
            <class>
              <title>Week 28</title>
              <category_list>
                <category>
                  <measurement_list>
                    <measurement group_id="O1" value="18.49" spread="8.72"/>
                    <measurement group_id="O2" value="17.55" spread="7.02"/>
                  </measurement_list>
                </category>
              </category_list>
            </class>
          </class_list>
        </measure>
        <analysis_list>
          <analysis>
            <group_id_list>
              <group_id>O1</group_id>
              <group_id>O2</group_id>
            </group_id_list>
            <groups_desc>For Week 12: the difference between the two groups was analyzed using t-test.</groups_desc>
            <non_inferiority_type>Superiority or Other</non_inferiority_type>
            <p_value>0.63</p_value>
            <method>t-test, 2 sided</method>
          </analysis>
          <analysis>
            <group_id_list>
              <group_id>O1</group_id>
              <group_id>O2</group_id>
            </group_id_list>
            <groups_desc>For Week 28: the difference between the two groups was analyzed using t-test.</groups_desc>
            <non_inferiority_type>Superiority or Other</non_inferiority_type>
            <p_value>0.74</p_value>
            <method>t-test, 2 sided</method>
          </analysis>
        </analysis_list>
      </outcome>
      <outcome>
        <type>Secondary</type>
        <title>Mini Mental Status Examination (MMSE) Score</title>
        <description>MMSE is a tool for screening cognitive decline associated with dementia. It is a brief examination intended to evaluate an adult participant's level of cognitive functioning. The test is performed in following areas: orientation in time and place, learning and immediate recall, mental control and concentration, short-term recall, naming ability, language expression, verbal comprehension, writing comprehension, writing ability and visual-spatial coordination. Scores range between 0 (maximum cognitive deficit) and 30 (no cognitive deficit).</description>
        <time_frame>Baseline, Week 12, 28 and 52</time_frame>
        <population>Per protocol population included all participants who received treatments as scheduled and were followed up to week 52.</population>
        <group_list>
          <group group_id="O1">
            <title>Rebif 22 Mcg</title>
            <description>Single dose of interferon beta-1a (Rebif®) injection administered subcutaneously (sc) three times per week (tiw) at a dose of 4.4 microgram (mcg) for first 2 weeks followed by 11 mcg for next 2 weeks and finally 22 mcg for remaining 24 weeks (treatment period 28 weeks).</description>
          </group>
          <group group_id="O2">
            <title>Placebo</title>
            <description>Single dose of matching placebo injection administered sc tiw at a dose of 4.4 mcg for first 2 weeks followed by 11 mcg for next 2 weeks and finally 22 mcg for remaining 24 weeks (treatment period of 28 weeks).</description>
          </group>
        </group_list>
        <measure>
          <title>Mini Mental Status Examination (MMSE) Score</title>
          <description>MMSE is a tool for screening cognitive decline associated with dementia. It is a brief examination intended to evaluate an adult participant's level of cognitive functioning. The test is performed in following areas: orientation in time and place, learning and immediate recall, mental control and concentration, short-term recall, naming ability, language expression, verbal comprehension, writing comprehension, writing ability and visual-spatial coordination. Scores range between 0 (maximum cognitive deficit) and 30 (no cognitive deficit).</description>
          <population>Per protocol population included all participants who received treatments as scheduled and were followed up to week 52.</population>
          <units>units on a scale</units>
          <param>Mean</param>
          <dispersion>Standard Deviation</dispersion>
          <analyzed_list>
            <analyzed>
              <units>Participants</units>
              <scope>Measure</scope>
              <count_list>
                <count group_id="O1" value="19"/>
                <count group_id="O2" value="15"/>
              </count_list>
            </analyzed>
          </analyzed_list>
          <class_list>
            <class>
              <title>Baseline</title>
              <category_list>
                <category>
                  <measurement_list>
                    <measurement group_id="O1" value="23.46" spread="2.14"/>
                    <measurement group_id="O2" value="22.93" spread="1.79"/>
                  </measurement_list>
                </category>
              </category_list>
            </class>
            <class>
              <title>Week 12</title>
              <category_list>
                <category>
                  <measurement_list>
                    <measurement group_id="O1" value="24.50" spread="3.22"/>
                    <measurement group_id="O2" value="24.66" spread="3.14"/>
                  </measurement_list>
                </category>
              </category_list>
            </class>
            <class>
              <title>Week 28</title>
              <category_list>
                <category>
                  <measurement_list>
                    <measurement group_id="O1" value="24.25" spread="3.37"/>
                    <measurement group_id="O2" value="23.66" spread="4.92"/>
                  </measurement_list>
                </category>
              </category_list>
            </class>
            <class>
              <title>Week 52</title>
              <category_list>
                <category>
                  <measurement_list>
                    <measurement group_id="O1" value="22.43" spread="5.33"/>
                    <measurement group_id="O2" value="21.98" spread="5.32"/>
                  </measurement_list>
                </category>
              </category_list>
            </class>
          </class_list>
        </measure>
        <analysis_list>
          <analysis>
            <group_id_list>
              <group_id>O1</group_id>
              <group_id>O2</group_id>
            </group_id_list>
            <groups_desc>For baseline: the difference between the two groups was analyzed using t-test.</groups_desc>
            <non_inferiority_type>Superiority or Other</non_inferiority_type>
            <p_value>0.45</p_value>
            <method>t-test, 2 sided</method>
          </analysis>
          <analysis>
            <group_id_list>
              <group_id>O1</group_id>
              <group_id>O2</group_id>
            </group_id_list>
            <groups_desc>For Week 12: the difference between the two groups was analyzed using t-test.</groups_desc>
            <non_inferiority_type>Superiority or Other</non_inferiority_type>
            <p_value>0.88</p_value>
            <method>t-test, 2 sided</method>
          </analysis>
          <analysis>
            <group_id_list>
              <group_id>O1</group_id>
              <group_id>O2</group_id>
            </group_id_list>
            <groups_desc>For Week 28: the difference between the two groups was analyzed using t-test.</groups_desc>
            <non_inferiority_type>Superiority or Other</non_inferiority_type>
            <p_value>0.68</p_value>
            <method>t-test, 2 sided</method>
          </analysis>
          <analysis>
            <group_id_list>
              <group_id>O1</group_id>
              <group_id>O2</group_id>
            </group_id_list>
            <groups_desc>For Week 52: the difference between the two groups was analyzed using t-test.</groups_desc>
            <non_inferiority_type>Superiority or Other</non_inferiority_type>
            <p_value>0.81</p_value>
            <method>t-test, 2 sided</method>
          </analysis>
        </analysis_list>
      </outcome>
      <outcome>
        <type>Secondary</type>
        <title>Alzheimer's Disease Assessment Scale, Non-cognitive Subscale (ADAS-NonCog) Score</title>
        <description>ADAS-NonCog is a subscale of ADAS aimed to evaluate the non-cognitive features such as mood state and behavioral changes. It takes about 10 minutes to be performed and includes 10 items: testing tearful, depressed mood, concentration/distractibility, uncooperative to testing, delusions, hallucinations, pacing, motor activity increase, tremors and appetite change. Scores range between 0 (excellent performance) and 35 (worst performance).</description>
        <time_frame>Baseline, Week 12, 28 and 52</time_frame>
        <population>Per protocol population included all participants who received treatments as scheduled and were followed up to week 52.</population>
        <group_list>
          <group group_id="O1">
            <title>Rebif 22 Mcg</title>
            <description>Single dose of interferon beta-1a (Rebif®) injection administered subcutaneously (sc) three times per week (tiw) at a dose of 4.4 microgram (mcg) for first 2 weeks followed by 11 mcg for next 2 weeks and finally 22 mcg for remaining 24 weeks (treatment period 28 weeks).</description>
          </group>
          <group group_id="O2">
            <title>Placebo</title>
            <description>Single dose of matching placebo injection administered sc tiw at a dose of 4.4 mcg for first 2 weeks followed by 11 mcg for next 2 weeks and finally 22 mcg for remaining 24 weeks (treatment period of 28 weeks).</description>
          </group>
        </group_list>
        <measure>
          <title>Alzheimer's Disease Assessment Scale, Non-cognitive Subscale (ADAS-NonCog) Score</title>
          <description>ADAS-NonCog is a subscale of ADAS aimed to evaluate the non-cognitive features such as mood state and behavioral changes. It takes about 10 minutes to be performed and includes 10 items: testing tearful, depressed mood, concentration/distractibility, uncooperative to testing, delusions, hallucinations, pacing, motor activity increase, tremors and appetite change. Scores range between 0 (excellent performance) and 35 (worst performance).</description>
          <population>Per protocol population included all participants who received treatments as scheduled and were followed up to week 52.</population>
          <units>units on a scale</units>
          <param>Mean</param>
          <dispersion>Standard Deviation</dispersion>
          <analyzed_list>
            <analyzed>
              <units>Participants</units>
              <scope>Measure</scope>
              <count_list>
                <count group_id="O1" value="19"/>
                <count group_id="O2" value="15"/>
              </count_list>
            </analyzed>
          </analyzed_list>
          <class_list>
            <class>
              <title>Baseline</title>
              <category_list>
                <category>
                  <measurement_list>
                    <measurement group_id="O1" value="4.37" spread="4.13"/>
                    <measurement group_id="O2" value="6.07" spread="5.01"/>
                  </measurement_list>
                </category>
              </category_list>
            </class>
            <class>
              <title>Week 12</title>
              <category_list>
                <category>
                  <measurement_list>
                    <measurement group_id="O1" value="3.53" spread="3.24"/>
                    <measurement group_id="O2" value="4.73" spread="4.27"/>
                  </measurement_list>
                </category>
              </category_list>
            </class>
            <class>
              <title>Week 28</title>
              <category_list>
                <category>
                  <measurement_list>
                    <measurement group_id="O1" value="4.63" spread="4.36"/>
                    <measurement group_id="O2" value="5.20" spread="3.43"/>
                  </measurement_list>
                </category>
              </category_list>
            </class>
            <class>
              <title>Week 52</title>
              <category_list>
                <category>
                  <measurement_list>
                    <measurement group_id="O1" value="5.47" spread="5.17"/>
                    <measurement group_id="O2" value="7.20" spread="6.97"/>
                  </measurement_list>
                </category>
              </category_list>
            </class>
          </class_list>
        </measure>
        <analysis_list>
          <analysis>
            <group_id_list>
              <group_id>O1</group_id>
              <group_id>O2</group_id>
            </group_id_list>
            <groups_desc>For baseline: the difference between the two groups was analyzed using t-test.</groups_desc>
            <non_inferiority_type>Superiority or Other</non_inferiority_type>
            <p_value>0.29</p_value>
            <method>t-test, 2 sided</method>
          </analysis>
          <analysis>
            <group_id_list>
              <group_id>O1</group_id>
              <group_id>O2</group_id>
            </group_id_list>
            <groups_desc>For Week 12: the difference between the two groups was analyzed using t-test.</groups_desc>
            <non_inferiority_type>Superiority or Other</non_inferiority_type>
            <p_value>0.36</p_value>
            <method>t-test, 2 sided</method>
          </analysis>
          <analysis>
            <group_id_list>
              <group_id>O1</group_id>
              <group_id>O2</group_id>
            </group_id_list>
            <groups_desc>For Week 28: the difference between the two groups was analyzed using t-test.</groups_desc>
            <non_inferiority_type>Superiority or Other</non_inferiority_type>
            <p_value>0.68</p_value>
            <method>t-test, 2 sided</method>
          </analysis>
          <analysis>
            <group_id_list>
              <group_id>O1</group_id>
              <group_id>O2</group_id>
            </group_id_list>
            <groups_desc>For Week 52: the difference between the two groups was analyzed using t-test.</groups_desc>
            <non_inferiority_type>Superiority or Other</non_inferiority_type>
            <p_value>0.41</p_value>
            <method>t-test, 2 sided</method>
          </analysis>
        </analysis_list>
      </outcome>
      <outcome>
        <type>Secondary</type>
        <title>Instrumental Activities of Daily Living (IADL) Score</title>
        <description>IADL is used to evaluate participants with early-stage disease, both to assess level of disease and to determine participant's ability of self-care. IADL scale measures functional impact of emotional, cognitive, and physical impairments. It provides information about participants' compromising rate and care he might need. It includes 8 items: testing ability to use telephone, shopping, food preparation, housekeeping, laundry, mode of transportation, responsibility for own medication and ability to handle finances. Scores range between 0 (impairment) and 8 (full independence).</description>
        <time_frame>Baseline, Week 28 and 52</time_frame>
        <population>Per protocol population included all participants who received treatments as scheduled and were followed up to week 52.</population>
        <group_list>
          <group group_id="O1">
            <title>Rebif 22 Mcg</title>
            <description>Single dose of interferon beta-1a (Rebif®) injection administered subcutaneously (sc) three times per week (tiw) at a dose of 4.4 microgram (mcg) for first 2 weeks followed by 11 mcg for next 2 weeks and finally 22 mcg for remaining 24 weeks (treatment period 28 weeks).</description>
          </group>
          <group group_id="O2">
            <title>Placebo</title>
            <description>Single dose of matching placebo injection administered sc tiw at a dose of 4.4 mcg for first 2 weeks followed by 11 mcg for next 2 weeks and finally 22 mcg for remaining 24 weeks (treatment period of 28 weeks).</description>
          </group>
        </group_list>
        <measure>
          <title>Instrumental Activities of Daily Living (IADL) Score</title>
          <description>IADL is used to evaluate participants with early-stage disease, both to assess level of disease and to determine participant's ability of self-care. IADL scale measures functional impact of emotional, cognitive, and physical impairments. It provides information about participants' compromising rate and care he might need. It includes 8 items: testing ability to use telephone, shopping, food preparation, housekeeping, laundry, mode of transportation, responsibility for own medication and ability to handle finances. Scores range between 0 (impairment) and 8 (full independence).</description>
          <population>Per protocol population included all participants who received treatments as scheduled and were followed up to week 52.</population>
          <units>units on a scale</units>
          <param>Mean</param>
          <dispersion>Standard Deviation</dispersion>
          <analyzed_list>
            <analyzed>
              <units>Participants</units>
              <scope>Measure</scope>
              <count_list>
                <count group_id="O1" value="19"/>
                <count group_id="O2" value="15"/>
              </count_list>
            </analyzed>
          </analyzed_list>
          <class_list>
            <class>
              <title>Baseline</title>
              <category_list>
                <category>
                  <measurement_list>
                    <measurement group_id="O1" value="6.11" spread="1.45"/>
                    <measurement group_id="O2" value="6.20" spread="1.57"/>
                  </measurement_list>
                </category>
              </category_list>
            </class>
            <class>
              <title>Week 28</title>
              <category_list>
                <category>
                  <measurement_list>
                    <measurement group_id="O1" value="5.84" spread="1.17"/>
                    <measurement group_id="O2" value="5.60" spread="1.68"/>
                  </measurement_list>
                </category>
              </category_list>
            </class>
            <class>
              <title>Week 52</title>
              <category_list>
                <category>
                  <measurement_list>
                    <measurement group_id="O1" value="4.89" spread="1.85"/>
                    <measurement group_id="O2" value="5.67" spread="1.63"/>
                  </measurement_list>
                </category>
              </category_list>
            </class>
          </class_list>
        </measure>
        <analysis_list>
          <analysis>
            <group_id_list>
              <group_id>O1</group_id>
              <group_id>O2</group_id>
            </group_id_list>
            <groups_desc>For baseline: the difference between the two groups was analyzed using t-test.</groups_desc>
            <non_inferiority_type>Superiority or Other</non_inferiority_type>
            <p_value>0.86</p_value>
            <method>t-test, 2 sided</method>
          </analysis>
          <analysis>
            <group_id_list>
              <group_id>O1</group_id>
              <group_id>O2</group_id>
            </group_id_list>
            <groups_desc>For Week 28: the difference between the two groups was analyzed using t-test.</groups_desc>
            <non_inferiority_type>Superiority or Other</non_inferiority_type>
            <p_value>0.62</p_value>
            <method>t-test, 2 sided</method>
          </analysis>
          <analysis>
            <group_id_list>
              <group_id>O1</group_id>
              <group_id>O2</group_id>
            </group_id_list>
            <groups_desc>For Week 52: the difference between the two groups was analyzed using t-test.</groups_desc>
            <non_inferiority_type>Superiority or Other</non_inferiority_type>
            <p_value>0.21</p_value>
            <method>t-test, 2 sided</method>
          </analysis>
        </analysis_list>
      </outcome>
      <outcome>
        <type>Secondary</type>
        <title>Physical Self-Maintenance Scale (PSMS) Score</title>
        <description>PSMS designed as a disability measure for use in planning and evaluating treatment in elderly participants living in community or in institutions, is Guttman scale containing 6 items of self-care. The scale is based on theory that human behavior can be ordered in a hierarchy of complexity, within each category, a further hierarchy of complexity runs from basic to complex activities. It includes 6 items, testing the following areas: toilet use, eating, dressing, physical appearance, deambulation and bath. Scores range between 0 (excellent performance) and 30 (worst performance).</description>
        <time_frame>Baseline, Week 28 and 52</time_frame>
        <population>Per protocol population included all participants who received treatments as scheduled and were followed up to week 52.</population>
        <group_list>
          <group group_id="O1">
            <title>Rebif 22 Mcg</title>
            <description>Single dose of interferon beta-1a (Rebif®) injection administered subcutaneously (sc) three times per week (tiw) at a dose of 4.4 microgram (mcg) for first 2 weeks followed by 11 mcg for next 2 weeks and finally 22 mcg for remaining 24 weeks (treatment period 28 weeks).</description>
          </group>
          <group group_id="O2">
            <title>Placebo</title>
            <description>Single dose of matching placebo injection administered sc tiw at a dose of 4.4 mcg for first 2 weeks followed by 11 mcg for next 2 weeks and finally 22 mcg for remaining 24 weeks (treatment period of 28 weeks).</description>
          </group>
        </group_list>
        <measure>
          <title>Physical Self-Maintenance Scale (PSMS) Score</title>
          <description>PSMS designed as a disability measure for use in planning and evaluating treatment in elderly participants living in community or in institutions, is Guttman scale containing 6 items of self-care. The scale is based on theory that human behavior can be ordered in a hierarchy of complexity, within each category, a further hierarchy of complexity runs from basic to complex activities. It includes 6 items, testing the following areas: toilet use, eating, dressing, physical appearance, deambulation and bath. Scores range between 0 (excellent performance) and 30 (worst performance).</description>
          <population>Per protocol population included all participants who received treatments as scheduled and were followed up to week 52.</population>
          <units>units on a scale</units>
          <param>Mean</param>
          <dispersion>Standard Deviation</dispersion>
          <analyzed_list>
            <analyzed>
              <units>Participants</units>
              <scope>Measure</scope>
              <count_list>
                <count group_id="O1" value="19"/>
                <count group_id="O2" value="15"/>
              </count_list>
            </analyzed>
          </analyzed_list>
          <class_list>
            <class>
              <title>Baseline</title>
              <category_list>
                <category>
                  <measurement_list>
                    <measurement group_id="O1" value="6.42" spread="1.02"/>
                    <measurement group_id="O2" value="6.40" spread="0.91"/>
                  </measurement_list>
                </category>
              </category_list>
            </class>
            <class>
              <title>Week 28</title>
              <category_list>
                <category>
                  <measurement_list>
                    <measurement group_id="O1" value="6.74" spread="1.37"/>
                    <measurement group_id="O2" value="7.00" spread="2.65"/>
                  </measurement_list>
                </category>
              </category_list>
            </class>
            <class>
              <title>Week 52</title>
              <category_list>
                <category>
                  <measurement_list>
                    <measurement group_id="O1" value="7.79" spread="3.34"/>
                    <measurement group_id="O2" value="6.87" spread="1.68"/>
                  </measurement_list>
                </category>
              </category_list>
            </class>
          </class_list>
        </measure>
        <analysis_list>
          <analysis>
            <group_id_list>
              <group_id>O1</group_id>
              <group_id>O2</group_id>
            </group_id_list>
            <groups_desc>For baseline: the difference between the two groups was analyzed using t-test.</groups_desc>
            <non_inferiority_type>Superiority or Other</non_inferiority_type>
            <p_value>0.95</p_value>
            <method>t-test, 2 sided</method>
          </analysis>
          <analysis>
            <group_id_list>
              <group_id>O1</group_id>
              <group_id>O2</group_id>
            </group_id_list>
            <groups_desc>For Week 28: the difference between the two groups was analyzed using t-test.</groups_desc>
            <non_inferiority_type>Superiority or Other</non_inferiority_type>
            <p_value>0.73</p_value>
            <method>t-test, 2 sided</method>
          </analysis>
          <analysis>
            <group_id_list>
              <group_id>O1</group_id>
              <group_id>O2</group_id>
            </group_id_list>
            <groups_desc>For Week 52: the difference between the two groups was analyzed using t-test.</groups_desc>
            <non_inferiority_type>Superiority or Other</non_inferiority_type>
            <p_value>0.30</p_value>
            <method>t-test, 2 sided</method>
          </analysis>
        </analysis_list>
      </outcome>
      <outcome>
        <type>Secondary</type>
        <title>Clinician's Interview Based Impression of Change (CIBIC-PLUS) Score</title>
        <description>CIBIC-PLUS: structured instrument based on comprehensive evaluation of 3 domains: participant cognition, behavior and functioning, including assessment of daily living activities. It includes 15 items and represents assessment of skilled clinician using validated scales based on the observation at interviews conducted separately with participant and caregiver familiar with behavior of participant. According to comparison between baseline and follow-up assessments, scores can range between 1 (markedly improved) and 7 (markedly worsened), with 4 indicating no change observed between two visits.</description>
        <time_frame>Week 28 and 52</time_frame>
        <population>Per protocol population included all participants who received treatments as scheduled and were followed up to week 52.</population>
        <group_list>
          <group group_id="O1">
            <title>Rebif 22 Mcg</title>
            <description>Single dose of interferon beta-1a (Rebif®) injection administered subcutaneously (sc) three times per week (tiw) at a dose of 4.4 microgram (mcg) for first 2 weeks followed by 11 mcg for next 2 weeks and finally 22 mcg for remaining 24 weeks (treatment period 28 weeks).</description>
          </group>
          <group group_id="O2">
            <title>Placebo</title>
            <description>Single dose of matching placebo injection administered sc tiw at a dose of 4.4 mcg for first 2 weeks followed by 11 mcg for next 2 weeks and finally 22 mcg for remaining 24 weeks (treatment period of 28 weeks).</description>
          </group>
        </group_list>
        <measure>
          <title>Clinician's Interview Based Impression of Change (CIBIC-PLUS) Score</title>
          <description>CIBIC-PLUS: structured instrument based on comprehensive evaluation of 3 domains: participant cognition, behavior and functioning, including assessment of daily living activities. It includes 15 items and represents assessment of skilled clinician using validated scales based on the observation at interviews conducted separately with participant and caregiver familiar with behavior of participant. According to comparison between baseline and follow-up assessments, scores can range between 1 (markedly improved) and 7 (markedly worsened), with 4 indicating no change observed between two visits.</description>
          <population>Per protocol population included all participants who received treatments as scheduled and were followed up to week 52.</population>
          <units>participants</units>
          <param>Number</param>
          <analyzed_list>
            <analyzed>
              <units>Participants</units>
              <scope>Measure</scope>
              <count_list>
                <count group_id="O1" value="19"/>
                <count group_id="O2" value="15"/>
              </count_list>
            </analyzed>
          </analyzed_list>
          <class_list>
            <class>
              <title>Week 28: CIBIC-PLUS Score 1</title>
              <category_list>
                <category>
                  <measurement_list>
                    <measurement group_id="O1" value="1"/>
                    <measurement group_id="O2" value="0"/>
                  </measurement_list>
                </category>
              </category_list>
            </class>
            <class>
              <title>Week 28: CIBIC-PLUS Score 2</title>
              <category_list>
                <category>
                  <measurement_list>
                    <measurement group_id="O1" value="0"/>
                    <measurement group_id="O2" value="2"/>
                  </measurement_list>
                </category>
              </category_list>
            </class>
            <class>
              <title>Week 28: CIBIC-PLUS Score 3</title>
              <category_list>
                <category>
                  <measurement_list>
                    <measurement group_id="O1" value="7"/>
                    <measurement group_id="O2" value="6"/>
                  </measurement_list>
                </category>
              </category_list>
            </class>
            <class>
              <title>Week 28: CIBIC-PLUS Score 4</title>
              <category_list>
                <category>
                  <measurement_list>
                    <measurement group_id="O1" value="8"/>
                    <measurement group_id="O2" value="5"/>
                  </measurement_list>
                </category>
              </category_list>
            </class>
            <class>
              <title>Week 28: CIBIC-PLUS Score 5</title>
              <category_list>
                <category>
                  <measurement_list>
                    <measurement group_id="O1" value="3"/>
                    <measurement group_id="O2" value="0"/>
                  </measurement_list>
                </category>
              </category_list>
            </class>
            <class>
              <title>Week 28: CIBIC-PLUS Score 6</title>
              <category_list>
                <category>
                  <measurement_list>
                    <measurement group_id="O1" value="0"/>
                    <measurement group_id="O2" value="2"/>
                  </measurement_list>
                </category>
              </category_list>
            </class>
            <class>
              <title>Week 28: CIBIC-PLUS Score 7</title>
              <category_list>
                <category>
                  <measurement_list>
                    <measurement group_id="O1" value="0"/>
                    <measurement group_id="O2" value="0"/>
                  </measurement_list>
                </category>
              </category_list>
            </class>
            <class>
              <title>Week 52: CIBIC-PLUS Score 1</title>
              <category_list>
                <category>
                  <measurement_list>
                    <measurement group_id="O1" value="0"/>
                    <measurement group_id="O2" value="0"/>
                  </measurement_list>
                </category>
              </category_list>
            </class>
            <class>
              <title>Week 52: CIBIC-PLUS Score 2</title>
              <category_list>
                <category>
                  <measurement_list>
                    <measurement group_id="O1" value="0"/>
                    <measurement group_id="O2" value="2"/>
                  </measurement_list>
                </category>
              </category_list>
            </class>
            <class>
              <title>Week 52: CIBIC-PLUS Score 3</title>
              <category_list>
                <category>
                  <measurement_list>
                    <measurement group_id="O1" value="6"/>
                    <measurement group_id="O2" value="2"/>
                  </measurement_list>
                </category>
              </category_list>
            </class>
            <class>
              <title>Week 52: CIBIC-PLUS Score 4</title>
              <category_list>
                <category>
                  <measurement_list>
                    <measurement group_id="O1" value="7"/>
                    <measurement group_id="O2" value="4"/>
                  </measurement_list>
                </category>
              </category_list>
            </class>
            <class>
              <title>Week 52: CIBIC-PLUS Score 5</title>
              <category_list>
                <category>
                  <measurement_list>
                    <measurement group_id="O1" value="1"/>
                    <measurement group_id="O2" value="4"/>
                  </measurement_list>
                </category>
              </category_list>
            </class>
            <class>
              <title>Week 52: CIBIC-PLUS Score 6</title>
              <category_list>
                <category>
                  <measurement_list>
                    <measurement group_id="O1" value="4"/>
                    <measurement group_id="O2" value="3"/>
                  </measurement_list>
                </category>
              </category_list>
            </class>
            <class>
              <title>Week 52: CIBIC-PLUS Score 7</title>
              <category_list>
                <category>
                  <measurement_list>
                    <measurement group_id="O1" value="1"/>
                    <measurement group_id="O2" value="0"/>
                  </measurement_list>
                </category>
              </category_list>
            </class>
          </class_list>
        </measure>
      </outcome>
      <outcome>
        <type>Secondary</type>
        <title>Geriatric Depression Scale (GDS) Score</title>
        <description>The GDS consists of 30 'yes' or 'no' items aimed to assess depression. One point is assigned to each answer and the cumulative score is rated on a scoring grid. Scores are grouped as follows: 0-9 'normal', 10-19 'mildly depressed', and 20-30 'severely depressed'.</description>
        <time_frame>Baseline, Week 28 and 52</time_frame>
        <population>Per protocol population included all participants who received treatments as scheduled and were followed up to week 52.</population>
        <group_list>
          <group group_id="O1">
            <title>Rebif 22 Mcg</title>
            <description>Single dose of interferon beta-1a (Rebif®) injection administered subcutaneously (sc) three times per week (tiw) at a dose of 4.4 microgram (mcg) for first 2 weeks followed by 11 mcg for next 2 weeks and finally 22 mcg for remaining 24 weeks (treatment period 28 weeks).</description>
          </group>
          <group group_id="O2">
            <title>Placebo</title>
            <description>Single dose of matching placebo injection administered sc tiw at a dose of 4.4 mcg for first 2 weeks followed by 11 mcg for next 2 weeks and finally 22 mcg for remaining 24 weeks (treatment period of 28 weeks).</description>
          </group>
        </group_list>
        <measure>
          <title>Geriatric Depression Scale (GDS) Score</title>
          <description>The GDS consists of 30 'yes' or 'no' items aimed to assess depression. One point is assigned to each answer and the cumulative score is rated on a scoring grid. Scores are grouped as follows: 0-9 'normal', 10-19 'mildly depressed', and 20-30 'severely depressed'.</description>
          <population>Per protocol population included all participants who received treatments as scheduled and were followed up to week 52.</population>
          <units>units on a scale</units>
          <param>Mean</param>
          <dispersion>Standard Deviation</dispersion>
          <analyzed_list>
            <analyzed>
              <units>Participants</units>
              <scope>Measure</scope>
              <count_list>
                <count group_id="O1" value="19"/>
                <count group_id="O2" value="15"/>
              </count_list>
            </analyzed>
          </analyzed_list>
          <class_list>
            <class>
              <title>Baseline</title>
              <category_list>
                <category>
                  <measurement_list>
                    <measurement group_id="O1" value="10.11" spread="6.13"/>
                    <measurement group_id="O2" value="10.67" spread="6.53"/>
                  </measurement_list>
                </category>
              </category_list>
            </class>
            <class>
              <title>Week 28</title>
              <category_list>
                <category>
                  <measurement_list>
                    <measurement group_id="O1" value="9.68" spread="5.74"/>
                    <measurement group_id="O2" value="9.07" spread="4.32"/>
                  </measurement_list>
                </category>
              </category_list>
            </class>
            <class>
              <title>Week 52</title>
              <category_list>
                <category>
                  <measurement_list>
                    <measurement group_id="O1" value="10.79" spread="5.93"/>
                    <measurement group_id="O2" value="7.50" spread="5.56"/>
                  </measurement_list>
                </category>
              </category_list>
            </class>
          </class_list>
        </measure>
        <analysis_list>
          <analysis>
            <group_id_list>
              <group_id>O1</group_id>
              <group_id>O2</group_id>
            </group_id_list>
            <groups_desc>For baseline: the difference between the two groups was analyzed using t-test.</groups_desc>
            <non_inferiority_type>Superiority or Other</non_inferiority_type>
            <p_value>0.80</p_value>
            <method>t-test, 2 sided</method>
          </analysis>
          <analysis>
            <group_id_list>
              <group_id>O1</group_id>
              <group_id>O2</group_id>
            </group_id_list>
            <groups_desc>For Week 28: the difference between the two groups was analyzed using t-test.</groups_desc>
            <non_inferiority_type>Superiority or Other</non_inferiority_type>
            <p_value>0.74</p_value>
            <method>t-test, 2 sided</method>
          </analysis>
          <analysis>
            <group_id_list>
              <group_id>O1</group_id>
              <group_id>O2</group_id>
            </group_id_list>
            <groups_desc>For Week 52: the difference between the two groups was analyzed using t-test.</groups_desc>
            <non_inferiority_type>Superiority or Other</non_inferiority_type>
            <p_value>0.12</p_value>
            <method>t-test, 2 sided</method>
          </analysis>
        </analysis_list>
      </outcome>
      <outcome>
        <type>Secondary</type>
        <title>Global Deterioration Scale Score</title>
        <description>Global deterioration scale includes seven different diagnostic stages ranging between “no cognitive deterioration” and “very serious cognitive deterioration”. It investigates the cognitive impairment. Scores range between 1 (no cognitive deterioration) and 7 (very severe cognitive decline).</description>
        <time_frame>Baseline, Week 28 and 52</time_frame>
        <population>Per protocol population included all participants who received treatments as scheduled and were followed up to week 52.</population>
        <group_list>
          <group group_id="O1">
            <title>Rebif 22 Mcg</title>
            <description>Single dose of interferon beta-1a (Rebif®) injection administered subcutaneously (sc) three times per week (tiw) at a dose of 4.4 microgram (mcg) for first 2 weeks followed by 11 mcg for next 2 weeks and finally 22 mcg for remaining 24 weeks (treatment period 28 weeks).</description>
          </group>
          <group group_id="O2">
            <title>Placebo</title>
            <description>Single dose of matching placebo injection administered sc tiw at a dose of 4.4 mcg for first 2 weeks followed by 11 mcg for next 2 weeks and finally 22 mcg for remaining 24 weeks (treatment period of 28 weeks).</description>
          </group>
        </group_list>
        <measure>
          <title>Global Deterioration Scale Score</title>
          <description>Global deterioration scale includes seven different diagnostic stages ranging between “no cognitive deterioration” and “very serious cognitive deterioration”. It investigates the cognitive impairment. Scores range between 1 (no cognitive deterioration) and 7 (very severe cognitive decline).</description>
          <population>Per protocol population included all participants who received treatments as scheduled and were followed up to week 52.</population>
          <units>units on a scale</units>
          <param>Mean</param>
          <dispersion>Standard Deviation</dispersion>
          <analyzed_list>
            <analyzed>
              <units>Participants</units>
              <scope>Measure</scope>
              <count_list>
                <count group_id="O1" value="19"/>
                <count group_id="O2" value="15"/>
              </count_list>
            </analyzed>
          </analyzed_list>
          <class_list>
            <class>
              <title>Baseline</title>
              <category_list>
                <category>
                  <measurement_list>
                    <measurement group_id="O1" value="3.00" spread="0.47"/>
                    <measurement group_id="O2" value="2.87" spread="0.74"/>
                  </measurement_list>
                </category>
              </category_list>
            </class>
            <class>
              <title>Week 28</title>
              <category_list>
                <category>
                  <measurement_list>
                    <measurement group_id="O1" value="3.05" spread="0.78"/>
                    <measurement group_id="O2" value="3.00" spread="0.93"/>
                  </measurement_list>
                </category>
              </category_list>
            </class>
            <class>
              <title>Week 52</title>
              <category_list>
                <category>
                  <measurement_list>
                    <measurement group_id="O1" value="3.26" spread="0.81"/>
                    <measurement group_id="O2" value="3.20" spread="1.08"/>
                  </measurement_list>
                </category>
              </category_list>
            </class>
          </class_list>
        </measure>
        <analysis_list>
          <analysis>
            <group_id_list>
              <group_id>O1</group_id>
              <group_id>O2</group_id>
            </group_id_list>
            <groups_desc>For baseline: the difference between the two groups was analyzed using t-test.</groups_desc>
            <non_inferiority_type>Superiority or Other</non_inferiority_type>
            <p_value>0.53</p_value>
            <method>t-test, 2 sided</method>
          </analysis>
          <analysis>
            <group_id_list>
              <group_id>O1</group_id>
              <group_id>O2</group_id>
            </group_id_list>
            <groups_desc>For Week 28: the difference between the two groups was analyzed using t-test.</groups_desc>
            <non_inferiority_type>Superiority or Other</non_inferiority_type>
            <p_value>0.85</p_value>
            <method>t-test, 2 sided</method>
          </analysis>
          <analysis>
            <group_id_list>
              <group_id>O1</group_id>
              <group_id>O2</group_id>
            </group_id_list>
            <groups_desc>For Week 52: the difference between the two groups was analyzed using t-test.</groups_desc>
            <non_inferiority_type>Superiority or Other</non_inferiority_type>
            <p_value>0.85</p_value>
            <method>t-test, 2 sided</method>
          </analysis>
        </analysis_list>
      </outcome>
    </outcome_list>

    <reported_events>
      <time_frame>Baseline to Week 52</time_frame>
      <desc>An adverse event (AE) was defined as any untoward medical occurrence in the form of signs, symptoms, abnormal laboratory findings, or diseases that emerges or worsens relative to baseline during a clinical study with an Investigational Medicinal Product (IMP), regardless of causal relationship and even if no IMP has been administered.</desc>
      <group_list>
        <group group_id="E1">
          <title>Rebif 22 Mcg</title>
          <description>Single dose of interferon beta-1a (Rebif) injection administered subcutaneously (sc) three times per week (tiw) at a dose of 4.4 microgram (mcg) for first 2 weeks followed by 11 mcg for next 2 weeks and finally 22 mcg for remaining 24 weeks (treatment period 28 weeks).</description>
        </group>
        <group group_id="E2">
          <title>Placebo</title>
          <description>Single dose of matching placebo injection administered sc tiw at a dose of 4.4 mcg for first 2 weeks followed by 11 mcg for next 2 weeks and finally 22 mcg for remaining 24 weeks (treatment period of 28 weeks).</description>
        </group>
      </group_list>
      <serious_events>
        <category_list>
          <category>
            <title>Total</title>
            <event_list>
              <event>
                <sub_title>Total, serious adverse events</sub_title>
                <counts group_id="E1" subjects_affected="0" subjects_at_risk="23"/>
                <counts group_id="E2" subjects_affected="0" subjects_at_risk="19"/>
              </event>
            </event_list>
          </category>
        </category_list>
      </serious_events>
      <other_events>
        <frequency_threshold>0</frequency_threshold>
        <default_vocab>MedDRA</default_vocab>
        <default_assessment>Non-systematic Assessment</default_assessment>
        <category_list>
          <category>
            <title>Total</title>
            <event_list>
              <event>
                <sub_title>Total, other adverse events</sub_title>
                <counts group_id="E1" subjects_affected="5" subjects_at_risk="23"/>
                <counts group_id="E2" subjects_affected="5" subjects_at_risk="19"/>
              </event>
            </event_list>
          </category>
          <category>
            <title>Ear and labyrinth disorders</title>
            <event_list>
              <event>
                <sub_title>Right ear buzzing</sub_title>
                <counts group_id="E1" subjects_affected="0" subjects_at_risk="23"/>
                <counts group_id="E2" subjects_affected="1" subjects_at_risk="19"/>
              </event>
            </event_list>
          </category>
          <category>
            <title>General disorders</title>
            <event_list>
              <event>
                <sub_title>Fever</sub_title>
                <counts group_id="E1" subjects_affected="1" subjects_at_risk="23"/>
                <counts group_id="E2" subjects_affected="0" subjects_at_risk="19"/>
              </event>
              <event>
                <sub_title>Flu-like syndrome</sub_title>
                <counts group_id="E1" subjects_affected="0" subjects_at_risk="23"/>
                <counts group_id="E2" subjects_affected="1" subjects_at_risk="19"/>
              </event>
            </event_list>
          </category>
          <category>
            <title>Investigations</title>
            <event_list>
              <event>
                <sub_title>High Cholesterol</sub_title>
                <counts group_id="E1" subjects_affected="3" subjects_at_risk="23"/>
                <counts group_id="E2" subjects_affected="0" subjects_at_risk="19"/>
              </event>
              <event>
                <sub_title>High level of alanine transaminase (ALT) and aspartate aminotransferase (AST)</sub_title>
                <counts group_id="E1" subjects_affected="1" subjects_at_risk="23"/>
                <counts group_id="E2" subjects_affected="0" subjects_at_risk="19"/>
              </event>
              <event>
                <sub_title>High level of aspartate aminotransferase (AST) - alanine transaminase (ALT)</sub_title>
                <counts group_id="E1" subjects_affected="0" subjects_at_risk="23"/>
                <counts group_id="E2" subjects_affected="1" subjects_at_risk="19"/>
              </event>
              <event>
                <sub_title>High pseudocholinesterase</sub_title>
                <counts group_id="E1" subjects_affected="2" subjects_at_risk="23"/>
                <counts group_id="E2" subjects_affected="1" subjects_at_risk="19"/>
              </event>
              <event>
                <sub_title>High triglycerides</sub_title>
                <counts group_id="E1" subjects_affected="1" subjects_at_risk="23"/>
                <counts group_id="E2" subjects_affected="0" subjects_at_risk="19"/>
              </event>
              <event>
                <sub_title>High thyroid stimulating hormone</sub_title>
                <counts group_id="E1" subjects_affected="0" subjects_at_risk="23"/>
                <counts group_id="E2" subjects_affected="1" subjects_at_risk="19"/>
              </event>
              <event>
                <sub_title>Repolarization ventricular anomaly</sub_title>
                <counts group_id="E1" subjects_affected="1" subjects_at_risk="23"/>
                <counts group_id="E2" subjects_affected="0" subjects_at_risk="19"/>
              </event>
            </event_list>
          </category>
          <category>
            <title>Musculoskeletal and connective tissue disorders</title>
            <event_list>
              <event>
                <sub_title>Articular Pain</sub_title>
                <counts group_id="E1" subjects_affected="0" subjects_at_risk="23"/>
                <counts group_id="E2" subjects_affected="2" subjects_at_risk="19"/>
              </event>
            </event_list>
          </category>
          <category>
            <title>Vascular disorders</title>
            <event_list>
              <event>
                <sub_title>Low blood pressure</sub_title>
                <counts group_id="E1" subjects_affected="0" subjects_at_risk="23"/>
                <counts group_id="E2" subjects_affected="1" subjects_at_risk="19"/>
              </event>
            </event_list>
          </category>
        </category_list>
      </other_events>
    </reported_events>

    <certain_agreements>
      <pi_employee>Principal Investigators are NOT employed by the organization sponsoring the study.</pi_employee>
    </certain_agreements>
    <point_of_contact>
      <name_or_title>Merck KGaA Communication Center</name_or_title>
      <organization>Merck Serono, a division of Merck KGaA</organization>
      <phone>+49-6151-72-5200</phone>
      <email>service@merckgroup.com</email>
    </point_of_contact>
  </clinical_results>
</clinical_study>

