<?xml version="1.0" encoding="UTF-8"?>
<clinical_study rank="443">
  <!-- This xml conforms to an XML Schema at:
    https://clinicaltrials.gov/ct2/html/images/info/public.xsd -->
  <required_header>
    <download_date>ClinicalTrials.gov processed this data on November 07, 2017</download_date>
    <link_text>Link to the current ClinicalTrials.gov record.</link_text>
    <url>https://clinicaltrials.gov/show/NCT00359944</url>
  </required_header>
  <id_info>
    <org_study_id>AC-3933-271</org_study_id>
    <nct_id>NCT00359944</nct_id>
  </id_info>
  <brief_title>Safety and Efficacy Study of AC-3933 in Adults With Mild to Moderate Alzheimer's Disease</brief_title>
  <official_title>A Phase II, Double-Blind, Randomized, Placebo-Controlled, Parallel-Group, Dose-Ranging Study Assessing the Efficacy and Safety of AC-3933 Tablets Twice Daily in Adults With Mild to Moderate Alzheimer's Disease</official_title>
  <sponsors>
    <lead_sponsor>
      <agency>Sunovion</agency>
      <agency_class>Industry</agency_class>
    </lead_sponsor>
  </sponsors>
  <source>Sunovion</source>
  <oversight_info>
    <has_dmc>No</has_dmc>
  </oversight_info>
  <brief_summary>
    <textblock>
      The purpose of this study is to investigate efficacy and safety of different doses of AC-3933
      in patients with mild to moderate Alzheimer's Disease.
    </textblock>
  </brief_summary>
  <overall_status>Completed</overall_status>
  <start_date>February 2006</start_date>
  <completion_date type="Actual">September 2008</completion_date>
  <primary_completion_date type="Actual">September 2008</primary_completion_date>
  <phase>Phase 2</phase>
  <study_type>Interventional</study_type>
  <has_expanded_access>No</has_expanded_access>
  <study_design_info>
    <allocation>Randomized</allocation>
    <intervention_model>Parallel Assignment</intervention_model>
    <primary_purpose>Treatment</primary_purpose>
    <masking>Double (Participant, Investigator)</masking>
  </study_design_info>
  <primary_outcome>
    <measure>Total Score of Alzheimer's Disease Assessment Scale - Cognition Subscale (ADAS-COG)From Best Total Score (0) to Worst Total Score (70)</measure>
    <time_frame>Baseline to 16 weeks</time_frame>
    <description>Change from baseline to week 16 of the double blind treatment in the Alzheimer's Disease Assessment Scale - Cognition Subscale (ADAS-COG) total score The Alzheimer's Disease Assessment Scale if used for assessing the severity of dysfuncion and for research in patients with AD, particularly in clinical drug trials. It consists of 11 items testing orientatin, memory, word usage and recognition, receptive speech, spatial abilities, ideational praxis, ability to follow instructions, spontanious speech abilities, and comprehension. The higher the overall score (maximum 70), the more severe the dysfunction/impairment.</description>
  </primary_outcome>
  <secondary_outcome>
    <measure>Clinicians Interview Based Impression of Change (CIBIC)-Plus</measure>
    <time_frame>Baseline to 16 weeks</time_frame>
    <description>Clinicians Interview Based Impression of Change (CIBIC)-Plus-Plus scores at week 16 of the double blind treatment.
CIBIC-Plus is ranged between 1 and 7 (1=very much improved, 4=no change, and 7=very much worsened). We were expecting smaller value of CIBIC-Plus at the study end.</description>
  </secondary_outcome>
  <secondary_outcome>
    <measure>Disability Assessment for Dementia (DAD)</measure>
    <time_frame>Baseline to 16 Weeks</time_frame>
    <description>Change from baseline to week 16 of the double blind treatment in the Disability Assessment for Dementia (DAD) scores.
The DAD is administered as a clinician-assisted interview with the caregiver and was developed to assess functional abilities in ADLs in community-dwelling dementia patients. The scale consists of 40 questions assessing basic and instumental ADLs. A total score is obtained by adding the rating for each question and converting this total score out of 100. The items rated N/A are not considered for the total score. Higher scores represent less disability in activities of daily living (ADL) while lower scores indicate more dysfunction.</description>
  </secondary_outcome>
  <number_of_arms>3</number_of_arms>
  <enrollment type="Actual">171</enrollment>
  <condition>Alzheimer's Disease</condition>
  <arm_group>
    <arm_group_label>AC-3933</arm_group_label>
    <arm_group_type>Experimental</arm_group_type>
    <description>AC-3933, 5mg twice daily</description>
  </arm_group>
  <arm_group>
    <arm_group_label>AC-3933, 20 mg twice daily</arm_group_label>
    <arm_group_type>Experimental</arm_group_type>
    <description>AC-3933, 20 mg twice daily</description>
  </arm_group>
  <arm_group>
    <arm_group_label>Placebo</arm_group_label>
    <arm_group_type>Placebo Comparator</arm_group_type>
    <description>Sugar Pill twice daily</description>
  </arm_group>
  <intervention>
    <intervention_type>Drug</intervention_type>
    <intervention_name>AC-3933</intervention_name>
    <description>5mg twice daily</description>
    <arm_group_label>AC-3933</arm_group_label>
  </intervention>
  <intervention>
    <intervention_type>Drug</intervention_type>
    <intervention_name>AC-3933</intervention_name>
    <description>AC-3933, 20 mg twice daily</description>
    <arm_group_label>AC-3933, 20 mg twice daily</arm_group_label>
  </intervention>
  <intervention>
    <intervention_type>Other</intervention_type>
    <intervention_name>Sugar Pill</intervention_name>
    <description>Sugar Pill twice daily</description>
    <arm_group_label>Placebo</arm_group_label>
    <other_name>Placebo</other_name>
  </intervention>
  <eligibility>
    <criteria>
      <textblock>
        Inclusion Criteria:

          -  Mild to moderate Alzheimer's Disease

          -  Male or female 55 years or older

          -  Living with caregiver

          -  Read, understand and speak English

        Exclusion Criteria:

          -  Need to drive during the study

          -  Treatment with acetylcholinesterase inhibitors or NMDA antagonist, such as Aricept or
             Namenda, within 2 weeks of check-up and during the study

          -  Frequent Smoker

          -  Frequent Consumer of Caffeine
      </textblock>
    </criteria>
    <gender>All</gender>
    <minimum_age>55 Years</minimum_age>
    <maximum_age>N/A</maximum_age>
    <healthy_volunteers>No</healthy_volunteers>
  </eligibility>
  <overall_official>
    <last_name>Medical Director, MD</last_name>
    <role>Study Director</role>
    <affiliation>Sunovion</affiliation>
  </overall_official>
  <location>
    <facility>
      <name>Clinical Trials Inc.</name>
      <address>
        <city>LIttle Rock</city>
        <state>Alaska</state>
        <zip>72205</zip>
        <country>United States</country>
      </address>
    </facility>
  </location>
  <location>
    <facility>
      <name>PsyPharma Clinical Research Inc.</name>
      <address>
        <city>Phoenix</city>
        <state>Arizona</state>
        <zip>85013</zip>
        <country>United States</country>
      </address>
    </facility>
  </location>
  <location>
    <facility>
      <name>ClinicalStudies Center LLC</name>
      <address>
        <city>Little Rock</city>
        <state>Arkansas</state>
        <zip>72205</zip>
        <country>United States</country>
      </address>
    </facility>
  </location>
  <location>
    <facility>
      <name>Vertex Clinical Research</name>
      <address>
        <city>Bakersfield</city>
        <state>California</state>
        <zip>93311</zip>
        <country>United States</country>
      </address>
    </facility>
  </location>
  <location>
    <facility>
      <name>East Bay Physicians Medical Grou[</name>
      <address>
        <city>Berkeley</city>
        <state>California</state>
        <zip>94705</zip>
        <country>United States</country>
      </address>
    </facility>
  </location>
  <location>
    <facility>
      <name>Margolin Brain Institute</name>
      <address>
        <city>Fresno</city>
        <state>California</state>
        <zip>93720</zip>
        <country>United States</country>
      </address>
    </facility>
  </location>
  <location>
    <facility>
      <name>Clinical Trials Associates</name>
      <address>
        <city>Mission Viejo</city>
        <state>California</state>
        <zip>92691</zip>
        <country>United States</country>
      </address>
    </facility>
  </location>
  <location>
    <facility>
      <name>University of California</name>
      <address>
        <city>Orange</city>
        <state>California</state>
        <zip>92868</zip>
        <country>United States</country>
      </address>
    </facility>
  </location>
  <location>
    <facility>
      <name>Pacific Research Network</name>
      <address>
        <city>San Diego</city>
        <state>California</state>
        <zip>92103</zip>
        <country>United States</country>
      </address>
    </facility>
  </location>
  <location>
    <facility>
      <name>Memory Disorder Clinic</name>
      <address>
        <city>Deerfield Beach</city>
        <state>Florida</state>
        <zip>33064</zip>
        <country>United States</country>
      </address>
    </facility>
  </location>
  <location>
    <facility>
      <name>Berma Research Group</name>
      <address>
        <city>Hialeah</city>
        <state>Florida</state>
        <zip>33016</zip>
        <country>United States</country>
      </address>
    </facility>
  </location>
  <location>
    <facility>
      <name>Advanced Research Institute of Miami</name>
      <address>
        <city>Miami</city>
        <state>Florida</state>
        <zip>33135</zip>
        <country>United States</country>
      </address>
    </facility>
  </location>
  <location>
    <facility>
      <name>Research Institute of Miami</name>
      <address>
        <city>Miami</city>
        <state>Florida</state>
        <zip>33135</zip>
        <country>United States</country>
      </address>
    </facility>
  </location>
  <location>
    <facility>
      <name>Research Center of Florida Inc.</name>
      <address>
        <city>Miami</city>
        <state>Florida</state>
        <zip>33173</zip>
        <country>United States</country>
      </address>
    </facility>
  </location>
  <location>
    <facility>
      <name>Medical Research Group of Central Florida</name>
      <address>
        <city>Orange City</city>
        <state>Florida</state>
        <zip>32763</zip>
        <country>United States</country>
      </address>
    </facility>
  </location>
  <location>
    <facility>
      <name>Compass Research LLC</name>
      <address>
        <city>Orlando</city>
        <state>Florida</state>
        <zip>32806</zip>
        <country>United States</country>
      </address>
    </facility>
  </location>
  <location>
    <facility>
      <name>Department of Psychiatry and Behavioral Medicine</name>
      <address>
        <city>Tampa</city>
        <state>Florida</state>
        <zip>33613</zip>
        <country>United States</country>
      </address>
    </facility>
  </location>
  <location>
    <facility>
      <name>Stedman Clinical Trials LLC</name>
      <address>
        <city>Tampa</city>
        <state>Florida</state>
        <zip>33613</zip>
        <country>United States</country>
      </address>
    </facility>
  </location>
  <location>
    <facility>
      <name>Four Rivers Clinical Research Inc.</name>
      <address>
        <city>Paducah</city>
        <state>Kentucky</state>
        <zip>42003</zip>
        <country>United States</country>
      </address>
    </facility>
  </location>
  <location>
    <facility>
      <name>Northern Michigan Neurology</name>
      <address>
        <city>Traverse City</city>
        <state>Michigan</state>
        <zip>49684</zip>
        <country>United States</country>
      </address>
    </facility>
  </location>
  <location>
    <facility>
      <address>
        <city>Minneapolis</city>
        <state>Minnesota</state>
        <zip>53454</zip>
        <country>United States</country>
      </address>
    </facility>
  </location>
  <location>
    <facility>
      <name>Clinical Psychopharmacology Consultants PA</name>
      <address>
        <city>Saint Louis Park</city>
        <state>Minnesota</state>
        <zip>55416</zip>
        <country>United States</country>
      </address>
    </facility>
  </location>
  <location>
    <facility>
      <name>Precise Research Centers INc.</name>
      <address>
        <city>Flowood</city>
        <state>Mississippi</state>
        <zip>37232</zip>
        <country>United States</country>
      </address>
    </facility>
  </location>
  <location>
    <facility>
      <name>Psych Care Consultants Research</name>
      <address>
        <city>Saint Louis</city>
        <state>Missouri</state>
        <zip>63128</zip>
        <country>United States</country>
      </address>
    </facility>
  </location>
  <location>
    <facility>
      <name>Odyssey Researcfh</name>
      <address>
        <city>Fargo</city>
        <state>North Dakota</state>
        <zip>58104</zip>
        <country>United States</country>
      </address>
    </facility>
  </location>
  <location>
    <facility>
      <name>Paradigm Research Professionals LLP</name>
      <address>
        <city>Oklahoma City</city>
        <state>Oklahoma</state>
        <zip>73112</zip>
        <country>United States</country>
      </address>
    </facility>
  </location>
  <location>
    <facility>
      <name>Cutting Edge Research Group</name>
      <address>
        <city>Oklahoma City</city>
        <state>Oklahoma</state>
        <zip>73116</zip>
        <country>United States</country>
      </address>
    </facility>
  </location>
  <location>
    <facility>
      <name>Tulsa Clinical Research LLC</name>
      <address>
        <city>Tulsa</city>
        <state>Oklahoma</state>
        <zip>74104</zip>
        <country>United States</country>
      </address>
    </facility>
  </location>
  <location>
    <facility>
      <name>The Clinical Trial Center</name>
      <address>
        <city>Jenkintown</city>
        <state>Pennsylvania</state>
        <zip>19046</zip>
        <country>United States</country>
      </address>
    </facility>
  </location>
  <location>
    <facility>
      <name>UT Medical Group Inc.</name>
      <address>
        <city>Memphis</city>
        <state>Tennessee</state>
        <zip>38105</zip>
        <country>United States</country>
      </address>
    </facility>
  </location>
  <location>
    <facility>
      <name>Neurological Research Center, Inc.</name>
      <address>
        <city>Bennington</city>
        <state>Vermont</state>
        <zip>05201</zip>
        <country>United States</country>
      </address>
    </facility>
  </location>
  <location>
    <facility>
      <name>International Clinical Research Associates LLC</name>
      <address>
        <city>Richmond</city>
        <state>Virginia</state>
        <zip>23229</zip>
        <country>United States</country>
      </address>
    </facility>
  </location>
  <location>
    <facility>
      <name>The Center for Excellence in Aging and Geriatric Health</name>
      <address>
        <city>Williamsburg</city>
        <state>Virginia</state>
        <zip>23185</zip>
        <country>United States</country>
      </address>
    </facility>
  </location>
  <location>
    <facility>
      <name>Internal Medicine Northwest</name>
      <address>
        <city>Tacoma</city>
        <state>Washington</state>
        <zip>98405</zip>
        <country>United States</country>
      </address>
    </facility>
  </location>
  <location_countries>
    <country>United States</country>
  </location_countries>
  <verification_date>May 2013</verification_date>
  <!-- Old date names will be dropped in a few months (sometime in 2018)                        -->
  <lastchanged_date>May 28, 2013</lastchanged_date>
  <firstreceived_date>August 1, 2006</firstreceived_date>
  <firstreceived_results_date>April 11, 2011</firstreceived_results_date>
  <!-- New date names                                                                           -->
  <study_first_submitted>August 1, 2006</study_first_submitted>
  <study_first_submitted_qc>August 1, 2006</study_first_submitted_qc>
  <study_first_posted type="Estimate">August 3, 2006</study_first_posted>
  <results_first_submitted>April 11, 2011</results_first_submitted>
  <results_first_submitted_qc>May 28, 2013</results_first_submitted_qc>
  <results_first_posted type="Estimate">July 2, 2013</results_first_posted>
  <last_update_submitted>May 28, 2013</last_update_submitted>
  <last_update_submitted_qc>May 28, 2013</last_update_submitted_qc>
  <last_update_posted type="Estimate">July 2, 2013</last_update_posted>
  <!-- End of dates                                                                             -->
  <responsible_party>
    <responsible_party_type>Sponsor</responsible_party_type>
  </responsible_party>
  <keyword>Alzheimer</keyword>
  <keyword>Dementia</keyword>
  <condition_browse>
    <!-- CAUTION:  The following MeSH terms are assigned with an imperfect algorithm            -->
    <mesh_term>Alzheimer Disease</mesh_term>
  </condition_browse>

  <clinical_results>

    <participant_flow>
      <pre_assignment_details>17 patients were excluded from analysis because of QA issues at a study site.</pre_assignment_details>
      <group_list>
        <group group_id="P1">
          <title>AC-3933, 5 mg</title>
          <description>AC-3933, 5mg twice daily</description>
        </group>
        <group group_id="P2">
          <title>AC-3933, 20 mg</title>
          <description>AC-3933, 20 mg twice daily</description>
        </group>
        <group group_id="P3">
          <title>Placebo</title>
          <description>Sugar Pill twice daily</description>
        </group>
      </group_list>
      <period_list>
        <period>
          <title>Overall Study</title>
          <milestone_list>
            <milestone>
              <title>STARTED</title>
              <participants_list>
                <participants group_id="P1" count="50"/>
                <participants group_id="P2" count="47"/>
                <participants group_id="P3" count="57"/>
              </participants_list>
            </milestone>
            <milestone>
              <title>COMPLETED</title>
              <participants_list>
                <participants group_id="P1" count="34"/>
                <participants group_id="P2" count="28"/>
                <participants group_id="P3" count="38"/>
              </participants_list>
            </milestone>
            <milestone>
              <title>NOT COMPLETED</title>
              <participants_list>
                <participants group_id="P1" count="16"/>
                <participants group_id="P2" count="19"/>
                <participants group_id="P3" count="19"/>
              </participants_list>
            </milestone>
          </milestone_list>
        </period>
      </period_list>
    </participant_flow>

    <baseline>
      <population>132 subjects were from the full analysis set, which was defined as all randomized subjects who took at least one dose of study drug and had greater than/equal to one post-baseline ADAS-Cog assessment</population>
      <group_list>
        <group group_id="B1">
          <title>AC-3933</title>
          <description>AC-3933, 5mg twice daily</description>
        </group>
        <group group_id="B2">
          <title>AC-3933, 20 mg</title>
          <description>AC-3933, 20 mg twice daily</description>
        </group>
        <group group_id="B3">
          <title>Placebo</title>
          <description>Sugar Pill twice daily</description>
        </group>
        <group group_id="B4">
          <title>Total</title>
          <description>Total of all reporting groups</description>
        </group>
      </group_list>
      <analyzed_list>
        <analyzed>
          <units>Participants</units>
          <scope>Overall</scope>
          <count_list>
            <count group_id="B1" value="43"/>
            <count group_id="B2" value="40"/>
            <count group_id="B3" value="49"/>
            <count group_id="B4" value="132"/>
          </count_list>
        </analyzed>
      </analyzed_list>
      <measure_list>
        <measure>
          <title>Age</title>
          <units>participants</units>
          <param>Number</param>
          <class_list>
            <class>
              <title>&lt;=18 years</title>
              <category_list>
                <category>
                  <measurement_list>
                    <measurement group_id="B1" value="0"/>
                    <measurement group_id="B2" value="0"/>
                    <measurement group_id="B3" value="0"/>
                    <measurement group_id="B4" value="0"/>
                  </measurement_list>
                </category>
              </category_list>
            </class>
            <class>
              <title>Between 18 and 65 years</title>
              <category_list>
                <category>
                  <measurement_list>
                    <measurement group_id="B1" value="0"/>
                    <measurement group_id="B2" value="0"/>
                    <measurement group_id="B3" value="0"/>
                    <measurement group_id="B4" value="0"/>
                  </measurement_list>
                </category>
              </category_list>
            </class>
            <class>
              <title>&gt;=65 years</title>
              <category_list>
                <category>
                  <measurement_list>
                    <measurement group_id="B1" value="43"/>
                    <measurement group_id="B2" value="40"/>
                    <measurement group_id="B3" value="49"/>
                    <measurement group_id="B4" value="132"/>
                  </measurement_list>
                </category>
              </category_list>
            </class>
          </class_list>
        </measure>
        <measure>
          <title>Age</title>
          <units>years</units>
          <param>Mean</param>
          <dispersion>Standard Deviation</dispersion>
          <class_list>
            <class>
              <category_list>
                <category>
                  <measurement_list>
                    <measurement group_id="B1" value="75.5" spread="8.57"/>
                    <measurement group_id="B2" value="74.8" spread="9.54"/>
                    <measurement group_id="B3" value="76.3" spread="8.73"/>
                    <measurement group_id="B4" value="75.6" spread="8.88"/>
                  </measurement_list>
                </category>
              </category_list>
            </class>
          </class_list>
        </measure>
        <measure>
          <title>Gender</title>
          <units>participants</units>
          <param>Number</param>
          <class_list>
            <class>
              <title>Female</title>
              <category_list>
                <category>
                  <measurement_list>
                    <measurement group_id="B1" value="30"/>
                    <measurement group_id="B2" value="27"/>
                    <measurement group_id="B3" value="38"/>
                    <measurement group_id="B4" value="95"/>
                  </measurement_list>
                </category>
              </category_list>
            </class>
            <class>
              <title>Male</title>
              <category_list>
                <category>
                  <measurement_list>
                    <measurement group_id="B1" value="13"/>
                    <measurement group_id="B2" value="13"/>
                    <measurement group_id="B3" value="11"/>
                    <measurement group_id="B4" value="37"/>
                  </measurement_list>
                </category>
              </category_list>
            </class>
          </class_list>
        </measure>
        <measure>
          <title>Region of Enrollment</title>
          <units>participants</units>
          <param>Number</param>
          <class_list>
            <class>
              <title>United States</title>
              <category_list>
                <category>
                  <measurement_list>
                    <measurement group_id="B1" value="43"/>
                    <measurement group_id="B2" value="40"/>
                    <measurement group_id="B3" value="49"/>
                    <measurement group_id="B4" value="132"/>
                  </measurement_list>
                </category>
              </category_list>
            </class>
          </class_list>
        </measure>
      </measure_list>
    </baseline>

    <outcome_list>
      <outcome>
        <type>Primary</type>
        <title>Total Score of Alzheimer's Disease Assessment Scale - Cognition Subscale (ADAS-COG)From Best Total Score (0) to Worst Total Score (70)</title>
        <description>Change from baseline to week 16 of the double blind treatment in the Alzheimer's Disease Assessment Scale - Cognition Subscale (ADAS-COG) total score The Alzheimer's Disease Assessment Scale if used for assessing the severity of dysfuncion and for research in patients with AD, particularly in clinical drug trials. It consists of 11 items testing orientatin, memory, word usage and recognition, receptive speech, spatial abilities, ideational praxis, ability to follow instructions, spontanious speech abilities, and comprehension. The higher the overall score (maximum 70), the more severe the dysfunction/impairment.</description>
        <time_frame>Baseline to 16 weeks</time_frame>
        <group_list>
          <group group_id="O1">
            <title>AC-3933, 5 mg</title>
            <description>AC-3933, 5mg twice daily</description>
          </group>
          <group group_id="O2">
            <title>AC-3933, 20 mg</title>
            <description>AC-3933, 20 mg twice daily</description>
          </group>
          <group group_id="O3">
            <title>Placebo</title>
            <description>Sugar Pill twice daily</description>
          </group>
        </group_list>
        <measure>
          <title>Total Score of Alzheimer's Disease Assessment Scale - Cognition Subscale (ADAS-COG)From Best Total Score (0) to Worst Total Score (70)</title>
          <description>Change from baseline to week 16 of the double blind treatment in the Alzheimer's Disease Assessment Scale - Cognition Subscale (ADAS-COG) total score The Alzheimer's Disease Assessment Scale if used for assessing the severity of dysfuncion and for research in patients with AD, particularly in clinical drug trials. It consists of 11 items testing orientatin, memory, word usage and recognition, receptive speech, spatial abilities, ideational praxis, ability to follow instructions, spontanious speech abilities, and comprehension. The higher the overall score (maximum 70), the more severe the dysfunction/impairment.</description>
          <units>units on a scale</units>
          <param>Mean</param>
          <dispersion>Standard Deviation</dispersion>
          <analyzed_list>
            <analyzed>
              <units>Participants</units>
              <scope>Measure</scope>
              <count_list>
                <count group_id="O1" value="43"/>
                <count group_id="O2" value="40"/>
                <count group_id="O3" value="49"/>
              </count_list>
            </analyzed>
          </analyzed_list>
          <class_list>
            <class>
              <category_list>
                <category>
                  <measurement_list>
                    <measurement group_id="O1" value="-1.3" spread="0.84"/>
                    <measurement group_id="O2" value="-2.9" spread="0.88"/>
                    <measurement group_id="O3" value="-1.5" spread="0.78"/>
                  </measurement_list>
                </category>
              </category_list>
            </class>
          </class_list>
        </measure>
      </outcome>
      <outcome>
        <type>Secondary</type>
        <title>Clinicians Interview Based Impression of Change (CIBIC)-Plus</title>
        <description>Clinicians Interview Based Impression of Change (CIBIC)-Plus-Plus scores at week 16 of the double blind treatment.
CIBIC-Plus is ranged between 1 and 7 (1=very much improved, 4=no change, and 7=very much worsened). We were expecting smaller value of CIBIC-Plus at the study end.</description>
        <time_frame>Baseline to 16 weeks</time_frame>
        <group_list>
          <group group_id="O1">
            <title>AC-3933, 5 mg</title>
            <description>AC-3933, 5mg twice daily</description>
          </group>
          <group group_id="O2">
            <title>AC-3933, 20 mg</title>
            <description>AC-3933, 20 mg twice daily</description>
          </group>
          <group group_id="O3">
            <title>Placebo</title>
            <description>Sugar Pill twice daily</description>
          </group>
        </group_list>
        <measure>
          <title>Clinicians Interview Based Impression of Change (CIBIC)-Plus</title>
          <description>Clinicians Interview Based Impression of Change (CIBIC)-Plus-Plus scores at week 16 of the double blind treatment.
CIBIC-Plus is ranged between 1 and 7 (1=very much improved, 4=no change, and 7=very much worsened). We were expecting smaller value of CIBIC-Plus at the study end.</description>
          <units>units on a scale</units>
          <param>Mean</param>
          <dispersion>Standard Deviation</dispersion>
          <analyzed_list>
            <analyzed>
              <units>Participants</units>
              <scope>Measure</scope>
              <count_list>
                <count group_id="O1" value="43"/>
                <count group_id="O2" value="40"/>
                <count group_id="O3" value="49"/>
              </count_list>
            </analyzed>
          </analyzed_list>
          <class_list>
            <class>
              <category_list>
                <category>
                  <measurement_list>
                    <measurement group_id="O1" value="4.1" spread="0.97"/>
                    <measurement group_id="O2" value="3.9" spread="1.11"/>
                    <measurement group_id="O3" value="3.9" spread="0.91"/>
                  </measurement_list>
                </category>
              </category_list>
            </class>
          </class_list>
        </measure>
      </outcome>
      <outcome>
        <type>Secondary</type>
        <title>Disability Assessment for Dementia (DAD)</title>
        <description>Change from baseline to week 16 of the double blind treatment in the Disability Assessment for Dementia (DAD) scores.
The DAD is administered as a clinician-assisted interview with the caregiver and was developed to assess functional abilities in ADLs in community-dwelling dementia patients. The scale consists of 40 questions assessing basic and instumental ADLs. A total score is obtained by adding the rating for each question and converting this total score out of 100. The items rated N/A are not considered for the total score. Higher scores represent less disability in activities of daily living (ADL) while lower scores indicate more dysfunction.</description>
        <time_frame>Baseline to 16 Weeks</time_frame>
        <group_list>
          <group group_id="O1">
            <title>AC-3933, 5 mg</title>
            <description>AC-3933, 5mg twice daily</description>
          </group>
          <group group_id="O2">
            <title>AC-3933, 20 mg</title>
            <description>AC-3933, 20 mg twice daily</description>
          </group>
          <group group_id="O3">
            <title>Placebo</title>
            <description>Sugar Pill twice daily</description>
          </group>
        </group_list>
        <measure>
          <title>Disability Assessment for Dementia (DAD)</title>
          <description>Change from baseline to week 16 of the double blind treatment in the Disability Assessment for Dementia (DAD) scores.
The DAD is administered as a clinician-assisted interview with the caregiver and was developed to assess functional abilities in ADLs in community-dwelling dementia patients. The scale consists of 40 questions assessing basic and instumental ADLs. A total score is obtained by adding the rating for each question and converting this total score out of 100. The items rated N/A are not considered for the total score. Higher scores represent less disability in activities of daily living (ADL) while lower scores indicate more dysfunction.</description>
          <units>units on a scale</units>
          <param>Mean</param>
          <dispersion>Standard Deviation</dispersion>
          <analyzed_list>
            <analyzed>
              <units>Participants</units>
              <scope>Measure</scope>
              <count_list>
                <count group_id="O1" value="43"/>
                <count group_id="O2" value="40"/>
                <count group_id="O3" value="49"/>
              </count_list>
            </analyzed>
          </analyzed_list>
          <class_list>
            <class>
              <category_list>
                <category>
                  <measurement_list>
                    <measurement group_id="O1" value="-2.7" spread="1.89"/>
                    <measurement group_id="O2" value="4.0" spread="2.10"/>
                    <measurement group_id="O3" value="4.2" spread="1.80"/>
                  </measurement_list>
                </category>
              </category_list>
            </class>
          </class_list>
        </measure>
      </outcome>
    </outcome_list>

    <reported_events>
      <time_frame>February 2006 to September 2008</time_frame>
      <desc>The AE summary was based on the safety population, which was defined as all randomized patients who received at least one dose of the study drug (58 placebo, 50 AC-3933 5mg, 46 AC-3933 20mg. Once subject randomized to AC-3933 20mg group received placebo during the course of the study. So this subject was summarized in the placebe group.</desc>
      <group_list>
        <group group_id="E1">
          <title>AC-3933, 5 mg</title>
          <description>AC-3933, 5mg twice daily</description>
        </group>
        <group group_id="E2">
          <title>AC-3933, 20 mg</title>
          <description>AC-3933, 20 mg twice daily</description>
        </group>
        <group group_id="E3">
          <title>Placebo</title>
          <description>Sugar Pill twice daily</description>
        </group>
      </group_list>
      <serious_events>
        <default_vocab>MedDRA (9.0)</default_vocab>
        <default_assessment>Systematic Assessment</default_assessment>
        <category_list>
          <category>
            <title>Total</title>
            <event_list>
              <event>
                <sub_title>Total, serious adverse events</sub_title>
                <counts group_id="E1" subjects_affected="5" subjects_at_risk="50"/>
                <counts group_id="E2" subjects_affected="4" subjects_at_risk="46"/>
                <counts group_id="E3" subjects_affected="5" subjects_at_risk="58"/>
              </event>
            </event_list>
          </category>
          <category>
            <title>Cardiac disorders</title>
            <event_list>
              <event>
                <sub_title>Cardiac Failure congestive</sub_title>
                <counts group_id="E1" events="0" subjects_affected="0" subjects_at_risk="50"/>
                <counts group_id="E2" events="1" subjects_affected="1" subjects_at_risk="46"/>
                <counts group_id="E3" events="0" subjects_affected="0" subjects_at_risk="58"/>
              </event>
              <event>
                <sub_title>Cardiomyopathy</sub_title>
                <counts group_id="E1" events="0" subjects_affected="0" subjects_at_risk="50"/>
                <counts group_id="E2" events="0" subjects_affected="0" subjects_at_risk="46"/>
                <counts group_id="E3" events="1" subjects_affected="1" subjects_at_risk="58"/>
              </event>
              <event>
                <sub_title>Tachycardia</sub_title>
                <counts group_id="E1" events="0" subjects_affected="0" subjects_at_risk="50"/>
                <counts group_id="E2" events="0" subjects_affected="0" subjects_at_risk="46"/>
                <counts group_id="E3" events="1" subjects_affected="1" subjects_at_risk="58"/>
              </event>
            </event_list>
          </category>
          <category>
            <title>Gastrointestinal disorders</title>
            <event_list>
              <event>
                <sub_title>Abdominal Mass</sub_title>
                <counts group_id="E1" events="1" subjects_affected="1" subjects_at_risk="50"/>
                <counts group_id="E2" events="0" subjects_affected="0" subjects_at_risk="46"/>
                <counts group_id="E3" events="0" subjects_affected="0" subjects_at_risk="58"/>
              </event>
            </event_list>
          </category>
          <category>
            <title>General disorders</title>
            <event_list>
              <event>
                <sub_title>Fatigue</sub_title>
                <assessment>Non-systematic Assessment</assessment>
                <counts group_id="E1" events="0" subjects_affected="0" subjects_at_risk="50"/>
                <counts group_id="E2" events="0" subjects_affected="0" subjects_at_risk="46"/>
                <counts group_id="E3" events="1" subjects_affected="1" subjects_at_risk="58"/>
              </event>
            </event_list>
          </category>
          <category>
            <title>Infections and infestations</title>
            <event_list>
              <event>
                <sub_title>Bronchitis acute</sub_title>
                <assessment>Non-systematic Assessment</assessment>
                <counts group_id="E1" events="0" subjects_affected="0" subjects_at_risk="50"/>
                <counts group_id="E2" events="1" subjects_affected="1" subjects_at_risk="46"/>
                <counts group_id="E3" events="0" subjects_affected="0" subjects_at_risk="58"/>
              </event>
            </event_list>
          </category>
          <category>
            <title>Injury, poisoning and procedural complications</title>
            <event_list>
              <event>
                <sub_title>Eye Injury</sub_title>
                <assessment>Non-systematic Assessment</assessment>
                <counts group_id="E1" events="0" subjects_affected="0" subjects_at_risk="50"/>
                <counts group_id="E2" events="1" subjects_affected="1" subjects_at_risk="46"/>
                <counts group_id="E3" events="0" subjects_affected="0" subjects_at_risk="58"/>
              </event>
              <event>
                <sub_title>Fall</sub_title>
                <assessment>Non-systematic Assessment</assessment>
                <counts group_id="E1" events="1" subjects_affected="1" subjects_at_risk="50"/>
                <counts group_id="E2" events="0" subjects_affected="0" subjects_at_risk="46"/>
                <counts group_id="E3" events="0" subjects_affected="0" subjects_at_risk="58"/>
              </event>
              <event>
                <sub_title>Rib Fracture</sub_title>
                <assessment>Non-systematic Assessment</assessment>
                <counts group_id="E1" events="1" subjects_affected="1" subjects_at_risk="50"/>
                <counts group_id="E2" events="0" subjects_affected="0" subjects_at_risk="46"/>
                <counts group_id="E3" events="0" subjects_affected="0" subjects_at_risk="58"/>
              </event>
            </event_list>
          </category>
          <category>
            <title>Investigations</title>
            <event_list>
              <event>
                <sub_title>Blood Pressure Increased</sub_title>
                <counts group_id="E1" events="1" subjects_affected="1" subjects_at_risk="50"/>
                <counts group_id="E2" events="0" subjects_affected="0" subjects_at_risk="46"/>
                <counts group_id="E3" events="0" subjects_affected="0" subjects_at_risk="58"/>
              </event>
            </event_list>
          </category>
          <category>
            <title>Metabolism and nutrition disorders</title>
            <event_list>
              <event>
                <sub_title>Anorexia</sub_title>
                <counts group_id="E1" events="1" subjects_affected="1" subjects_at_risk="50"/>
                <counts group_id="E2" events="0" subjects_affected="0" subjects_at_risk="46"/>
                <counts group_id="E3" events="0" subjects_affected="0" subjects_at_risk="58"/>
              </event>
            </event_list>
          </category>
          <category>
            <title>Neoplasms benign, malignant and unspecified (incl cysts and polyps)</title>
            <event_list>
              <event>
                <sub_title>Colon Cancer stage IV</sub_title>
                <counts group_id="E1" events="1" subjects_affected="1" subjects_at_risk="50"/>
                <counts group_id="E2" events="0" subjects_affected="0" subjects_at_risk="46"/>
                <counts group_id="E3" events="0" subjects_affected="0" subjects_at_risk="58"/>
              </event>
              <event>
                <sub_title>Metastases to liver</sub_title>
                <counts group_id="E1" events="1" subjects_affected="1" subjects_at_risk="50"/>
                <counts group_id="E2" events="0" subjects_affected="0" subjects_at_risk="46"/>
                <counts group_id="E3" events="0" subjects_affected="0" subjects_at_risk="58"/>
              </event>
              <event>
                <sub_title>Prostate cancer</sub_title>
                <counts group_id="E1" events="1" subjects_affected="1" subjects_at_risk="50"/>
                <counts group_id="E2" events="0" subjects_affected="0" subjects_at_risk="46"/>
                <counts group_id="E3" events="0" subjects_affected="0" subjects_at_risk="58"/>
              </event>
            </event_list>
          </category>
          <category>
            <title>Nervous system disorders</title>
            <event_list>
              <event>
                <sub_title>Syncope</sub_title>
                <counts group_id="E1" events="0" subjects_affected="0" subjects_at_risk="50"/>
                <counts group_id="E2" events="0" subjects_affected="0" subjects_at_risk="46"/>
                <counts group_id="E3" events="2" subjects_affected="2" subjects_at_risk="58"/>
              </event>
            </event_list>
          </category>
          <category>
            <title>Psychiatric disorders</title>
            <event_list>
              <event>
                <sub_title>Abnormal Behavior</sub_title>
                <counts group_id="E1" events="0" subjects_affected="0" subjects_at_risk="50"/>
                <counts group_id="E2" events="0" subjects_affected="0" subjects_at_risk="46"/>
                <counts group_id="E3" events="1" subjects_affected="1" subjects_at_risk="58"/>
              </event>
            </event_list>
          </category>
          <category>
            <title>Reproductive system and breast disorders</title>
            <event_list>
              <event>
                <sub_title>Benign prostatic hyperplasia</sub_title>
                <counts group_id="E1" events="0" subjects_affected="0" subjects_at_risk="50"/>
                <counts group_id="E2" events="1" subjects_affected="1" subjects_at_risk="46"/>
                <counts group_id="E3" events="0" subjects_affected="0" subjects_at_risk="58"/>
              </event>
            </event_list>
          </category>
          <category>
            <title>Respiratory, thoracic and mediastinal disorders</title>
            <event_list>
              <event>
                <sub_title>Dyspnoea</sub_title>
                <counts group_id="E1" events="0" subjects_affected="0" subjects_at_risk="50"/>
                <counts group_id="E2" events="1" subjects_affected="1" subjects_at_risk="46"/>
                <counts group_id="E3" events="0" subjects_affected="0" subjects_at_risk="58"/>
              </event>
            </event_list>
          </category>
          <category>
            <title>Skin and subcutaneous tissue disorders</title>
            <event_list>
              <event>
                <sub_title>Hyperhidrosis</sub_title>
                <assessment>Non-systematic Assessment</assessment>
                <counts group_id="E1" events="0" subjects_affected="0" subjects_at_risk="50"/>
                <counts group_id="E2" events="0" subjects_affected="0" subjects_at_risk="46"/>
                <counts group_id="E3" events="1" subjects_affected="1" subjects_at_risk="58"/>
              </event>
            </event_list>
          </category>
        </category_list>
      </serious_events>
      <other_events>
        <frequency_threshold>5</frequency_threshold>
        <default_vocab>MedDRA (9.0)</default_vocab>
        <default_assessment>Non-systematic Assessment</default_assessment>
        <category_list>
          <category>
            <title>Total</title>
            <event_list>
              <event>
                <sub_title>Total, other adverse events</sub_title>
                <counts group_id="E1" subjects_affected="11" subjects_at_risk="50"/>
                <counts group_id="E2" subjects_affected="12" subjects_at_risk="46"/>
                <counts group_id="E3" subjects_affected="17" subjects_at_risk="58"/>
              </event>
            </event_list>
          </category>
          <category>
            <title>Gastrointestinal disorders</title>
            <event_list>
              <event>
                <sub_title>Nausea</sub_title>
                <counts group_id="E1" events="2" subjects_affected="2" subjects_at_risk="50"/>
                <counts group_id="E2" events="6" subjects_affected="6" subjects_at_risk="46"/>
                <counts group_id="E3" events="2" subjects_affected="2" subjects_at_risk="58"/>
              </event>
              <event>
                <sub_title>Vomiting</sub_title>
                <counts group_id="E1" events="1" subjects_affected="1" subjects_at_risk="50"/>
                <counts group_id="E2" events="2" subjects_affected="2" subjects_at_risk="46"/>
                <counts group_id="E3" events="3" subjects_affected="3" subjects_at_risk="58"/>
              </event>
            </event_list>
          </category>
          <category>
            <title>Infections and infestations</title>
            <event_list>
              <event>
                <sub_title>Urinary Tract infection</sub_title>
                <counts group_id="E1" events="2" subjects_affected="2" subjects_at_risk="50"/>
                <counts group_id="E2" events="2" subjects_affected="2" subjects_at_risk="46"/>
                <counts group_id="E3" events="5" subjects_affected="5" subjects_at_risk="58"/>
              </event>
            </event_list>
          </category>
          <category>
            <title>Investigations</title>
            <event_list>
              <event>
                <sub_title>Electroencephalogram abnormal</sub_title>
                <assessment>Systematic Assessment</assessment>
                <counts group_id="E1" events="1" subjects_affected="1" subjects_at_risk="50"/>
                <counts group_id="E2" events="3" subjects_affected="3" subjects_at_risk="46"/>
                <counts group_id="E3" events="4" subjects_affected="4" subjects_at_risk="58"/>
              </event>
            </event_list>
          </category>
          <category>
            <title>Nervous system disorders</title>
            <event_list>
              <event>
                <sub_title>Headache</sub_title>
                <counts group_id="E1" events="4" subjects_affected="4" subjects_at_risk="50"/>
                <counts group_id="E2" events="4" subjects_affected="4" subjects_at_risk="46"/>
                <counts group_id="E3" events="1" subjects_affected="1" subjects_at_risk="58"/>
              </event>
              <event>
                <sub_title>Dizziness</sub_title>
                <counts group_id="E1" events="1" subjects_affected="1" subjects_at_risk="50"/>
                <counts group_id="E2" events="2" subjects_affected="2" subjects_at_risk="46"/>
                <counts group_id="E3" events="5" subjects_affected="5" subjects_at_risk="58"/>
              </event>
            </event_list>
          </category>
          <category>
            <title>Psychiatric disorders</title>
            <event_list>
              <event>
                <sub_title>Anxiety</sub_title>
                <counts group_id="E1" events="3" subjects_affected="3" subjects_at_risk="50"/>
                <counts group_id="E2" events="1" subjects_affected="1" subjects_at_risk="46"/>
                <counts group_id="E3" events="0" subjects_affected="0" subjects_at_risk="58"/>
              </event>
            </event_list>
          </category>
        </category_list>
      </other_events>
    </reported_events>

    <certain_agreements>
      <pi_employee>Principal Investigators are NOT employed by the organization sponsoring the study.</pi_employee>
      <restrictive_agreement>There is NOT an agreement between Principal Investigators and the Sponsor (or its agents) that restricts the PI's rights to discuss or publish trial results after the trial is completed. </restrictive_agreement>
    </certain_agreements>
    <point_of_contact>
      <name_or_title>Medical Director, CNS</name_or_title>
      <organization>Sunovion</organization>
      <phone>1-866-503-6351</phone>
    </point_of_contact>
  </clinical_results>
</clinical_study>

