<?xml version="1.0" encoding="UTF-8"?>
<clinical_study rank="170">
  <!-- This xml conforms to an XML Schema at:
    https://clinicaltrials.gov/ct2/html/images/info/public.xsd -->
  <required_header>
    <download_date>ClinicalTrials.gov processed this data on November 07, 2017</download_date>
    <link_text>Link to the current ClinicalTrials.gov record.</link_text>
    <url>https://clinicaltrials.gov/show/NCT00039702</url>
  </required_header>
  <id_info>
    <org_study_id>020058</org_study_id>
    <secondary_id>02-M-0058</secondary_id>
    <nct_id>NCT00039702</nct_id>
  </id_info>
  <brief_title>Brain Imaging in Alzheimer's Disease</brief_title>
  <official_title>SPECT Imaging of Alpha4beta2 Nicotinic Acetylcholine Receptors Using [123I]5-I-A-85380 in Alzheimer's Disease</official_title>
  <sponsors>
    <lead_sponsor>
      <agency>National Institute of Mental Health (NIMH)</agency>
      <agency_class>NIH</agency_class>
    </lead_sponsor>
  </sponsors>
  <source>National Institutes of Health Clinical Center (CC)</source>
  <brief_summary>
    <textblock>
      The purpose of this study is to use brain imaging technology to examine the role of certain
      brain chemicals in individuals with Alzheimer's disease (AD) and in healthy volunteers.

      Cognitive dysfunction in people with AD is thought to arise from decreased chemical activity
      in specific parts of the brain. Decreases in alpha4beta2 nicotinic acetycholine receptors
      (nAChRs) have been found in the brains of people who died with AD; however, the status of
      this receptor system in living brains remains unclear. This study will use single photon
      emission computed tomography (SPECT) to study this receptor system in people with AD who have
      mild to moderate dementia and in healthy volunteers. In addition, this study will examine the
      relationship between cognitive dysfunction and nAChR deficits in the brains of individuals
      with AD.

      Participants with AD will have four clinic visits; healthy volunteers will have three visits.
      At Visit 1, participants will undergo a medical history, physical examination, and laboratory
      tests. Healthy volunteers will have a Mini-Mental State Examination (MMSE) cognitive function
      test. Participants with AD will have a MMSE and measurement of the severity of their
      dementia.

      During Visit 2, participants will undergo a magnetic resonance imaging (MRI) scan of the
      brain.

      At Visit 3, participants will undergo SPECT imaging.

      Only participants with AD will participate in Visit 4. During this visit, cognitive testing
      will be performed.
    </textblock>
  </brief_summary>
  <detailed_description>
    <textblock>
      Cognitive dysfunction in Alzheimer's disease (AD) patients are thought to arise in part from
      underlying losses of cholinergic input to cerebral cortex and hippocampus. Consistent marked
      decreases of alpha4beta2 nicotinic acetylcholine receptors (nAChRs) are found in postmortem
      AD brains. However, knowledge of the in vivo status of this receptor system is limited due to
      the lack of suitable tracers for PET/SPECT imaging. We plan to use a new SPECT tracer,
      [123I]5-I-A-85380, which appears suitable for imaging the alpha4beta2 subtype of nAChRs, in
      order to delineate abnormalities of this receptor system in a &quot;subgroup&quot; of 20 mild to
      moderately demented AD patients against 20 age matched healthy controls, the &quot;subgroup&quot; being
      characterized by carrying the AD susceptibility Apolipoprotein E epsilon4 allele. In
      addition, we plan to examine the relationship between cognitive dysfunction and alpha4beta2
      nAChr deficits in the cerebral cortex and hippocampus of these AD patients. This study
      represents our initial effort toward our long-term goal of understanding the role this
      important receptor system plays in the pathophysiological mechanisms and drug manipulation of
      AD.
    </textblock>
  </detailed_description>
  <overall_status>Completed</overall_status>
  <start_date>June 2002</start_date>
  <completion_date>September 2004</completion_date>
  <phase>N/A</phase>
  <study_type>Observational</study_type>
  <has_expanded_access>No</has_expanded_access>
  <enrollment>40</enrollment>
  <condition>Alzheimer Disease</condition>
  <intervention>
    <intervention_type>Drug</intervention_type>
    <intervention_name>[123] 5-I-A-85380</intervention_name>
  </intervention>
  <eligibility>
    <criteria>
      <textblock>
        INCLUSION CRITERIA - ALZHEIMER'S DISEASE PATIENTS:

        All AD patients will meet NINCDS-ADRDA criteria for probable AD with age of onset between
        50 and 65 years of age.

        The AD patients will be mild to moderately demented as assessed by the Mattis Dementia
        Rating Scale and Mini-Mental State Examination.

        In particular, the AD patients will be nonsmokers because of known effects of smoking on
        nAChRs.

        Patients will be characterized by their APOE genotype as nAChR changes might be different
        with differing doses of this allele.

        We will not exclude AD patients from participating while they are on AChe inhibitors.

        EXCLUSION CRITERIA - ALZHEIMER'S DISEASE PATIENTS:

        We will exclude patients who are on galanthamine (Reminyl).

        We will exclude patients on antidepressants and/or psychotropic drugs.

        INCLUSION CRITERIA - CONTROLS:

        Nonsmoking healthy individuals who satisfy the inclusion and exclusion criteria.
      </textblock>
    </criteria>
    <gender>All</gender>
    <minimum_age>N/A</minimum_age>
    <maximum_age>N/A</maximum_age>
    <healthy_volunteers>Accepts Healthy Volunteers</healthy_volunteers>
  </eligibility>
  <location>
    <facility>
      <name>National Institute of Mental Health (NIMH)</name>
      <address>
        <city>Bethesda</city>
        <state>Maryland</state>
        <zip>20892</zip>
        <country>United States</country>
      </address>
    </facility>
  </location>
  <location_countries>
    <country>United States</country>
  </location_countries>
  <reference>
    <citation>Coyle JT, Puttfarcken P. Oxidative stress, glutamate, and neurodegenerative disorders. Science. 1993 Oct 29;262(5134):689-95. Review.</citation>
    <PMID>7901908</PMID>
  </reference>
  <reference>
    <citation>Corder EH, Saunders AM, Strittmatter WJ, Schmechel DE, Gaskell PC, Small GW, Roses AD, Haines JL, Pericak-Vance MA. Gene dose of apolipoprotein E type 4 allele and the risk of Alzheimer's disease in late onset families. Science. 1993 Aug 13;261(5123):921-3.</citation>
    <PMID>8346443</PMID>
  </reference>
  <reference>
    <citation>Saunders AM, Strittmatter WJ, Schmechel D, George-Hyslop PH, Pericak-Vance MA, Joo SH, Rosi BL, Gusella JF, Crapper-MacLachlan DR, Alberts MJ, et al. Association of apolipoprotein E allele epsilon 4 with late-onset familial and sporadic Alzheimer's disease. Neurology. 1993 Aug;43(8):1467-72.</citation>
    <PMID>8350998</PMID>
  </reference>
  <verification_date>September 2004</verification_date>
  <!-- Old date names will be dropped in a few months (sometime in 2018)                        -->
  <lastchanged_date>March 3, 2008</lastchanged_date>
  <firstreceived_date>June 6, 2002</firstreceived_date>
  <!-- New date names                                                                           -->
  <study_first_submitted>June 6, 2002</study_first_submitted>
  <study_first_submitted_qc>June 6, 2002</study_first_submitted_qc>
  <study_first_posted type="Estimate">June 7, 2002</study_first_posted>
  <last_update_submitted>March 3, 2008</last_update_submitted>
  <last_update_submitted_qc>March 3, 2008</last_update_submitted_qc>
  <last_update_posted type="Estimate">March 4, 2008</last_update_posted>
  <!-- End of dates                                                                             -->
  <keyword>Nicotinic Acetylcholine Receptors</keyword>
  <keyword>Alzheimer's Disease</keyword>
  <keyword>SPECT</keyword>
  <keyword>AD</keyword>
  <keyword>Healthy Volunteer</keyword>
  <keyword>HV</keyword>
  <keyword>Normal Control</keyword>
  <condition_browse>
    <!-- CAUTION:  The following MeSH terms are assigned with an imperfect algorithm            -->
    <mesh_term>Alzheimer Disease</mesh_term>
  </condition_browse>
  <intervention_browse>
    <!-- CAUTION:  The following MeSH terms are assigned with an imperfect algorithm            -->
    <mesh_term>Acetylcholine</mesh_term>
  </intervention_browse>
  <!-- Results have not yet been posted for this study                                          -->
</clinical_study>

