<?xml version="1.0" encoding="UTF-8"?>
<clinical_study rank="241">
  <!-- This xml conforms to an XML Schema at:
    https://clinicaltrials.gov/ct2/html/images/info/public.xsd -->
  <required_header>
    <download_date>ClinicalTrials.gov processed this data on November 07, 2017</download_date>
    <link_text>Link to the current ClinicalTrials.gov record.</link_text>
    <url>https://clinicaltrials.gov/show/NCT02074215</url>
  </required_header>
  <id_info>
    <org_study_id>201012136RB</org_study_id>
    <nct_id>NCT02074215</nct_id>
  </id_info>
  <brief_title>Effect of Exercises Training in Patients With Mild Cognitive Impairment and Early Alzheimer's Disease</brief_title>
  <official_title>Effects and Mechanisms of Aerobic Exercises Combined With Dual-task Training in Cognitive Function in Patients With Mild Cognitive Impairment and Early Alzheimer's Disease</official_title>
  <sponsors>
    <lead_sponsor>
      <agency>National Taiwan University Hospital</agency>
      <agency_class>Other</agency_class>
    </lead_sponsor>
  </sponsors>
  <source>National Taiwan University Hospital</source>
  <oversight_info>
    <has_dmc>Yes</has_dmc>
  </oversight_info>
  <brief_summary>
    <textblock>
      Recent studies have shown that aerobic exercises and dual-task training are effective in
      improving overall cognitive function in patients with cognitive impairment or dementia.
      However, the biological mechanisms are unknown in humans. It also remains unclear regarding
      whether carrying APOEε4 genotype or not would influence the effects. Therefore, the three
      main purposes of this study are: (1) to investigate the effects of a 3-month aerobic
      exercises combined with dual-task training on memory and executive cognitive functions in
      patients with mild cognitive impairment (MCI) and in those with early Alzheimer's disease
      (AD); (2) to compare the differences in training effects between patients who carry APOEε4
      genotype and those who do not carry this genotype; and (3) to investigate the biological
      mechanisms of the exercise training effects on memory and executive cognitive function in
      these patients. The biological mechanisms of interest will include the blood Aβ1-40 and
      Aβ1-42 level, insulin, fasting glucose, cytokine, integrity of brain fiber tracts, and
      cerebral blood flow.

      We will conduct a randomized controlled clinical trial. A total of 70 patients with MCI or AD
      will be recruited. The participants will be randomly assigned to the experimental group or
      the control group. Both groups will receive three 90-minute exercise sessions per week for 12
      weeks. For the experimental group, the exercise program will include moderate intensity
      aerobic exercises and dual-task training; whereas for the control group, the training program
      will include gentle stretching exercises. Both groups will receive examinations on outcome
      variables, including blood Aβ1-40 and Aβ1-42 level, insulin, fasting glucose,
      cytokine,integrity of brain fiber tracts, cerebral blood flow, cognitive function, and dual
      task performance at baseline, post-training, and after a 3-month follow-up period.
      Differences on the aforementioned outcomes brought by the 12-week training programs will be
      compared between the experimental and control groups. Exercise effects between patients who
      carry APOEε4 genotype and those who do not will also be examined.

      Results of this study will provide relevant clinical evidence for the effects of aerobic
      exercises combined with dual-task training on patients with MCI and mild AD; and will provide
      further understanding of the mechanisms mediating these effects.
    </textblock>
  </brief_summary>
  <detailed_description>
    <textblock>
      Recent studies have shown that moderate-to-high intensity aerobic exercises are effective in
      improving overall cognitive function in patients with cognitive impairment or dementia.
      Dual-task training programs also show positive effects on enhancing executive function in
      patients with cognitive impairment. However, the biological mechanisms through which these
      training effects are mediated remain largely unknown in humans. It also remains unclear
      regarding whether carrying APOEε4 genotype or not would influence the effects of aerobic
      exercises and dual-task training on cognitive function of these patients. Therefore, the
      three main purposes of this study are:

        1. to investigate the effects of a 3-month aerobic exercises combined with dual-task
           training on memory and executive cognitive functions in patients with mild cognitive
           impairment (MCI) and in those with early Alzheimer's disease (AD);

        2. to compare the differences in training effects between patients who carry APOEε4
           genotype and those who do not carry this genotype; and

        3. to investigate the biological mechanisms of the exercise training effects on memory and
           executive cognitive function in these patients. The biological mechanisms of interest
           will include the blood Aβ1-40 and Aβ1-42 level, insulin, fasting glucose, cytokine
           (TNF-α, Interleukin(IL) -Iβ, IL-6, CRP),integrity of brain fiber tracts, and cerebral
           blood flow.

      We will conduct a single-blind (assessor blinded) randomized controlled clinical trial. A
      total of 70 patients with MCI or AD will be recruited. The participants will be randomly
      assigned to the experimental group or the control group using stratified randomization by
      matching patient's diagnosis. Both groups will receive one health education session and three
      90-minute exercise sessions per week for 12 weeks. For the experimental group, the exercise
      program will include moderate intensity aerobic exercises and dual-task training; whereas for
      the control group, the training program will include gentle stretching exercises and
      activities in sitting of mild intensity. Both groups will receive examinations on outcome
      variables, including blood Aβ1-40 and Aβ1-42 level, insulin, fasting glucose, cytokine
      (TNF-α, IL-Iβ, IL-6, CRP),integrity of brain fiber tracts, cerebral blood flow, cognitive
      function, and dual task performance at baseline, post-training, and after a 3-month follow-up
      period. Differences on the aforementioned outcomes brought by the 12-week training programs
      will be compared between the experimental and control groups using two-way (group x time)
      repeated measures of ANOVA. Intercorrelations among the changes in these outcomes will be
      analyzed to explore the possible biological mechanisms mediating the training effects.
      Exercise effects between patients who carry APOEε4 genotype and those who do not will also be
      examined.

      Results of this study will provide relevant clinical evidence for the effects of aerobic
      exercises combined with dual-task training on patients with MCI and mild AD; and will provide
      further understanding of the mechanisms mediating these effects.
    </textblock>
  </detailed_description>
  <overall_status>Completed</overall_status>
  <start_date>March 2011</start_date>
  <completion_date type="Actual">December 2013</completion_date>
  <primary_completion_date type="Actual">December 2012</primary_completion_date>
  <phase>N/A</phase>
  <study_type>Interventional</study_type>
  <has_expanded_access>No</has_expanded_access>
  <study_design_info>
    <allocation>Non-Randomized</allocation>
    <intervention_model>Crossover Assignment</intervention_model>
    <primary_purpose>Treatment</primary_purpose>
    <masking>Single (Outcomes Assessor)</masking>
  </study_design_info>
  <primary_outcome>
    <measure>Changes of Memory and executive function related neuropsychological test</measure>
    <time_frame>Changes from baseline in neuropsychological test at 3 months and 6 months</time_frame>
  </primary_outcome>
  <secondary_outcome>
    <measure>Changes of muscle strength of upper and lower extremity and walking speed</measure>
    <time_frame>Changes from baseline in muscle strength of upper and lower extremity and walking speed at 3 months and 6 months</time_frame>
  </secondary_outcome>
  <number_of_arms>2</number_of_arms>
  <enrollment type="Actual">19</enrollment>
  <condition>Alzheimer's Disease</condition>
  <arm_group>
    <arm_group_label>Aerobic exercises</arm_group_label>
    <arm_group_type>Experimental</arm_group_type>
    <description>90-minute exercise sessions per week for 12 weeks</description>
  </arm_group>
  <arm_group>
    <arm_group_label>Stretch exercise</arm_group_label>
    <arm_group_type>Active Comparator</arm_group_type>
    <description>90-minute exercise sessions per week for 12 weeks</description>
  </arm_group>
  <intervention>
    <intervention_type>Other</intervention_type>
    <intervention_name>Aerobic exercises</intervention_name>
    <description>Aerobic exercises + dual task</description>
    <arm_group_label>Aerobic exercises</arm_group_label>
  </intervention>
  <intervention>
    <intervention_type>Other</intervention_type>
    <intervention_name>Stretch exercise</intervention_name>
    <description>Stretch exercise</description>
    <arm_group_label>Stretch exercise</arm_group_label>
  </intervention>
  <eligibility>
    <criteria>
      <textblock>
        Inclusion Criteria:

          -  mild cognitive impairment or mild AD.

        Exclusion Criteria:

          -  neurological disorders or psychiatric disorders, or any other systematic diseases that
             would affect their walking ability
      </textblock>
    </criteria>
    <gender>All</gender>
    <minimum_age>60 Years</minimum_age>
    <maximum_age>90 Years</maximum_age>
    <healthy_volunteers>No</healthy_volunteers>
  </eligibility>
  <overall_official>
    <last_name>Ming-Jang Chiu, PhD</last_name>
    <role>Study Chair</role>
    <affiliation>National Taiwan University Hospital</affiliation>
  </overall_official>
  <location>
    <facility>
      <name>National Taiwan University Hospital</name>
      <address>
        <city>Taipei</city>
        <zip>100</zip>
        <country>Taiwan</country>
      </address>
    </facility>
  </location>
  <location_countries>
    <country>Taiwan</country>
  </location_countries>
  <verification_date>February 2014</verification_date>
  <!-- Old date names will be dropped in a few months (sometime in 2018)                        -->
  <lastchanged_date>February 26, 2014</lastchanged_date>
  <firstreceived_date>November 19, 2012</firstreceived_date>
  <!-- New date names                                                                           -->
  <study_first_submitted>November 19, 2012</study_first_submitted>
  <study_first_submitted_qc>February 26, 2014</study_first_submitted_qc>
  <study_first_posted type="Estimate">February 28, 2014</study_first_posted>
  <last_update_submitted>February 26, 2014</last_update_submitted>
  <last_update_submitted_qc>February 26, 2014</last_update_submitted_qc>
  <last_update_posted type="Estimate">February 28, 2014</last_update_posted>
  <!-- End of dates                                                                             -->
  <responsible_party>
    <responsible_party_type>Sponsor</responsible_party_type>
  </responsible_party>
  <keyword>Mild Cognitive Impairment</keyword>
  <keyword>Alzheimer's disease</keyword>
  <keyword>Aerobic exercise</keyword>
  <condition_browse>
    <!-- CAUTION:  The following MeSH terms are assigned with an imperfect algorithm            -->
    <mesh_term>Alzheimer Disease</mesh_term>
    <mesh_term>Cognitive Dysfunction</mesh_term>
  </condition_browse>
  <!-- Results have not yet been posted for this study                                          -->
</clinical_study>

