<?xml version="1.0" encoding="UTF-8"?>
<clinical_study rank="124">
  <!-- This xml conforms to an XML Schema at:
    https://clinicaltrials.gov/ct2/html/images/info/public.xsd -->
  <required_header>
    <download_date>ClinicalTrials.gov processed this data on November 07, 2017</download_date>
    <link_text>Link to the current ClinicalTrials.gov record.</link_text>
    <url>https://clinicaltrials.gov/show/NCT02406027</url>
  </required_header>
  <id_info>
    <org_study_id>CR106978</org_study_id>
    <secondary_id>54861911ALZ2004</secondary_id>
    <secondary_id>2014-004274-41</secondary_id>
    <nct_id>NCT02406027</nct_id>
  </id_info>
  <brief_title>An Extension Study to Evaluate the Long-Term Safety and Tolerability of JNJ-54861911 in Participants in the Early Alzheimer's Disease Spectrum</brief_title>
  <official_title>A Randomized, Two-Period, Double-Blind Placebo-Controlled and Open-Label, Multicenter Extension Study to Determine the Long-Term Safety and Tolerability of JNJ-54861911 in Subjects in the Early Alzheimer's Disease Spectrum</official_title>
  <sponsors>
    <lead_sponsor>
      <agency>Janssen Research &amp; Development, LLC</agency>
      <agency_class>Industry</agency_class>
    </lead_sponsor>
  </sponsors>
  <source>Janssen Research &amp; Development, LLC</source>
  <oversight_info>
    <has_dmc>Yes</has_dmc>
    <is_fda_regulated_device>No</is_fda_regulated_device>
  </oversight_info>
  <brief_summary>
    <textblock>
      The purpose of this study is to evaluate the long-term safety and tolerability of
      JNJ-54861911 in participants in the early Alzheimer's disease (AD [progressive brain disease
      that slowly destroys memory and thinking skills, and eventually even the ability to carry out
      the simplest tasks]) spectrum that have completed a Phase 1b or Phase 2 clinical trial with
      JNJ-54861911, who are willing to continue their assigned treatment.
    </textblock>
  </brief_summary>
  <detailed_description>
    <textblock>
      Participants in the early Alzheimer's Disease (AD) spectrum, enrolled in ongoing or future
      clinical trials with JNJ-54861911 (Phase 1b or Phase 2 studies) will be provided the
      opportunity to participate in this study upon completion of their treatment period under the
      parent protocol. The study will consist of a Screening phase and 2 sequential treatment
      phases (a 12-month double-blind [DB] treatment phase [placebo controlled] and an open-label
      [OL] phase [active]) followed by an End-of-Treatment visit. Treatment in OL phase will
      continue until registration of JNJ-54861911; unless safety issues emerge as determined by the
      Data Review Committee (DRC) that would warrant termination of the study. Blood and
      cerebrospinal fluid (CSF) samples will be collected to evaluate the plasma and CSF
      pharmacokinetics of JNJ-54861911, as well as amyloid beta fragments. Participants' safety
      will be monitored throughout the study.
    </textblock>
  </detailed_description>
  <overall_status>Active, not recruiting</overall_status>
  <start_date type="Actual">July 2, 2015</start_date>
  <completion_date type="Anticipated">October 14, 2022</completion_date>
  <primary_completion_date type="Anticipated">October 14, 2022</primary_completion_date>
  <phase>Phase 2</phase>
  <study_type>Interventional</study_type>
  <has_expanded_access>No</has_expanded_access>
  <study_design_info>
    <allocation>Randomized</allocation>
    <intervention_model>Parallel Assignment</intervention_model>
    <primary_purpose>Treatment</primary_purpose>
    <masking>Double (Participant, Investigator)</masking>
  </study_design_info>
  <primary_outcome>
    <measure>Number of Participants With Adverse Events (AEs) or Serious Adverse Events (SAEs)</measure>
    <time_frame>Day 1 up to 30 days after last dose of study drug administration</time_frame>
    <description>An AE is any untoward medical occurrence in a participant who received study drug without regard to possibility of causal relationship. An SAE is an AE resulting in any of the following outcomes or deemed significant for any other reason: death; initial or prolonged inpatient hospitalization; life threatening experience (immediate risk of dying); persistent or significant disability/incapacity; congenital anomaly.</description>
  </primary_outcome>
  <secondary_outcome>
    <measure>Percent Change From Baseline in Cerebrospinal Fluid (CSF) Amyloid Beta (ABeta) (1-37, 1-38, 1-40, 1-42) Levels and Soluble Amyloid Precursor Protein (sAPP) Fragments (sAPP-alpha, sAPP-beta), Total sAPP Levels</measure>
    <time_frame>Day 1, Week 24 and Week 52 in treatment period 1; Every 96 weeks in treatment period 2 up to end of treatment visit (until registration of JNJ-54861911 or any safety issue)</time_frame>
    <description>The CSF and plasma samples will be obtained for measuring levels of different ABeta fragments such as ABeta 1-37, ABeta 1-38, ABeta 1-40, ABeta 1-42. ABeta fragments of different length are produced by cleavage of the APP by beta-secretase (BACE) and the gamma-secretase complex in the brain and excreted into CSF.</description>
  </secondary_outcome>
  <secondary_outcome>
    <measure>Percent Change From Baseline in Plasma ABeta Levels 1-37, 1-38, 1-40, and 1-42</measure>
    <time_frame>Day 1, Week 24, and Week 52 in treatment period 1; Every 24 weeks in treatment period 2 up to end of treatment visit (until registration of JNJ-54861911 or any safety issue)</time_frame>
    <description>Plasma samples will be obtained for measuring levels of different ABeta fragments such as ABeta 1-37, ABeta 1-38, ABeta 1-40, ABeta 1-42. ABeta fragments of different length are produced by cleavage of the APP by beta-secretase (BACE) and the gamma-secretase complex in the different peripheral tissues, including white blood cells and can be measured in Plasma.</description>
  </secondary_outcome>
  <secondary_outcome>
    <measure>Maximum Plasma Concentration (Cmax) of JNJ-54861911</measure>
    <time_frame>Day 1 and Month 12 in treatment period 1; Every 24 weeks and 96 weeks in treatment period 2 up to end of treatment visit (until registration of JNJ-54861911 or any safety issue)</time_frame>
    <description>The Cmax is the maximum observed plasma concentration.</description>
  </secondary_outcome>
  <secondary_outcome>
    <measure>Area Under the Plasma/CSF Concentration-time Curve From Time 0 to tau Hours Post Dosing (AUCtau)</measure>
    <time_frame>Day 1 and Month 12 in treatment period 1; Every 24 weeks and 96 weeks in treatment period 2 up to end of treatment visit (until registration of JNJ-54861911 or any safety issue)</time_frame>
    <description>AUCtau is the area under the plasma/CSF concentration-time curve from time 0 to the entire dosing interval. Tau is defined as the dosing interval.</description>
  </secondary_outcome>
  <secondary_outcome>
    <measure>Relationship Between Changes in CSF and Plasma ABeta Species and sAPP Fragments With Safety</measure>
    <time_frame>Day 1 up to 30 days after last dose of study drug administration</time_frame>
    <description>ABeta species and sAPP fragments in plasma and CSF will be measured. Incidence of adverse events and their timing of onset will be examined with regard to these concentrations to assess potential relationships between safety and changes in the ABeta species and sAPP fragments.</description>
  </secondary_outcome>
  <number_of_arms>5</number_of_arms>
  <enrollment type="Actual">90</enrollment>
  <condition>Alzheimer Disease</condition>
  <arm_group>
    <arm_group_label>Double-blind Treatment Phase: JNJ-54861911, 10 mg</arm_group_label>
    <arm_group_type>Experimental</arm_group_type>
    <description>Participants will continue with their current treatment regimen (10 milligram [mg] of JNJ-54861911) established in the parent study of JNJ-54861911. Participants will receive 10 milligram (mg) of JNJ-54861911 orally, once daily from Day 1 up Week 52 in the DB treatment phase.</description>
  </arm_group>
  <arm_group>
    <arm_group_label>Double-blind Treatment Phase: JNJ-54861911, 25 mg</arm_group_label>
    <arm_group_type>Experimental</arm_group_type>
    <description>Participants will continue with their current treatment regimen (25 mg of JNJ-54861911) established in the parent study of JNJ-54861911. Participants will receive 25 mg of JNJ-54861911 orally, once daily from Day 1 up Week 52 in the DB treatment phase.</description>
  </arm_group>
  <arm_group>
    <arm_group_label>Double-blind Treatment Phase: Placebo</arm_group_label>
    <arm_group_type>Placebo Comparator</arm_group_type>
    <description>Participants will continue with their current treatment regimen established in the parent study of JNJ-54861911. Participants will receive placebo matching to JNJ-54861911 orally, once daily from Day 1 up Week 52 in the DB treatment phase.</description>
  </arm_group>
  <arm_group>
    <arm_group_label>Open-label Phase: JNJ-54861911, 5 mg</arm_group_label>
    <arm_group_type>Active Comparator</arm_group_type>
    <description>Participants who were receiving JNJ-54861911, 10 mg and placebo in the DB treatment phase, will receive the 5 mg JNJ-54861911 once daily up to end of treatment visit (until registration of JNJ-54861911 or any safety issue) in Open-label phase.</description>
  </arm_group>
  <arm_group>
    <arm_group_label>Open-label Phase: JNJ-54861911, 25 mg</arm_group_label>
    <arm_group_type>Active Comparator</arm_group_type>
    <description>Participants who were receiving JNJ-54861911, 25 mg in the DB treatment phase, will continue to receive the same regimen in open-label treatment phase. Participants who were receiving placebo in the DB treatment phase will be randomly assigned to receive 25 mg of JNJ-54861911 once daily up to end of treatment visit (until registration of JNJ-54861911 or any safety issue) in the open-label treatment phase.</description>
  </arm_group>
  <intervention>
    <intervention_type>Drug</intervention_type>
    <intervention_name>JNJ-54861911, 10 mg</intervention_name>
    <description>Participants will self-administer JNJ-54861911 tablet, 10 mg (2*5 mg), orally, once daily.</description>
    <arm_group_label>Double-blind Treatment Phase: JNJ-54861911, 10 mg</arm_group_label>
    <arm_group_label>Open-label Phase: JNJ-54861911, 5 mg</arm_group_label>
  </intervention>
  <intervention>
    <intervention_type>Drug</intervention_type>
    <intervention_name>JNJ-54861911, 25 mg</intervention_name>
    <description>Participants will self-administer 1 tablet of JNJ-54861911, containing 25 mg orally, once daily.</description>
    <arm_group_label>Double-blind Treatment Phase: JNJ-54861911, 25 mg</arm_group_label>
    <arm_group_label>Open-label Phase: JNJ-54861911, 25 mg</arm_group_label>
  </intervention>
  <intervention>
    <intervention_type>Drug</intervention_type>
    <intervention_name>Placebo</intervention_name>
    <description>Participants will self administer placebo matching to JNJ-54861911 orally once daily.</description>
    <arm_group_label>Double-blind Treatment Phase: Placebo</arm_group_label>
  </intervention>
  <intervention>
    <intervention_type>Drug</intervention_type>
    <intervention_name>JNJ-54861911, 5 mg</intervention_name>
    <description>Participants will self-administer JNJ-54861911 tablet, 5 mg, orally, once daily.</description>
    <arm_group_label>Open-label Phase: JNJ-54861911, 5 mg</arm_group_label>
  </intervention>
  <eligibility>
    <criteria>
      <textblock>
        Inclusion Criteria:

          -  Participants in the early Alzheimer's disease (AD) spectrum at time of enrollment
             under the parent protocol and according to its inclusion and exclusion criteria, must
             have very recently completed their treatment in a Phase 1b or Phase 2 JNJ-54861911
             clinical study (example [e.g.], 54861911ALZ2002) under the parent protocol. Enrollment
             in this study should be completed (Day 1 of double-blind [DB] treatment phase) as soon
             as possible, but within 6 weeks, following completion of their treatment period under
             the parent protocol. If not defined under the parent protocol, completion of the
             treatment period is defined as having completed all study related procedures of the
             last visit of the treatment period under the parent protocol. A screening phase of up
             to 12 weeks may be allowed following written approval of the Sponsor

          -  Participant must be willing and able to adhere to the prohibitions and restrictions
             specified in this protocol

          -  Each Participants (or their legally acceptable representative and caregiver depending
             on disease state and local requirements) must sign an informed consent form (ICF)
             indicating that he or she understands the purpose of and procedures required for the
             study and are willing to participate in the study

          -  Participants must have a reliable informant (relative, partner, or friend). The
             informant must be willing to participate as a source of information and has at least
             weekly contact with the participant (contact can be in-person, via telephone or other
             audio/visual communication). The informant must have sufficient contact such that the
             Investigator feels he/she can provide meaningful information about the participant's
             daily function. If possible, an alternate informant meeting these criteria who can
             replace the primary informant should be identified prior to randomization

        Exclusion Criteria:

          -  Any condition or situation which, in the opinion of the Investigator, may put the
             participant at significant risk, may confound the study results, or may interfere
             significantly with participant's participation in the study

          -  The use of concomitant medications known to prolong the QT/QTc interval

          -  Participant has a history of moderate or severe hepatic impairment or severe renal
             insufficiency unless completely resolved for more than a year. Participant has
             clinically significant ongoing hepatic, renal, cardiac, vascular, pulmonary,
             gastrointestinal, endocrine, hematologic, rheumatologic, psychiatric or metabolic
             conditions (e.g., requiring frequent monitoring or medication adjustments or is
             otherwise unstable)
      </textblock>
    </criteria>
    <gender>All</gender>
    <minimum_age>50 Years</minimum_age>
    <maximum_age>85 Years</maximum_age>
    <healthy_volunteers>No</healthy_volunteers>
  </eligibility>
  <overall_official>
    <last_name>Janssen Research &amp; Development, LLC Clinical Trial</last_name>
    <role>Study Chair</role>
    <affiliation>Janssen Research &amp; Development, LLC</affiliation>
  </overall_official>
  <location>
    <facility>
      <address>
        <city>Gent</city>
        <country>Belgium</country>
      </address>
    </facility>
  </location>
  <location>
    <facility>
      <address>
        <city>Hoboken</city>
        <country>Belgium</country>
      </address>
    </facility>
  </location>
  <location>
    <facility>
      <address>
        <city>Montpellier Cedex 5</city>
        <country>France</country>
      </address>
    </facility>
  </location>
  <location>
    <facility>
      <address>
        <city>Paris</city>
        <country>France</country>
      </address>
    </facility>
  </location>
  <location>
    <facility>
      <address>
        <city>Toulouse</city>
        <country>France</country>
      </address>
    </facility>
  </location>
  <location>
    <facility>
      <address>
        <city>Essen</city>
        <country>Germany</country>
      </address>
    </facility>
  </location>
  <location>
    <facility>
      <address>
        <city>Homburg</city>
        <country>Germany</country>
      </address>
    </facility>
  </location>
  <location>
    <facility>
      <address>
        <city>Luebeck</city>
        <country>Germany</country>
      </address>
    </facility>
  </location>
  <location>
    <facility>
      <address>
        <city>Tübingen</city>
        <country>Germany</country>
      </address>
    </facility>
  </location>
  <location>
    <facility>
      <address>
        <city>Ulm</city>
        <country>Germany</country>
      </address>
    </facility>
  </location>
  <location>
    <facility>
      <address>
        <city>Amsterdam</city>
        <country>Netherlands</country>
      </address>
    </facility>
  </location>
  <location>
    <facility>
      <address>
        <city>Barcelona</city>
        <country>Spain</country>
      </address>
    </facility>
  </location>
  <location>
    <facility>
      <address>
        <city>Madrid</city>
        <country>Spain</country>
      </address>
    </facility>
  </location>
  <location>
    <facility>
      <address>
        <city>Terrasa Barcelona</city>
        <country>Spain</country>
      </address>
    </facility>
  </location>
  <location>
    <facility>
      <address>
        <city>Valencia</city>
        <country>Spain</country>
      </address>
    </facility>
  </location>
  <location>
    <facility>
      <address>
        <city>Mölndal</city>
        <country>Sweden</country>
      </address>
    </facility>
  </location>
  <location>
    <facility>
      <address>
        <city>Stockholm</city>
        <country>Sweden</country>
      </address>
    </facility>
  </location>
  <location_countries>
    <country>Belgium</country>
    <country>France</country>
    <country>Germany</country>
    <country>Netherlands</country>
    <country>Spain</country>
    <country>Sweden</country>
  </location_countries>
  <verification_date>August 2017</verification_date>
  <!-- Old date names will be dropped in a few months (sometime in 2018)                        -->
  <lastchanged_date>August 11, 2017</lastchanged_date>
  <firstreceived_date>March 27, 2015</firstreceived_date>
  <!-- New date names                                                                           -->
  <study_first_submitted>March 27, 2015</study_first_submitted>
  <study_first_submitted_qc>March 27, 2015</study_first_submitted_qc>
  <study_first_posted type="Estimate">April 1, 2015</study_first_posted>
  <last_update_submitted>August 11, 2017</last_update_submitted>
  <last_update_submitted_qc>August 11, 2017</last_update_submitted_qc>
  <last_update_posted type="Actual">August 14, 2017</last_update_posted>
  <!-- End of dates                                                                             -->
  <responsible_party>
    <responsible_party_type>Sponsor</responsible_party_type>
  </responsible_party>
  <keyword>Alzheimer's Disease</keyword>
  <keyword>JNJ-54861911</keyword>
  <keyword>Placebo</keyword>
  <condition_browse>
    <!-- CAUTION:  The following MeSH terms are assigned with an imperfect algorithm            -->
    <mesh_term>Alzheimer Disease</mesh_term>
  </condition_browse>
  <!-- Results have not yet been posted for this study                                          -->
</clinical_study>

