<?xml version="1.0" encoding="UTF-8"?>
<clinical_study rank="403">
  <!-- This xml conforms to an XML Schema at:
    https://clinicaltrials.gov/ct2/html/images/info/public.xsd -->
  <required_header>
    <download_date>ClinicalTrials.gov processed this data on November 07, 2017</download_date>
    <link_text>Link to the current ClinicalTrials.gov record.</link_text>
    <url>https://clinicaltrials.gov/show/NCT00456417</url>
  </required_header>
  <id_info>
    <org_study_id>MNI-187-01</org_study_id>
    <nct_id>NCT00456417</nct_id>
  </id_info>
  <brief_title>Evaluation of [123I] MNI-187 and SPECT in Patients With Alzheimers Disease in Comparison to Healthy Subjects</brief_title>
  <official_title>Evaluation of [123I] MNI-187 and SPECT as a Marker of Beta-Amyloid Protein Deposition in Subjects With Alzheimer Disease in Comparison to Healthy Subjects</official_title>
  <sponsors>
    <lead_sponsor>
      <agency>Institute for Neurodegenerative Disorders</agency>
      <agency_class>Other</agency_class>
    </lead_sponsor>
    <collaborator>
      <agency>Molecular NeuroImaging</agency>
      <agency_class>Other</agency_class>
    </collaborator>
  </sponsors>
  <source>Institute for Neurodegenerative Disorders</source>
  <oversight_info>
    <has_dmc>No</has_dmc>
  </oversight_info>
  <brief_summary>
    <textblock>
      The underlying goal of this study is to assess 123-I MNI-187 SPECT imaging as a tool to
      detect ß-amyloid deposition in the brain of AD research participants and age- and
      gender-matched healthy subjects.
    </textblock>
  </brief_summary>
  <detailed_description>
    <textblock>
      Approximately 14 patients with Alzheimer's disease (AD) and 12 healthy controls will be
      recruited to participate in this study. Healthy controls will be examined to ensure that
      there is no evidence of neurodegenerative changes including cognitive decline.

      All subjects will undergo written informed consent and a screening evaluation including
      baseline clinical laboratory testing, a baseline physical and neurological evaluation and
      baseline cognitive evaluations.

      Subjects will be asked to undergo a bolus injection of 123-I MNI-187. Subjects will undergo
      serial SPECT imaging scans and serial venous plasma sampling for measurement of 123-I MNI-187
      in plasma (both protein bound and free) over a period of up to 6 hours.

      Subjects may be asked to undergo a second imaging visit between 2 and 6 weeks following the
      initial imaging visit following similar procedures to the initial imaging visit to evaluate
      the reproducibility of the imaging measure using this procedure. The imaging analyses will be
      performed by an image-processing specialist who will remain masked to the procedures employed
      with each imaging acquisition.

      The primary imaging outcome measure will be the brain regional distribution volumes expressed
      as a brain tissue to plasma ratio of the radioligand, 123-I MNI-187. Time to the peak uptake
      and amplitude of the peak uptake will be evaluated for all brain regions and the results for
      the AD patients and controls will be compared.

      For those subjects undergoing repeat imaging visits, the data from the initial scan will be
      compared to the second scan to determine which offers the reproducibility of the imaging
      outcome measure.
    </textblock>
  </detailed_description>
  <overall_status>Completed</overall_status>
  <start_date>April 2007</start_date>
  <primary_completion_date type="Actual">December 2007</primary_completion_date>
  <phase>Phase 1</phase>
  <study_type>Interventional</study_type>
  <has_expanded_access>Yes</has_expanded_access>
  <study_design_info>
    <allocation>Non-Randomized</allocation>
    <intervention_model>Single Group Assignment</intervention_model>
    <primary_purpose>Diagnostic</primary_purpose>
    <masking>None (Open Label)</masking>
  </study_design_info>
  <primary_outcome>
    <measure>To assess the dynamic uptake and washout of 123-I MNI-187</measure>
  </primary_outcome>
  <secondary_outcome>
    <measure>Blood metabolite characterization of 123-I MNI-187 in healthy and AD subjects to determine the metabolic fate and nature of metabolites; Evaluate the test/retest reproducibility of 123-I MNI-187 and SPECT in AD subjects and healthy controls</measure>
    <time_frame>1 yr</time_frame>
  </secondary_outcome>
  <enrollment type="Anticipated">30</enrollment>
  <condition>Alzheimers Disease</condition>
  <intervention>
    <intervention_type>Procedure</intervention_type>
    <intervention_name>123-I MNI-187 Injection and Imaging Procedures</intervention_name>
  </intervention>
  <eligibility>
    <criteria>
      <textblock>
        Inclusion Criteria:

          -  The participant is 50 years or older.

          -  Written informed consent is obtained.

          -  Participants have a clinical diagnosis of Alzheimer's disease based on National
             Institute of Neurological and Communicative Disorders and Stroke/Alzheimer's Disease
             and Related Disorders Association (NINCDS/ADRDA) criteria.

          -  Mini-Mental Status Exam score &gt;16 and &lt; 25.

          -  Modified Hachinski Ischemia Scale score of ≤ 4.

          -  Geriatric Depression Scales (GDS) ≤ 10.

          -  For females, non-child bearing potential or negative urine or blood pregnancy test on
             day of 123-I MNI-187 injection.

        Exclusion Criteria:

          -  The subject has signs or symptoms of another neurodegenerative disease including
             Parkinson's disease, diffuse Lewy body dementia, or history of significant
             cerebrovascular disease.

          -  The subject has a clinically significant abnormal laboratory value and/or clinically
             significant unstable medical or psychiatric illness

          -  The subject has any disorder that may interfere with drug absorption distribution,
             metabolism, or excretion (including gastrointestinal surgery).

          -  The subject has evidence of clinically significant gastrointestinal, cardiovascular,
             hepatic, renal, hematological, neoplastic, endocrine, neurological, immunodeficiency,
             pulmonary, or other disorder or disease.

          -  Pregnancy
      </textblock>
    </criteria>
    <gender>All</gender>
    <minimum_age>50 Years</minimum_age>
    <maximum_age>N/A</maximum_age>
    <healthy_volunteers>Accepts Healthy Volunteers</healthy_volunteers>
  </eligibility>
  <overall_official>
    <last_name>Danna Jennings, MD</last_name>
    <role>Principal Investigator</role>
    <affiliation>Institute for Neurodegenerative Disorders</affiliation>
  </overall_official>
  <location>
    <facility>
      <name>Institute for Neurodegenerative Disorders</name>
      <address>
        <city>New Haven</city>
        <state>Connecticut</state>
        <zip>06510</zip>
        <country>United States</country>
      </address>
    </facility>
  </location>
  <location_countries>
    <country>United States</country>
  </location_countries>
  <verification_date>January 2008</verification_date>
  <!-- Old date names will be dropped in a few months (sometime in 2018)                        -->
  <lastchanged_date>January 17, 2008</lastchanged_date>
  <firstreceived_date>April 3, 2007</firstreceived_date>
  <!-- New date names                                                                           -->
  <study_first_submitted>April 3, 2007</study_first_submitted>
  <study_first_submitted_qc>April 3, 2007</study_first_submitted_qc>
  <study_first_posted type="Estimate">April 5, 2007</study_first_posted>
  <last_update_submitted>January 17, 2008</last_update_submitted>
  <last_update_submitted_qc>January 17, 2008</last_update_submitted_qc>
  <last_update_posted type="Estimate">January 18, 2008</last_update_posted>
  <!-- End of dates                                                                             -->
  <keyword>Neurological</keyword>
  <keyword>Alzheimers</keyword>
  <condition_browse>
    <!-- CAUTION:  The following MeSH terms are assigned with an imperfect algorithm            -->
    <mesh_term>Alzheimer Disease</mesh_term>
  </condition_browse>
  <!-- Results have not yet been posted for this study                                          -->
</clinical_study>

