<?xml version="1.0" encoding="UTF-8"?>
<clinical_study rank="301">
  <!-- This xml conforms to an XML Schema at:
    https://clinicaltrials.gov/ct2/html/images/info/public.xsd -->
  <required_header>
    <download_date>ClinicalTrials.gov processed this data on November 07, 2017</download_date>
    <link_text>Link to the current ClinicalTrials.gov record.</link_text>
    <url>https://clinicaltrials.gov/show/NCT01428362</url>
  </required_header>
  <id_info>
    <org_study_id>AD-201</org_study_id>
    <nct_id>NCT01428362</nct_id>
  </id_info>
  <brief_title>VI-1121 for the Treatment Alzheimer's Disease</brief_title>
  <acronym>AD-201</acronym>
  <official_title>A Randomized, Placebo-Controlled, Double-Blind, Crossover Study to Evaluate the Safety, Tolerability and Efficacy of VI-1121 in Subjects With Alzheimer's Disease</official_title>
  <sponsors>
    <lead_sponsor>
      <agency>VIVUS, Inc.</agency>
      <agency_class>Industry</agency_class>
    </lead_sponsor>
    <collaborator>
      <agency>Medpace, Inc.</agency>
      <agency_class>Industry</agency_class>
    </collaborator>
  </sponsors>
  <source>VIVUS, Inc.</source>
  <oversight_info>
    <has_dmc>No</has_dmc>
  </oversight_info>
  <brief_summary>
    <textblock>
      The purpose of this study is to determine whether VI-1121 is safe, well tolerated, and
      effective as a daily treatment for Alzheimer's disease that is worsening despite current
      treatment.
    </textblock>
  </brief_summary>
  <overall_status>Completed</overall_status>
  <start_date>August 2011</start_date>
  <completion_date type="Actual">August 2013</completion_date>
  <primary_completion_date type="Actual">August 2013</primary_completion_date>
  <phase>Phase 2</phase>
  <study_type>Interventional</study_type>
  <has_expanded_access>No</has_expanded_access>
  <study_design_info>
    <allocation>Randomized</allocation>
    <intervention_model>Crossover Assignment</intervention_model>
    <primary_purpose>Treatment</primary_purpose>
    <masking>Quadruple (Participant, Care Provider, Investigator, Outcomes Assessor)</masking>
  </study_design_info>
  <primary_outcome>
    <measure>The primary efficacy variable is the change in Alzheimer's Disease Assessment-Cognitive Subscale (ADAS-Cog) score from baseline to Week 12 of each treatment period.</measure>
    <time_frame>12 weeks</time_frame>
  </primary_outcome>
  <secondary_outcome>
    <measure>The secondary efficacy endpoint is the mean change in Mini-Mental State Examination (MMSE) score from baseline to Week 12 of each treatment period.</measure>
    <time_frame>12 weeks</time_frame>
  </secondary_outcome>
  <secondary_outcome>
    <measure>Percentage of subjects who achieve 3-point improvement in ADAS-Cog score from baseline to Week 12 of each treatment period.</measure>
    <time_frame>12 Weeks</time_frame>
  </secondary_outcome>
  <secondary_outcome>
    <measure>Change in Clinician's Interview Based Impression of Change Plus Caregiver's Input (CIBIC-plus) score from baseline to Week 12 of each treatment period</measure>
    <time_frame>12 Weeks</time_frame>
  </secondary_outcome>
  <secondary_outcome>
    <measure>Mean change in Alzheimer's Disease Cooperative Study-Activities of Daily Living (ADCS-ADL) score from baseline to Weeks 4, 8, and 12 of each treatment period</measure>
    <time_frame>4, 8, and 12 Weeks</time_frame>
  </secondary_outcome>
  <number_of_arms>2</number_of_arms>
  <enrollment type="Actual">61</enrollment>
  <condition>Alzheimer's Disease</condition>
  <arm_group>
    <arm_group_label>Placebo/VI-1121</arm_group_label>
    <arm_group_type>Experimental</arm_group_type>
    <description>Subjects received placebo during first treatment period and active treatment with VI-1121 during the second treatment period.</description>
  </arm_group>
  <arm_group>
    <arm_group_label>VI-1121/Placebo</arm_group_label>
    <arm_group_type>Experimental</arm_group_type>
    <description>Subjects received active treatment with VI-1121 during the first treatment period and placebo during the second treatment period.</description>
  </arm_group>
  <intervention>
    <intervention_type>Drug</intervention_type>
    <intervention_name>VI-1121</intervention_name>
    <arm_group_label>Placebo/VI-1121</arm_group_label>
    <arm_group_label>VI-1121/Placebo</arm_group_label>
  </intervention>
  <intervention>
    <intervention_type>Drug</intervention_type>
    <intervention_name>Placebo</intervention_name>
    <arm_group_label>Placebo/VI-1121</arm_group_label>
    <arm_group_label>VI-1121/Placebo</arm_group_label>
  </intervention>
  <eligibility>
    <criteria>
      <textblock>
        Inclusion Criteria:

          -  clinical diagnosis of Alzheimer's disease

          -  CT or MRI within 2 years prior to study

          -  stable dose of current Alzheimer's treatment for at least 3 months

        Exclusion Criteria:

          -  advanced, severe, progressive or unstable disease

          -  history of cerebrovascular disease or myocardial infarction within 6 months
      </textblock>
    </criteria>
    <gender>All</gender>
    <minimum_age>60 Years</minimum_age>
    <maximum_age>85 Years</maximum_age>
    <healthy_volunteers>No</healthy_volunteers>
  </eligibility>
  <location>
    <facility>
      <address>
        <city>San Francisco</city>
        <state>California</state>
        <zip>94109</zip>
        <country>United States</country>
      </address>
    </facility>
  </location>
  <location>
    <facility>
      <address>
        <city>Santa Monica</city>
        <state>California</state>
        <zip>90404</zip>
        <country>United States</country>
      </address>
    </facility>
  </location>
  <location>
    <facility>
      <address>
        <city>Sunrise</city>
        <state>Florida</state>
        <zip>33351</zip>
        <country>United States</country>
      </address>
    </facility>
  </location>
  <location>
    <facility>
      <address>
        <city>Louisville</city>
        <state>Kentucky</state>
        <zip>40217</zip>
        <country>United States</country>
      </address>
    </facility>
  </location>
  <location>
    <facility>
      <address>
        <city>Las Vegas</city>
        <state>Nevada</state>
        <zip>89113</zip>
        <country>United States</country>
      </address>
    </facility>
  </location>
  <location>
    <facility>
      <address>
        <city>Toms River</city>
        <state>New Jersey</state>
        <zip>08755</zip>
        <country>United States</country>
      </address>
    </facility>
  </location>
  <location>
    <facility>
      <address>
        <city>New Windsor</city>
        <state>New York</state>
        <zip>12553</zip>
        <country>United States</country>
      </address>
    </facility>
  </location>
  <location>
    <facility>
      <address>
        <city>Durham</city>
        <state>North Carolina</state>
        <zip>27710</zip>
        <country>United States</country>
      </address>
    </facility>
  </location>
  <location>
    <facility>
      <address>
        <city>Raleigh</city>
        <state>North Carolina</state>
        <zip>27612</zip>
        <country>United States</country>
      </address>
    </facility>
  </location>
  <location>
    <facility>
      <address>
        <city>Toledo</city>
        <state>Ohio</state>
        <zip>43623</zip>
        <country>United States</country>
      </address>
    </facility>
  </location>
  <location>
    <facility>
      <address>
        <city>Plano</city>
        <state>Texas</state>
        <zip>75075</zip>
        <country>United States</country>
      </address>
    </facility>
  </location>
  <location_countries>
    <country>United States</country>
  </location_countries>
  <verification_date>November 2013</verification_date>
  <!-- Old date names will be dropped in a few months (sometime in 2018)                        -->
  <lastchanged_date>November 15, 2013</lastchanged_date>
  <firstreceived_date>August 31, 2011</firstreceived_date>
  <firstreceived_results_disposition_date>October 23, 2013</firstreceived_results_disposition_date>
  <!-- New date names                                                                           -->
  <study_first_submitted>August 31, 2011</study_first_submitted>
  <study_first_submitted_qc>August 31, 2011</study_first_submitted_qc>
  <study_first_posted type="Estimate">September 5, 2011</study_first_posted>
  <disposition_first_submitted>October 23, 2013</disposition_first_submitted>
  <disposition_first_submitted_qc>October 23, 2013</disposition_first_submitted_qc>
  <disposition_first_posted type="Estimate">November 15, 2013</disposition_first_posted>
  <last_update_submitted>November 15, 2013</last_update_submitted>
  <last_update_submitted_qc>November 15, 2013</last_update_submitted_qc>
  <last_update_posted type="Estimate">December 11, 2013</last_update_posted>
  <!-- End of dates                                                                             -->
  <responsible_party>
    <responsible_party_type>Sponsor</responsible_party_type>
  </responsible_party>
  <keyword>donepezil</keyword>
  <keyword>VI-1121</keyword>
  <condition_browse>
    <!-- CAUTION:  The following MeSH terms are assigned with an imperfect algorithm            -->
    <mesh_term>Alzheimer Disease</mesh_term>
  </condition_browse>
  <!-- Results have not yet been posted, but a results disposition has been submitted           -->
</clinical_study>

