<?xml version="1.0" encoding="UTF-8"?>
<clinical_study rank="356">
  <!-- This xml conforms to an XML Schema at:
    https://clinicaltrials.gov/ct2/html/images/info/public.xsd -->
  <required_header>
    <download_date>ClinicalTrials.gov processed this data on November 07, 2017</download_date>
    <link_text>Link to the current ClinicalTrials.gov record.</link_text>
    <url>https://clinicaltrials.gov/show/NCT01864655</url>
  </required_header>
  <id_info>
    <org_study_id>1UH2TR000967-01</org_study_id>
    <secondary_id>1UH2TR000967-01</secondary_id>
    <nct_id>NCT01864655</nct_id>
  </id_info>
  <brief_title>Safety and Tolerability of AZD0530 (Saracatinib) in Alzheimer's Disease</brief_title>
  <official_title>A Phase Ib Multiple Ascending Dose Study of the Safety, Tolerability, and CNS Availability of AZD0530 in Alzheimer's Disease</official_title>
  <sponsors>
    <lead_sponsor>
      <agency>Stephen M. Strittmatter</agency>
      <agency_class>Other</agency_class>
    </lead_sponsor>
  </sponsors>
  <source>Yale University</source>
  <oversight_info>
    <has_dmc>Yes</has_dmc>
  </oversight_info>
  <brief_summary>
    <textblock>
      Alzheimer's disease is a devastating neurodegenerative disorder, for which there is currently
      no effective treatment to slow or halt progression. Beta amyloid peptide accumulates in the
      brains of those with Alzheimer's, and is thought to play a major role in triggering the
      dementia. The investigators recently characterized a molecular pathway by which ß-amyloid
      damages neurons, and showed that the protein termed Fyn kinase is crucial. Our data suggest
      that blocking Fyn will have a significant therapeutic benefit for Alzheimer's. Astra Zeneca
      has developed a blocker of Fyn and related kinases (AZD0530) for the treatment of cancer.
      Chronic AZD0530 administration is well tolerated in humans, and the investigators propose to
      test its potential as a novel Alzheimer's disease modifying therapy. This study will assess
      the safety and tolerability of AZD0530 in patients with Alzheimer's disease.
    </textblock>
  </brief_summary>
  <overall_status>Completed</overall_status>
  <start_date>July 2013</start_date>
  <primary_completion_date type="Actual">March 2014</primary_completion_date>
  <phase>Phase 1</phase>
  <study_type>Interventional</study_type>
  <has_expanded_access>No</has_expanded_access>
  <study_design_info>
    <allocation>Randomized</allocation>
    <intervention_model>Single Group Assignment</intervention_model>
    <primary_purpose>Treatment</primary_purpose>
    <masking>Quadruple (Participant, Care Provider, Investigator, Outcomes Assessor)</masking>
  </study_design_info>
  <primary_outcome>
    <measure>Number of Participants with Adverse Events on AZD0530</measure>
    <time_frame>up to 4 weeks</time_frame>
    <description>Patients will be followed closely for any adverse events. These include laboratory measurements, such as complete blood cell counts, basic metabolic panel, including renal function and electrolyte levels, coagulations factors, and liver function tests. These measures will be assessed weekly. Patients will have cognitive testing weekly, to ensure the absence of a prominent decline in function while on study drug. General daily function will be assessed, and any clinical symptoms, such as dizziness, headache or other symptoms will be addressed. All measures will be compared to baseline testing before drug therapy is started.</description>
  </primary_outcome>
  <primary_outcome>
    <measure>CNS availability of AZD0530 after oral dosing</measure>
    <time_frame>4 weeks</time_frame>
    <description>Cerebrospinal fluid will be obtained at the end of the study to measure drug level. CSF will be obtained by a lumbar puncture.</description>
  </primary_outcome>
  <secondary_outcome>
    <measure>Effects of AZD0530 on cognitive function in patients with Alzheimer's disease</measure>
    <time_frame>4 weeks</time_frame>
    <description>Study participants will undergo a standard cognitive battery, including the Alzheimer's Disease Assessment Scale — cognitive subscale (ADAS-cog), Alzheimer's Disease Cooperative Study - Activities of Daily living Inventory (ADCS-ADL), Clinical Dementia Rating - Sum of Boxes (CDR-SOB), Neuropsychiatric Inventory (NPI), and Mini-Mental State Examination (MMSE) at baseline, and at the conclusion of the study. Standard scores from the baseline test battery will be compared to the results at the end of the study to assess any change as a consequence of drug therapy.</description>
  </secondary_outcome>
  <secondary_outcome>
    <measure>Effect of AZD0530 on brain glucose metabolism in patients with Alzheimer's disease</measure>
    <time_frame>4 weeks</time_frame>
    <description>A brain FDG-PET scan will be obtained at baseline, and again at the end of the study. Brain glucose metabolism will be assessed quantitatively, and the baseline pre-drug scan will be compared to the scan obtained after 4 weeks of drug/placebo therapy.</description>
  </secondary_outcome>
  <number_of_arms>4</number_of_arms>
  <enrollment type="Actual">24</enrollment>
  <condition>Alzheimer's Disease</condition>
  <arm_group>
    <arm_group_label>Saracatinib group 1</arm_group_label>
    <arm_group_type>Experimental</arm_group_type>
    <description>This group will receive AZD0530 (saracatinib) experimental oral drug , once daily, for a duration of 4 weeks. Dosage is 50mg per day.</description>
  </arm_group>
  <arm_group>
    <arm_group_label>Saracatinib group 2</arm_group_label>
    <arm_group_type>Experimental</arm_group_type>
    <description>Group 2 will receive saracatinib at a daily oral dose determined by the response to 50mg P.O. daily. Duration is 4 weeks.</description>
  </arm_group>
  <arm_group>
    <arm_group_label>Saracatinib group 3</arm_group_label>
    <arm_group_type>Experimental</arm_group_type>
    <description>Group 3 will receive saracatinib at a dose determined by the response to 50mg P.O. daily, as well as dose given to group 2. Duration is 4 weeks.</description>
  </arm_group>
  <arm_group>
    <arm_group_label>Placebo group 1-3</arm_group_label>
    <arm_group_type>Placebo Comparator</arm_group_type>
    <description>Subjects receiving saracatinib in groups 1-3 will be compared to subjects receiving daily, oral, placebo drug.</description>
  </arm_group>
  <intervention>
    <intervention_type>Drug</intervention_type>
    <intervention_name>saracatinib</intervention_name>
    <description>oral drug given to experimental group</description>
    <arm_group_label>Saracatinib group 1</arm_group_label>
    <arm_group_label>Saracatinib group 2</arm_group_label>
    <arm_group_label>Saracatinib group 3</arm_group_label>
    <other_name>AZD0530</other_name>
  </intervention>
  <intervention>
    <intervention_type>Drug</intervention_type>
    <intervention_name>Placebo</intervention_name>
    <description>Placebo given to placebo group</description>
    <arm_group_label>Placebo group 1-3</arm_group_label>
  </intervention>
  <eligibility>
    <criteria>
      <textblock>
        Inclusion Criteria:

        1. NIA-Alzheimer's Association core clinical criteria for probable AD 2. Age between 50-90
        (inclusive). 3. MMSE score between 16 and 26 (inclusive) 4. Clinical Dementia Rating = 0.5,
        1.0, or 2 5. Stability of permitted medications for 4 weeks. In particular, subjects may:

          1. Take stable doses of antidepressants (if they are not currently depressed or do not
             have a history of major depression within the past 1 year).

          2. Washout from psychoactive medication for at least 4 weeks prior to screening.

          3. Cholinesterase inhibitors are allowable if stable for 12 weeks prior to screen. 6.
             Geriatric Depression Scale less than 6. 7. Study partner is available who has frequent
             contact with the subject (e.g. an average of 8 hours per week or more), and can
             accompany the subject to all clinic visits for the duration of the protocol.

             8. Visual and auditory acuity adequate for neuropsychological testing. 9. Good general
             health with no diseases expected to interfere with the study. 10. Subject is not
             pregnant, lactating, or of childbearing potential (i.e. women must be two years
             post-menopausal or surgically sterile).

             11. Modified Hachinski less than or equal to 4. 12. Completed six grades of education
             or has a good work history (sufficient to exclude mental retardation).

             13. Must speak English or Spanish fluently.

             Exclusion Criteria:

               1. Any significant neurologic disease other than AD, such as Parkinson's disease,
                  multi-infarct dementia, Huntington's disease, normal pressure hydrocephalus,
                  brain tumor, progressive supranuclear palsy, seizure disorder, subdural hematoma,
                  multiple sclerosis, or history of significant head trauma followed by persistent
                  neurologic defaults or known structural brain abnormalities

               2. Screening/baseline MRI scan with evidence of infection, infarction, or other
                  focal lesions. Subjects with multiple lacunes or lacunes in a critical memory
                  structure are excluded.

               3. Subjects that have any contraindications for MRI studies, including
                  claustrophobia, the presence of metal (ferromagnetic) implants, or cardiac
                  pacemaker will be excluded from the study.

               4. Major depression, bipolar disorder as described in DSM-IV within the past 1 year.
                  Psychotic features, agitation or behavioral problems within 3 months, which could
                  lead to difficulty complying with the protocol.

               5. History of schizophrenia (DSM IV criteria).

               6. History of alcohol or substance abuse or dependence within the past 2 years (DSM
                  IV criteria).

               7. Any significant systemic illness or unstable medical condition, which could lead
                  to difficulty complying with the protocol.

               8. Clinically significant abnormalities in B12 or TFTs that might interfere with the
                  study.

               9. Residence in skilled nursing facility.

              10. Current use (within 30 days of screening) of specific psychoactive medications
                  (e.g., typical neuroleptics, narcotic analgesics, antiparkinsonian medications,
                  systemic corticosteroids, or medications with significant central anticholinergic
                  activity, etc.). Current use of warfarin.

              11. Investigational amyloid lowering therapies are prohibited two months prior to
                  screening and for the duration of the trial. Other investigational agents are
                  prohibited one month prior to screening and for the duration of the trial.

              12. Current or recent participation in any procedures involving radioactive agents,
                  including current, past, or anticipated exposure to radiation in the workplace,
                  such that the total radiation dose exposure to the subject in a given year would
                  exceed the limits of annual and total dose commitment set forth in the US Code of
                  Federal Regulations (CFR) Title 21 Section 361.1. This guideline is an effective
                  dose of 5 rem received per year.

             7. Clinically significant or unstable medical condition, including uncontrolled
             hypertension, uncontrolled diabetes, or significant cardiac, pulmonary, renal,
             hepatic, endocrine, or other systemic disease in the opinion of the Investigator, may
             either put the patient at risk because of participation in the study, or influence the
             results, or the patient's ability to participate in the study.

             8. Clinically significant abnormalities in B12 or TFTs that might interfere with the
             study.

             9. Residence in skilled nursing facility. 10. Current use (within 30 days of
             screening) of specific psychoactive medications (e.g., typical neuroleptics, narcotic
             analgesics, antiparkinsonian medications, systemic corticosteroids, or medications
             with significant central anticholinergic activity, etc.). Current use of warfarin.

             11. Investigational amyloid lowering therapies are prohibited two months prior to
             screening and for the duration of the trial. Other investigational agents are
             prohibited one month prior to screening and for the duration of the trial.

             12. Current or recent participation in any procedures involving radioactive agents,
             including current, past, or anticipated exposure to radiation in the workplace, such
             that the total radiation dose exposure to the subject in a given year would exceed the
             limits of annual and total dose commitment set forth in the US Code of Federal
             Regulations (CFR) Title 21 Section 361.1. This guideline is an effective dose of 5 rem
             received per year.

             13. Current use (within 30 days of screening and throughout the protocol including the
             2 week follow-up period) of the following medications: a) strong CYP3A4 inhibitors
             including: atazanavir, indinavir, ritonavir, saquinavir, nelfinavir, ketoconazole,
             itraconazole, clarithromycin, telithromycin, and nefazodone; b) strong CYP3A4
             including: rifampicin, phenytoin, phenobarbital, and carbamazepine; c) certain CYP3A4
             substrates including colchicine, cyclosporine, disopyramide, fluticasone, quinidine,
             vinblastine, vincristine. Patients taking sildenafil, tadalafil, and vardenafil will
             be advised to stop taking these medications for the duration of the trial.

             14. Neutropenia defined as absolute neutrophils count of &lt;1,500/microliter. 15.
             Thrombocytopenia defined as platelet count &lt;100x103/microliter. 16. Current blood
             clotting or bleeding disorder, or significantly abnormal PT or PTT at screening.

             17. Clinically significant abnormalities in screening laboratories, including
             Aspartate aminotransferase (AST) &gt;1.5 times ULN; Alanine aminotransferase (ALT) &gt; 1.5
             times ULN; Total bilirubin &gt;1.5 times ULN; Serum creatinine &gt;2.0 times ULN.

             18. History of interstitial lung disease.
      </textblock>
    </criteria>
    <gender>All</gender>
    <minimum_age>50 Years</minimum_age>
    <maximum_age>90 Years</maximum_age>
    <healthy_volunteers>No</healthy_volunteers>
  </eligibility>
  <overall_official>
    <last_name>Haakon B Nygaard, MD, PhD</last_name>
    <role>Principal Investigator</role>
    <affiliation>Yale University</affiliation>
  </overall_official>
  <overall_official>
    <last_name>Christopher van Dyck, MD</last_name>
    <role>Principal Investigator</role>
    <affiliation>Yale University</affiliation>
  </overall_official>
  <overall_official>
    <last_name>Stephen M Strittmatter, MD, PhD</last_name>
    <role>Principal Investigator</role>
    <affiliation>Yale University</affiliation>
  </overall_official>
  <location>
    <facility>
      <name>Yale Alzheimer's Disease Research Unit</name>
      <address>
        <city>New Haven</city>
        <state>Connecticut</state>
        <zip>06510</zip>
        <country>United States</country>
      </address>
    </facility>
  </location>
  <location_countries>
    <country>United States</country>
  </location_countries>
  <verification_date>June 2014</verification_date>
  <!-- Old date names will be dropped in a few months (sometime in 2018)                        -->
  <lastchanged_date>June 12, 2014</lastchanged_date>
  <firstreceived_date>May 8, 2013</firstreceived_date>
  <!-- New date names                                                                           -->
  <study_first_submitted>May 8, 2013</study_first_submitted>
  <study_first_submitted_qc>May 28, 2013</study_first_submitted_qc>
  <study_first_posted type="Estimate">May 29, 2013</study_first_posted>
  <last_update_submitted>June 12, 2014</last_update_submitted>
  <last_update_submitted_qc>June 12, 2014</last_update_submitted_qc>
  <last_update_posted type="Estimate">June 13, 2014</last_update_posted>
  <!-- End of dates                                                                             -->
  <responsible_party>
    <responsible_party_type>Sponsor-Investigator</responsible_party_type>
    <investigator_affiliation>Yale University</investigator_affiliation>
    <investigator_full_name>Stephen M. Strittmatter</investigator_full_name>
    <investigator_title>Professor of Neurology and Neurobiology</investigator_title>
  </responsible_party>
  <condition_browse>
    <!-- CAUTION:  The following MeSH terms are assigned with an imperfect algorithm            -->
    <mesh_term>Alzheimer Disease</mesh_term>
  </condition_browse>
  <intervention_browse>
    <!-- CAUTION:  The following MeSH terms are assigned with an imperfect algorithm            -->
    <mesh_term>Saracatinib</mesh_term>
  </intervention_browse>
  <!-- Results have not yet been posted for this study                                          -->
</clinical_study>

