<?xml version="1.0" encoding="UTF-8"?>
<clinical_study rank="382">
  <!-- This xml conforms to an XML Schema at:
    https://clinicaltrials.gov/ct2/html/images/info/public.xsd -->
  <required_header>
    <download_date>ClinicalTrials.gov processed this data on November 07, 2017</download_date>
    <link_text>Link to the current ClinicalTrials.gov record.</link_text>
    <url>https://clinicaltrials.gov/show/NCT01565291</url>
  </required_header>
  <id_info>
    <org_study_id>18F-AV-45-A01</org_study_id>
    <nct_id>NCT01565291</nct_id>
  </id_info>
  <brief_title>A Preliminary Study of 18F-AV-45 in Alzheimer's Disease and Healthy Elderly Volunteers</brief_title>
  <official_title>A Preliminary Evaluation of the Amyloid Binding Properties, Pharmacokinetics and Safety of 18F-AV-45 in Healthy Elderly Volunteers and Patients With Alzheimer's Disease</official_title>
  <sponsors>
    <lead_sponsor>
      <agency>Avid Radiopharmaceuticals</agency>
      <agency_class>Industry</agency_class>
    </lead_sponsor>
  </sponsors>
  <source>Avid Radiopharmaceuticals</source>
  <oversight_info>
    <has_dmc>No</has_dmc>
  </oversight_info>
  <brief_summary>
    <textblock>
      A preliminary study to test how florbetapir F 18 (18F-AV-45) acts in the brains and bodies of
      healthy elderly people and patients with Alzheimer's Disease (AD) by using a positron
      emission tomography (PET) scanner.
    </textblock>
  </brief_summary>
  <overall_status>Completed</overall_status>
  <start_date>June 2007</start_date>
  <completion_date type="Actual">January 2008</completion_date>
  <primary_completion_date type="Actual">January 2008</primary_completion_date>
  <phase>Early Phase 1</phase>
  <study_type>Interventional</study_type>
  <has_expanded_access>No</has_expanded_access>
  <study_design_info>
    <allocation>Non-Randomized</allocation>
    <intervention_model>Parallel Assignment</intervention_model>
    <primary_purpose>Diagnostic</primary_purpose>
    <masking>None (Open Label)</masking>
  </study_design_info>
  <primary_outcome>
    <measure>Mean Cortical to Cerebellum SUVR</measure>
    <time_frame>50-60 min after injection</time_frame>
    <description>Standardized Uptake Value ratio (SUVR) is the ratio of tracer uptake in predefined cortical regions, relative to uptake in the cerebellum gray matter. Total scan length was 200 min.</description>
  </primary_outcome>
  <secondary_outcome>
    <measure>Precuneus to Cerebellum SUVR</measure>
    <time_frame>50-60 min after injection</time_frame>
    <description>Ratio of uptake in the precuneus to uptake in the cerebellum.</description>
  </secondary_outcome>
  <number_of_arms>2</number_of_arms>
  <enrollment type="Actual">32</enrollment>
  <condition>Alzheimer Disease</condition>
  <arm_group>
    <arm_group_label>Subjects With AD</arm_group_label>
    <arm_group_type>Experimental</arm_group_type>
    <description>Probable AD, National Institute of Neurological and Communicative Disorders and Stroke-Alzheimer's Disease and Related Disorders Association (NINCDS-ADRDA) criteria, with mild/moderate dementia (Mini-Mental State Examination (MMSE) from 10 to 24)</description>
  </arm_group>
  <arm_group>
    <arm_group_label>Healthy Elderly Subjects</arm_group_label>
    <arm_group_type>Experimental</arm_group_type>
    <description>Cognitively normal with MMSE of 29 or higher; age 50 years or older</description>
  </arm_group>
  <intervention>
    <intervention_type>Drug</intervention_type>
    <intervention_name>florbetapir F 18</intervention_name>
    <description>IV injection, 370MBq (10mCi), single dose</description>
    <arm_group_label>Subjects With AD</arm_group_label>
    <arm_group_label>Healthy Elderly Subjects</arm_group_label>
    <other_name>18F-AV-45</other_name>
    <other_name>Amyvid</other_name>
    <other_name>florbetapir</other_name>
  </intervention>
  <eligibility>
    <criteria>
      <textblock>
        Inclusion Criteria (AD group):

          -  Probable AD according to the National Institute of Neurological and Communication
             Disorders and Stroke-Alzheimer's Disease and Related Disorders Association
             (NINCDS-ADRDA) criteria

          -  Mild/moderate dementia as evidenced by a mini mental state exam (MMSE) score ranging
             from 10 to 24, boundaries included, at screening

          -  History of cognitive decline had been gradual in onset and progressive over a period
             of at least 6 months

        Inclusion Criteria (healthy volunteer group):

          -  No evidence of significant cognitive impairment by history and psychometric testing

          -  MMSE of 29 or higher

        Exclusion Criteria (both groups):

          -  Neurodegenerative disorders other than AD

          -  Cognitive impairment resulting from trauma, hypoxic damage, vitamin deficiency, brain
             infection, brain cancer, endocrine disease, or mental retardation

          -  Clinically significant infarct or possible multi-infarct dementia as defined by the
             NINCDS criteria

          -  Evidence on screening MRI or other biomarker that suggests alternate etiology for
             cognitive deficit (for healthy controls, evidence suggesting the presence of AD
             pathology)

          -  Clinically significant psychiatric disease

          -  History of epilepsy or convulsions

          -  Clinically significant hepatic, renal, pulmonary, metabolic, or endocrine disturbances

          -  Current clinically significant cardiovascular disease

          -  Received investigational medication within the last 30 days
      </textblock>
    </criteria>
    <gender>All</gender>
    <minimum_age>50 Years</minimum_age>
    <maximum_age>N/A</maximum_age>
    <healthy_volunteers>Accepts Healthy Volunteers</healthy_volunteers>
  </eligibility>
  <overall_official>
    <last_name>Chief Medical Officer</last_name>
    <role>Study Director</role>
    <affiliation>Avid Radiopharmaceuticals</affiliation>
  </overall_official>
  <location>
    <facility>
      <name>Research Site</name>
      <address>
        <city>Baltimore</city>
        <state>Maryland</state>
        <zip>21287</zip>
        <country>United States</country>
      </address>
    </facility>
  </location>
  <location>
    <facility>
      <name>Research Site</name>
      <address>
        <city>North East</city>
        <state>Maryland</state>
        <zip>21901</zip>
        <country>United States</country>
      </address>
    </facility>
  </location>
  <location>
    <facility>
      <name>Research Site</name>
      <address>
        <city>Long Branch</city>
        <state>New Jersey</state>
        <zip>07740</zip>
        <country>United States</country>
      </address>
    </facility>
  </location>
  <location_countries>
    <country>United States</country>
  </location_countries>
  <results_reference>
    <citation>Wong DF, Rosenberg PB, Zhou Y, Kumar A, Raymont V, Ravert HT, Dannals RF, Nandi A, Brasić JR, Ye W, Hilton J, Lyketsos C, Kung HF, Joshi AD, Skovronsky DM, Pontecorvo MJ. In vivo imaging of amyloid deposition in Alzheimer disease using the radioligand 18F-AV-45 (florbetapir [corrected] F 18). J Nucl Med. 2010 Jun;51(6):913-20. doi: 10.2967/jnumed.109.069088. Erratum in: J Nucl Med. 2010 Aug;51(8):1327.</citation>
    <PMID>20501908</PMID>
  </results_reference>
  <verification_date>May 2012</verification_date>
  <!-- Old date names will be dropped in a few months (sometime in 2018)                        -->
  <lastchanged_date>May 11, 2012</lastchanged_date>
  <firstreceived_date>March 25, 2012</firstreceived_date>
  <firstreceived_results_date>April 6, 2012</firstreceived_results_date>
  <!-- New date names                                                                           -->
  <study_first_submitted>March 25, 2012</study_first_submitted>
  <study_first_submitted_qc>March 27, 2012</study_first_submitted_qc>
  <study_first_posted type="Estimate">March 28, 2012</study_first_posted>
  <results_first_submitted>April 6, 2012</results_first_submitted>
  <results_first_submitted_qc>April 6, 2012</results_first_submitted_qc>
  <results_first_posted type="Estimate">May 3, 2012</results_first_posted>
  <last_update_submitted>May 11, 2012</last_update_submitted>
  <last_update_submitted_qc>May 11, 2012</last_update_submitted_qc>
  <last_update_posted type="Estimate">May 18, 2012</last_update_posted>
  <!-- End of dates                                                                             -->
  <responsible_party>
    <responsible_party_type>Sponsor</responsible_party_type>
  </responsible_party>
  <keyword>Amyloid imaging</keyword>
  <keyword>Positron Emission Tomography</keyword>
  <keyword>18F-AV-45</keyword>
  <keyword>florbetapir F 18</keyword>
  <keyword>Diagnostic imaging</keyword>
  <condition_browse>
    <!-- CAUTION:  The following MeSH terms are assigned with an imperfect algorithm            -->
    <mesh_term>Alzheimer Disease</mesh_term>
  </condition_browse>

  <clinical_results>

    <participant_flow>
      <group_list>
        <group group_id="P1">
          <title>Subjects With AD</title>
          <description>Probable AD, National Institute of Neurological and Communicative Disorders and Stroke-Alzheimer's Disease and Related Disorders Association (NINCDS-ADRDA) criteria, with mild/moderate dementia (Mini-Mental State Examination [MMSE] from 10 to 24)</description>
        </group>
        <group group_id="P2">
          <title>Healthy Elderly Subjects</title>
          <description>Cognitively normal with MMSE of 29 or higher; age 50 years or older</description>
        </group>
      </group_list>
      <period_list>
        <period>
          <title>Overall Study</title>
          <milestone_list>
            <milestone>
              <title>STARTED</title>
              <participants_list>
                <participants group_id="P1" count="16"/>
                <participants group_id="P2" count="16"/>
              </participants_list>
            </milestone>
            <milestone>
              <title>COMPLETED</title>
              <participants_list>
                <participants group_id="P1" count="15"/>
                <participants group_id="P2" count="16"/>
              </participants_list>
            </milestone>
            <milestone>
              <title>NOT COMPLETED</title>
              <participants_list>
                <participants group_id="P1" count="1"/>
                <participants group_id="P2" count="0"/>
              </participants_list>
            </milestone>
          </milestone_list>
          <drop_withdraw_reason_list>
            <drop_withdraw_reason>
              <title>Withdrawal by Subject</title>
              <participants_list>
                <participants group_id="P1" count="1"/>
                <participants group_id="P2" count="0"/>
              </participants_list>
            </drop_withdraw_reason>
          </drop_withdraw_reason_list>
        </period>
      </period_list>
    </participant_flow>

    <baseline>
      <group_list>
        <group group_id="B1">
          <title>Subjects With AD</title>
          <description>Probable AD, National Institute of Neurological and Communicative Disorders and Stroke-Alzheimer's Disease and Related Disorders Association (NINCDS-ADRDA) criteria, with mild/moderate dementia (Mini-Mental State Examination [MMSE] from 10 to 24)</description>
        </group>
        <group group_id="B2">
          <title>Healthy Elderly Subjects</title>
          <description>Cognitively normal with MMSE of 29 or higher; age 50 years or older</description>
        </group>
        <group group_id="B3">
          <title>Total</title>
          <description>Total of all reporting groups</description>
        </group>
      </group_list>
      <analyzed_list>
        <analyzed>
          <units>Participants</units>
          <scope>Overall</scope>
          <count_list>
            <count group_id="B1" value="16"/>
            <count group_id="B2" value="16"/>
            <count group_id="B3" value="32"/>
          </count_list>
        </analyzed>
      </analyzed_list>
      <measure_list>
        <measure>
          <title>Age</title>
          <units>years</units>
          <param>Mean</param>
          <dispersion>Standard Deviation</dispersion>
          <class_list>
            <class>
              <category_list>
                <category>
                  <measurement_list>
                    <measurement group_id="B1" value="75.8" spread="9.2"/>
                    <measurement group_id="B2" value="72.5" spread="11.56"/>
                    <measurement group_id="B3" value="74.3" spread="10.44"/>
                  </measurement_list>
                </category>
              </category_list>
            </class>
          </class_list>
        </measure>
        <measure>
          <title>Gender</title>
          <units>participants</units>
          <param>Number</param>
          <class_list>
            <class>
              <title>Female</title>
              <category_list>
                <category>
                  <measurement_list>
                    <measurement group_id="B1" value="8"/>
                    <measurement group_id="B2" value="6"/>
                    <measurement group_id="B3" value="14"/>
                  </measurement_list>
                </category>
              </category_list>
            </class>
            <class>
              <title>Male</title>
              <category_list>
                <category>
                  <measurement_list>
                    <measurement group_id="B1" value="8"/>
                    <measurement group_id="B2" value="10"/>
                    <measurement group_id="B3" value="18"/>
                  </measurement_list>
                </category>
              </category_list>
            </class>
          </class_list>
        </measure>
        <measure>
          <title>Region of Enrollment</title>
          <units>participants</units>
          <param>Number</param>
          <class_list>
            <class>
              <title>United States</title>
              <category_list>
                <category>
                  <measurement_list>
                    <measurement group_id="B1" value="16"/>
                    <measurement group_id="B2" value="16"/>
                    <measurement group_id="B3" value="32"/>
                  </measurement_list>
                </category>
              </category_list>
            </class>
          </class_list>
        </measure>
      </measure_list>
    </baseline>

    <outcome_list>
      <outcome>
        <type>Primary</type>
        <title>Mean Cortical to Cerebellum SUVR</title>
        <description>Standardized Uptake Value ratio (SUVR) is the ratio of tracer uptake in predefined cortical regions, relative to uptake in the cerebellum gray matter. Total scan length was 200 min.</description>
        <time_frame>50-60 min after injection</time_frame>
        <population>4 subjects in AD group and 1 subject in the healthy elderly group were excluded due to poor placement and/or excessive movement in the scanner during the 200-minute procedure.</population>
        <group_list>
          <group group_id="O1">
            <title>Subjects With AD</title>
            <description>Probable AD, National Institute of Neurological and Communicative Disorders and Stroke-Alzheimer's Disease and Related Disorders Association (NINCDS-ADRDA) criteria, with mild/moderate dementia (Mini-Mental State Examination [MMSE] from 10 to 24)</description>
          </group>
          <group group_id="O2">
            <title>Healthy Elderly Subjects</title>
            <description>Cognitively normal with MMSE of 29 or higher; age 50 years or older</description>
          </group>
        </group_list>
        <measure>
          <title>Mean Cortical to Cerebellum SUVR</title>
          <description>Standardized Uptake Value ratio (SUVR) is the ratio of tracer uptake in predefined cortical regions, relative to uptake in the cerebellum gray matter. Total scan length was 200 min.</description>
          <population>4 subjects in AD group and 1 subject in the healthy elderly group were excluded due to poor placement and/or excessive movement in the scanner during the 200-minute procedure.</population>
          <units>SUVR</units>
          <param>Mean</param>
          <dispersion>Standard Deviation</dispersion>
          <analyzed_list>
            <analyzed>
              <units>Participants</units>
              <scope>Measure</scope>
              <count_list>
                <count group_id="O1" value="11"/>
                <count group_id="O2" value="15"/>
              </count_list>
            </analyzed>
          </analyzed_list>
          <class_list>
            <class>
              <category_list>
                <category>
                  <measurement_list>
                    <measurement group_id="O1" value="1.665" spread="0.175"/>
                    <measurement group_id="O2" value="1.246" spread="0.177"/>
                  </measurement_list>
                </category>
              </category_list>
            </class>
          </class_list>
        </measure>
      </outcome>
      <outcome>
        <type>Secondary</type>
        <title>Precuneus to Cerebellum SUVR</title>
        <description>Ratio of uptake in the precuneus to uptake in the cerebellum.</description>
        <time_frame>50-60 min after injection</time_frame>
        <population>4 subjects in AD group and 1 subject in the healthy elderly group were excluded due to poor placement and/or excessive movement in the scanner during the 200-minute procedure.</population>
        <group_list>
          <group group_id="O1">
            <title>Subjects With AD</title>
            <description>Probable AD, National Institute of Neurological and Communicative Disorders and Stroke-Alzheimer's Disease and Related Disorders Association (NINCDS-ADRDA) criteria, with mild/moderate dementia (Mini-Mental State Examination [MMSE] from 10 to 24)</description>
          </group>
          <group group_id="O2">
            <title>Healthy Elderly Subjects</title>
            <description>Cognitively normal with MMSE of 29 or higher; age 50 years or older</description>
          </group>
        </group_list>
        <measure>
          <title>Precuneus to Cerebellum SUVR</title>
          <description>Ratio of uptake in the precuneus to uptake in the cerebellum.</description>
          <population>4 subjects in AD group and 1 subject in the healthy elderly group were excluded due to poor placement and/or excessive movement in the scanner during the 200-minute procedure.</population>
          <units>SUVR</units>
          <param>Mean</param>
          <dispersion>Standard Deviation</dispersion>
          <analyzed_list>
            <analyzed>
              <units>Participants</units>
              <scope>Measure</scope>
              <count_list>
                <count group_id="O1" value="11"/>
                <count group_id="O2" value="15"/>
              </count_list>
            </analyzed>
          </analyzed_list>
          <class_list>
            <class>
              <category_list>
                <category>
                  <measurement_list>
                    <measurement group_id="O1" value="1.847" spread="0.237"/>
                    <measurement group_id="O2" value="1.300" spread="0.271"/>
                  </measurement_list>
                </category>
              </category_list>
            </class>
          </class_list>
        </measure>
      </outcome>
    </outcome_list>

    <reported_events>
      <time_frame>AEs occuring within 3 days of injection. SAEs occuring within 30 days of injection</time_frame>
      <group_list>
        <group group_id="E1">
          <title>Subjects With AD</title>
          <description>Probable AD, National Institute of Neurological and Communicative Disorders and Stroke-Alzheimer's Disease and Related Disorders Association (NINCDS-ADRDA) criteria, with mild/moderate dementia (Mini-Mental State Examination [MMSE] from 10 to 24)</description>
        </group>
        <group group_id="E2">
          <title>Healthy Elderly Subjects</title>
          <description>Cognitively normal with MMSE of 29 or higher; age 50 years or older</description>
        </group>
      </group_list>
      <serious_events>
        <category_list>
          <category>
            <title>Total</title>
            <event_list>
              <event>
                <sub_title>Total, serious adverse events</sub_title>
                <counts group_id="E1" subjects_affected="0" subjects_at_risk="16"/>
                <counts group_id="E2" subjects_affected="0" subjects_at_risk="16"/>
              </event>
            </event_list>
          </category>
        </category_list>
      </serious_events>
      <other_events>
        <frequency_threshold>0</frequency_threshold>
        <default_vocab>MedDRA (9.1)</default_vocab>
        <default_assessment>Systematic Assessment</default_assessment>
        <category_list>
          <category>
            <title>Total</title>
            <event_list>
              <event>
                <sub_title>Total, other adverse events</sub_title>
                <counts group_id="E1" subjects_affected="0" subjects_at_risk="16"/>
                <counts group_id="E2" subjects_affected="2" subjects_at_risk="16"/>
              </event>
            </event_list>
          </category>
          <category>
            <title>Nervous system disorders</title>
            <event_list>
              <event>
                <sub_title>HEADACHE</sub_title>
                <counts group_id="E1" events="0" subjects_affected="0" subjects_at_risk="16"/>
                <counts group_id="E2" events="1" subjects_affected="1" subjects_at_risk="16"/>
              </event>
            </event_list>
          </category>
          <category>
            <title>Psychiatric disorders</title>
            <event_list>
              <event>
                <sub_title>CLAUSTROPHOBIA</sub_title>
                <counts group_id="E1" events="0" subjects_affected="0" subjects_at_risk="16"/>
                <counts group_id="E2" events="1" subjects_affected="1" subjects_at_risk="16"/>
              </event>
            </event_list>
          </category>
        </category_list>
      </other_events>
    </reported_events>

    <certain_agreements>
      <pi_employee>Principal Investigators are NOT employed by the organization sponsoring the study.</pi_employee>
      <restrictive_agreement>The only disclosure restriction on the PI is that the sponsor can review results communications prior to public release and can embargo communications regarding trial results for a period that is more than 60 days but less than or equal to 180 days. The sponsor cannot require changes to the communication and cannot extend the embargo.</restrictive_agreement>
    </certain_agreements>
    <point_of_contact>
      <name_or_title>Chief Medical Officer</name_or_title>
      <organization>Avid Radiopharmaceuticals</organization>
      <phone>215-298-0700</phone>
      <email>clinicaloperations@avidrp.com</email>
    </point_of_contact>
  </clinical_results>
</clinical_study>

