<?xml version="1.0" encoding="UTF-8"?>
<clinical_study rank="412">
  <!-- This xml conforms to an XML Schema at:
    https://clinicaltrials.gov/ct2/html/images/info/public.xsd -->
  <required_header>
    <download_date>ClinicalTrials.gov processed this data on November 07, 2017</download_date>
    <link_text>Link to the current ClinicalTrials.gov record.</link_text>
    <url>https://clinicaltrials.gov/show/NCT02484547</url>
  </required_header>
  <id_info>
    <org_study_id>221AD302</org_study_id>
    <secondary_id>2015-000967-15</secondary_id>
    <nct_id>NCT02484547</nct_id>
  </id_info>
  <brief_title>221AD302 Phase 3 Study of Aducanumab (BIIB037) in Early Alzheimer's Disease</brief_title>
  <acronym>EMERGE</acronym>
  <official_title>A Phase 3 Multicenter, Randomized, Double-Blind, Placebo-Controlled, Parallel-Group Study to Evaluate the Efficacy and Safety of Aducanumab (BIIB037) in Subjects With Early Alzheimer's Disease</official_title>
  <sponsors>
    <lead_sponsor>
      <agency>Biogen</agency>
      <agency_class>Industry</agency_class>
    </lead_sponsor>
  </sponsors>
  <source>Biogen</source>
  <oversight_info>
    <has_dmc>Yes</has_dmc>
  </oversight_info>
  <brief_summary>
    <textblock>
      The primary objective of the study is to evaluate the efficacy of monthly doses of aducanumab
      in slowing cognitive and functional impairment as measured by changes in the Clinical
      Dementia Rating-Sum of Boxes (CDR-SB) score as compared with placebo in participants with
      early AD. Secondary objectives are to assess the effect of monthly doses of aducanumab as
      compared with placebo on clinical progression as measured by Mini-Mental State Examination
      (MMSE), AD Assessment Scale-Cognitive Subscale (13 items) [ADAS-Cog 13], and AD Cooperative
      Study-Activities of Daily Living Inventory (Mild Cognitive Impairment version)
      [ADCS-ADL-MCI].
    </textblock>
  </brief_summary>
  <overall_status>Recruiting</overall_status>
  <start_date type="Actual">September 30, 2015</start_date>
  <completion_date type="Anticipated">April 30, 2022</completion_date>
  <primary_completion_date type="Anticipated">February 19, 2020</primary_completion_date>
  <phase>Phase 3</phase>
  <study_type>Interventional</study_type>
  <has_expanded_access>No</has_expanded_access>
  <study_design_info>
    <allocation>Randomized</allocation>
    <intervention_model>Parallel Assignment</intervention_model>
    <primary_purpose>Treatment</primary_purpose>
    <masking>Quadruple (Participant, Care Provider, Investigator, Outcomes Assessor)</masking>
  </study_design_info>
  <primary_outcome>
    <measure>Change from baseline in CDR-SB score</measure>
    <time_frame>Week 78</time_frame>
  </primary_outcome>
  <secondary_outcome>
    <measure>Change from baseline in MMSE score</measure>
    <time_frame>Week 78</time_frame>
  </secondary_outcome>
  <secondary_outcome>
    <measure>Change from baseline in Alzheimer's Disease Assessment Scale-Cognitive Subscale (13 items) (ADAS-Cog 13)</measure>
    <time_frame>Week 78</time_frame>
  </secondary_outcome>
  <secondary_outcome>
    <measure>Change from baseline in Alzheimer's Disease Cooperative Study-Activities of Daily Living Inventory (Mild Cognitive Impairment version) (ADCS-ADL-MCI) score</measure>
    <time_frame>Week 78</time_frame>
  </secondary_outcome>
  <number_of_arms>2</number_of_arms>
  <enrollment type="Anticipated">1350</enrollment>
  <condition>Alzheimer's Disease</condition>
  <arm_group>
    <arm_group_label>Low Dose</arm_group_label>
    <arm_group_type>Experimental</arm_group_type>
    <description>Monthly intravenous (IV) infusions</description>
  </arm_group>
  <arm_group>
    <arm_group_label>High Dose</arm_group_label>
    <arm_group_type>Experimental</arm_group_type>
    <description>Monthly intravenous (IV) infusions</description>
  </arm_group>
  <intervention>
    <intervention_type>Drug</intervention_type>
    <intervention_name>Aducanumab (BIIB037)</intervention_name>
    <description>Low dose</description>
    <arm_group_label>Low Dose</arm_group_label>
  </intervention>
  <intervention>
    <intervention_type>Drug</intervention_type>
    <intervention_name>Aducanumab (BIIB037)</intervention_name>
    <description>High dose</description>
    <arm_group_label>High Dose</arm_group_label>
  </intervention>
  <intervention>
    <intervention_type>Drug</intervention_type>
    <intervention_name>Placebo</intervention_name>
    <description>Placebo</description>
    <arm_group_label>Low Dose</arm_group_label>
    <arm_group_label>High Dose</arm_group_label>
  </intervention>
  <eligibility>
    <criteria>
      <textblock>
        Key Inclusion Criteria:

          -  Must meet all of the following clinical criteria for MCI due to AD or mild AD and must
             have:

          -  A Clinical Dementia Rating (CDR)-Global Score of 0.5.

          -  Objective evidence of cognitive impairment at screening

          -  An MMSE score between 24 and 30 (inclusive)

          -  Must have a positive amyloid Positron Emission Tomography (PET) scan

          -  Must consent to apolipoprotein E (ApoE) genotyping

          -  If using drugs to treat symptoms related to AD, doses must be stable for at least 8
             weeks prior to screening visit 1

          -  Must have a reliable informant or caregiver

        Key Exclusion Criteria:

          -  Any medical or neurological condition (other than Alzheimer's Disease) that might be a
             contributing cause of the subject's cognitive impairment

          -  Have had a stroke or Transient Ischemic Attack (TIA) or unexplained loss of
             consciousness in the past 1 year

          -  Clinically significant unstable psychiatric illness in past 6 months

          -  History of unstable angina, myocardial infarction, advanced chronic heart failure, or
             clinically significant conduction abnormalities within 1 year prior to Screening

          -  Indication of impaired renal or liver function

          -  Have human immunodeficiency virus (HIV) infection

          -  Have a significant systematic illness or infection in past 30 days

          -  Relevant brain hemorrhage, bleeding disorder and cerebrovascular abnormalities

          -  Any contraindications to brain magnetic resonance imaging (MRI) or PET scans

          -  Alcohol or substance abuse in past 1 year

          -  Taking blood thinners (except for aspirin at a prophylactic dose or less)

        NOTE: Other protocol defined Inclusion/Exclusion criteria may apply
      </textblock>
    </criteria>
    <gender>All</gender>
    <minimum_age>50 Years</minimum_age>
    <maximum_age>85 Years</maximum_age>
    <healthy_volunteers>No</healthy_volunteers>
  </eligibility>
  <overall_official>
    <last_name>Medical Director</last_name>
    <role>Study Director</role>
    <affiliation>Biogen</affiliation>
  </overall_official>
  <overall_contact>
    <last_name>Aducanumab Global Clinical Trial Center</last_name>
    <email>clinicaltrials@biogen.com</email>
  </overall_contact>
  <overall_contact_backup>
    <last_name>Aducanumab US Call Center</last_name>
    <phone>877-231-7271</phone>
    <email>clinicaltrials@biogen.com</email>
  </overall_contact_backup>
  <location>
    <facility>
      <name>University of Alabama at Birmingham</name>
      <address>
        <city>Birmingham</city>
        <state>Alabama</state>
        <zip>35233</zip>
        <country>United States</country>
      </address>
    </facility>
    <status>Recruiting</status>
    <contact>
      <phone>205-996-3679</phone>
    </contact>
    <investigator>
      <last_name>David Geldmacher</last_name>
      <role>Principal Investigator</role>
    </investigator>
  </location>
  <location>
    <facility>
      <name>Banner Alzheimer's Institute</name>
      <address>
        <city>Phoenix</city>
        <state>Arizona</state>
        <zip>85006</zip>
        <country>United States</country>
      </address>
    </facility>
    <status>Recruiting</status>
    <contact>
      <phone>623-832-6500</phone>
    </contact>
    <investigator>
      <last_name>David Weidman</last_name>
      <role>Principal Investigator</role>
    </investigator>
  </location>
  <location>
    <facility>
      <name>Xenoscience Inc.</name>
      <address>
        <city>Phoenix</city>
        <state>Arizona</state>
        <zip>85013</zip>
        <country>United States</country>
      </address>
    </facility>
    <status>Recruiting</status>
    <contact>
      <phone>602-274-9500</phone>
    </contact>
    <investigator>
      <last_name>Stephen Flitman</last_name>
      <role>Principal Investigator</role>
    </investigator>
  </location>
  <location>
    <facility>
      <name>Banner Sun Health Research Institute</name>
      <address>
        <city>Sun City</city>
        <state>Arizona</state>
        <zip>85351</zip>
        <country>United States</country>
      </address>
    </facility>
    <status>Recruiting</status>
    <contact>
      <phone>623-832-6530</phone>
    </contact>
    <investigator>
      <last_name>Edward Zamrini</last_name>
      <role>Principal Investigator</role>
    </investigator>
  </location>
  <location>
    <facility>
      <name>Institute for Memory Impairments</name>
      <address>
        <city>Irvine</city>
        <state>California</state>
        <zip>92607</zip>
        <country>United States</country>
      </address>
    </facility>
    <status>Recruiting</status>
    <contact>
      <phone>949-824-3250</phone>
    </contact>
    <investigator>
      <last_name>Aimee Pierce</last_name>
      <role>Principal Investigator</role>
    </investigator>
  </location>
  <location>
    <facility>
      <name>Renewal Behavioral Health</name>
      <address>
        <city>Long Beach</city>
        <state>California</state>
        <zip>85013</zip>
        <country>United States</country>
      </address>
    </facility>
    <status>Recruiting</status>
    <contact>
      <phone>562-426-5222</phone>
    </contact>
    <investigator>
      <last_name>Laja Ibraheem</last_name>
      <role>Principal Investigator</role>
    </investigator>
  </location>
  <location>
    <facility>
      <name>USC Keck School of Medicine</name>
      <address>
        <city>Los Angeles</city>
        <state>California</state>
        <zip>90033</zip>
        <country>United States</country>
      </address>
    </facility>
    <status>Recruiting</status>
    <contact>
      <phone>323-442-7600</phone>
    </contact>
    <investigator>
      <last_name>Lon Schneider</last_name>
      <role>Principal Investigator</role>
    </investigator>
  </location>
  <location>
    <facility>
      <name>Hoag Memorial Hospital Presbyterian</name>
      <address>
        <city>Newport Beach</city>
        <state>California</state>
        <zip>92663</zip>
        <country>United States</country>
      </address>
    </facility>
    <status>Recruiting</status>
    <contact>
      <phone>949-478-8858</phone>
    </contact>
    <investigator>
      <last_name>William Shankle</last_name>
      <role>Principal Investigator</role>
    </investigator>
  </location>
  <location>
    <facility>
      <name>Excell Research, Inc.</name>
      <address>
        <city>Oceanside</city>
        <state>California</state>
        <zip>92056</zip>
        <country>United States</country>
      </address>
    </facility>
    <status>Recruiting</status>
    <contact>
      <phone>760-758-2222</phone>
    </contact>
    <investigator>
      <last_name>Sheryy Soefje</last_name>
      <role>Principal Investigator</role>
    </investigator>
  </location>
  <location>
    <facility>
      <name>Pacific Neuroscience Medical Group</name>
      <address>
        <city>Oxnard</city>
        <state>California</state>
        <zip>93030</zip>
        <country>United States</country>
      </address>
    </facility>
    <status>Recruiting</status>
    <contact>
      <phone>805-278-4148</phone>
    </contact>
    <investigator>
      <last_name>James Sutton</last_name>
      <role>Principal Investigator</role>
    </investigator>
  </location>
  <location>
    <facility>
      <name>Anderson Clinical Research</name>
      <address>
        <city>Redlands</city>
        <state>California</state>
        <zip>92354</zip>
        <country>United States</country>
      </address>
    </facility>
    <status>Recruiting</status>
    <contact>
      <phone>909-792-9007</phone>
    </contact>
    <investigator>
      <last_name>Donald Anderson</last_name>
      <role>Principal Investigator</role>
    </investigator>
  </location>
  <location>
    <facility>
      <name>Pacific Research Network</name>
      <address>
        <city>San Diego</city>
        <state>California</state>
        <zip>92103</zip>
        <country>United States</country>
      </address>
    </facility>
    <status>Recruiting</status>
    <contact>
      <phone>619-294-4302</phone>
    </contact>
    <investigator>
      <last_name>Stephen Thein</last_name>
      <role>Principal Investigator</role>
    </investigator>
  </location>
  <location>
    <facility>
      <name>University of California San Diego Medical Center</name>
      <address>
        <city>San Diego</city>
        <state>California</state>
        <zip>92103</zip>
        <country>United States</country>
      </address>
    </facility>
    <status>Recruiting</status>
    <contact>
      <phone>619-543-6102</phone>
    </contact>
    <investigator>
      <last_name>James Lohr</last_name>
      <role>Principal Investigator</role>
    </investigator>
  </location>
  <location>
    <facility>
      <name>California Pacific Medical Center</name>
      <address>
        <city>San Francisco</city>
        <state>California</state>
        <zip>94114</zip>
        <country>United States</country>
      </address>
    </facility>
    <status>Recruiting</status>
    <contact>
      <phone>415-600-5555</phone>
    </contact>
    <investigator>
      <last_name>Alireza Atri</last_name>
      <role>Principal Investigator</role>
    </investigator>
  </location>
  <location>
    <facility>
      <name>Syrentis Clinical Research</name>
      <address>
        <city>Santa Ana</city>
        <state>California</state>
        <zip>92705</zip>
        <country>United States</country>
      </address>
    </facility>
    <status>Recruiting</status>
    <contact>
      <phone>714-542-3008</phone>
    </contact>
    <investigator>
      <last_name>John Duffy</last_name>
      <role>Principal Investigator</role>
    </investigator>
  </location>
  <location>
    <facility>
      <name>St Joseph Heritage Healthcare</name>
      <address>
        <city>Santa Rosa</city>
        <state>California</state>
        <zip>95403</zip>
        <country>United States</country>
      </address>
    </facility>
    <status>Recruiting</status>
    <contact>
      <phone>707-521-3814</phone>
    </contact>
    <investigator>
      <last_name>Marc Bernstein</last_name>
      <role>Principal Investigator</role>
    </investigator>
  </location>
  <location>
    <facility>
      <name>Stanford University Medical Center</name>
      <address>
        <city>Stanford</city>
        <state>California</state>
        <zip>94305</zip>
        <country>United States</country>
      </address>
    </facility>
    <status>Recruiting</status>
    <contact>
      <phone>650-725-6563</phone>
    </contact>
    <investigator>
      <last_name>Sharon Sha</last_name>
      <role>Principal Investigator</role>
    </investigator>
  </location>
  <location>
    <facility>
      <name>University Of Colorado Denver</name>
      <address>
        <city>Aurora</city>
        <state>Colorado</state>
        <zip>80045</zip>
        <country>United States</country>
      </address>
    </facility>
    <status>Recruiting</status>
    <contact>
      <phone>303-724-7863</phone>
    </contact>
    <investigator>
      <last_name>Jonathan Woodcock</last_name>
      <role>Principal Investigator</role>
    </investigator>
  </location>
  <location>
    <facility>
      <name>IMMUNOe International Research Centers</name>
      <address>
        <city>Thornton</city>
        <state>Colorado</state>
        <zip>80233</zip>
        <country>United States</country>
      </address>
    </facility>
    <status>Recruiting</status>
    <contact>
      <phone>303-771-9000</phone>
    </contact>
    <investigator>
      <last_name>Ronald Murray</last_name>
      <role>Principal Investigator</role>
    </investigator>
  </location>
  <location>
    <facility>
      <name>Associated Neurologists of Southern Connecticut, PC</name>
      <address>
        <city>Fairfield</city>
        <state>Connecticut</state>
        <zip>06824</zip>
        <country>United States</country>
      </address>
    </facility>
    <status>Recruiting</status>
    <contact>
      <phone>203-333-1151</phone>
    </contact>
    <investigator>
      <last_name>Dario Zagar</last_name>
      <role>Principal Investigator</role>
    </investigator>
  </location>
  <location>
    <facility>
      <name>Yale University School Of Medicine</name>
      <address>
        <city>New Haven</city>
        <state>Connecticut</state>
        <zip>06520</zip>
        <country>United States</country>
      </address>
    </facility>
    <status>Recruiting</status>
    <contact>
      <phone>203-764-8100</phone>
    </contact>
    <investigator>
      <last_name>Christopher Van Dyck</last_name>
      <role>Principal Investigator</role>
    </investigator>
  </location>
  <location>
    <facility>
      <name>Research Center for Clinical Studies, Inc.</name>
      <address>
        <city>Norwalk</city>
        <state>Connecticut</state>
        <zip>06851</zip>
        <country>United States</country>
      </address>
    </facility>
    <status>Recruiting</status>
    <contact>
      <phone>203-838-0070</phone>
    </contact>
    <investigator>
      <last_name>Bart Sloan</last_name>
      <role>Principal Investigator</role>
    </investigator>
  </location>
  <location>
    <facility>
      <name>JEM Research Institute</name>
      <address>
        <city>Atlantis</city>
        <state>Florida</state>
        <zip>33462</zip>
        <country>United States</country>
      </address>
    </facility>
    <status>Recruiting</status>
    <contact>
      <phone>561-968-2933</phone>
    </contact>
    <investigator>
      <last_name>Mark Goldstein</last_name>
      <role>Principal Investigator</role>
    </investigator>
  </location>
  <location>
    <facility>
      <name>Florida Atlantic University</name>
      <address>
        <city>Boca Raton</city>
        <state>Florida</state>
        <zip>33431</zip>
        <country>United States</country>
      </address>
    </facility>
    <status>Recruiting</status>
    <contact>
      <phone>561-297-4806</phone>
    </contact>
    <investigator>
      <last_name>James Galvin</last_name>
      <role>Principal Investigator</role>
    </investigator>
  </location>
  <location>
    <facility>
      <name>Bradenton Research Center, Inc.</name>
      <address>
        <city>Bradenton</city>
        <state>Florida</state>
        <zip>34205</zip>
        <country>United States</country>
      </address>
    </facility>
    <status>Recruiting</status>
    <contact>
      <phone>941-708-0005</phone>
    </contact>
    <investigator>
      <last_name>William McElveen</last_name>
      <role>Principal Investigator</role>
    </investigator>
  </location>
  <location>
    <facility>
      <name>Meridien Research</name>
      <address>
        <city>Brooksville</city>
        <state>Florida</state>
        <zip>34601</zip>
        <country>United States</country>
      </address>
    </facility>
    <status>Recruiting</status>
    <contact>
      <phone>352-597-7578</phone>
    </contact>
    <investigator>
      <last_name>Kelli Max</last_name>
      <role>Principal Investigator</role>
    </investigator>
  </location>
  <location>
    <facility>
      <name>Quantum Laboratories Inc.</name>
      <address>
        <city>Deerfield Beach</city>
        <state>Florida</state>
        <zip>33064</zip>
        <country>United States</country>
      </address>
    </facility>
    <status>Recruiting</status>
    <contact>
      <phone>954-786-7331</phone>
    </contact>
    <investigator>
      <last_name>Jose De La Gandara</last_name>
      <role>Principal Investigator</role>
    </investigator>
  </location>
  <location>
    <facility>
      <name>Infinity Clinical Research, LLC</name>
      <address>
        <city>Hollywood</city>
        <state>Florida</state>
        <zip>33021</zip>
        <country>United States</country>
      </address>
    </facility>
    <status>Recruiting</status>
    <contact>
      <phone>954-981-3850</phone>
    </contact>
    <investigator>
      <last_name>Harvey Schwartz</last_name>
      <role>Principal Investigator</role>
    </investigator>
  </location>
  <location>
    <facility>
      <name>Mayo Clinic in Florida</name>
      <address>
        <city>Jacksonville</city>
        <state>Florida</state>
        <zip>32224</zip>
        <country>United States</country>
      </address>
    </facility>
    <status>Recruiting</status>
    <contact>
      <phone>904-953-7103</phone>
    </contact>
    <investigator>
      <last_name>Neill Graff-Radford</last_name>
      <role>Principal Investigator</role>
    </investigator>
  </location>
  <location>
    <facility>
      <name>Renstar Medical Research</name>
      <address>
        <city>Ocala</city>
        <state>Florida</state>
        <zip>34471</zip>
        <country>United States</country>
      </address>
    </facility>
    <status>Recruiting</status>
    <contact>
      <phone>352-629-5800</phone>
    </contact>
    <investigator>
      <last_name>Jay Rubin</last_name>
      <role>Principal Investigator</role>
    </investigator>
  </location>
  <location>
    <facility>
      <name>Clinical Neuroscience Solutions, Inc.</name>
      <address>
        <city>Orlando</city>
        <state>Florida</state>
        <zip>32801</zip>
        <country>United States</country>
      </address>
    </facility>
    <status>Recruiting</status>
    <contact>
      <phone>407-425-5100</phone>
    </contact>
    <investigator>
      <last_name>Linda Harper</last_name>
      <role>Principal Investigator</role>
    </investigator>
  </location>
  <location>
    <facility>
      <name>Axiom Clinical Research of Florida</name>
      <address>
        <city>Tampa</city>
        <state>Florida</state>
        <zip>33609</zip>
        <country>United States</country>
      </address>
    </facility>
    <status>Recruiting</status>
    <contact>
      <phone>813-353-9613</phone>
    </contact>
    <investigator>
      <last_name>Susan Steen</last_name>
      <role>Principal Investigator</role>
    </investigator>
  </location>
  <location>
    <facility>
      <name>Emory University Cognitive Neurology Clinic &amp; ADRC</name>
      <address>
        <city>Atlanta</city>
        <state>Georgia</state>
        <zip>30329</zip>
        <country>United States</country>
      </address>
    </facility>
    <status>Recruiting</status>
    <contact>
      <phone>404-727-7220</phone>
    </contact>
    <investigator>
      <last_name>Allan Levey</last_name>
      <role>Principal Investigator</role>
    </investigator>
  </location>
  <location>
    <facility>
      <name>Medical Research Health and Education Foundation, Inc</name>
      <address>
        <city>Columbus</city>
        <state>Georgia</state>
        <zip>31909</zip>
        <country>United States</country>
      </address>
    </facility>
    <status>Recruiting</status>
    <contact>
      <phone>706-653-8455</phone>
    </contact>
    <investigator>
      <last_name>Jonathan Liss</last_name>
      <role>Principal Investigator</role>
    </investigator>
  </location>
  <location>
    <facility>
      <name>NeuroStudies.net, LLC</name>
      <address>
        <city>Decatur</city>
        <state>Georgia</state>
        <zip>30033</zip>
        <country>United States</country>
      </address>
    </facility>
    <status>Recruiting</status>
    <contact>
      <phone>404-475-0552</phone>
    </contact>
    <investigator>
      <last_name>Marshall Nash</last_name>
      <role>Principal Investigator</role>
    </investigator>
  </location>
  <location>
    <facility>
      <name>Josephson, Wallack, Munshower Neurology, PC</name>
      <address>
        <city>Indianapolis</city>
        <state>Indiana</state>
        <zip>46256</zip>
        <country>United States</country>
      </address>
    </facility>
    <status>Recruiting</status>
    <contact>
      <phone>317-537-6060</phone>
    </contact>
    <investigator>
      <last_name>Kristi George</last_name>
      <role>Principal Investigator</role>
    </investigator>
  </location>
  <location>
    <facility>
      <name>McLean Hospital</name>
      <address>
        <city>Belmont</city>
        <state>Massachusetts</state>
        <zip>02478</zip>
        <country>United States</country>
      </address>
    </facility>
    <status>Recruiting</status>
    <contact>
      <phone>617-855-3622</phone>
    </contact>
    <investigator>
      <last_name>Brent Forester</last_name>
      <role>Principal Investigator</role>
    </investigator>
  </location>
  <location>
    <facility>
      <name>Boston Center for Memory</name>
      <address>
        <city>Newton</city>
        <state>Massachusetts</state>
        <zip>05201</zip>
        <country>United States</country>
      </address>
    </facility>
    <status>Recruiting</status>
    <contact>
      <phone>617-699-6927</phone>
    </contact>
    <investigator>
      <last_name>Paul Solomon</last_name>
      <role>Principal Investigator</role>
    </investigator>
  </location>
  <location>
    <facility>
      <name>Hattiesburg Clinic, PA</name>
      <address>
        <city>Hattiesburg</city>
        <state>Mississippi</state>
        <country>United States</country>
      </address>
    </facility>
    <status>Recruiting</status>
    <contact>
      <phone>601-268-5620</phone>
    </contact>
    <investigator>
      <last_name>Ronald Schwartz</last_name>
      <role>Principal Investigator</role>
    </investigator>
  </location>
  <location>
    <facility>
      <name>Cleveland Clinic Lou Ruvo Center for Brain Health</name>
      <address>
        <city>Las Vegas</city>
        <state>Nevada</state>
        <zip>89106</zip>
        <country>United States</country>
      </address>
    </facility>
    <status>Recruiting</status>
    <contact>
      <phone>702-483-6026</phone>
    </contact>
    <investigator>
      <last_name>Charles Bernick</last_name>
      <role>Principal Investigator</role>
    </investigator>
  </location>
  <location>
    <facility>
      <name>ActivMed Practices &amp; Research</name>
      <address>
        <city>Portsmouth</city>
        <state>New Hampshire</state>
        <zip>03801</zip>
        <country>United States</country>
      </address>
    </facility>
    <status>Recruiting</status>
    <contact>
      <phone>978-372-7252</phone>
    </contact>
    <investigator>
      <last_name>Marc Shay</last_name>
      <role>Principal Investigator</role>
    </investigator>
  </location>
  <location>
    <facility>
      <name>AdvanceMed Research</name>
      <address>
        <city>Lawrenceville</city>
        <state>New Jersey</state>
        <zip>08648</zip>
        <country>United States</country>
      </address>
    </facility>
    <status>Recruiting</status>
    <contact>
      <phone>609-895-0735</phone>
    </contact>
    <investigator>
      <last_name>Arnold Witte</last_name>
      <role>Principal Investigator</role>
    </investigator>
  </location>
  <location>
    <facility>
      <name>Empire Neurology, PC</name>
      <address>
        <city>Latham</city>
        <state>New York</state>
        <zip>12110</zip>
        <country>United States</country>
      </address>
    </facility>
    <status>Recruiting</status>
    <contact>
      <phone>518-785-1000</phone>
    </contact>
    <investigator>
      <last_name>Keith Edwards</last_name>
      <role>Principal Investigator</role>
    </investigator>
  </location>
  <location>
    <facility>
      <name>Weill Cornell Medical College-New York Presbyterian Hospital</name>
      <address>
        <city>New York</city>
        <state>New York</state>
        <zip>10021</zip>
        <country>United States</country>
      </address>
    </facility>
    <status>Recruiting</status>
    <contact>
      <phone>212-746-2441</phone>
    </contact>
    <investigator>
      <last_name>Michael Lin</last_name>
      <role>Principal Investigator</role>
    </investigator>
  </location>
  <location>
    <facility>
      <name>Mount Sinai School of Medicine</name>
      <address>
        <city>New York</city>
        <state>New York</state>
        <zip>10029</zip>
        <country>United States</country>
      </address>
    </facility>
    <status>Recruiting</status>
    <contact>
      <phone>347-326-2178</phone>
    </contact>
    <investigator>
      <last_name>Amy Aloysi</last_name>
      <role>Principal Investigator</role>
    </investigator>
  </location>
  <location>
    <facility>
      <name>PMG Research of Winston-Salem, LLC</name>
      <address>
        <city>Winston-Salem</city>
        <state>North Carolina</state>
        <zip>27103</zip>
        <country>United States</country>
      </address>
    </facility>
    <status>Recruiting</status>
    <contact>
      <phone>336-794-8165</phone>
    </contact>
    <investigator>
      <last_name>Giles Crowell</last_name>
      <role>Principal Investigator</role>
    </investigator>
  </location>
  <location>
    <facility>
      <name>Wake Forest Baptist Health</name>
      <address>
        <city>Winston-Salem</city>
        <state>North Carolina</state>
        <zip>27103</zip>
        <country>United States</country>
      </address>
    </facility>
    <status>Recruiting</status>
    <contact>
      <phone>336-713-8558</phone>
    </contact>
    <investigator>
      <last_name>Kaycee Sink</last_name>
      <role>Principal Investigator</role>
    </investigator>
  </location>
  <location>
    <facility>
      <name>Ohio State University Medical Center</name>
      <address>
        <city>Dublin</city>
        <state>Ohio</state>
        <zip>43017</zip>
        <country>United States</country>
      </address>
    </facility>
    <status>Recruiting</status>
    <contact>
      <phone>614-293-8531</phone>
    </contact>
    <investigator>
      <last_name>Douglas Scharre</last_name>
      <role>Principal Investigator</role>
    </investigator>
  </location>
  <location>
    <facility>
      <name>Lehigh Center for Clinical Research, LLC</name>
      <address>
        <city>Allentown</city>
        <state>Pennsylvania</state>
        <zip>18104</zip>
        <country>United States</country>
      </address>
    </facility>
    <status>Recruiting</status>
    <contact>
      <phone>610-820-0342</phone>
    </contact>
    <investigator>
      <last_name>Paul Gross</last_name>
      <role>Principal Investigator</role>
    </investigator>
  </location>
  <location>
    <facility>
      <name>Penn Memory Center</name>
      <address>
        <city>Philadelphia</city>
        <state>Pennsylvania</state>
        <zip>19104</zip>
        <country>United States</country>
      </address>
    </facility>
    <status>Recruiting</status>
    <contact>
      <last_name>Grace Stockbower</last_name>
      <phone>215-746-3949</phone>
    </contact>
    <investigator>
      <last_name>David Wolk</last_name>
      <role>Principal Investigator</role>
    </investigator>
  </location>
  <location>
    <facility>
      <name>Rhode Island Hospital</name>
      <address>
        <city>Providence</city>
        <state>Rhode Island</state>
        <zip>02903</zip>
        <country>United States</country>
      </address>
    </facility>
    <status>Recruiting</status>
    <contact>
      <phone>401-444-6440</phone>
    </contact>
    <investigator>
      <last_name>Brian Ott</last_name>
      <role>Principal Investigator</role>
    </investigator>
  </location>
  <location>
    <facility>
      <name>Roper St. Francis Healthcare</name>
      <address>
        <city>North Charleston</city>
        <state>South Carolina</state>
        <zip>29406-6076</zip>
        <country>United States</country>
      </address>
    </facility>
    <status>Recruiting</status>
    <contact>
      <phone>843-724-2302</phone>
    </contact>
    <investigator>
      <last_name>Jacobo Mintzer</last_name>
      <role>Principal Investigator</role>
    </investigator>
  </location>
  <location>
    <facility>
      <name>Senior Adult Specialty Research</name>
      <address>
        <city>Austin</city>
        <state>Texas</state>
        <zip>78757</zip>
        <country>United States</country>
      </address>
    </facility>
    <status>Recruiting</status>
    <contact>
      <phone>512-407-8628</phone>
    </contact>
    <investigator>
      <last_name>Jaron Winston</last_name>
      <role>Principal Investigator</role>
    </investigator>
  </location>
  <location>
    <facility>
      <name>The Methodist Hospital Research Institute</name>
      <address>
        <city>Houston</city>
        <state>Texas</state>
        <zip>77030</zip>
        <country>United States</country>
      </address>
    </facility>
    <status>Not yet recruiting</status>
    <contact>
      <phone>713-441-1150</phone>
    </contact>
    <investigator>
      <last_name>Joseph Masdeu</last_name>
      <role>Principal Investigator</role>
    </investigator>
  </location>
  <location>
    <facility>
      <name>Clinical Trial Network</name>
      <address>
        <city>Houston</city>
        <state>Texas</state>
        <zip>77074</zip>
        <country>United States</country>
      </address>
    </facility>
    <status>Recruiting</status>
    <contact>
      <phone>713-484-6947</phone>
    </contact>
    <investigator>
      <last_name>Djamchid Lotfi</last_name>
      <role>Principal Investigator</role>
    </investigator>
  </location>
  <location>
    <facility>
      <name>University of Utah Health Sciences Center</name>
      <address>
        <city>Salt Lake City</city>
        <state>Utah</state>
        <zip>84132</zip>
        <country>United States</country>
      </address>
    </facility>
    <status>Recruiting</status>
    <contact>
      <phone>801-261-8950</phone>
    </contact>
    <investigator>
      <last_name>Richard King</last_name>
      <role>Principal Investigator</role>
    </investigator>
  </location>
  <location>
    <facility>
      <name>Clinical Neuroscience Research Association, Inc</name>
      <address>
        <city>Bennington</city>
        <state>Vermont</state>
        <zip>05201</zip>
        <country>United States</country>
      </address>
    </facility>
    <status>Recruiting</status>
    <contact>
      <phone>802-447-1409</phone>
    </contact>
    <investigator>
      <last_name>Cynthia Murphy</last_name>
      <role>Principal Investigator</role>
    </investigator>
  </location>
  <location>
    <facility>
      <name>University of Washington Medical Center</name>
      <address>
        <city>Seattle</city>
        <state>Washington</state>
        <zip>98195</zip>
        <country>United States</country>
      </address>
    </facility>
    <status>Recruiting</status>
    <contact>
      <phone>206-221-2930</phone>
    </contact>
    <investigator>
      <last_name>Suman Jayadev</last_name>
      <role>Principal Investigator</role>
    </investigator>
  </location>
  <location>
    <facility>
      <name>Northwest Neurological, PLLC</name>
      <address>
        <city>Spokane</city>
        <state>Washington</state>
        <zip>99202</zip>
        <country>United States</country>
      </address>
    </facility>
    <status>Recruiting</status>
    <contact>
      <phone>509-343-3710</phone>
    </contact>
    <investigator>
      <last_name>David Greeley</last_name>
      <role>Principal Investigator</role>
    </investigator>
  </location>
  <location>
    <facility>
      <name>AZ Sint-Jan Brugge</name>
      <address>
        <city>Brugge</city>
        <zip>8000</zip>
        <country>Belgium</country>
      </address>
    </facility>
    <status>Recruiting</status>
  </location>
  <location>
    <facility>
      <name>Universitair Ziekenhuis Brussel</name>
      <address>
        <city>Bruxelles</city>
        <zip>1090</zip>
        <country>Belgium</country>
      </address>
    </facility>
    <status>Recruiting</status>
    <contact>
      <phone>+3224763739</phone>
    </contact>
    <investigator>
      <last_name>Versijpt</last_name>
      <role>Principal Investigator</role>
    </investigator>
  </location>
  <location>
    <facility>
      <name>Centre Neurologique &amp; de Réadaptation Fonctionnelle</name>
      <address>
        <city>Fraiture-en-Condroz</city>
        <zip>4557</zip>
        <country>Belgium</country>
      </address>
    </facility>
    <status>Recruiting</status>
    <contact>
      <phone>085/519128</phone>
    </contact>
    <investigator>
      <last_name>Guillaume</last_name>
      <role>Principal Investigator</role>
    </investigator>
  </location>
  <location>
    <facility>
      <name>Universitair Ziekenhuis Gent</name>
      <address>
        <city>Gent</city>
        <zip>9000</zip>
        <country>Belgium</country>
      </address>
    </facility>
    <status>Recruiting</status>
  </location>
  <location>
    <facility>
      <name>AZ Groeninge - Campus Kennedylaan</name>
      <address>
        <city>Kortrijk</city>
        <zip>8500</zip>
        <country>Belgium</country>
      </address>
    </facility>
    <status>Recruiting</status>
  </location>
  <location>
    <facility>
      <name>UZ Leuven</name>
      <address>
        <city>Leuven</city>
        <zip>3000</zip>
        <country>Belgium</country>
      </address>
    </facility>
    <status>Recruiting</status>
    <contact>
      <phone>+3216344280</phone>
    </contact>
    <investigator>
      <last_name>Rik Vandenberghe</last_name>
      <role>Principal Investigator</role>
    </investigator>
  </location>
  <location>
    <facility>
      <name>AZ Delta</name>
      <address>
        <city>Roeselare</city>
        <zip>8800</zip>
        <country>Belgium</country>
      </address>
    </facility>
    <status>Recruiting</status>
    <contact>
      <phone>+32 51 23 74 41</phone>
    </contact>
    <investigator>
      <last_name>Dr. Philip Bourgeois</last_name>
      <role>Principal Investigator</role>
    </investigator>
  </location>
  <location>
    <facility>
      <name>Health Research.</name>
      <address>
        <city>Kamloops</city>
        <state>British Columbia</state>
        <country>Canada</country>
      </address>
    </facility>
    <status>Recruiting</status>
  </location>
  <location>
    <facility>
      <name>Health Research</name>
      <address>
        <city>West Vancouver</city>
        <state>British Columbia</state>
        <country>Canada</country>
      </address>
    </facility>
    <status>Recruiting</status>
  </location>
  <location>
    <facility>
      <name>True North Clinical Research - Halifax Inc.</name>
      <address>
        <city>Halifax</city>
        <state>Nova Scotia</state>
        <zip>B3S 1M7</zip>
        <country>Canada</country>
      </address>
    </facility>
    <status>Recruiting</status>
  </location>
  <location>
    <facility>
      <name>True North Clinical Research Kentville, Inc</name>
      <address>
        <city>Kentville</city>
        <state>Nova Scotia</state>
        <zip>B4N 4K9</zip>
        <country>Canada</country>
      </address>
    </facility>
    <status>Recruiting</status>
  </location>
  <location>
    <facility>
      <name>JBN Medical Diagnostic Services Inc.</name>
      <address>
        <city>Burlington</city>
        <state>Ontario</state>
        <zip>L7M 4Y1</zip>
        <country>Canada</country>
      </address>
    </facility>
    <status>Recruiting</status>
  </location>
  <location>
    <facility>
      <name>St. Joseph's HC- Parkwood Institute</name>
      <address>
        <city>London</city>
        <state>Ontario</state>
        <zip>N6C 5J1</zip>
        <country>Canada</country>
      </address>
    </facility>
    <status>Recruiting</status>
  </location>
  <location>
    <facility>
      <name>Bruyere Continuing Care</name>
      <address>
        <city>Ottawa</city>
        <state>Ontario</state>
        <zip>K1N 5C8</zip>
        <country>Canada</country>
      </address>
    </facility>
    <status>Recruiting</status>
  </location>
  <location>
    <facility>
      <name>Kawartha Regional Memory Clinic</name>
      <address>
        <city>Peterborough</city>
        <state>Ontario</state>
        <zip>K9H 2P4</zip>
        <country>Canada</country>
      </address>
    </facility>
    <status>Recruiting</status>
  </location>
  <location>
    <facility>
      <name>Toronto Western Hospital</name>
      <address>
        <city>Toronto</city>
        <state>Ontario</state>
        <zip>M5T 2S8</zip>
        <country>Canada</country>
      </address>
    </facility>
    <status>Recruiting</status>
  </location>
  <location>
    <facility>
      <name>Recherches Neuro-Hippocampe Inc.</name>
      <address>
        <city>Gatineau</city>
        <state>Quebec</state>
        <zip>J8T 8J1</zip>
        <country>Canada</country>
      </address>
    </facility>
    <status>Recruiting</status>
  </location>
  <location>
    <facility>
      <name>Recherche Sepmus, Inc.</name>
      <address>
        <city>Greenfield Park</city>
        <state>Quebec</state>
        <zip>J4V 2J2</zip>
        <country>Canada</country>
      </address>
    </facility>
    <status>Recruiting</status>
  </location>
  <location>
    <facility>
      <name>Jewish General Hospital - NETWORK</name>
      <address>
        <city>Montreal</city>
        <state>Quebec</state>
        <zip>H3T 1E2</zip>
        <country>Canada</country>
      </address>
    </facility>
    <status>Not yet recruiting</status>
  </location>
  <location>
    <facility>
      <name>DIEX Recherche Sherbrooke Inc.</name>
      <address>
        <city>Sherbrooke</city>
        <state>Quebec</state>
        <zip>J1H 1Z1</zip>
        <country>Canada</country>
      </address>
    </facility>
    <status>Recruiting</status>
  </location>
  <location>
    <facility>
      <name>Douglas Hospital Research Centre</name>
      <address>
        <city>Verdun</city>
        <state>Quebec</state>
        <zip>H4H 1R3</zip>
        <country>Canada</country>
      </address>
    </facility>
    <status>Recruiting</status>
  </location>
  <location>
    <facility>
      <name>Terveystalo Kamppi</name>
      <address>
        <city>Helsinki</city>
        <zip>00100</zip>
        <country>Finland</country>
      </address>
    </facility>
    <status>Recruiting</status>
  </location>
  <location>
    <facility>
      <name>Itä-Suomen yliopisto, Aivotutkimusyksikkö</name>
      <address>
        <city>Kuopio</city>
        <zip>70210</zip>
        <country>Finland</country>
      </address>
    </facility>
    <status>Recruiting</status>
    <contact>
      <phone>+358405678433</phone>
    </contact>
    <investigator>
      <last_name>Merja Hallikainen</last_name>
      <role>Principal Investigator</role>
    </investigator>
  </location>
  <location>
    <facility>
      <name>CRST, Clinical Research Services Turku</name>
      <address>
        <city>Turku</city>
        <zip>20520</zip>
        <country>Finland</country>
      </address>
    </facility>
    <status>Recruiting</status>
  </location>
  <location>
    <facility>
      <name>Hôpital de la Timone</name>
      <address>
        <city>Marseille</city>
        <state>Bouches-du-Rhône</state>
        <zip>13385</zip>
        <country>France</country>
      </address>
    </facility>
    <status>Recruiting</status>
    <contact>
      <phone>0033491385928</phone>
    </contact>
    <investigator>
      <last_name>Ceccaldi</last_name>
      <role>Principal Investigator</role>
    </investigator>
  </location>
  <location>
    <facility>
      <name>CHU de Toulouse - Hôpital Purpan</name>
      <address>
        <city>Toulouse cedex 9</city>
        <state>Haute Garonne</state>
        <zip>31059</zip>
        <country>France</country>
      </address>
    </facility>
    <status>Recruiting</status>
    <contact>
      <phone>05.61.77.76.86</phone>
    </contact>
    <investigator>
      <last_name>Jeremie Pr Pariente</last_name>
      <role>Principal Investigator</role>
    </investigator>
  </location>
  <location>
    <facility>
      <name>Centre de Recherche Clinique du Gérontopôle - Cité de la Santé</name>
      <address>
        <city>Toulouse</city>
        <state>Haute Garonne</state>
        <zip>31052</zip>
        <country>France</country>
      </address>
    </facility>
    <status>Recruiting</status>
    <contact>
      <phone>+33 5 61777973</phone>
    </contact>
    <investigator>
      <last_name>Vellas</last_name>
      <role>Principal Investigator</role>
    </investigator>
  </location>
  <location>
    <facility>
      <name>Hôpital Gui de Chauliac</name>
      <address>
        <city>Montpellier</city>
        <state>Herault</state>
        <zip>34295</zip>
        <country>France</country>
      </address>
    </facility>
    <status>Recruiting</status>
    <contact>
      <phone>00 33 4 67 33 79 57</phone>
    </contact>
    <investigator>
      <last_name>Dr. Karim Bennys</last_name>
      <role>Principal Investigator</role>
    </investigator>
  </location>
  <location>
    <facility>
      <name>CHU Rennes - Hopital Pontchaillou</name>
      <address>
        <city>Rennes cedex 09</city>
        <state>Ille et Vilaine</state>
        <zip>35033</zip>
        <country>France</country>
      </address>
    </facility>
    <status>Recruiting</status>
  </location>
  <location>
    <facility>
      <name>CHU Nantes - Hopital Nord Laënnec</name>
      <address>
        <city>Nantes cedex 1</city>
        <state>Loire Atlantique</state>
        <zip>44093</zip>
        <country>France</country>
      </address>
    </facility>
    <status>Recruiting</status>
  </location>
  <location>
    <facility>
      <name>Hopital Roger Salengro - CHU Lille</name>
      <address>
        <city>Lille Cedex</city>
        <state>Nord</state>
        <zip>59037</zip>
        <country>France</country>
      </address>
    </facility>
    <status>Recruiting</status>
    <contact>
      <phone>+33 3 20 66 67 28</phone>
    </contact>
    <investigator>
      <last_name>Florence Pasquier</last_name>
      <role>Principal Investigator</role>
    </investigator>
  </location>
  <location>
    <facility>
      <name>Hôpital des Charpennes</name>
      <address>
        <city>Villeurbanne</city>
        <state>Rhone</state>
        <zip>69100</zip>
        <country>France</country>
      </address>
    </facility>
    <status>Recruiting</status>
    <contact>
      <phone>04.72.43.25.01</phone>
    </contact>
    <investigator>
      <last_name>Pr Krolak-Salmon</last_name>
      <role>Principal Investigator</role>
    </investigator>
  </location>
  <location>
    <facility>
      <name>Hôpital Fernand Widal</name>
      <address>
        <city>Paris</city>
        <zip>75010</zip>
        <country>France</country>
      </address>
    </facility>
    <status>Recruiting</status>
    <contact>
      <phone>+33149958494</phone>
    </contact>
    <investigator>
      <last_name>Jacques Hugon</last_name>
      <role>Principal Investigator</role>
    </investigator>
  </location>
  <location>
    <facility>
      <name>Bezirkskrankenhaus Guenzburg</name>
      <address>
        <city>Guenzburg</city>
        <state>Baden Wuerttemberg</state>
        <zip>89312</zip>
        <country>Germany</country>
      </address>
    </facility>
    <status>Recruiting</status>
  </location>
  <location>
    <facility>
      <name>ISPG - Institut fuer Studien zur Psychischen Gesundheit</name>
      <address>
        <city>Mannheim</city>
        <state>Baden Wuerttemberg</state>
        <zip>68165</zip>
        <country>Germany</country>
      </address>
    </facility>
    <status>Recruiting</status>
  </location>
  <location>
    <facility>
      <name>Nervenfachaerztlichen Gemeinschaftspraxis Ulm</name>
      <address>
        <city>Ulm</city>
        <state>Baden Wuerttemberg</state>
        <zip>89078</zip>
        <country>Germany</country>
      </address>
    </facility>
    <status>Recruiting</status>
  </location>
  <location>
    <facility>
      <name>Universitaetsklinikum Ulm</name>
      <address>
        <city>Ulm</city>
        <state>Baden Wuerttemberg</state>
        <zip>89081</zip>
        <country>Germany</country>
      </address>
    </facility>
    <status>Recruiting</status>
  </location>
  <location>
    <facility>
      <name>Klinik Hohe Warte Bayreuth</name>
      <address>
        <city>Bayreuth</city>
        <state>Bayern</state>
        <zip>95445</zip>
        <country>Germany</country>
      </address>
    </facility>
    <status>Recruiting</status>
  </location>
  <location>
    <facility>
      <name>Institut fuer Schlaganfall- und Demenzforschung (ISD)</name>
      <address>
        <city>Muenchen</city>
        <state>Bayern</state>
        <zip>81377</zip>
        <country>Germany</country>
      </address>
    </facility>
    <status>Recruiting</status>
  </location>
  <location>
    <facility>
      <name>Klinikum rechts der Isar der TU Muenchen</name>
      <address>
        <city>Muenchen</city>
        <state>Bayern</state>
        <zip>81675</zip>
        <country>Germany</country>
      </address>
    </facility>
    <status>Recruiting</status>
  </location>
  <location>
    <facility>
      <name>Neuropraxis Muenchen Sued</name>
      <address>
        <city>Unterhaching</city>
        <state>Bayern</state>
        <zip>82008</zip>
        <country>Germany</country>
      </address>
    </facility>
    <status>Recruiting</status>
  </location>
  <location>
    <facility>
      <name>Praxis Dr. Kluenemann</name>
      <address>
        <city>Wenzenbach</city>
        <state>Bayern</state>
        <zip>93173</zip>
        <country>Germany</country>
      </address>
    </facility>
    <status>Recruiting</status>
  </location>
  <location>
    <facility>
      <name>Neuro Centrum Odenwald</name>
      <address>
        <city>Erbach</city>
        <state>Hessen</state>
        <zip>64711</zip>
        <country>Germany</country>
      </address>
    </facility>
    <status>Recruiting</status>
  </location>
  <location>
    <facility>
      <name>Schwerpunktpraxis fuer Neurologie, Psychiatrie und Klinische Studien</name>
      <address>
        <city>Bielefeld</city>
        <state>Nordrhein Westfalen</state>
        <zip>33647</zip>
        <country>Germany</country>
      </address>
    </facility>
    <status>Recruiting</status>
  </location>
  <location>
    <facility>
      <name>Universitaetsklinikum Duesseldorf AoeR</name>
      <address>
        <city>Duesseldorf</city>
        <state>Nordrhein Westfalen</state>
        <zip>40629</zip>
        <country>Germany</country>
      </address>
    </facility>
    <status>Recruiting</status>
  </location>
  <location>
    <facility>
      <name>Universitaetsklinikum Muenster</name>
      <address>
        <city>Muenster</city>
        <state>Nordrhein Westfalen</state>
        <zip>48149</zip>
        <country>Germany</country>
      </address>
    </facility>
    <status>Recruiting</status>
  </location>
  <location>
    <facility>
      <name>Zentrum f. Neurologisch- Psychiatrische Studien und Begutachtung</name>
      <address>
        <city>Siegen</city>
        <state>Nordrhein Westfalen</state>
        <zip>57076</zip>
        <country>Germany</country>
      </address>
    </facility>
    <status>Recruiting</status>
  </location>
  <location>
    <facility>
      <name>Universitaetsmedizin der Johannes Gutenberg-Universitaet Mainz</name>
      <address>
        <city>Mainz</city>
        <state>Rheinland Pfalz</state>
        <zip>55131</zip>
        <country>Germany</country>
      </address>
    </facility>
    <status>Recruiting</status>
  </location>
  <location>
    <facility>
      <name>Klinikum Chemnitz gGmbH</name>
      <address>
        <city>Chemnitz</city>
        <state>Sachsen</state>
        <zip>09131</zip>
        <country>Germany</country>
      </address>
    </facility>
    <status>Recruiting</status>
  </location>
  <location>
    <facility>
      <name>Kopfzentrum Leipzig</name>
      <address>
        <city>Leipzig</city>
        <state>Sachsen</state>
        <zip>04275</zip>
        <country>Germany</country>
      </address>
    </facility>
    <status>Not yet recruiting</status>
  </location>
  <location>
    <facility>
      <name>Klinikum Altenburger Land GmbH</name>
      <address>
        <city>Altenburg</city>
        <state>Thueringen</state>
        <zip>04600</zip>
        <country>Germany</country>
      </address>
    </facility>
    <status>Recruiting</status>
  </location>
  <location>
    <facility>
      <name>emovis GmbH</name>
      <address>
        <city>Berlin</city>
        <zip>10629</zip>
        <country>Germany</country>
      </address>
    </facility>
    <status>Recruiting</status>
  </location>
  <location>
    <facility>
      <name>Neurologie im Tempelhofer Hafen</name>
      <address>
        <city>Berlin</city>
        <zip>12099</zip>
        <country>Germany</country>
      </address>
    </facility>
    <status>Recruiting</status>
    <contact>
      <last_name>Isabella Lemonnier</last_name>
      <phone>+49 30 755 123 2456</phone>
    </contact>
  </location>
  <location>
    <facility>
      <name>Ospedale degli Infermi</name>
      <address>
        <city>Ponderano</city>
        <state>Biella</state>
        <zip>13875</zip>
        <country>Italy</country>
      </address>
    </facility>
    <status>Recruiting</status>
  </location>
  <location>
    <facility>
      <name>Azienda Ospedaliera Card. G. Panico</name>
      <address>
        <city>Tricase</city>
        <state>Lecce</state>
        <zip>73039</zip>
        <country>Italy</country>
      </address>
    </facility>
    <status>Recruiting</status>
  </location>
  <location>
    <facility>
      <name>ASST di Monza</name>
      <address>
        <city>Monza</city>
        <state>Milano</state>
        <zip>20052</zip>
        <country>Italy</country>
      </address>
    </facility>
    <status>Recruiting</status>
  </location>
  <location>
    <facility>
      <name>Fondazione IRCCS Istituto Neurologico Carlo Besta</name>
      <address>
        <city>Milano</city>
        <zip>20133</zip>
        <country>Italy</country>
      </address>
    </facility>
    <status>Recruiting</status>
  </location>
  <location>
    <facility>
      <name>Azienda Ospedaliero Universitaria Policlinico Paolo Giaccone</name>
      <address>
        <city>Palermo</city>
        <zip>90100</zip>
        <country>Italy</country>
      </address>
    </facility>
    <status>Recruiting</status>
  </location>
  <location>
    <facility>
      <name>Azienda Ospedaliera di Perugia Ospedale S. Maria della Misericordia</name>
      <address>
        <city>Perugia</city>
        <zip>06156</zip>
        <country>Italy</country>
      </address>
    </facility>
    <status>Recruiting</status>
  </location>
  <location>
    <facility>
      <name>Fondazione Santa Lucia IRCCS</name>
      <address>
        <city>Roma</city>
        <zip>00179</zip>
        <country>Italy</country>
      </address>
    </facility>
    <status>Recruiting</status>
  </location>
  <location>
    <facility>
      <name>Umberto I Pol. di Roma-Università di Roma La Sapienza</name>
      <address>
        <city>Roma</city>
        <zip>00185</zip>
        <country>Italy</country>
      </address>
    </facility>
    <status>Recruiting</status>
  </location>
  <location>
    <facility>
      <name>Research Site</name>
      <address>
        <city>Obu-shi</city>
        <state>Aichi-Ken</state>
        <zip>474-8511</zip>
        <country>Japan</country>
      </address>
    </facility>
    <status>Recruiting</status>
  </location>
  <location>
    <facility>
      <name>Research Site</name>
      <address>
        <city>Toon-shi</city>
        <state>Ehime-Ken</state>
        <zip>791-0295</zip>
        <country>Japan</country>
      </address>
    </facility>
    <status>Recruiting</status>
  </location>
  <location>
    <facility>
      <name>Research Site</name>
      <address>
        <city>Fukuoka-shi</city>
        <state>Fukuoka-Ken</state>
        <zip>814-0180</zip>
        <country>Japan</country>
      </address>
    </facility>
    <status>Recruiting</status>
  </location>
  <location>
    <facility>
      <name>Research Site</name>
      <address>
        <city>Kurume-shi</city>
        <state>Fukuoka-Ken</state>
        <zip>830-0011</zip>
        <country>Japan</country>
      </address>
    </facility>
    <status>Not yet recruiting</status>
  </location>
  <location>
    <facility>
      <name>Research Site</name>
      <address>
        <city>Otake-shi</city>
        <state>Hiroshima-Ken</state>
        <zip>739-0696</zip>
        <country>Japan</country>
      </address>
    </facility>
    <status>Recruiting</status>
  </location>
  <location>
    <facility>
      <name>Research Site</name>
      <address>
        <city>Amagasaki-shi</city>
        <state>Hyogo-Ken</state>
        <zip>660-8511</zip>
        <country>Japan</country>
      </address>
    </facility>
    <status>Recruiting</status>
  </location>
  <location>
    <facility>
      <name>Research Site</name>
      <address>
        <city>Himeji-shi</city>
        <state>Hyogo-Ken</state>
        <zip>672-8043</zip>
        <country>Japan</country>
      </address>
    </facility>
    <status>Recruiting</status>
  </location>
  <location>
    <facility>
      <name>Research Site</name>
      <address>
        <city>Kobe-shi</city>
        <state>Hyogo-Ken</state>
        <zip>650-0047</zip>
        <country>Japan</country>
      </address>
    </facility>
    <status>Recruiting</status>
  </location>
  <location>
    <facility>
      <name>Research Site</name>
      <address>
        <city>Kita-gun</city>
        <state>Kagawa-Ken</state>
        <zip>761-0793</zip>
        <country>Japan</country>
      </address>
    </facility>
    <status>Not yet recruiting</status>
  </location>
  <location>
    <facility>
      <name>Research Site</name>
      <address>
        <city>Kyoto-shi</city>
        <state>Kyoto-Fu</state>
        <zip>607-8113</zip>
        <country>Japan</country>
      </address>
    </facility>
    <status>Not yet recruiting</status>
  </location>
  <location>
    <facility>
      <name>Research Site</name>
      <address>
        <city>Kyoto-shi</city>
        <state>Kyoto-Fu</state>
        <zip>616-8255</zip>
        <country>Japan</country>
      </address>
    </facility>
    <status>Not yet recruiting</status>
  </location>
  <location>
    <facility>
      <name>Research Site</name>
      <address>
        <city>Tsu-shi</city>
        <state>Mie-Ken</state>
        <zip>514-8507</zip>
        <country>Japan</country>
      </address>
    </facility>
    <status>Recruiting</status>
  </location>
  <location>
    <facility>
      <name>Research Site</name>
      <address>
        <city>Nishisonogi-gun</city>
        <state>Nagasaki-Ken</state>
        <zip>851-2103</zip>
        <country>Japan</country>
      </address>
    </facility>
    <status>Recruiting</status>
  </location>
  <location>
    <facility>
      <name>Research Site</name>
      <address>
        <city>Yufu-shi</city>
        <state>Oita-Ken</state>
        <zip>879-5593</zip>
        <country>Japan</country>
      </address>
    </facility>
    <status>Recruiting</status>
  </location>
  <location>
    <facility>
      <name>Research Site</name>
      <address>
        <city>Kurashiki-shi</city>
        <state>Okayama-Ken</state>
        <zip>710-0813</zip>
        <country>Japan</country>
      </address>
    </facility>
    <status>Recruiting</status>
  </location>
  <location>
    <facility>
      <name>Research Site</name>
      <address>
        <city>Okayama-shi</city>
        <state>Okayama-Ken</state>
        <zip>703-8265</zip>
        <country>Japan</country>
      </address>
    </facility>
    <status>Recruiting</status>
  </location>
  <location>
    <facility>
      <name>Research Site</name>
      <address>
        <city>Tsukubo-Gun</city>
        <state>Okayama-Ken</state>
        <zip>701-0304</zip>
        <country>Japan</country>
      </address>
    </facility>
    <status>Recruiting</status>
  </location>
  <location>
    <facility>
      <name>Research Site</name>
      <address>
        <city>Kishiwada-shi</city>
        <state>Osaka-Fu</state>
        <zip>596-8522</zip>
        <country>Japan</country>
      </address>
    </facility>
    <status>Not yet recruiting</status>
  </location>
  <location>
    <facility>
      <name>Research Site</name>
      <address>
        <city>Osaka-shi</city>
        <state>Osaka-Fu</state>
        <zip>530-0001</zip>
        <country>Japan</country>
      </address>
    </facility>
    <status>Recruiting</status>
  </location>
  <location>
    <facility>
      <name>Research Site</name>
      <address>
        <city>Osaka-shi</city>
        <state>Osaka-Fu</state>
        <zip>530-0005</zip>
        <country>Japan</country>
      </address>
    </facility>
    <status>Recruiting</status>
  </location>
  <location>
    <facility>
      <name>Research Site</name>
      <address>
        <city>Osaka-shi</city>
        <state>Osaka-Fu</state>
        <zip>545-8586</zip>
        <country>Japan</country>
      </address>
    </facility>
    <status>Recruiting</status>
  </location>
  <location>
    <facility>
      <name>Research Site</name>
      <address>
        <city>Osaka-shi</city>
        <state>Osaka-Fu</state>
        <zip>553-0003</zip>
        <country>Japan</country>
      </address>
    </facility>
    <status>Recruiting</status>
  </location>
  <location>
    <facility>
      <name>Research Site</name>
      <address>
        <city>Sennan-shi</city>
        <state>Osaka-Fu</state>
        <zip>590-0503</zip>
        <country>Japan</country>
      </address>
    </facility>
    <status>Recruiting</status>
  </location>
  <location>
    <facility>
      <name>Research Site</name>
      <address>
        <city>Suita-shi</city>
        <state>Osaka-Fu</state>
        <zip>565-0871</zip>
        <country>Japan</country>
      </address>
    </facility>
    <status>Recruiting</status>
  </location>
  <location>
    <facility>
      <name>Research Site</name>
      <address>
        <city>Toyonaka-Shi</city>
        <state>Osaka-Fu</state>
        <zip>560-0004</zip>
        <country>Japan</country>
      </address>
    </facility>
    <status>Recruiting</status>
  </location>
  <location>
    <facility>
      <name>Research Site</name>
      <address>
        <city>Hamamatsu-shi</city>
        <state>Shizuoka-Ken</state>
        <zip>430-8558</zip>
        <country>Japan</country>
      </address>
    </facility>
    <status>Active, not recruiting</status>
  </location>
  <location>
    <facility>
      <name>Research Site</name>
      <address>
        <city>Iwata-shi</city>
        <state>Shizuoka-Ken</state>
        <zip>438-0043</zip>
        <country>Japan</country>
      </address>
    </facility>
    <status>Recruiting</status>
  </location>
  <location>
    <facility>
      <name>Research Site</name>
      <address>
        <city>Shizuoka-shi</city>
        <state>Shizuoka-Ken</state>
        <zip>420-8688</zip>
        <country>Japan</country>
      </address>
    </facility>
    <status>Recruiting</status>
  </location>
  <location>
    <facility>
      <name>Research Site</name>
      <address>
        <city>Shizuoka-shi</city>
        <state>Shizuoka-Ken</state>
        <zip>424-8636</zip>
        <country>Japan</country>
      </address>
    </facility>
    <status>Recruiting</status>
  </location>
  <location>
    <facility>
      <name>Alzheimer Research Center</name>
      <address>
        <city>Amsterdam</city>
        <zip>1081 GM</zip>
        <country>Netherlands</country>
      </address>
    </facility>
    <status>Recruiting</status>
    <contact>
      <last_name>Kim Verheul</last_name>
      <phone>+31 20 301 71 70</phone>
    </contact>
  </location>
  <location>
    <facility>
      <name>Amphia Ziekenhuis</name>
      <address>
        <city>Breda</city>
        <zip>4818 CK</zip>
        <country>Netherlands</country>
      </address>
    </facility>
    <status>Recruiting</status>
    <contact>
      <phone>076 595 4127</phone>
    </contact>
    <investigator>
      <last_name>Dr. A. van Norden</last_name>
      <role>Principal Investigator</role>
    </investigator>
  </location>
  <location>
    <facility>
      <name>Kennemer Gasthuis, Zuid</name>
      <address>
        <city>Haarlem</city>
        <zip>2035 RC</zip>
        <country>Netherlands</country>
      </address>
    </facility>
    <status>Active, not recruiting</status>
  </location>
  <location>
    <facility>
      <name>Erasmus Medisch Centrum</name>
      <address>
        <city>Rotterdam</city>
        <zip>3015 CE</zip>
        <country>Netherlands</country>
      </address>
    </facility>
    <status>Recruiting</status>
  </location>
  <location>
    <facility>
      <name>Podlaskie Centrum Psychogeriatrii</name>
      <address>
        <city>Bialystok</city>
        <zip>15-732</zip>
        <country>Poland</country>
      </address>
    </facility>
    <status>Recruiting</status>
  </location>
  <location>
    <facility>
      <name>PALLMED Sp. z o.o.</name>
      <address>
        <city>Bydgoszcz</city>
        <zip>85-796</zip>
        <country>Poland</country>
      </address>
    </facility>
    <status>Recruiting</status>
  </location>
  <location>
    <facility>
      <name>COPERNICUS Podmiot Leczniczy Sp. z o. o.,</name>
      <address>
        <city>Gdansk</city>
        <zip>80-803</zip>
        <country>Poland</country>
      </address>
    </facility>
    <status>Recruiting</status>
  </location>
  <location>
    <facility>
      <name>Uniwersyteckie Centrum Kliniczne</name>
      <address>
        <city>Gdansk</city>
        <country>Poland</country>
      </address>
    </facility>
    <status>Recruiting</status>
  </location>
  <location>
    <facility>
      <name>Novo-Med Zielinski i wspolnicy Sp. j.</name>
      <address>
        <city>Katowice</city>
        <zip>40-650</zip>
        <country>Poland</country>
      </address>
    </facility>
    <status>Recruiting</status>
  </location>
  <location>
    <facility>
      <name>Neuro-Care Site Management Organization Gabriela Klodowska-Duda</name>
      <address>
        <city>Katowice</city>
        <zip>40-749</zip>
        <country>Poland</country>
      </address>
    </facility>
    <status>Recruiting</status>
  </location>
  <location>
    <facility>
      <name>SPZOZ Szpital Uniwersytecki w Krakowie</name>
      <address>
        <city>Krakow</city>
        <zip>31-501</zip>
        <country>Poland</country>
      </address>
    </facility>
    <status>Not yet recruiting</status>
  </location>
  <location>
    <facility>
      <name>SPZOZ Centralny Szpital Kliniczny UM w Lodzi</name>
      <address>
        <city>Lodz</city>
        <zip>92-216</zip>
        <country>Poland</country>
      </address>
    </facility>
    <status>Recruiting</status>
  </location>
  <location>
    <facility>
      <name>Centrum Diagnostyczno - Terapeutyczne &quot;MEDICUS&quot; Sp.z o.o.</name>
      <address>
        <city>Lubin</city>
        <zip>59-300</zip>
        <country>Poland</country>
      </address>
    </facility>
    <status>Recruiting</status>
  </location>
  <location>
    <facility>
      <name>Samodzielny Publiczny Szpital Kliniczny Nr 4 w Lublinie</name>
      <address>
        <city>Lublin</city>
        <zip>20-950</zip>
        <country>Poland</country>
      </address>
    </facility>
    <status>Recruiting</status>
  </location>
  <location>
    <facility>
      <name>Neurologiczny NZOZ Centrum Leczenia SM</name>
      <address>
        <city>Plewiska</city>
        <zip>62-064</zip>
        <country>Poland</country>
      </address>
    </facility>
    <status>Recruiting</status>
  </location>
  <location>
    <facility>
      <name>NZOZ &quot;NEURO-KARD&quot;, &quot;Ilkowski i Partnerzy&quot; Sp. Partn. Lek.</name>
      <address>
        <city>Poznan</city>
        <zip>61-853</zip>
        <country>Poland</country>
      </address>
    </facility>
    <status>Recruiting</status>
  </location>
  <location>
    <facility>
      <name>Centrum Medyczne Medyk</name>
      <address>
        <city>Rzeszow</city>
        <zip>35-055</zip>
        <country>Poland</country>
      </address>
    </facility>
    <status>Recruiting</status>
  </location>
  <location>
    <facility>
      <name>NZOZ &quot;SENIOR&quot; Poradnia Psychogeriatryczna</name>
      <address>
        <city>Sopot</city>
        <zip>81-855</zip>
        <country>Poland</country>
      </address>
    </facility>
    <status>Recruiting</status>
  </location>
  <location>
    <facility>
      <name>Osrodek Badan Klinicznych EUROMEDIS</name>
      <address>
        <city>Szczecin</city>
        <zip>70-111</zip>
        <country>Poland</country>
      </address>
    </facility>
    <status>Recruiting</status>
  </location>
  <location>
    <facility>
      <name>mMED Maciej Czarnecki</name>
      <address>
        <city>Warszawa</city>
        <zip>01-697</zip>
        <country>Poland</country>
      </address>
    </facility>
    <status>Recruiting</status>
  </location>
  <location>
    <facility>
      <name>Centralny Szpital Kliniczny MSW w Warszawie</name>
      <address>
        <city>Warszawa</city>
        <zip>02-507</zip>
        <country>Poland</country>
      </address>
    </facility>
    <status>Recruiting</status>
  </location>
  <location>
    <facility>
      <name>Wojewodzki Szpital Specjalistyczny we Wroclawiu</name>
      <address>
        <city>Wroclaw</city>
        <zip>51-124</zip>
        <country>Poland</country>
      </address>
    </facility>
    <status>Active, not recruiting</status>
  </location>
  <location>
    <facility>
      <name>Hospital General Universitario de Elche</name>
      <address>
        <city>Elche</city>
        <state>Alicante</state>
        <zip>3203</zip>
        <country>Spain</country>
      </address>
    </facility>
    <status>Recruiting</status>
  </location>
  <location>
    <facility>
      <name>ALTHAIA Hospital Sant Joan de Deu</name>
      <address>
        <city>Manresa</city>
        <state>Barcelona</state>
        <zip>08243</zip>
        <country>Spain</country>
      </address>
    </facility>
    <status>Recruiting</status>
  </location>
  <location>
    <facility>
      <name>Complejo Hospitalario de Caceres</name>
      <address>
        <city>Caceres</city>
        <state>Cáceres</state>
        <zip>10003</zip>
        <country>Spain</country>
      </address>
    </facility>
    <status>Active, not recruiting</status>
  </location>
  <location>
    <facility>
      <name>Hospital Universitario Reina Sofía</name>
      <address>
        <city>Cordoba</city>
        <state>Córdoba</state>
        <zip>14011</zip>
        <country>Spain</country>
      </address>
    </facility>
    <status>Recruiting</status>
  </location>
  <location>
    <facility>
      <name>Clinica Universidad de Navarra</name>
      <address>
        <city>Pamplona</city>
        <state>Navarra</state>
        <zip>31008</zip>
        <country>Spain</country>
      </address>
    </facility>
    <status>Recruiting</status>
    <contact>
      <phone>+34 948 255400</phone>
      <phone_ext>3595</phone_ext>
    </contact>
    <investigator>
      <last_name>Mario Riverol</last_name>
      <role>Principal Investigator</role>
    </investigator>
  </location>
  <location>
    <facility>
      <name>Hospital de Basurto</name>
      <address>
        <city>Bilbao</city>
        <state>Vizcaya</state>
        <zip>48013</zip>
        <country>Spain</country>
      </address>
    </facility>
    <status>Recruiting</status>
  </location>
  <location>
    <facility>
      <name>Hospital del Mar</name>
      <address>
        <city>Barcelona</city>
        <zip>08003</zip>
        <country>Spain</country>
      </address>
    </facility>
    <status>Recruiting</status>
  </location>
  <location>
    <facility>
      <name>Hospital Universitari Quiron Dexeus</name>
      <address>
        <city>Barcelona</city>
        <zip>08028</zip>
        <country>Spain</country>
      </address>
    </facility>
    <status>Recruiting</status>
  </location>
  <location>
    <facility>
      <name>Hospital Universitari de Bellvitge</name>
      <address>
        <city>Barcelona</city>
        <zip>8907</zip>
        <country>Spain</country>
      </address>
    </facility>
    <status>Recruiting</status>
  </location>
  <location>
    <facility>
      <name>Hospital Universitari Arnau de Vilanova</name>
      <address>
        <city>Lleida</city>
        <zip>25198</zip>
        <country>Spain</country>
      </address>
    </facility>
    <status>Recruiting</status>
  </location>
  <location>
    <facility>
      <name>Hospital Universitario de La Princesa</name>
      <address>
        <city>Madrid</city>
        <zip>28006</zip>
        <country>Spain</country>
      </address>
    </facility>
    <status>Not yet recruiting</status>
  </location>
  <location>
    <facility>
      <name>Hospital Universitario Virgen Macarena</name>
      <address>
        <city>Sevilla</city>
        <zip>41009</zip>
        <country>Spain</country>
      </address>
    </facility>
    <status>Recruiting</status>
  </location>
  <location>
    <facility>
      <name>Skånes Universitetssjukhus, Malmö</name>
      <address>
        <city>Malmö</city>
        <zip>20502</zip>
        <country>Sweden</country>
      </address>
    </facility>
    <status>Recruiting</status>
  </location>
  <location>
    <facility>
      <name>Sahlgrenska Universitetssjukhuset, Mölndal Sjukhus</name>
      <address>
        <city>Mölndal</city>
        <zip>43141</zip>
        <country>Sweden</country>
      </address>
    </facility>
    <status>Recruiting</status>
  </location>
  <location>
    <facility>
      <name>Karolinska Universitetssjukhuset, Huddinge</name>
      <address>
        <city>Stockholm</city>
        <zip>14186</zip>
        <country>Sweden</country>
      </address>
    </facility>
    <status>Recruiting</status>
    <contact>
      <phone>+46 858585468</phone>
    </contact>
    <investigator>
      <last_name>Niels Andreasen</last_name>
      <role>Principal Investigator</role>
    </investigator>
  </location>
  <location>
    <facility>
      <name>Akademiska Sjukhuset</name>
      <address>
        <city>Uppsala</city>
        <zip>75185</zip>
        <country>Sweden</country>
      </address>
    </facility>
    <status>Recruiting</status>
  </location>
  <location>
    <facility>
      <name>Universitären Psychiatrischen Kliniken Basel (UPK)</name>
      <address>
        <city>Basel</city>
        <zip>4025</zip>
        <country>Switzerland</country>
      </address>
    </facility>
    <status>Recruiting</status>
  </location>
  <location>
    <facility>
      <name>Inselspital - Universitaetsspital Bern</name>
      <address>
        <city>Bern</city>
        <country>Switzerland</country>
      </address>
    </facility>
    <status>Recruiting</status>
  </location>
  <location>
    <facility>
      <name>Medizinisches Zentrum MZB Biel</name>
      <address>
        <city>Biel/Bienne</city>
        <zip>2502</zip>
        <country>Switzerland</country>
      </address>
    </facility>
    <status>Recruiting</status>
  </location>
  <location>
    <facility>
      <name>Hôpitaux Universitaires de Genève - HUG</name>
      <address>
        <city>Geneve 14</city>
        <zip>1211</zip>
        <country>Switzerland</country>
      </address>
    </facility>
    <status>Recruiting</status>
  </location>
  <location>
    <facility>
      <name>Centre Hospitalier Universitaire Vaudois</name>
      <address>
        <city>Lausanne</city>
        <zip>CH-1011</zip>
        <country>Switzerland</country>
      </address>
    </facility>
    <status>Recruiting</status>
    <contact>
      <phone>+41 21 314 97 19</phone>
    </contact>
    <investigator>
      <last_name>Prof. Jean-Francois Demonet</last_name>
      <role>Principal Investigator</role>
    </investigator>
  </location>
  <location>
    <facility>
      <name>Ospedale Civico</name>
      <address>
        <city>Lugano</city>
        <zip>6903</zip>
        <country>Switzerland</country>
      </address>
    </facility>
    <status>Recruiting</status>
  </location>
  <location>
    <facility>
      <name>Institut fuer Regenerative Medizin (IREM) der Universitaet Zuerich, Zentrum fuer Praevention und Demenztherapie</name>
      <address>
        <city>Schlieren</city>
        <zip>8952</zip>
        <country>Switzerland</country>
      </address>
    </facility>
    <status>Recruiting</status>
  </location>
  <location_countries>
    <country>Belgium</country>
    <country>Canada</country>
    <country>Finland</country>
    <country>France</country>
    <country>Germany</country>
    <country>Italy</country>
    <country>Japan</country>
    <country>Netherlands</country>
    <country>Poland</country>
    <country>Spain</country>
    <country>Sweden</country>
    <country>Switzerland</country>
    <country>United States</country>
  </location_countries>
  <removed_countries>
    <country>Czech Republic</country>
    <country>United Kingdom</country>
  </removed_countries>
  <link>
    <url>https://www.engageandemerge.com/</url>
    <description>US Residents may click here to find out more about participation in this trial</description>
  </link>
  <verification_date>October 2017</verification_date>
  <!-- Old date names will be dropped in a few months (sometime in 2018)                        -->
  <lastchanged_date>October 1, 2017</lastchanged_date>
  <firstreceived_date>June 18, 2015</firstreceived_date>
  <!-- New date names                                                                           -->
  <study_first_submitted>June 18, 2015</study_first_submitted>
  <study_first_submitted_qc>June 26, 2015</study_first_submitted_qc>
  <study_first_posted type="Estimate">June 29, 2015</study_first_posted>
  <last_update_submitted>October 1, 2017</last_update_submitted>
  <last_update_submitted_qc>October 1, 2017</last_update_submitted_qc>
  <last_update_posted type="Actual">October 3, 2017</last_update_posted>
  <!-- End of dates                                                                             -->
  <responsible_party>
    <responsible_party_type>Sponsor</responsible_party_type>
  </responsible_party>
  <keyword>Aducanumab</keyword>
  <keyword>BIIB037</keyword>
  <condition_browse>
    <!-- CAUTION:  The following MeSH terms are assigned with an imperfect algorithm            -->
    <mesh_term>Alzheimer Disease</mesh_term>
  </condition_browse>
  <!-- Results have not yet been posted for this study                                          -->
</clinical_study>

