<?xml version="1.0" encoding="UTF-8"?>
<clinical_study rank="18">
  <!-- This xml conforms to an XML Schema at:
    https://clinicaltrials.gov/ct2/html/images/info/public.xsd -->
  <required_header>
    <download_date>ClinicalTrials.gov processed this data on November 07, 2017</download_date>
    <link_text>Link to the current ClinicalTrials.gov record.</link_text>
    <url>https://clinicaltrials.gov/show/NCT02158910</url>
  </required_header>
  <id_info>
    <org_study_id>ART-M082-601</org_study_id>
    <nct_id>NCT02158910</nct_id>
  </id_info>
  <brief_title>A Plan on Investigation and Collection of Aricept Safety Information With a Dose Increase on Alzheimer's Disease Patients</brief_title>
  <acronym>AID</acronym>
  <official_title>A Plan on Investigation and Collection of Aricept Safety Information With a Dose Increase on Alzheimer's Disease Patients</official_title>
  <sponsors>
    <lead_sponsor>
      <agency>Eisai Korea Inc.</agency>
      <agency_class>Industry</agency_class>
    </lead_sponsor>
  </sponsors>
  <source>Eisai Inc.</source>
  <oversight_info>
    <has_dmc>No</has_dmc>
  </oversight_info>
  <brief_summary>
    <textblock>
      The purpose of the study is for investigation and collection of Aricept safety information
      with a dose increase on Alzheimer's disease patients.
    </textblock>
  </brief_summary>
  <detailed_description>
    <textblock>
      This is an observational study to systematically investigate domestic patients with
      Alzheimer's disease to figure out the safety under a situation of the use of Donepezil HCl
      23mg. Additionally, if the dose of Donepezil HCl increase, there is need to examine the
      safety of Donepezil HCl 23mg in depth for patients with Alzheimer's disease by comparing
      aspects of occurring adverse events by the type of Donepezil HCl increase.
    </textblock>
  </detailed_description>
  <overall_status>Completed</overall_status>
  <start_date type="Actual">March 2015</start_date>
  <completion_date type="Actual">June 2016</completion_date>
  <primary_completion_date type="Actual">June 2016</primary_completion_date>
  <phase>N/A</phase>
  <study_type>Observational</study_type>
  <has_expanded_access>No</has_expanded_access>
  <study_design_info>
    <observational_model>Case-Only</observational_model>
    <time_perspective>Prospective</time_perspective>
  </study_design_info>
  <primary_outcome>
    <measure>Safety and tolerability due to an increase of Aricept in patients with Alzheimer's disease.</measure>
    <time_frame>Up to 12 Weeks</time_frame>
    <description>The aspects of adverse events between those who have increased Aricept dosage from 5mg to 10mg and those who have increased Aricept dosage from 10mg to 23mg will be compared. The subjects will be observed at least more than 12 weeks after Aricept administration. The patients who have obtained safety information through a visit after Aricept administration at least once will be selected as the subjects who can be assessed under the status of use.</description>
  </primary_outcome>
  <number_of_groups>2</number_of_groups>
  <enrollment type="Actual">2231</enrollment>
  <condition>Alzheimer's Disease</condition>
  <arm_group>
    <arm_group_label>Aricept Group 1</arm_group_label>
    <description>Subjects starting at 5 mg Aricept and increasing their dose to 10 mg Aricept</description>
  </arm_group>
  <arm_group>
    <arm_group_label>Aricept Group 2</arm_group_label>
    <description>Subject starting at 10 mg Aricept and increasing their dose to 23 mg Aricept</description>
  </arm_group>
  <intervention>
    <intervention_type>Drug</intervention_type>
    <intervention_name>Aricept</intervention_name>
    <description>5 mg Aricept increasing dose to 10 mg Aricept, or 10 mg Aricept increasing dose to 23 mg Aricept</description>
    <arm_group_label>Aricept Group 1</arm_group_label>
    <arm_group_label>Aricept Group 2</arm_group_label>
  </intervention>
  <eligibility>
    <study_pop>
      <textblock>
        Patients with Alzheimer's disease
      </textblock>
    </study_pop>
    <sampling_method>Non-Probability Sample</sampling_method>
    <criteria>
      <textblock>
        Inclusion Criteria

          1. Patients who admitted the reading and using of his/her biographical and medical data
             by word

          2. Patients who maintained Aricept dosage for at least 3 months before involved in the
             study

        Exclusion Criteria

          1. Hypersensitivity to the active substance or to any of the excipients

          2. Breast feeding

          3. Pregnancy
      </textblock>
    </criteria>
    <gender>All</gender>
    <minimum_age>N/A</minimum_age>
    <maximum_age>N/A</maximum_age>
    <healthy_volunteers>No</healthy_volunteers>
  </eligibility>
  <location>
    <facility>
      <address>
        <city>Busan</city>
        <country>Korea, Republic of</country>
      </address>
    </facility>
  </location>
  <location>
    <facility>
      <address>
        <city>Chungcheongbuk-do</city>
        <country>Korea, Republic of</country>
      </address>
    </facility>
  </location>
  <location>
    <facility>
      <address>
        <city>Chungcheongnam-do</city>
        <country>Korea, Republic of</country>
      </address>
    </facility>
  </location>
  <location>
    <facility>
      <address>
        <city>Daegu</city>
        <country>Korea, Republic of</country>
      </address>
    </facility>
  </location>
  <location>
    <facility>
      <address>
        <city>Gangwon-do</city>
        <country>Korea, Republic of</country>
      </address>
    </facility>
  </location>
  <location>
    <facility>
      <address>
        <city>Gwangju</city>
        <country>Korea, Republic of</country>
      </address>
    </facility>
  </location>
  <location>
    <facility>
      <address>
        <city>Gyeonggji-do</city>
        <country>Korea, Republic of</country>
      </address>
    </facility>
  </location>
  <location>
    <facility>
      <address>
        <city>Gyeongsangbuk-do</city>
        <country>Korea, Republic of</country>
      </address>
    </facility>
  </location>
  <location>
    <facility>
      <address>
        <city>Gyeongsangnam-do</city>
        <country>Korea, Republic of</country>
      </address>
    </facility>
  </location>
  <location>
    <facility>
      <address>
        <city>Jeju-do</city>
        <country>Korea, Republic of</country>
      </address>
    </facility>
  </location>
  <location>
    <facility>
      <address>
        <city>Jeollabuk-do</city>
        <country>Korea, Republic of</country>
      </address>
    </facility>
  </location>
  <location>
    <facility>
      <address>
        <city>Jeollanam-do</city>
        <country>Korea, Republic of</country>
      </address>
    </facility>
  </location>
  <location>
    <facility>
      <address>
        <city>Seoul</city>
        <country>Korea, Republic of</country>
      </address>
    </facility>
  </location>
  <location_countries>
    <country>Korea, Republic of</country>
  </location_countries>
  <verification_date>February 2017</verification_date>
  <!-- Old date names will be dropped in a few months (sometime in 2018)                        -->
  <lastchanged_date>March 6, 2017</lastchanged_date>
  <firstreceived_date>June 5, 2014</firstreceived_date>
  <!-- New date names                                                                           -->
  <study_first_submitted>June 5, 2014</study_first_submitted>
  <study_first_submitted_qc>June 5, 2014</study_first_submitted_qc>
  <study_first_posted type="Estimate">June 9, 2014</study_first_posted>
  <last_update_submitted>March 6, 2017</last_update_submitted>
  <last_update_submitted_qc>March 6, 2017</last_update_submitted_qc>
  <last_update_posted type="Actual">March 7, 2017</last_update_posted>
  <!-- End of dates                                                                             -->
  <responsible_party>
    <responsible_party_type>Sponsor</responsible_party_type>
  </responsible_party>
  <keyword>Alzheimer's disease</keyword>
  <condition_browse>
    <!-- CAUTION:  The following MeSH terms are assigned with an imperfect algorithm            -->
    <mesh_term>Alzheimer Disease</mesh_term>
  </condition_browse>
  <intervention_browse>
    <!-- CAUTION:  The following MeSH terms are assigned with an imperfect algorithm            -->
    <mesh_term>Donepezil</mesh_term>
  </intervention_browse>
  <!-- Results have not yet been posted for this study                                          -->
</clinical_study>

