<?xml version="1.0" encoding="UTF-8"?>
<clinical_study rank="266">
  <!-- This xml conforms to an XML Schema at:
    https://clinicaltrials.gov/ct2/html/images/info/public.xsd -->
  <required_header>
    <download_date>ClinicalTrials.gov processed this data on November 07, 2017</download_date>
    <link_text>Link to the current ClinicalTrials.gov record.</link_text>
    <url>https://clinicaltrials.gov/show/NCT03325205</url>
  </required_header>
  <id_info>
    <org_study_id>2017/794 (REK)</org_study_id>
    <nct_id>NCT03325205</nct_id>
  </id_info>
  <brief_title>MR Guided tDCS in Alzheimer's Disease</brief_title>
  <official_title>MR Guided tDCS: The Effect of Repeated Transcranial Direct Current Stimulation on Cognitive Functioning in Alzheimer's Disease</official_title>
  <sponsors>
    <lead_sponsor>
      <agency>University of Tromso</agency>
      <agency_class>Other</agency_class>
    </lead_sponsor>
    <collaborator>
      <agency>Helse Nord</agency>
      <agency_class>Industry</agency_class>
    </collaborator>
  </sponsors>
  <source>University of Tromso</source>
  <oversight_info>
    <has_dmc>No</has_dmc>
    <is_fda_regulated_drug>No</is_fda_regulated_drug>
    <is_fda_regulated_device>No</is_fda_regulated_device>
  </oversight_info>
  <brief_summary>
    <textblock>
      The purpose of the study is to investigate the effect of High Density- tDCS (HD- tDCS) on
      cognitive function in Alzheimer's Disease. One anode and four return electrodes are placed
      over DLPFC, where low intensity current (2mA) is induced to the surface of the scalp.
      Electrode placement is individualized for each participant. Participants will undergo 15
      stimulations, with a duration of 20 minutes each. All patients will undergo
      neuropsychological assessment and MRI evaluation.
    </textblock>
  </brief_summary>
  <detailed_description>
    <textblock>
      The project will be run as a Randomized Controlled Trial (RCT), where patients will be
      randomized to receive either active anodal tDCS or sham tDCS. The performance on
      neuropsychological tests will be the primary outcome variables in the present project. In
      addition, whole brain MRI volume measures will be used to measure specific effects of tDCS
      treatment. Electrode placement is individualized for each participant with brain modeling
      techniques.
    </textblock>
  </detailed_description>
  <overall_status>Recruiting</overall_status>
  <start_date type="Actual">August 22, 2017</start_date>
  <completion_date type="Anticipated">December 30, 2020</completion_date>
  <primary_completion_date type="Anticipated">June 30, 2019</primary_completion_date>
  <phase>N/A</phase>
  <study_type>Interventional</study_type>
  <has_expanded_access>No</has_expanded_access>
  <study_design_info>
    <allocation>Randomized</allocation>
    <intervention_model>Parallel Assignment</intervention_model>
    <primary_purpose>Treatment</primary_purpose>
    <masking>Quadruple (Participant, Care Provider, Investigator, Outcomes Assessor)</masking>
  </study_design_info>
  <primary_outcome>
    <measure>Performance on Neuropsychological tests</measure>
    <time_frame>4 months</time_frame>
    <description>Compare scores before and after tDCS stimulation</description>
  </primary_outcome>
  <secondary_outcome>
    <measure>Hippocampal volume</measure>
    <time_frame>4 months</time_frame>
    <description>Compare performance on neuropsychological tests to hippocampal volume. Here we are looking at correlations between hippocampal thickness, performance on neuropsychological tests and effect of tDCS.</description>
  </secondary_outcome>
  <number_of_arms>2</number_of_arms>
  <enrollment type="Anticipated">30</enrollment>
  <condition>Alzheimer's Disease</condition>
  <arm_group>
    <arm_group_label>Active tDCS</arm_group_label>
    <arm_group_type>Experimental</arm_group_type>
    <description>Participants receive anodal tDCS over DLPFC. Each sessions lasts for 20 minutes, with a total of 15 stimulations: 6 acute sessions, 9 maintenance sessions.</description>
  </arm_group>
  <arm_group>
    <arm_group_label>Sham tDCS</arm_group_label>
    <arm_group_type>Sham Comparator</arm_group_type>
    <description>Participants receive sham tDCS over DLPFC. Each sessions lasts for 20 minutes, with a total of 15 stimulations: 6 acute sessions, 9 maintenance sessions.</description>
  </arm_group>
  <intervention>
    <intervention_type>Other</intervention_type>
    <intervention_name>Anodal tDCS</intervention_name>
    <description>Anodal Transcranial direct current stimulation (tDCS) is a non- invasive brain stimulation technique. Low intensity current (1-2 mA) is induced to increase excitability, stimulate plasticity and enhance cognitive functions.</description>
    <arm_group_label>Active tDCS</arm_group_label>
  </intervention>
  <intervention>
    <intervention_type>Other</intervention_type>
    <intervention_name>Sham tDCS</intervention_name>
    <description>The electrodes are placed over the same areas as in the anodal tDCS condition. Participants will receive sham tDCS instead of anodal tDCS</description>
    <arm_group_label>Sham tDCS</arm_group_label>
  </intervention>
  <eligibility>
    <criteria>
      <textblock>
        Inclusion Criteria:

          -  Alzheimer's Disease, mild and moderate stage

        Exclusion Criteria:

          -  Other neurological diseases or injuries

          -  Stroke

          -  Cancer

          -  Psychiatric disorders (moderate/ severe depression, psychosis)
      </textblock>
    </criteria>
    <gender>All</gender>
    <minimum_age>50 Years</minimum_age>
    <maximum_age>85 Years</maximum_age>
    <healthy_volunteers>No</healthy_volunteers>
  </eligibility>
  <overall_official>
    <last_name>Per M Aslaksen, Professor</last_name>
    <role>Principal Investigator</role>
    <affiliation>University of Tromso</affiliation>
  </overall_official>
  <overall_contact>
    <last_name>Ingrid D. Rasmussen, Cand.psychol</last_name>
    <phone>004777620809</phone>
    <email>ingrid.d.rasmussen@uit.no</email>
  </overall_contact>
  <location>
    <facility>
      <name>Department of Psychology, University of Northern Norway</name>
      <address>
        <city>Tromsø</city>
        <country>Norway</country>
      </address>
    </facility>
    <status>Recruiting</status>
    <contact>
      <last_name>Per M. Aslaksen, Professor</last_name>
      <phone>004777649234</phone>
      <email>per.m.aslaksen@uit.no</email>
    </contact>
    <contact_backup>
      <last_name>Ingrid D. Rasmussen, Cand.psych.</last_name>
      <phone>004777620809</phone>
      <email>ingrid.d.rasmussen@uit.no</email>
    </contact_backup>
  </location>
  <location_countries>
    <country>Norway</country>
  </location_countries>
  <verification_date>October 2017</verification_date>
  <!-- Old date names will be dropped in a few months (sometime in 2018)                        -->
  <lastchanged_date>October 24, 2017</lastchanged_date>
  <firstreceived_date>September 4, 2017</firstreceived_date>
  <!-- New date names                                                                           -->
  <study_first_submitted>September 4, 2017</study_first_submitted>
  <study_first_submitted_qc>October 24, 2017</study_first_submitted_qc>
  <study_first_posted type="Actual">October 30, 2017</study_first_posted>
  <last_update_submitted>October 24, 2017</last_update_submitted>
  <last_update_submitted_qc>October 24, 2017</last_update_submitted_qc>
  <last_update_posted type="Actual">October 30, 2017</last_update_posted>
  <!-- End of dates                                                                             -->
  <responsible_party>
    <responsible_party_type>Sponsor</responsible_party_type>
  </responsible_party>
  <keyword>Transcranial direct current stimulation</keyword>
  <keyword>Neuromodulation</keyword>
  <keyword>Individualizing brain stimulation</keyword>
  <keyword>Neuropsychology</keyword>
  <condition_browse>
    <!-- CAUTION:  The following MeSH terms are assigned with an imperfect algorithm            -->
    <mesh_term>Alzheimer Disease</mesh_term>
  </condition_browse>
  <!-- Results have not yet been posted for this study                                          -->
</clinical_study>

