<?xml version="1.0" encoding="UTF-8"?>
<clinical_study rank="265">
  <!-- This xml conforms to an XML Schema at:
    https://clinicaltrials.gov/ct2/html/images/info/public.xsd -->
  <required_header>
    <download_date>ClinicalTrials.gov processed this data on November 07, 2017</download_date>
    <link_text>Link to the current ClinicalTrials.gov record.</link_text>
    <url>https://clinicaltrials.gov/show/NCT02414347</url>
  </required_header>
  <id_info>
    <org_study_id>IND 123119 Protocol A</org_study_id>
    <nct_id>NCT02414347</nct_id>
  </id_info>
  <brief_title>F 18 T807 Tau PET Imaging of Alzheimer's Disease</brief_title>
  <acronym>T807IND</acronym>
  <official_title>F 18 T807 Tau PET Imaging of Alzheimer's Disease [IND# 123119] Protocol A</official_title>
  <sponsors>
    <lead_sponsor>
      <agency>Washington University School of Medicine</agency>
      <agency_class>Other</agency_class>
    </lead_sponsor>
  </sponsors>
  <source>Washington University School of Medicine</source>
  <oversight_info>
    <has_dmc>No</has_dmc>
  </oversight_info>
  <brief_summary>
    <textblock>
      This project will collect quantitative pilot data that will allow the characterization of
      uptake and binding of 18F-AV-1451 (also known as F 18 T807), a novel tau imaging compound, in
      individuals with and without brain tau fibrils. The primary goal is to develop tau imaging
      technique as an antecedent biomarker of cognitive decline. The investigators propose to
      obtain preliminary data that will support the possibility of detecting cognitive decline in
      its earliest stages, before the occurrence of dementia.
    </textblock>
  </brief_summary>
  <overall_status>Recruiting</overall_status>
  <start_date>October 2014</start_date>
  <completion_date type="Anticipated">December 2019</completion_date>
  <primary_completion_date type="Anticipated">October 2019</primary_completion_date>
  <phase>Phase 2</phase>
  <study_type>Interventional</study_type>
  <has_expanded_access>No</has_expanded_access>
  <study_design_info>
    <intervention_model>Single Group Assignment</intervention_model>
    <primary_purpose>Diagnostic</primary_purpose>
    <masking>None (Open Label)</masking>
  </study_design_info>
  <primary_outcome>
    <measure>F 18 T807 Standard Uptake Value Ratios (SUVR) will be correlated with other imaging modalities (MRI, PET amyloid imaging) and cognitive performance.</measure>
    <time_frame>5 years</time_frame>
  </primary_outcome>
  <number_of_arms>1</number_of_arms>
  <enrollment type="Anticipated">100</enrollment>
  <condition>Alzheimer Disease</condition>
  <arm_group>
    <arm_group_label>Experimental F 18 T807</arm_group_label>
    <arm_group_type>Experimental</arm_group_type>
  </arm_group>
  <intervention>
    <intervention_type>Drug</intervention_type>
    <intervention_name>F 18 T807</intervention_name>
    <description>Participants will receive a single intravenous bolus injection of approximately 6.5-10mCi (240-370MBq) of F 18 T807. For those who cannot tolerate the full exam, participants will receive single intravenous bolus injection of approximately 6.5-10mCi (240-370MBq) of F 18 T807.</description>
    <arm_group_label>Experimental F 18 T807</arm_group_label>
    <other_name>18F-AV-1451</other_name>
  </intervention>
  <eligibility>
    <criteria>
      <textblock>
        Inclusion Criteria:

          1. Male or female participants, at least 18 years of age.

          2. Cognitively normal, or with mild dementia, as assessed clinically

          3. Participant is able and willing to undergo testing (MRI or CT, PET, radioactive tracer
             injection, LP; for those unable to undergo an MRI, CT will be used to generate
             regions-of-interest).

          4. Pre-menopausal women will undergo a urine pregnancy test within 24 hours of drug
             administration.

        Exclusion Criteria:

          1. Has any condition that, in the Investigator's opinion, could increase risk to the
             participant, limit the participant's ability to tolerate the experimental procedures,
             or interfere with the collection/analysis of the data (for example, participants with
             severe chronic back pain might not be able to lie still during the scanning
             procedures).

          2. Is deemed likely unable to perform the imaging procedures for any reason.

          3. Has a high risk for Torsades de Pointes or is taking medications known to prolong QT
             interval.

          4. Has hypersensitivity to F 18 T807 or any of its excipients.

          5. Contraindications to PET, PET-CT or MR (e.g. electronic medical devices, inability to
             lie still for long periods) that make it unsafe for the individual to participate.

          6. Severe claustrophobia.

          7. Currently pregnant or breast-feeding.

          8. For those electing to undergo the optional lumbar puncture: currently on anticoagulant
             of any form -
      </textblock>
    </criteria>
    <gender>All</gender>
    <minimum_age>18 Years</minimum_age>
    <maximum_age>N/A</maximum_age>
    <healthy_volunteers>No</healthy_volunteers>
  </eligibility>
  <overall_official>
    <last_name>Tammie Benzinger, MD, PhD</last_name>
    <role>Principal Investigator</role>
    <affiliation>Washington University School of Medicine</affiliation>
  </overall_official>
  <overall_contact>
    <last_name>Kelley Jackson, BA</last_name>
    <phone>314 362 6737</phone>
    <email>jacksonk@mir.wustl.edu</email>
  </overall_contact>
  <location>
    <facility>
      <name>Washington University School of Medicine</name>
      <address>
        <city>Saint Louis</city>
        <state>Missouri</state>
        <zip>63110</zip>
        <country>United States</country>
      </address>
    </facility>
    <status>Recruiting</status>
    <contact>
      <last_name>Kelley Jackson</last_name>
      <phone>314-362-6737</phone>
      <email>jacksonk@wustl.edu</email>
    </contact>
  </location>
  <location_countries>
    <country>United States</country>
  </location_countries>
  <verification_date>May 2017</verification_date>
  <!-- Old date names will be dropped in a few months (sometime in 2018)                        -->
  <lastchanged_date>May 9, 2017</lastchanged_date>
  <firstreceived_date>April 7, 2015</firstreceived_date>
  <!-- New date names                                                                           -->
  <study_first_submitted>April 7, 2015</study_first_submitted>
  <study_first_submitted_qc>April 9, 2015</study_first_submitted_qc>
  <study_first_posted type="Estimate">April 10, 2015</study_first_posted>
  <last_update_submitted>May 9, 2017</last_update_submitted>
  <last_update_submitted_qc>May 9, 2017</last_update_submitted_qc>
  <last_update_posted type="Actual">May 10, 2017</last_update_posted>
  <!-- End of dates                                                                             -->
  <responsible_party>
    <responsible_party_type>Principal Investigator</responsible_party_type>
    <investigator_affiliation>Washington University School of Medicine</investigator_affiliation>
    <investigator_full_name>Tammie Benzinger</investigator_full_name>
    <investigator_title>Associate Professor of Radiology &amp; Neurological Surgery</investigator_title>
  </responsible_party>
  <keyword>Dementia</keyword>
  <keyword>Tauopathies</keyword>
  <keyword>Brain Diseases</keyword>
  <keyword>Central Nervous System Diseases</keyword>
  <keyword>Mild Cognitive Impairment</keyword>
  <keyword>Nervous System Diseases</keyword>
  <keyword>Neurodegenerative Disease</keyword>
  <condition_browse>
    <!-- CAUTION:  The following MeSH terms are assigned with an imperfect algorithm            -->
    <mesh_term>Alzheimer Disease</mesh_term>
  </condition_browse>
  <patient_data>
    <sharing_ipd>Yes</sharing_ipd>
    <ipd_description>We will share the data with other researchers. They may be doing research in areas similar to this research or in other unrelated areas. These researchers may be at Washington University, at other research centers and institutions, or industry sponsors of research. We may also share the research data with large data repositories (a repository is a database of information) for broad sharing with the research community. The participant&quot;s individual research data is placed in one of these repositories only qualified researchers, who have received prior approval from individuals that monitor the use of the data, will be able to look at this information.</ipd_description>
  </patient_data>
  <!-- Results have not yet been posted for this study                                          -->
</clinical_study>

