<?xml version="1.0" encoding="UTF-8"?>
<clinical_study rank="122">
  <!-- This xml conforms to an XML Schema at:
    https://clinicaltrials.gov/ct2/html/images/info/public.xsd -->
  <required_header>
    <download_date>ClinicalTrials.gov processed this data on November 07, 2017</download_date>
    <link_text>Link to the current ClinicalTrials.gov record.</link_text>
    <url>https://clinicaltrials.gov/show/NCT00965588</url>
  </required_header>
  <id_info>
    <org_study_id>UBI Protocol V118</org_study_id>
    <secondary_id>Protocol V118-AD</secondary_id>
    <nct_id>NCT00965588</nct_id>
  </id_info>
  <brief_title>Study to Evaluate Safety, Tolerability and Immunogenicity of Vaccine (UB 311) in Subjects With Alzheimer's Disease</brief_title>
  <official_title>A Phase I, Open-Label Study to Evaluate the Safety, Tolerability and Immunogenicity of the UBITh AD Immunotherapeutic Vaccine (UB 311) in Patients With Mild to Moderate Alzheimer's Disease</official_title>
  <sponsors>
    <lead_sponsor>
      <agency>United Biomedical</agency>
      <agency_class>Industry</agency_class>
    </lead_sponsor>
    <collaborator>
      <agency>Taipei Veterans General Hospital, Taiwan</agency>
      <agency_class>Other</agency_class>
    </collaborator>
    <collaborator>
      <agency>National Taiwan University Hospital</agency>
      <agency_class>Other</agency_class>
    </collaborator>
  </sponsors>
  <source>United Biomedical</source>
  <oversight_info>
    <has_dmc>Yes</has_dmc>
  </oversight_info>
  <brief_summary>
    <textblock>
      The purpose of this Phase I study is to determine whether the vaccine (UB 311), targeting the
      amyloid beta peptide (N-terminal amino acids, 1-14), is safe and immunogenic in patients
      diagnosed with mild or moderate Alzheimer's disease (AD). Amyloid beta was selected as the
      target antigen based on supporting evidence of the hypothesis that places the accumulation of
      amyloid beta at the initiating step of AD.
    </textblock>
  </brief_summary>
  <overall_status>Completed</overall_status>
  <start_date>February 2009</start_date>
  <completion_date type="Actual">April 2011</completion_date>
  <primary_completion_date type="Actual">April 2011</primary_completion_date>
  <phase>Phase 1</phase>
  <study_type>Interventional</study_type>
  <has_expanded_access>No</has_expanded_access>
  <study_design_info>
    <intervention_model>Single Group Assignment</intervention_model>
    <primary_purpose>Treatment</primary_purpose>
    <masking>None (Open Label)</masking>
  </study_design_info>
  <primary_outcome>
    <measure>To evaluate safety and tolerability of the vaccine (UB 311).</measure>
    <time_frame>Screen, treatment &amp; follow-up: 28-30 weeks</time_frame>
  </primary_outcome>
  <secondary_outcome>
    <measure>To evaluate immunogenicity [and efficacy] of the vaccine (UB 311).</measure>
    <time_frame>Screen, treatment &amp; follow-up: 28-30 weeks</time_frame>
  </secondary_outcome>
  <number_of_arms>1</number_of_arms>
  <enrollment type="Actual">19</enrollment>
  <condition>Alzheimer's Disease</condition>
  <arm_group>
    <arm_group_label>Vaccine (UB 311)</arm_group_label>
    <arm_group_type>Experimental</arm_group_type>
  </arm_group>
  <intervention>
    <intervention_type>Biological</intervention_type>
    <intervention_name>UB 311</intervention_name>
    <description>Single liquid dose by intramuscular route at weeks 0, 4, 12.</description>
    <arm_group_label>Vaccine (UB 311)</arm_group_label>
    <other_name>N.A.</other_name>
  </intervention>
  <eligibility>
    <criteria>
      <textblock>
        Inclusion Criteria:

          -  Diagnosis of mild to moderate Alzheimer's Disease

          -  Mini-Mental State Examination (MMSE) 15-25

          -  Other inclusion criteria apply

        Exclusion Criteria:

          -  Major psychiatric disorder

          -  Severe systemic disease

          -  Serious adverse reactions to any vaccine

          -  Other exclusion criteria apply
      </textblock>
    </criteria>
    <gender>All</gender>
    <minimum_age>50 Years</minimum_age>
    <maximum_age>80 Years</maximum_age>
    <healthy_volunteers>No</healthy_volunteers>
  </eligibility>
  <overall_official>
    <last_name>Ming-Jang Chiu, M.D.</last_name>
    <role>Principal Investigator</role>
    <affiliation>National Taiwan University Hospital</affiliation>
  </overall_official>
  <overall_official>
    <last_name>Pei-Ning Wang, M.D.</last_name>
    <role>Principal Investigator</role>
    <affiliation>Taipei Veterans General Hospital, Taiwan</affiliation>
  </overall_official>
  <location>
    <facility>
      <name>National Taiwan University Hospital (NTUH)</name>
      <address>
        <city>Taipei</city>
        <zip>10002</zip>
        <country>Taiwan</country>
      </address>
    </facility>
  </location>
  <location>
    <facility>
      <name>Taipei Veterans General Hospital</name>
      <address>
        <city>Taipei</city>
        <zip>11217</zip>
        <country>Taiwan</country>
      </address>
    </facility>
  </location>
  <location_countries>
    <country>Taiwan</country>
  </location_countries>
  <reference>
    <citation>Wang CY, Finstad CL, Walfield AM, Sia C, Sokoll KK, Chang TY, Fang XD, Hung CH, Hutter-Paier B, Windisch M. Site-specific UBITh amyloid-beta vaccine for immunotherapy of Alzheimer's disease. Vaccine. 2007 Apr 20;25(16):3041-52. Epub 2007 Jan 19.</citation>
    <PMID>17287052</PMID>
  </reference>
  <verification_date>August 2011</verification_date>
  <!-- Old date names will be dropped in a few months (sometime in 2018)                        -->
  <lastchanged_date>August 22, 2011</lastchanged_date>
  <firstreceived_date>August 24, 2009</firstreceived_date>
  <!-- New date names                                                                           -->
  <study_first_submitted>August 24, 2009</study_first_submitted>
  <study_first_submitted_qc>August 24, 2009</study_first_submitted_qc>
  <study_first_posted type="Estimate">August 25, 2009</study_first_posted>
  <last_update_submitted>August 22, 2011</last_update_submitted>
  <last_update_submitted_qc>August 22, 2011</last_update_submitted_qc>
  <last_update_posted type="Estimate">August 23, 2011</last_update_posted>
  <!-- End of dates                                                                             -->
  <responsible_party>
    <responsible_party_type>Sponsor</responsible_party_type>
  </responsible_party>
  <keyword>Alzheimer's disease</keyword>
  <keyword>amyloid beta</keyword>
  <keyword>vaccine</keyword>
  <condition_browse>
    <!-- CAUTION:  The following MeSH terms are assigned with an imperfect algorithm            -->
    <mesh_term>Alzheimer Disease</mesh_term>
  </condition_browse>
  <intervention_browse>
    <!-- CAUTION:  The following MeSH terms are assigned with an imperfect algorithm            -->
    <mesh_term>Vaccines</mesh_term>
  </intervention_browse>
  <!-- Results have not yet been posted for this study                                          -->
</clinical_study>

