<?xml version="1.0" encoding="UTF-8"?>
<clinical_study rank="57">
  <!-- This xml conforms to an XML Schema at:
    https://clinicaltrials.gov/ct2/html/images/info/public.xsd -->
  <required_header>
    <download_date>ClinicalTrials.gov processed this data on November 07, 2017</download_date>
    <link_text>Link to the current ClinicalTrials.gov record.</link_text>
    <url>https://clinicaltrials.gov/show/NCT00757939</url>
  </required_header>
  <id_info>
    <org_study_id>0000-068</org_study_id>
    <secondary_id>2008_547</secondary_id>
    <nct_id>NCT00757939</nct_id>
  </id_info>
  <brief_title>A Study to Assess Regional Cerebral Blood Flow as an Alzheimer's Disease Biomarker Compared to Positron Emission Tomography in Patients With Mild-to-Moderate Alzheimer's Disease and Cognitively Normal Elderly Subjects (Study MK-0000-068)(COMPLETED)</brief_title>
  <official_title>A Two-Part Cross-Sectional and Longitudinal Study to Assess Regional Cerebral Blood Flow by Dynamic Arterial Spin Labeling as an Alzheimer's Disease Biomarker as Compared to FDG-PET in Patients With Mild-to-Moderate Alzheimer's Disease and Cognitively Normal Elderly Subjects</official_title>
  <sponsors>
    <lead_sponsor>
      <agency>Merck Sharp &amp; Dohme Corp.</agency>
      <agency_class>Industry</agency_class>
    </lead_sponsor>
  </sponsors>
  <source>Merck Sharp &amp; Dohme Corp.</source>
  <oversight_info>
    <has_dmc>No</has_dmc>
  </oversight_info>
  <brief_summary>
    <textblock>
      The aim of the study is to determine if regional cerebral blood flow, measured by dynamic
      arterial spin labeling (dASL), can be a biomarker for stage of Alzheimer's disease. The study
      is designed to be conducted in 2 parts in participants with mild to moderate Alzheimer's
      disease, and participants with normal cognition. Various imaging studies will be done using
      magnetic resonance imaging (MRI) and positron emission tomography (PET) along with
      neurocognitive assessments. Participants who meet the study-entry criteria will have up to 8
      study visits. Repeat imaging studies may be required if the initial data are incomplete or
      un-interpretable. The maximum number of PET scans during the study will be limited to four.
    </textblock>
  </brief_summary>
  <overall_status>Completed</overall_status>
  <start_date>September 2008</start_date>
  <completion_date type="Actual">October 2010</completion_date>
  <primary_completion_date type="Actual">October 2010</primary_completion_date>
  <phase>Phase 1</phase>
  <study_type>Interventional</study_type>
  <has_expanded_access>No</has_expanded_access>
  <study_design_info>
    <allocation>Non-Randomized</allocation>
    <intervention_model>Parallel Assignment</intervention_model>
    <primary_purpose>Diagnostic</primary_purpose>
    <masking>Single (Outcomes Assessor)</masking>
  </study_design_info>
  <primary_outcome>
    <measure>Regional cerebral blood flow, as measured by dASL.</measure>
    <time_frame>1 week, 6 and 12 months</time_frame>
    <description>Part I: regional cerebral blood flow, measured by dASL at Baseline and 1 week in AD participants and cognitively normal controls. Part II: regional cerebral blood flow, measured at 6 months and 12 months in AD participants and normal control participants.</description>
  </primary_outcome>
  <secondary_outcome>
    <measure>Rate of cerebral glucose consumption, MRglc, as measured by fludeoxyglucose-PET (FDG-PET)</measure>
    <time_frame>12 months</time_frame>
    <description>Regional cerebral rate of glucose consumption, MRglc, as assessed by FDG-PET will be measured at Baseline in (Part I) and at 12 months in (Part II), in AD participants and normal control participants.</description>
  </secondary_outcome>
  <secondary_outcome>
    <measure>Resting state functional MRI blood-oxygen-level-dependent (fMRI BOLD) response</measure>
    <time_frame>1 week, 6 and 12 months</time_frame>
    <description>The resting state fMRI BOLD (blood-oxygen-level-dependent) signal will be evaluated for 'Goodness-of-Fit' to the default mode network at Baseline, 1 week, and 6 and 12 months in AD participants and normal control participants.</description>
  </secondary_outcome>
  <number_of_arms>2</number_of_arms>
  <enrollment type="Actual">40</enrollment>
  <condition>Alzheimer's Disease</condition>
  <arm_group>
    <arm_group_label>AD Participants</arm_group_label>
    <arm_group_type>Experimental</arm_group_type>
    <description>Participants with a diagnosis of mild-to-moderate AD</description>
  </arm_group>
  <arm_group>
    <arm_group_label>Cognitively Normal Elderly Participants</arm_group_label>
    <arm_group_type>Experimental</arm_group_type>
    <description>Elderly participants with no cognitive impairment</description>
  </arm_group>
  <intervention>
    <intervention_type>Other</intervention_type>
    <intervention_name>MRI</intervention_name>
    <description>During the study all participants will have 4 total MRI scans: baseline, 1 week, 6 and 12 months.</description>
    <arm_group_label>AD Participants</arm_group_label>
    <arm_group_label>Cognitively Normal Elderly Participants</arm_group_label>
  </intervention>
  <intervention>
    <intervention_type>Other</intervention_type>
    <intervention_name>FDG-PET</intervention_name>
    <description>2 to 4 PET scans will be done over 12 months, 2 planned and 2 more if data from any of these are un-interpretable</description>
    <arm_group_label>AD Participants</arm_group_label>
    <arm_group_label>Cognitively Normal Elderly Participants</arm_group_label>
  </intervention>
  <eligibility>
    <criteria>
      <textblock>
        Inclusion Criteria:

        The prospective participant must meet, at least, all of the criteria below (among others
        determined by the study staff) to be eligible for study participation.

        The participant:

          -  Has mild-to-moderate Alzheimer's Disease (AD), OR is considered cognitively normal;

          -  Has been on stable doses of any regularly used medications for 4 weeks prior to study
             start;

          -  Must have been on a stable dose for 12 weeks prior to study start, of any medications
             taken for AD.

        Exclusion Criteria:

        If the prospective participant meets any of the criteria below (among others determined by
        the study staff) they will NOT be eligible for study participation.

        The participant:

          -  Is living in a nursing home or skilled nursing facility;

          -  Has severe AD;

          -  Cannot undergo MRI;

          -  Cannot undergo PET scans;

          -  Has a history of neurological or neurodegenerative disorders, other than AD within 2
             years prior to study start;

          -  Has taken Tacrine or anti-parkinsonian medications within 3 months of study start;

          -  Has taken corticosteroids, blood thinners, narcotic analgesics, benzodiazepines, or
             certain antihistamines within 1 month of study start;

          -  Initiates, discontinues, or changes the dose of any AD treatment during the study.
      </textblock>
    </criteria>
    <gender>All</gender>
    <minimum_age>55 Years</minimum_age>
    <maximum_age>N/A</maximum_age>
    <healthy_volunteers>Accepts Healthy Volunteers</healthy_volunteers>
  </eligibility>
  <removed_countries>
    <country>United States</country>
  </removed_countries>
  <verification_date>August 2015</verification_date>
  <!-- Old date names will be dropped in a few months (sometime in 2018)                        -->
  <lastchanged_date>August 10, 2015</lastchanged_date>
  <firstreceived_date>September 19, 2008</firstreceived_date>
  <!-- New date names                                                                           -->
  <study_first_submitted>September 19, 2008</study_first_submitted>
  <study_first_submitted_qc>September 19, 2008</study_first_submitted_qc>
  <study_first_posted type="Estimate">September 23, 2008</study_first_posted>
  <last_update_submitted>August 10, 2015</last_update_submitted>
  <last_update_submitted_qc>August 10, 2015</last_update_submitted_qc>
  <last_update_posted type="Estimate">August 11, 2015</last_update_posted>
  <!-- End of dates                                                                             -->
  <responsible_party>
    <responsible_party_type>Sponsor</responsible_party_type>
  </responsible_party>
  <keyword>Alzheimer's Disease, MRI, PET</keyword>
  <condition_browse>
    <!-- CAUTION:  The following MeSH terms are assigned with an imperfect algorithm            -->
    <mesh_term>Alzheimer Disease</mesh_term>
  </condition_browse>
  <!-- Results have not yet been posted for this study                                          -->
</clinical_study>

