<?xml version="1.0" encoding="UTF-8"?>
<clinical_study rank="486">
  <!-- This xml conforms to an XML Schema at:
    https://clinicaltrials.gov/ct2/html/images/info/public.xsd -->
  <required_header>
    <download_date>ClinicalTrials.gov processed this data on November 07, 2017</download_date>
    <link_text>Link to the current ClinicalTrials.gov record.</link_text>
    <url>https://clinicaltrials.gov/show/NCT00566397</url>
  </required_header>
  <id_info>
    <org_study_id>B0341002</org_study_id>
    <nct_id>NCT00566397</nct_id>
  </id_info>
  <brief_title>A Phase 2 Study Evaluating The Efficacy And Safety Of PF 04494700 In Mild To Moderate Alzheimer's Disease</brief_title>
  <official_title>A Double Blind, Placebo Controlled, Randomized, Multicenter Study Evaluating The Efficacy And Safety Of Eighteen Months Of Treatment With PF 04494700 (TTP488) In Participants With Mild To Moderate Alzheimer's Disease</official_title>
  <sponsors>
    <lead_sponsor>
      <agency>Pfizer</agency>
      <agency_class>Industry</agency_class>
    </lead_sponsor>
    <collaborator>
      <agency>Alzheimer's Disease Cooperative Study (ADCS)</agency>
      <agency_class>Other</agency_class>
    </collaborator>
  </sponsors>
  <source>Pfizer</source>
  <oversight_info>
    <has_dmc>Yes</has_dmc>
  </oversight_info>
  <brief_summary>
    <textblock>
      The purpose of this study is to evaluate the efficacy and safety of PF 04494700 in
      participants with mild to moderate Alzheimer's disease.
    </textblock>
  </brief_summary>
  <overall_status>Completed</overall_status>
  <start_date>December 2007</start_date>
  <completion_date type="Actual">December 2010</completion_date>
  <primary_completion_date type="Actual">December 2010</primary_completion_date>
  <phase>Phase 2</phase>
  <study_type>Interventional</study_type>
  <has_expanded_access>No</has_expanded_access>
  <study_design_info>
    <allocation>Randomized</allocation>
    <intervention_model>Parallel Assignment</intervention_model>
    <primary_purpose>Treatment</primary_purpose>
    <masking>Quadruple (Participant, Care Provider, Investigator, Outcomes Assessor)</masking>
  </study_design_info>
  <primary_outcome>
    <measure>Evaluate the efficacy of PF 04494700 relative to placebo. Change from baseline in a standardized cognitive measure after 18 months of treatment.</measure>
    <time_frame>18 Month</time_frame>
  </primary_outcome>
  <primary_outcome>
    <measure>Examine the safety and tolerability of PF 04494700 relative to placebo. Adverse events, vital signs, physical exam, neuro exam, 12-lead ECG, lab tests (hematology, blood chemistry, urinalysis) and brain magnetic resonance imaging (MRI).</measure>
    <time_frame>18 Month</time_frame>
  </primary_outcome>
  <secondary_outcome>
    <measure>Evaluate the effects of PF 04494700 on potential biomarkers of RAGE inhibition and amyloid imaging (AV-45, F18 PET)</measure>
    <time_frame>18 Month</time_frame>
  </secondary_outcome>
  <secondary_outcome>
    <measure>Evaluate the potential dose response of PF 04494700</measure>
    <time_frame>18 Month</time_frame>
  </secondary_outcome>
  <secondary_outcome>
    <measure>Evaluate the pharmacokinetics and characterize the pharmacokinetic (PK)/ pharmacodynamic (PD) relationship of PF 04494700 to potential biomarkers and relevant efficacy and safety endpoints</measure>
    <time_frame>18 Month</time_frame>
  </secondary_outcome>
  <number_of_arms>3</number_of_arms>
  <enrollment type="Actual">402</enrollment>
  <condition>Alzheimer's Disease</condition>
  <arm_group>
    <arm_group_label>1</arm_group_label>
    <arm_group_type>Experimental</arm_group_type>
  </arm_group>
  <arm_group>
    <arm_group_label>2</arm_group_label>
    <arm_group_type>Experimental</arm_group_type>
  </arm_group>
  <arm_group>
    <arm_group_label>3</arm_group_label>
    <arm_group_type>Placebo Comparator</arm_group_type>
  </arm_group>
  <intervention>
    <intervention_type>Drug</intervention_type>
    <intervention_name>PF-04494700</intervention_name>
    <description>15 mg for 6 days followed by daily dosing of 5mg</description>
    <arm_group_label>1</arm_group_label>
  </intervention>
  <intervention>
    <intervention_type>Drug</intervention_type>
    <intervention_name>PF-04494700</intervention_name>
    <description>60 mg for 6 days followed by daily dosing of 20mg. Dosing in this arm has been discontinued.</description>
    <arm_group_label>2</arm_group_label>
  </intervention>
  <intervention>
    <intervention_type>Drug</intervention_type>
    <intervention_name>Placebo</intervention_name>
    <description>Placebo</description>
    <arm_group_label>3</arm_group_label>
  </intervention>
  <eligibility>
    <criteria>
      <textblock>
        Inclusion Criteria:

          -  Mini Mental State Exam (MMSE) score between 14-26 (inclusive) at screening.

          -  Participants must be receiving acetylcholinesterase inhibitors on a stable dose for at
             least 4 months prior to randomization

        Exclusion Criteria:

          -  Current evidence or history of neurological, psychiatric and any other illness that
             could contribute to non-Alzheimer's dementia.

          -  Known history of familial AD or any evidence for early onset AD known or possibly
             associated with genetic mutations.

          -  Evidence or history of diabetes mellitus Type 1 or Type 2.

          -  History or symptoms of autoimmune disorders.
      </textblock>
    </criteria>
    <gender>All</gender>
    <minimum_age>50 Years</minimum_age>
    <maximum_age>N/A</maximum_age>
    <healthy_volunteers>No</healthy_volunteers>
  </eligibility>
  <overall_official>
    <last_name>Pfizer CT.gov Call Center</last_name>
    <role>Study Director</role>
    <affiliation>Pfizer</affiliation>
  </overall_official>
  <location>
    <facility>
      <name>Pfizer Investigational Site</name>
      <address>
        <city>Phoenix</city>
        <state>Arizona</state>
        <zip>85006</zip>
        <country>United States</country>
      </address>
    </facility>
  </location>
  <location>
    <facility>
      <name>Pfizer Investigational Site</name>
      <address>
        <city>Sun City</city>
        <state>Arizona</state>
        <zip>85351</zip>
        <country>United States</country>
      </address>
    </facility>
  </location>
  <location>
    <facility>
      <name>Pfizer Investigational Site</name>
      <address>
        <city>Irvine</city>
        <state>California</state>
        <zip>92697-1385</zip>
        <country>United States</country>
      </address>
    </facility>
  </location>
  <location>
    <facility>
      <name>Pfizer Investigational Site</name>
      <address>
        <city>Irvine</city>
        <state>California</state>
        <zip>92697-3959</zip>
        <country>United States</country>
      </address>
    </facility>
  </location>
  <location>
    <facility>
      <name>Pfizer Investigational Site</name>
      <address>
        <city>Irvine</city>
        <state>California</state>
        <zip>92697-4285</zip>
        <country>United States</country>
      </address>
    </facility>
  </location>
  <location>
    <facility>
      <name>Pfizer Investigational Site</name>
      <address>
        <city>Irvine</city>
        <state>California</state>
        <zip>92697</zip>
        <country>United States</country>
      </address>
    </facility>
  </location>
  <location>
    <facility>
      <name>Pfizer Investigational Site</name>
      <address>
        <city>La Jolla</city>
        <state>California</state>
        <zip>92037</zip>
        <country>United States</country>
      </address>
    </facility>
  </location>
  <location>
    <facility>
      <name>Pfizer Investigational Site</name>
      <address>
        <city>Los Angeles</city>
        <state>California</state>
        <zip>90033</zip>
        <country>United States</country>
      </address>
    </facility>
  </location>
  <location>
    <facility>
      <name>Pfizer Investigational Site</name>
      <address>
        <city>Los Angeles</city>
        <state>California</state>
        <zip>90095</zip>
        <country>United States</country>
      </address>
    </facility>
  </location>
  <location>
    <facility>
      <name>Pfizer Investigational Site</name>
      <address>
        <city>Martinez</city>
        <state>California</state>
        <zip>94553</zip>
        <country>United States</country>
      </address>
    </facility>
  </location>
  <location>
    <facility>
      <name>Pfizer Investigational Site</name>
      <address>
        <city>Newport Beach</city>
        <state>California</state>
        <zip>92660</zip>
        <country>United States</country>
      </address>
    </facility>
  </location>
  <location>
    <facility>
      <name>Pfizer Investigational Site</name>
      <address>
        <city>Orange</city>
        <state>California</state>
        <zip>92868</zip>
        <country>United States</country>
      </address>
    </facility>
  </location>
  <location>
    <facility>
      <name>Pfizer Investigational Site</name>
      <address>
        <city>Palo Alto</city>
        <state>California</state>
        <zip>94304</zip>
        <country>United States</country>
      </address>
    </facility>
  </location>
  <location>
    <facility>
      <name>Pfizer Investigational Site</name>
      <address>
        <city>Sacramento</city>
        <state>California</state>
        <zip>95817</zip>
        <country>United States</country>
      </address>
    </facility>
  </location>
  <location>
    <facility>
      <name>Pfizer Investigational Site</name>
      <address>
        <city>San Diego</city>
        <state>California</state>
        <zip>92103-8749</zip>
        <country>United States</country>
      </address>
    </facility>
  </location>
  <location>
    <facility>
      <name>Pfizer Investigational Site</name>
      <address>
        <city>San Diego</city>
        <state>California</state>
        <zip>92103</zip>
        <country>United States</country>
      </address>
    </facility>
  </location>
  <location>
    <facility>
      <name>Pfizer Investigational Site</name>
      <address>
        <city>San Diego</city>
        <state>California</state>
        <zip>92128</zip>
        <country>United States</country>
      </address>
    </facility>
  </location>
  <location>
    <facility>
      <name>Pfizer Investigational Site</name>
      <address>
        <city>San Francisco</city>
        <state>California</state>
        <zip>94117</zip>
        <country>United States</country>
      </address>
    </facility>
  </location>
  <location>
    <facility>
      <name>Pfizer Investigational Site</name>
      <address>
        <city>San Francisco</city>
        <state>California</state>
        <zip>94121</zip>
        <country>United States</country>
      </address>
    </facility>
  </location>
  <location>
    <facility>
      <name>Pfizer Investigational Site</name>
      <address>
        <city>San Francisco</city>
        <state>California</state>
        <zip>94143</zip>
        <country>United States</country>
      </address>
    </facility>
  </location>
  <location>
    <facility>
      <name>Pfizer Investigational Site</name>
      <address>
        <city>Vista</city>
        <state>California</state>
        <zip>92081</zip>
        <country>United States</country>
      </address>
    </facility>
  </location>
  <location>
    <facility>
      <name>Pfizer Investigational Site</name>
      <address>
        <city>New Haven</city>
        <state>Connecticut</state>
        <zip>06509</zip>
        <country>United States</country>
      </address>
    </facility>
  </location>
  <location>
    <facility>
      <name>Pfizer Investigational Site</name>
      <address>
        <city>New Haven</city>
        <state>Connecticut</state>
        <zip>06510</zip>
        <country>United States</country>
      </address>
    </facility>
  </location>
  <location>
    <facility>
      <name>Pfizer Investigational Site</name>
      <address>
        <city>New Haven</city>
        <state>Connecticut</state>
        <zip>06520</zip>
        <country>United States</country>
      </address>
    </facility>
  </location>
  <location>
    <facility>
      <name>Pfizer Investigational Site</name>
      <address>
        <city>Washington</city>
        <state>District of Columbia</state>
        <zip>20007</zip>
        <country>United States</country>
      </address>
    </facility>
  </location>
  <location>
    <facility>
      <name>Pfizer Investigational Site</name>
      <address>
        <city>Washington</city>
        <state>District of Columbia</state>
        <zip>20057</zip>
        <country>United States</country>
      </address>
    </facility>
  </location>
  <location>
    <facility>
      <name>Pfizer Investigational Site</name>
      <address>
        <city>Washington</city>
        <state>District of Columbia</state>
        <zip>20060</zip>
        <country>United States</country>
      </address>
    </facility>
  </location>
  <location>
    <facility>
      <name>Pfizer Investigational Site</name>
      <address>
        <city>Jacksonville</city>
        <state>Florida</state>
        <zip>32224</zip>
        <country>United States</country>
      </address>
    </facility>
  </location>
  <location>
    <facility>
      <name>Pfizer Investigational Site</name>
      <address>
        <city>Miami Beach</city>
        <state>Florida</state>
        <zip>33140</zip>
        <country>United States</country>
      </address>
    </facility>
  </location>
  <location>
    <facility>
      <name>Pfizer Investigational Site</name>
      <address>
        <city>Tampa</city>
        <state>Florida</state>
        <zip>33613</zip>
        <country>United States</country>
      </address>
    </facility>
  </location>
  <location>
    <facility>
      <name>Pfizer Investigational Site</name>
      <address>
        <city>Atlanat</city>
        <state>Georgia</state>
        <zip>30329-5102</zip>
        <country>United States</country>
      </address>
    </facility>
  </location>
  <location>
    <facility>
      <name>Pfizer Investigational Site</name>
      <address>
        <city>Chicago</city>
        <state>Illinois</state>
        <zip>60611</zip>
        <country>United States</country>
      </address>
    </facility>
  </location>
  <location>
    <facility>
      <name>Pfizer Investigational Site</name>
      <address>
        <city>Chicago</city>
        <state>Illinois</state>
        <zip>60612</zip>
        <country>United States</country>
      </address>
    </facility>
  </location>
  <location>
    <facility>
      <name>Pfizer Investigational Site</name>
      <address>
        <city>Indianapolis</city>
        <state>Indiana</state>
        <zip>46202</zip>
        <country>United States</country>
      </address>
    </facility>
  </location>
  <location>
    <facility>
      <name>Pfizer Investigational Site</name>
      <address>
        <city>Lexington</city>
        <state>Kentucky</state>
        <zip>40504</zip>
        <country>United States</country>
      </address>
    </facility>
  </location>
  <location>
    <facility>
      <name>Pfizer Investigational Site</name>
      <address>
        <city>Lexington</city>
        <state>Kentucky</state>
        <zip>40536</zip>
        <country>United States</country>
      </address>
    </facility>
  </location>
  <location>
    <facility>
      <name>Pfizer Investigational Site</name>
      <address>
        <city>Baltimore</city>
        <state>Maryland</state>
        <zip>21224</zip>
        <country>United States</country>
      </address>
    </facility>
  </location>
  <location>
    <facility>
      <name>Pfizer Investigational Site</name>
      <address>
        <city>Boston</city>
        <state>Massachusetts</state>
        <zip>02115</zip>
        <country>United States</country>
      </address>
    </facility>
  </location>
  <location>
    <facility>
      <name>Pfizer Investigational Site</name>
      <address>
        <city>Ann Arbor</city>
        <state>Michigan</state>
        <zip>48109</zip>
        <country>United States</country>
      </address>
    </facility>
  </location>
  <location>
    <facility>
      <name>Pfizer Investigational Site</name>
      <address>
        <city>Grand Rapids</city>
        <state>Michigan</state>
        <zip>49503</zip>
        <country>United States</country>
      </address>
    </facility>
  </location>
  <location>
    <facility>
      <name>Pfizer Investigational Site</name>
      <address>
        <city>St. Louis</city>
        <state>Missouri</state>
        <zip>63108</zip>
        <country>United States</country>
      </address>
    </facility>
  </location>
  <location>
    <facility>
      <name>Pfizer Investigational Site</name>
      <address>
        <city>Las Vegas</city>
        <state>Nevada</state>
        <zip>89106</zip>
        <country>United States</country>
      </address>
    </facility>
  </location>
  <location>
    <facility>
      <name>Pfizer Investigational Site</name>
      <address>
        <city>New York</city>
        <state>New York</state>
        <zip>10016</zip>
        <country>United States</country>
      </address>
    </facility>
  </location>
  <location>
    <facility>
      <name>Pfizer Investigational Site</name>
      <address>
        <city>New York</city>
        <state>New York</state>
        <zip>10029</zip>
        <country>United States</country>
      </address>
    </facility>
  </location>
  <location>
    <facility>
      <name>Pfizer Investigational Site</name>
      <address>
        <city>New York</city>
        <state>New York</state>
        <zip>10032</zip>
        <country>United States</country>
      </address>
    </facility>
  </location>
  <location>
    <facility>
      <name>Pfizer Investigational Site</name>
      <address>
        <city>Rochester</city>
        <state>New York</state>
        <zip>14620</zip>
        <country>United States</country>
      </address>
    </facility>
  </location>
  <location>
    <facility>
      <name>Pfizer Investigational Site</name>
      <address>
        <city>Beachwood</city>
        <state>Ohio</state>
        <zip>44122</zip>
        <country>United States</country>
      </address>
    </facility>
  </location>
  <location>
    <facility>
      <name>Pfizer Investigational Site</name>
      <address>
        <city>Portland</city>
        <state>Oregon</state>
        <zip>97201</zip>
        <country>United States</country>
      </address>
    </facility>
  </location>
  <location>
    <facility>
      <name>Pfizer Investigational Site</name>
      <address>
        <city>Philadelphia</city>
        <state>Pennsylvania</state>
        <zip>19104</zip>
        <country>United States</country>
      </address>
    </facility>
  </location>
  <location>
    <facility>
      <name>Pfizer Investigational Site</name>
      <address>
        <city>Pittsburgh</city>
        <state>Pennsylvania</state>
        <zip>15213</zip>
        <country>United States</country>
      </address>
    </facility>
  </location>
  <location>
    <facility>
      <name>Pfizer Investigational Site</name>
      <address>
        <city>Providence</city>
        <state>Rhode Island</state>
        <zip>02903</zip>
        <country>United States</country>
      </address>
    </facility>
  </location>
  <location>
    <facility>
      <name>Pfizer Investigational Site</name>
      <address>
        <city>Charleston</city>
        <state>South Carolina</state>
        <zip>29425</zip>
        <country>United States</country>
      </address>
    </facility>
  </location>
  <location>
    <facility>
      <name>Pfizer Investigational Site</name>
      <address>
        <city>North Charleston</city>
        <state>South Carolina</state>
        <zip>29406-6076</zip>
        <country>United States</country>
      </address>
    </facility>
  </location>
  <location>
    <facility>
      <name>Pfizer Investigational Site</name>
      <address>
        <city>Nashville</city>
        <state>Tennessee</state>
        <zip>37208</zip>
        <country>United States</country>
      </address>
    </facility>
  </location>
  <location>
    <facility>
      <name>Pfizer Investigational Site</name>
      <address>
        <city>Dallas</city>
        <state>Texas</state>
        <zip>75390</zip>
        <country>United States</country>
      </address>
    </facility>
  </location>
  <location>
    <facility>
      <name>Pfizer Investigational Site</name>
      <address>
        <city>Houston</city>
        <state>Texas</state>
        <zip>77030</zip>
        <country>United States</country>
      </address>
    </facility>
  </location>
  <location>
    <facility>
      <name>Pfizer Investigational Site</name>
      <address>
        <city>Houston</city>
        <state>Texas</state>
        <zip>77098</zip>
        <country>United States</country>
      </address>
    </facility>
  </location>
  <location>
    <facility>
      <name>Pfizer Investigational Site</name>
      <address>
        <city>Salt Lake City</city>
        <state>Utah</state>
        <zip>84108</zip>
        <country>United States</country>
      </address>
    </facility>
  </location>
  <location>
    <facility>
      <name>Pfizer Investigational Site</name>
      <address>
        <city>Seattle</city>
        <state>Washington</state>
        <zip>98104</zip>
        <country>United States</country>
      </address>
    </facility>
  </location>
  <location>
    <facility>
      <name>Pfizer Investigational Site</name>
      <address>
        <city>Seattle</city>
        <state>Washington</state>
        <zip>98108</zip>
        <country>United States</country>
      </address>
    </facility>
  </location>
  <location>
    <facility>
      <name>Pfizer Investigational Site</name>
      <address>
        <city>Madison</city>
        <state>Wisconsin</state>
        <zip>53705</zip>
        <country>United States</country>
      </address>
    </facility>
  </location>
  <location>
    <facility>
      <name>Pfizer Investigational Site</name>
      <address>
        <city>Madison</city>
        <state>Wisconsin</state>
        <zip>53792</zip>
        <country>United States</country>
      </address>
    </facility>
  </location>
  <location_countries>
    <country>United States</country>
  </location_countries>
  <verification_date>March 2013</verification_date>
  <!-- Old date names will be dropped in a few months (sometime in 2018)                        -->
  <lastchanged_date>March 19, 2013</lastchanged_date>
  <firstreceived_date>November 29, 2007</firstreceived_date>
  <firstreceived_results_disposition_date>March 19, 2013</firstreceived_results_disposition_date>
  <!-- New date names                                                                           -->
  <study_first_submitted>November 29, 2007</study_first_submitted>
  <study_first_submitted_qc>November 29, 2007</study_first_submitted_qc>
  <study_first_posted type="Estimate">December 3, 2007</study_first_posted>
  <disposition_first_submitted>March 19, 2013</disposition_first_submitted>
  <disposition_first_submitted_qc>March 19, 2013</disposition_first_submitted_qc>
  <disposition_first_posted type="Estimate">March 25, 2013</disposition_first_posted>
  <last_update_submitted>March 19, 2013</last_update_submitted>
  <last_update_submitted_qc>March 19, 2013</last_update_submitted_qc>
  <last_update_posted type="Estimate">March 25, 2013</last_update_posted>
  <!-- End of dates                                                                             -->
  <responsible_party>
    <responsible_party_type>Sponsor</responsible_party_type>
  </responsible_party>
  <keyword>RI RI Study Rage Inhibitors</keyword>
  <condition_browse>
    <!-- CAUTION:  The following MeSH terms are assigned with an imperfect algorithm            -->
    <mesh_term>Alzheimer Disease</mesh_term>
  </condition_browse>
  <!-- Results have not yet been posted, but a results disposition has been submitted           -->
</clinical_study>

