<?xml version="1.0" encoding="UTF-8"?>
<clinical_study rank="49">
  <!-- This xml conforms to an XML Schema at:
    https://clinicaltrials.gov/ct2/html/images/info/public.xsd -->
  <required_header>
    <download_date>ClinicalTrials.gov processed this data on November 07, 2017</download_date>
    <link_text>Link to the current ClinicalTrials.gov record.</link_text>
    <url>https://clinicaltrials.gov/show/NCT00309725</url>
  </required_header>
  <id_info>
    <org_study_id>CR012118</org_study_id>
    <nct_id>NCT00309725</nct_id>
  </id_info>
  <brief_title>A Cardiac Safety Study of Galantamine in the Treatment of Alzheimer's Disease.</brief_title>
  <official_title>Placebo-Controlled Evaluation of Galantamine in the Treatment of Alzheimer's Disease: A Cardiac Safety Study.</official_title>
  <sponsors>
    <lead_sponsor>
      <agency>Johnson &amp; Johnson Pharmaceutical Research &amp; Development, L.L.C.</agency>
      <agency_class>Industry</agency_class>
    </lead_sponsor>
  </sponsors>
  <source>Johnson &amp; Johnson Pharmaceutical Research &amp; Development, L.L.C.</source>
  <brief_summary>
    <textblock>
      The objective of this trial was to investigate the effect of galantamine (an
      acetylcholinesterase inhibitor) on heart rate and PR interval (the time it takes for the
      heart's electrical impulse to get from the atria to the ventricles) during the administration
      of rapidly increasing doses and at the end of a 2-week treatment period with 32 mg per day in
      patients with Alzheimer's disease.
    </textblock>
  </brief_summary>
  <detailed_description>
    <textblock>
      This 6-week, double-blind, parallel group trial was also designed to detect cardiac
      arrhythmias and conduction disturbances, such as heart block. Holter monitors and
      Electrocardiograms were used to measure cardiac parameters at baseline, at the end of Week 2
      (first dose of 12 mg twice daily), at the end of Week 4 (first dose of 16 mg twice daily) and
      at Week 6 (after 2 weeks of maximum tolerated dose allowed in the trial, i.e., 24 or 32
      mg/day). Other safety data collected were adverse event reports, urine and blood analysis,
      vital signs and physical examination. Drug levels in the blood were also tested. Patients
      were randomized to receive either placebo or galantamine up to 32 mg daily (i.e., 4 mg twice
      daily in Week 1, 8 mg twice daily in Week 2, 12 mg twice daily in Weeks 3 and 4, and 16 mg
      twice daily in Weeks 5 and 6). Dosage could be reduced from 16 mg twice daily to 12 mg twice
      daily during the first 3 days of the 32 mg/day dosing period, if a patient could not tolerate
      the higher dose. This titration is more rapid and the dose is higher than currently
      recommended for treatment.
    </textblock>
  </detailed_description>
  <overall_status>Completed</overall_status>
  <completion_date type="Actual">October 1999</completion_date>
  <phase>Phase 3</phase>
  <study_type>Interventional</study_type>
  <study_design_info>
    <allocation>Randomized</allocation>
    <intervention_model>Parallel Assignment</intervention_model>
    <primary_purpose>Treatment</primary_purpose>
    <masking>Double</masking>
  </study_design_info>
  <primary_outcome>
    <measure>Hourly mean heart rates and PR intervals during each of the 24-hour Holter monitoring periods; Twenty-four hour mean, minimum and maximum heart rates and PR intervals during each of the 24-hour Holter monitoring periods</measure>
  </primary_outcome>
  <secondary_outcome>
    <measure>Pharmacokinetics and other safety parameters including ECG parameters were other parameters of interest.</measure>
  </secondary_outcome>
  <enrollment type="Actual">139</enrollment>
  <condition>Alzheimer's Disease</condition>
  <intervention>
    <intervention_type>Drug</intervention_type>
    <intervention_name>galantamine</intervention_name>
  </intervention>
  <eligibility>
    <criteria>
      <textblock>
        Inclusion Criteria:

          -  Outpatients diagnosed with Alzheimer's disease in accordance with NINCDS-ADRDA
             (National Institute of Neurological and Communicative Diseases and Stroke/Alzheimer's
             Disease and Related Disorders Association) classification for probable Alzheimer's
             disease

          -  Mild/moderate dementia as evidenced by a Mini-Mental State Examination (MMSE) score
             ranging from 11 to 24, inclusive, at baseline

          -  History of cognitive decline that has been gradual in onset and progressive over a
             period of at least 6 months

          -  Evidence of sustained memory deterioration in an otherwise alert patient, plus
             additional impairment in at least one of these five areas: orientation, judgment and
             problem-solving, functioning in community affairs, functioning in home and hobbies,
             and functioning in personal care

          -  Patients who live with or have regular daily visits from one or more responsible
             caregiver who are capable of assisting with the patient's medication, able to
             accompany the patient for assessments, and willing to provide information about the
             patient.On days that the patient was sent home with a Holter monitor, the caregiver
             was required to stay with the patient in the same household for the 24 hour duration
             of the cardiac assessment to ensure that the monitor lead placement remained intact.
             The caregiver was to be available the following day for the return of the Holter
             monitoring device

          -  Patient or patient's relative, guardian or legal representative have signed the
             informed consent.

        Exclusion Criteria:

          -  Disorders such as Parkinson's disease, Pick's disease, or Huntington's chorea, Down's
             syndrome, Creutzfeldt-Jakob disease, Cushing's syndrome, or uncontrolled diabetes

          -  Cognitive impairment resulting from trauma, injury, or hypoxia

          -  Infection

          -  Mental retardation or dementia or clinically active cerebrovascular disease

          -  Current, clinically significant cardiovascular disease that would limit the patient's
             ability to complete a six-week trial.
      </textblock>
    </criteria>
    <gender>All</gender>
    <minimum_age>N/A</minimum_age>
    <maximum_age>N/A</maximum_age>
    <healthy_volunteers>No</healthy_volunteers>
  </eligibility>
  <overall_official>
    <last_name>Johnson &amp; Johnson Pharmaceutical Research &amp; Development, L.L. C. Clinical Trial</last_name>
    <role>Study Director</role>
    <affiliation>Johnson &amp; Johnson Pharmaceutical Research &amp; Development, L.L.C.</affiliation>
  </overall_official>
  <link>
    <url>http://filehosting.pharmacm.com/DownloadService.ashx?client=CTR_JNJ_6051&amp;studyid=742&amp;filename=CR012118_CSR.pdf</url>
    <description>A Cardiac Safety Study of Galantamine in the Treatment of Alzheimer's Disease</description>
  </link>
  <verification_date>January 2011</verification_date>
  <!-- Old date names will be dropped in a few months (sometime in 2018)                        -->
  <lastchanged_date>May 17, 2011</lastchanged_date>
  <firstreceived_date>March 31, 2006</firstreceived_date>
  <!-- New date names                                                                           -->
  <study_first_submitted>March 31, 2006</study_first_submitted>
  <study_first_submitted_qc>March 31, 2006</study_first_submitted_qc>
  <study_first_posted type="Estimate">April 3, 2006</study_first_posted>
  <last_update_submitted>May 17, 2011</last_update_submitted>
  <last_update_submitted_qc>May 17, 2011</last_update_submitted_qc>
  <last_update_posted type="Estimate">May 18, 2011</last_update_posted>
  <!-- End of dates                                                                             -->
  <keyword>Alzheimer's Disease</keyword>
  <keyword>cardiac arrhythmias</keyword>
  <condition_browse>
    <!-- CAUTION:  The following MeSH terms are assigned with an imperfect algorithm            -->
    <mesh_term>Alzheimer Disease</mesh_term>
  </condition_browse>
  <intervention_browse>
    <!-- CAUTION:  The following MeSH terms are assigned with an imperfect algorithm            -->
    <mesh_term>Galantamine</mesh_term>
  </intervention_browse>
  <!-- Results have not yet been posted for this study                                          -->
</clinical_study>

