<?xml version="1.0" encoding="UTF-8"?>
<clinical_study rank="413">
  <!-- This xml conforms to an XML Schema at:
    https://clinicaltrials.gov/ct2/html/images/info/public.xsd -->
  <required_header>
    <download_date>ClinicalTrials.gov processed this data on November 07, 2017</download_date>
    <link_text>Link to the current ClinicalTrials.gov record.</link_text>
    <url>https://clinicaltrials.gov/show/NCT02477800</url>
  </required_header>
  <id_info>
    <org_study_id>221AD301</org_study_id>
    <secondary_id>2015-000966-72</secondary_id>
    <nct_id>NCT02477800</nct_id>
  </id_info>
  <brief_title>221AD301 Phase 3 Study of Aducanumab (BIIB037) in Early Alzheimer's Disease</brief_title>
  <acronym>ENGAGE</acronym>
  <official_title>A Phase 3 Multicenter, Randomized, Double-Blind, Placebo-Controlled, Parallel-Group Study to Evaluate the Efficacy and Safety of Aducanumab (BIIB037) in Subjects With Early Alzheimer's Disease</official_title>
  <sponsors>
    <lead_sponsor>
      <agency>Biogen</agency>
      <agency_class>Industry</agency_class>
    </lead_sponsor>
  </sponsors>
  <source>Biogen</source>
  <oversight_info>
    <has_dmc>Yes</has_dmc>
  </oversight_info>
  <brief_summary>
    <textblock>
      The primary objective of the study is to evaluate the efficacy of monthly doses of aducanumab
      in slowing cognitive and functional impairment as measured by changes in the Clinical
      Dementia Rating-Sum of Boxes (CDR-SB) score as compared with placebo in participants with
      early AD. Secondary objectives are to assess the effect of monthly doses of aducanumab as
      compared with placebo on clinical progression as measured by Mini-Mental State Examination
      (MMSE), AD Assessment Scale-Cognitive Subscale (13 items) [ADAS-Cog 13], and AD Cooperative
      Study-Activities of Daily Living Inventory (Mild Cognitive Impairment version)
      [ADCS-ADL-MCI].
    </textblock>
  </brief_summary>
  <overall_status>Recruiting</overall_status>
  <start_date type="Actual">August 31, 2015</start_date>
  <completion_date type="Anticipated">March 5, 2022</completion_date>
  <primary_completion_date type="Anticipated">November 18, 2019</primary_completion_date>
  <phase>Phase 3</phase>
  <study_type>Interventional</study_type>
  <has_expanded_access>No</has_expanded_access>
  <study_design_info>
    <allocation>Randomized</allocation>
    <intervention_model>Parallel Assignment</intervention_model>
    <primary_purpose>Treatment</primary_purpose>
    <masking>Quadruple (Participant, Care Provider, Investigator, Outcomes Assessor)</masking>
  </study_design_info>
  <primary_outcome>
    <measure>Change from baseline in CDR-SB score</measure>
    <time_frame>Week 78</time_frame>
  </primary_outcome>
  <secondary_outcome>
    <measure>Change from baseline in MMSE score</measure>
    <time_frame>Week 78</time_frame>
  </secondary_outcome>
  <secondary_outcome>
    <measure>Change from baseline in Alzheimer's Disease Assessment Scale-Cognitive Subscale (13 items) (ADAS-Cog 13)</measure>
    <time_frame>Week 78</time_frame>
  </secondary_outcome>
  <secondary_outcome>
    <measure>Change from baseline in Alzheimer's Disease Cooperative Study-Activities of Daily Living Inventory (Mild Cognitive Impairment version) (ADCS-ADL-MCI) score</measure>
    <time_frame>Week 78</time_frame>
  </secondary_outcome>
  <number_of_arms>2</number_of_arms>
  <enrollment type="Anticipated">1350</enrollment>
  <condition>Alzheimer's Disease</condition>
  <arm_group>
    <arm_group_label>Low Dose</arm_group_label>
    <arm_group_type>Experimental</arm_group_type>
    <description>Monthly intravenous (IV) infusion</description>
  </arm_group>
  <arm_group>
    <arm_group_label>High Dose</arm_group_label>
    <arm_group_type>Experimental</arm_group_type>
    <description>Monthly intravenous (IV) infusion</description>
  </arm_group>
  <intervention>
    <intervention_type>Drug</intervention_type>
    <intervention_name>Aducanumab (BIIB037)</intervention_name>
    <description>Low dose</description>
    <arm_group_label>Low Dose</arm_group_label>
  </intervention>
  <intervention>
    <intervention_type>Drug</intervention_type>
    <intervention_name>Aducanumab (BIIB037)</intervention_name>
    <description>High dose</description>
    <arm_group_label>High Dose</arm_group_label>
  </intervention>
  <intervention>
    <intervention_type>Drug</intervention_type>
    <intervention_name>Placebo</intervention_name>
    <description>Placebo</description>
    <arm_group_label>High Dose</arm_group_label>
    <arm_group_label>Low Dose</arm_group_label>
  </intervention>
  <eligibility>
    <criteria>
      <textblock>
        Key Inclusion Criteria:

          -  Must meet all of the following clinical criteria for MCI due to AD or mild AD and must
             have:

          -  A Clinical Dementia Rating (CDR)-Global Score of 0.5.

          -  Objective evidence of cognitive impairment at screening

          -  An MMSE score between 24 and 30 (inclusive)

          -  Must have a positive amyloid Positron Emission Tomography (PET) scan

          -  Must consent to apolipoprotein E (ApoE) genotyping

          -  If using drugs to treat symptoms related to AD, doses must be stable for at least 8
             weeks prior to screening visit 1

          -  Must have a reliable informant or caregiver

        Key Exclusion Criteria:

          -  Any medical or neurological condition (other than Alzheimer's Disease) that might be a
             contributing cause of the subject's cognitive impairment

          -  Have had a stroke or Transient Ischemic Attack (TIA) or unexplained loss of
             consciousness in the past 1 year

          -  Clinically significant unstable psychiatric illness in past 6 months

          -  History of unstable angina, myocardial infarction, advanced chronic heart failure, or
             clinically significant conduction abnormalities within 1 year prior to Screening

          -  Indication of impaired renal or liver function

          -  Have human immunodeficiency virus (HIV) infection

          -  Have a significant systematic illness or infection in past 30 days

          -  Relevant brain hemorrhage, bleeding disorder and cerebrovascular abnormalities

          -  Any contraindications to brain magnetic resonance imaging (MRI) or PET scans

          -  Alcohol or substance abuse in past 1 year

          -  Taking blood thinners (except for aspirin at a prophylactic dose or less)

        NOTE: Other protocol defined Inclusion/Exclusion criteria may apply
      </textblock>
    </criteria>
    <gender>All</gender>
    <minimum_age>50 Years</minimum_age>
    <maximum_age>85 Years</maximum_age>
    <healthy_volunteers>No</healthy_volunteers>
  </eligibility>
  <overall_official>
    <last_name>Medical Director</last_name>
    <role>Study Director</role>
    <affiliation>Biogen</affiliation>
  </overall_official>
  <overall_contact>
    <last_name>Aducanumab Global Clinical Trial Center</last_name>
    <email>clinicaltrials@biogen.com</email>
  </overall_contact>
  <overall_contact_backup>
    <last_name>Aducanumab US Call Center</last_name>
    <phone>877-231-7271</phone>
    <email>clinicaltrials@biogen.com</email>
  </overall_contact_backup>
  <location>
    <facility>
      <name>St. Joseph's Hospital and Medical Center</name>
      <address>
        <city>Phoenix</city>
        <state>Arizona</state>
        <zip>85013</zip>
        <country>United States</country>
      </address>
    </facility>
    <status>Recruiting</status>
    <contact>
      <phone>602-406-6262</phone>
    </contact>
    <investigator>
      <last_name>Jiong Shi</last_name>
      <role>Principal Investigator</role>
    </investigator>
  </location>
  <location>
    <facility>
      <name>Center for Neurosciences</name>
      <address>
        <city>Tucson</city>
        <state>Arizona</state>
        <zip>85718</zip>
        <country>United States</country>
      </address>
    </facility>
    <status>Recruiting</status>
    <contact>
      <phone>520-320-2147</phone>
    </contact>
    <investigator>
      <last_name>Michael Badruddoja</last_name>
      <role>Principal Investigator</role>
    </investigator>
  </location>
  <location>
    <facility>
      <name>Neurology Center of North Orange County</name>
      <address>
        <city>Fullerton</city>
        <state>California</state>
        <zip>92835</zip>
        <country>United States</country>
      </address>
    </facility>
    <status>Recruiting</status>
    <contact>
      <phone>714-879-7200</phone>
    </contact>
    <investigator>
      <last_name>Anthony Ciabarra</last_name>
      <role>Principal Investigator</role>
    </investigator>
  </location>
  <location>
    <facility>
      <name>Senior Clinical Trials, Inc.</name>
      <address>
        <city>Laguna Hills</city>
        <state>California</state>
        <zip>92653</zip>
        <country>United States</country>
      </address>
    </facility>
    <status>Recruiting</status>
    <contact>
      <phone>949-588-0909</phone>
    </contact>
    <investigator>
      <last_name>Robert Feldman</last_name>
      <role>Principal Investigator</role>
    </investigator>
  </location>
  <location>
    <facility>
      <name>Torrance Clinical Research Institute, Inc.</name>
      <address>
        <city>Lomita</city>
        <state>California</state>
        <zip>90717</zip>
        <country>United States</country>
      </address>
    </facility>
    <status>Active, not recruiting</status>
  </location>
  <location>
    <facility>
      <name>University of California - Los Angeles</name>
      <address>
        <city>Los Angeles</city>
        <state>California</state>
        <zip>90095</zip>
        <country>United States</country>
      </address>
    </facility>
    <status>Recruiting</status>
    <contact>
      <phone>310-794-6191</phone>
    </contact>
    <investigator>
      <last_name>Sarah Kremen</last_name>
      <role>Principal Investigator</role>
    </investigator>
  </location>
  <location>
    <facility>
      <name>UCSF - Memory and Aging Center</name>
      <address>
        <city>San Francisco</city>
        <state>California</state>
        <zip>94158</zip>
        <country>United States</country>
      </address>
    </facility>
    <status>Recruiting</status>
    <contact>
      <phone>415-476-8333</phone>
    </contact>
    <investigator>
      <last_name>Adam Boxer</last_name>
      <role>Principal Investigator</role>
    </investigator>
  </location>
  <location>
    <facility>
      <name>California Neuroscience Research Medical Group Inc.</name>
      <address>
        <city>Sherman Oaks</city>
        <state>California</state>
        <zip>91403</zip>
        <country>United States</country>
      </address>
    </facility>
    <status>Recruiting</status>
    <contact>
      <phone>818-990-2671</phone>
    </contact>
    <investigator>
      <last_name>Thomas Shiovitz</last_name>
      <role>Principal Investigator</role>
    </investigator>
  </location>
  <location>
    <facility>
      <name>Southern California Research LLC</name>
      <address>
        <city>Simi Valley</city>
        <state>California</state>
        <zip>93065</zip>
        <country>United States</country>
      </address>
    </facility>
    <status>Recruiting</status>
    <contact>
      <phone>818-631-7489</phone>
    </contact>
    <investigator>
      <last_name>Brock Summers</last_name>
      <role>Principal Investigator</role>
    </investigator>
  </location>
  <location>
    <facility>
      <name>Institute for Neurodegenerative Disorders</name>
      <address>
        <city>New Haven</city>
        <state>Connecticut</state>
        <zip>06510</zip>
        <country>United States</country>
      </address>
    </facility>
    <status>Recruiting</status>
    <contact>
      <phone>203-401-4300</phone>
    </contact>
    <investigator>
      <last_name>David Russell</last_name>
      <role>Principal Investigator</role>
    </investigator>
  </location>
  <location>
    <facility>
      <name>Georgetown University Hospital</name>
      <address>
        <city>Washington, D.C.</city>
        <state>District of Columbia</state>
        <zip>20057</zip>
        <country>United States</country>
      </address>
    </facility>
    <status>Recruiting</status>
    <contact>
      <phone>202-687-7337</phone>
    </contact>
    <investigator>
      <last_name>Raymond Turner</last_name>
      <role>Principal Investigator</role>
    </investigator>
  </location>
  <location>
    <facility>
      <name>Brain Matters Research, Inc.</name>
      <address>
        <city>Delray Beach</city>
        <state>Florida</state>
        <zip>33445</zip>
        <country>United States</country>
      </address>
    </facility>
    <status>Recruiting</status>
    <contact>
      <phone>561-374-8461</phone>
    </contact>
    <investigator>
      <last_name>Mark Brody</last_name>
      <role>Principal Investigator</role>
    </investigator>
  </location>
  <location>
    <facility>
      <name>Neuropsychiatric Research Center of Southwest Florida</name>
      <address>
        <city>Fort Myers</city>
        <state>Florida</state>
        <zip>33912</zip>
        <country>United States</country>
      </address>
    </facility>
    <status>Recruiting</status>
    <contact>
      <phone>239-939-7777</phone>
    </contact>
    <investigator>
      <last_name>Frederick Schaerf</last_name>
      <role>Principal Investigator</role>
    </investigator>
  </location>
  <location>
    <facility>
      <name>Jacksonville Center for Clinical Research</name>
      <address>
        <city>Jacksonville</city>
        <state>Florida</state>
        <zip>32216</zip>
        <country>United States</country>
      </address>
    </facility>
    <status>Recruiting</status>
    <contact>
      <phone>904-730-0101</phone>
    </contact>
    <investigator>
      <last_name>Erin Doty</last_name>
      <role>Principal Investigator</role>
    </investigator>
  </location>
  <location>
    <facility>
      <name>University of Miami</name>
      <address>
        <city>Miami</city>
        <state>Florida</state>
        <zip>33136</zip>
        <country>United States</country>
      </address>
    </facility>
    <status>Recruiting</status>
    <contact>
      <phone>305-243-0184</phone>
    </contact>
    <investigator>
      <last_name>Barry Baumel</last_name>
      <role>Principal Investigator</role>
    </investigator>
  </location>
  <location>
    <facility>
      <name>Miami Jewish Health Systems</name>
      <address>
        <city>Miami</city>
        <state>Florida</state>
        <zip>33137</zip>
        <country>United States</country>
      </address>
    </facility>
    <status>Recruiting</status>
    <contact>
      <phone>305-751-8626</phone>
    </contact>
    <investigator>
      <last_name>Marc Agronin</last_name>
      <role>Principal Investigator</role>
    </investigator>
  </location>
  <location>
    <facility>
      <name>New Horizon Research Center, Inc</name>
      <address>
        <city>Miami</city>
        <state>Florida</state>
        <zip>33175</zip>
        <country>United States</country>
      </address>
    </facility>
    <status>Withdrawn</status>
  </location>
  <location>
    <facility>
      <name>Compass Research Main</name>
      <address>
        <city>Orlando</city>
        <state>Florida</state>
        <zip>32806</zip>
        <country>United States</country>
      </address>
    </facility>
    <status>Recruiting</status>
    <contact>
      <phone>407-426-9299</phone>
    </contact>
    <investigator>
      <last_name>Craig Curtis</last_name>
      <role>Principal Investigator</role>
    </investigator>
  </location>
  <location>
    <facility>
      <name>Palm Beach Neurological Center</name>
      <address>
        <city>Palm Beach Gardens</city>
        <state>Florida</state>
        <zip>33410</zip>
        <country>United States</country>
      </address>
    </facility>
    <status>Recruiting</status>
    <contact>
      <phone>561-282-5541</phone>
    </contact>
    <investigator>
      <last_name>Michael Tuchman</last_name>
      <role>Principal Investigator</role>
    </investigator>
  </location>
  <location>
    <facility>
      <name>Stedman Clinical Trials, LLC</name>
      <address>
        <city>Tampa</city>
        <state>Florida</state>
        <zip>33613</zip>
        <country>United States</country>
      </address>
    </facility>
    <status>Recruiting</status>
    <contact>
      <phone>813-971-8311</phone>
    </contact>
    <investigator>
      <last_name>Mary Stedman</last_name>
      <role>Principal Investigator</role>
    </investigator>
  </location>
  <location>
    <facility>
      <name>USF Health Byrd Institute</name>
      <address>
        <city>Tampa</city>
        <state>Florida</state>
        <zip>33616</zip>
        <country>United States</country>
      </address>
    </facility>
    <status>Recruiting</status>
    <contact>
      <phone>813-974-4355</phone>
    </contact>
    <investigator>
      <last_name>Amanda Smith</last_name>
      <role>Principal Investigator</role>
    </investigator>
  </location>
  <location>
    <facility>
      <name>Meridien Research</name>
      <address>
        <city>Tampa</city>
        <state>Florida</state>
        <zip>33634</zip>
        <country>United States</country>
      </address>
    </facility>
    <status>Recruiting</status>
    <contact>
      <phone>813-877-8839</phone>
    </contact>
    <investigator>
      <last_name>Cynthia Huffman</last_name>
      <role>Principal Investigator</role>
    </investigator>
  </location>
  <location>
    <facility>
      <name>Compass Research Main</name>
      <address>
        <city>The Villages</city>
        <state>Florida</state>
        <zip>32162</zip>
        <country>United States</country>
      </address>
    </facility>
    <status>Recruiting</status>
    <contact>
      <phone>352-261-0901</phone>
    </contact>
    <investigator>
      <last_name>David Subich</last_name>
      <role>Principal Investigator</role>
    </investigator>
  </location>
  <location>
    <facility>
      <name>Premiere Research Institute</name>
      <address>
        <city>West Palm Beach</city>
        <state>Florida</state>
        <zip>33407</zip>
        <country>United States</country>
      </address>
    </facility>
    <status>Recruiting</status>
    <contact>
      <phone>561-845-0500</phone>
    </contact>
    <investigator>
      <last_name>Walter Martinez</last_name>
      <role>Principal Investigator</role>
    </investigator>
  </location>
  <location>
    <facility>
      <name>Cleveland Clinic Florida - Weston</name>
      <address>
        <city>Weston</city>
        <state>Florida</state>
        <zip>33331</zip>
        <country>United States</country>
      </address>
    </facility>
    <status>Recruiting</status>
    <contact>
      <phone>954-659-5670</phone>
    </contact>
    <investigator>
      <last_name>Po-Heng Tsai</last_name>
      <role>Principal Investigator</role>
    </investigator>
  </location>
  <location>
    <facility>
      <name>MS Center of Atlanta</name>
      <address>
        <city>Atlanta</city>
        <state>Georgia</state>
        <zip>30327</zip>
        <country>United States</country>
      </address>
    </facility>
    <status>Withdrawn</status>
  </location>
  <location>
    <facility>
      <name>Alexian Brothers Neurosciences Institute</name>
      <address>
        <city>Elk Grove Village</city>
        <state>Illinois</state>
        <zip>60007</zip>
        <country>United States</country>
      </address>
    </facility>
    <status>Recruiting</status>
    <contact>
      <phone>847-593-8553</phone>
    </contact>
    <investigator>
      <last_name>Concetta Forchetti</last_name>
      <role>Principal Investigator</role>
    </investigator>
  </location>
  <location>
    <facility>
      <name>Advocate Lutheran General Hospital</name>
      <address>
        <city>Park Ridge</city>
        <state>Illinois</state>
        <zip>60068</zip>
        <country>United States</country>
      </address>
    </facility>
    <status>Recruiting</status>
    <contact>
      <phone>847-720-6464</phone>
    </contact>
    <investigator>
      <last_name>Darren Gitelman</last_name>
      <role>Principal Investigator</role>
    </investigator>
  </location>
  <location>
    <facility>
      <name>Fort Wayne Neurological Center</name>
      <address>
        <city>Fort Wayne</city>
        <state>Indiana</state>
        <zip>46804</zip>
        <country>United States</country>
      </address>
    </facility>
    <status>Recruiting</status>
    <contact>
      <phone>260-436-3991</phone>
    </contact>
    <investigator>
      <last_name>James Stevens</last_name>
      <role>Principal Investigator</role>
    </investigator>
  </location>
  <location>
    <facility>
      <name>Indiana University School of Medicine</name>
      <address>
        <city>Indianapolis</city>
        <state>Indiana</state>
        <zip>46202</zip>
        <country>United States</country>
      </address>
    </facility>
    <status>Recruiting</status>
    <contact>
      <phone>317-963-7411</phone>
    </contact>
    <investigator>
      <last_name>Martin Farlow</last_name>
      <role>Principal Investigator</role>
    </investigator>
  </location>
  <location>
    <facility>
      <name>University of Kansas Medical Center Research Institute, Inc.</name>
      <address>
        <city>Kansas City</city>
        <state>Kansas</state>
        <zip>66160</zip>
        <country>United States</country>
      </address>
    </facility>
    <status>Recruiting</status>
    <contact>
      <phone>913-588-0555</phone>
    </contact>
    <investigator>
      <last_name>Jeffrey Burns</last_name>
      <role>Principal Investigator</role>
    </investigator>
  </location>
  <location>
    <facility>
      <name>Via Christi Research, a division of Via Christi Hospitals Wichita, Inc.</name>
      <address>
        <city>Wichita</city>
        <state>Kansas</state>
        <zip>67214</zip>
        <country>United States</country>
      </address>
    </facility>
    <status>Recruiting</status>
    <contact>
      <phone>316-291-4774</phone>
    </contact>
    <investigator>
      <last_name>Paul Murphy</last_name>
      <role>Principal Investigator</role>
    </investigator>
  </location>
  <location>
    <facility>
      <name>Baptist Health Lexington</name>
      <address>
        <city>Lexington</city>
        <state>Kentucky</state>
        <zip>40503</zip>
        <country>United States</country>
      </address>
    </facility>
    <status>Recruiting</status>
    <contact>
      <phone>859-260-4330</phone>
    </contact>
    <investigator>
      <last_name>Gregory Cooper</last_name>
      <role>Principal Investigator</role>
    </investigator>
  </location>
  <location>
    <facility>
      <name>Brigham &amp; Women's Hosp End/Dbt</name>
      <address>
        <city>Boston</city>
        <state>Massachusetts</state>
        <zip>02115</zip>
        <country>United States</country>
      </address>
    </facility>
    <status>Recruiting</status>
    <contact>
      <phone>617-732-8085</phone>
    </contact>
    <investigator>
      <last_name>Scott McGinnis</last_name>
      <role>Principal Investigator</role>
    </investigator>
  </location>
  <location>
    <facility>
      <name>Beth Israel Deaconess Medical Center</name>
      <address>
        <city>Boston</city>
        <state>Massachusetts</state>
        <zip>02215</zip>
        <country>United States</country>
      </address>
    </facility>
    <status>Recruiting</status>
    <contact>
      <phone>617-667-5553</phone>
    </contact>
    <investigator>
      <last_name>Henry Querfurth</last_name>
      <role>Principal Investigator</role>
    </investigator>
  </location>
  <location>
    <facility>
      <name>ActivMed Practices &amp; Research</name>
      <address>
        <city>Methuen</city>
        <state>Massachusetts</state>
        <zip>01844</zip>
        <country>United States</country>
      </address>
    </facility>
    <status>Recruiting</status>
    <contact>
      <phone>978-655-7155</phone>
    </contact>
    <investigator>
      <last_name>Michael McCartney</last_name>
      <role>Principal Investigator</role>
    </investigator>
  </location>
  <location>
    <facility>
      <name>Donald S. Marks, M.D., P.C.</name>
      <address>
        <city>Plymouth</city>
        <state>Massachusetts</state>
        <zip>02360</zip>
        <country>United States</country>
      </address>
    </facility>
    <status>Recruiting</status>
    <contact>
      <phone>508-746-5060</phone>
    </contact>
    <investigator>
      <last_name>Donald Marks</last_name>
      <role>Principal Investigator</role>
    </investigator>
  </location>
  <location>
    <facility>
      <name>Mayo Clinic</name>
      <address>
        <city>Rochester</city>
        <state>Minnesota</state>
        <zip>55905</zip>
        <country>United States</country>
      </address>
    </facility>
    <status>Recruiting</status>
    <contact>
      <phone>763-588-0661</phone>
    </contact>
    <investigator>
      <last_name>David Knopman</last_name>
      <role>Principal Investigator</role>
    </investigator>
  </location>
  <location>
    <facility>
      <name>Washington University</name>
      <address>
        <city>Saint Louis</city>
        <state>Missouri</state>
        <zip>63131</zip>
        <country>United States</country>
      </address>
    </facility>
    <status>Recruiting</status>
    <contact>
      <phone>314-747-2107</phone>
    </contact>
    <investigator>
      <last_name>Barbara Snider</last_name>
      <role>Principal Investigator</role>
    </investigator>
  </location>
  <location>
    <facility>
      <name>Las Vegas Medical research</name>
      <address>
        <city>Las Vegas</city>
        <state>Nevada</state>
        <zip>89113</zip>
        <country>United States</country>
      </address>
    </facility>
    <status>Recruiting</status>
    <contact>
      <phone>310-993-9118</phone>
    </contact>
    <investigator>
      <last_name>Bharat Mocherla</last_name>
      <role>Principal Investigator</role>
    </investigator>
  </location>
  <location>
    <facility>
      <name>Advanced Memory Research Institute of NJ, PC</name>
      <address>
        <city>Toms River</city>
        <state>New Jersey</state>
        <zip>08755</zip>
        <country>United States</country>
      </address>
    </facility>
    <status>Recruiting</status>
    <contact>
      <phone>732-341-9500</phone>
    </contact>
    <investigator>
      <last_name>Sanjiv Sharma</last_name>
      <role>Principal Investigator</role>
    </investigator>
  </location>
  <location>
    <facility>
      <name>Albany Medical College</name>
      <address>
        <city>Albany</city>
        <state>New York</state>
        <zip>12208</zip>
        <country>United States</country>
      </address>
    </facility>
    <status>Recruiting</status>
    <contact>
      <phone>518-262-0800</phone>
    </contact>
    <investigator>
      <last_name>Earl Zimmerman</last_name>
      <role>Principal Investigator</role>
    </investigator>
  </location>
  <location>
    <facility>
      <name>New York University Medical Center PRIME</name>
      <address>
        <city>New York</city>
        <state>New York</state>
        <zip>10016</zip>
        <country>United States</country>
      </address>
    </facility>
    <status>Recruiting</status>
    <contact>
      <phone>212-263-7744</phone>
    </contact>
    <investigator>
      <last_name>Martin Sadowski</last_name>
      <role>Principal Investigator</role>
    </investigator>
  </location>
  <location>
    <facility>
      <name>University of Rochester</name>
      <address>
        <city>Rochester</city>
        <state>New York</state>
        <zip>14620</zip>
        <country>United States</country>
      </address>
    </facility>
    <status>Recruiting</status>
    <contact>
      <phone>585-760-6560</phone>
    </contact>
    <investigator>
      <last_name>Anton Porsteinsson</last_name>
      <role>Principal Investigator</role>
    </investigator>
  </location>
  <location>
    <facility>
      <name>ANI Neurology, PLLC d/b/a Alzheimer's Memory Center</name>
      <address>
        <city>Charlotte</city>
        <state>North Carolina</state>
        <zip>28270</zip>
        <country>United States</country>
      </address>
    </facility>
    <status>Recruiting</status>
    <contact>
      <phone>704-364-4000</phone>
    </contact>
    <investigator>
      <last_name>Mohammad Bolouri</last_name>
      <role>Principal Investigator</role>
    </investigator>
  </location>
  <location>
    <facility>
      <name>Raleigh Neurology Associates, P.A.</name>
      <address>
        <city>Raleigh</city>
        <state>North Carolina</state>
        <zip>27607-6010</zip>
        <country>United States</country>
      </address>
    </facility>
    <status>Recruiting</status>
    <contact>
      <phone>919-782-3456</phone>
    </contact>
    <investigator>
      <last_name>Michael Bowman</last_name>
      <role>Principal Investigator</role>
    </investigator>
  </location>
  <location>
    <facility>
      <name>Cleveland Clinic</name>
      <address>
        <city>Cleveland</city>
        <state>Ohio</state>
        <zip>44195</zip>
        <country>United States</country>
      </address>
    </facility>
    <status>Recruiting</status>
    <contact>
      <phone>216-521-2228</phone>
    </contact>
    <investigator>
      <last_name>Babak Tousi</last_name>
      <role>Principal Investigator</role>
    </investigator>
  </location>
  <location>
    <facility>
      <name>Lynn Health Science Institute</name>
      <address>
        <city>Oklahoma City</city>
        <state>Oklahoma</state>
        <zip>73112</zip>
        <country>United States</country>
      </address>
    </facility>
    <status>Recruiting</status>
    <contact>
      <phone>405-602-3939</phone>
    </contact>
    <investigator>
      <last_name>Carl Griffin</last_name>
      <role>Principal Investigator</role>
    </investigator>
  </location>
  <location>
    <facility>
      <name>The Clinical Trial Center, LLC</name>
      <address>
        <city>Jenkintown</city>
        <state>Pennsylvania</state>
        <zip>19046</zip>
        <country>United States</country>
      </address>
    </facility>
    <status>Recruiting</status>
    <contact>
      <phone>215-884-1700</phone>
    </contact>
    <investigator>
      <last_name>Marvin Kalafer</last_name>
      <role>Principal Investigator</role>
    </investigator>
  </location>
  <location>
    <facility>
      <name>University of Pittsburgh</name>
      <address>
        <city>Pittsburgh</city>
        <state>Pennsylvania</state>
        <zip>15213</zip>
        <country>United States</country>
      </address>
    </facility>
    <status>Recruiting</status>
    <contact>
      <phone>412-692-2700</phone>
    </contact>
    <investigator>
      <last_name>Oscar Lopez</last_name>
      <role>Principal Investigator</role>
    </investigator>
  </location>
  <location>
    <facility>
      <name>Northeastern Pennsylvania Memory and Alzheimer's Center</name>
      <address>
        <city>Plains</city>
        <state>Pennsylvania</state>
        <zip>18705</zip>
        <country>United States</country>
      </address>
    </facility>
    <status>Recruiting</status>
    <contact>
      <phone>570-207-3945</phone>
    </contact>
    <investigator>
      <last_name>Mario Cornacchione</last_name>
      <role>Principal Investigator</role>
    </investigator>
  </location>
  <location>
    <facility>
      <name>Rhode Island Mood &amp; Memory Research Institute</name>
      <address>
        <city>East Providence</city>
        <state>Rhode Island</state>
        <zip>02915</zip>
        <country>United States</country>
      </address>
    </facility>
    <status>Recruiting</status>
    <contact>
      <phone>401-435-8950</phone>
    </contact>
    <investigator>
      <last_name>John Stoukides</last_name>
      <role>Principal Investigator</role>
    </investigator>
  </location>
  <location>
    <facility>
      <name>Butler Hospital</name>
      <address>
        <city>Providence</city>
        <state>Rhode Island</state>
        <zip>02906</zip>
        <country>United States</country>
      </address>
    </facility>
    <status>Recruiting</status>
    <contact>
      <phone>401-455-6203</phone>
    </contact>
    <investigator>
      <last_name>Stephen Salloway</last_name>
      <role>Principal Investigator</role>
    </investigator>
  </location>
  <location>
    <facility>
      <name>Medical University of South Carolina (MUSC)</name>
      <address>
        <city>Charleston</city>
        <state>South Carolina</state>
        <zip>29425</zip>
        <country>United States</country>
      </address>
    </facility>
    <status>Recruiting</status>
    <contact>
      <phone>843-792-3221</phone>
    </contact>
    <investigator>
      <last_name>David Clark</last_name>
      <role>Principal Investigator</role>
    </investigator>
  </location>
  <location>
    <facility>
      <name>Neurology Clinic, PC</name>
      <address>
        <city>Cordova</city>
        <state>Tennessee</state>
        <zip>38108</zip>
        <country>United States</country>
      </address>
    </facility>
    <status>Recruiting</status>
    <contact>
      <phone>901-866-9252</phone>
    </contact>
    <investigator>
      <last_name>Lee Stein</last_name>
      <role>Principal Investigator</role>
    </investigator>
  </location>
  <location>
    <facility>
      <name>University of Tennessee Medical Center. Knoxville</name>
      <address>
        <city>Knoxville</city>
        <state>Tennessee</state>
        <zip>37920</zip>
        <country>United States</country>
      </address>
    </facility>
    <status>Recruiting</status>
    <contact>
      <phone>865-305-6740</phone>
    </contact>
    <investigator>
      <last_name>John Dougherty</last_name>
      <role>Principal Investigator</role>
    </investigator>
  </location>
  <location>
    <facility>
      <name>Clinical Neuroscience Solutions, Inc.</name>
      <address>
        <city>Memphis</city>
        <state>Tennessee</state>
        <zip>38119</zip>
        <country>United States</country>
      </address>
    </facility>
    <status>Recruiting</status>
    <contact>
      <phone>901-843-1045</phone>
    </contact>
    <investigator>
      <last_name>Lora McGill</last_name>
      <role>Principal Investigator</role>
    </investigator>
  </location>
  <location>
    <facility>
      <name>UT Southwestern Medical Center at Dallas</name>
      <address>
        <city>Dallas</city>
        <state>Texas</state>
        <zip>75390</zip>
        <country>United States</country>
      </address>
    </facility>
    <status>Recruiting</status>
    <contact>
      <phone>214-648-9367</phone>
    </contact>
    <investigator>
      <last_name>Benjamin Williams</last_name>
      <role>Principal Investigator</role>
    </investigator>
  </location>
  <location>
    <facility>
      <name>Baylor College of Medicine</name>
      <address>
        <city>Houston</city>
        <state>Texas</state>
        <zip>77030</zip>
        <country>United States</country>
      </address>
    </facility>
    <status>Recruiting</status>
    <contact>
      <phone>713-798-4734</phone>
    </contact>
    <investigator>
      <last_name>Joseph Kass</last_name>
      <role>Principal Investigator</role>
    </investigator>
  </location>
  <location>
    <facility>
      <name>National Clinical Research Inc.-Richmond</name>
      <address>
        <city>Richmond</city>
        <state>Virginia</state>
        <zip>23294</zip>
        <country>United States</country>
      </address>
    </facility>
    <status>Recruiting</status>
    <contact>
      <phone>804-672-2995</phone>
    </contact>
    <investigator>
      <last_name>John Scott</last_name>
      <role>Principal Investigator</role>
    </investigator>
  </location>
  <location>
    <facility>
      <name>Medical College of Wisconsin, Inc.</name>
      <address>
        <city>Milwaukee</city>
        <state>Wisconsin</state>
        <zip>53266</zip>
        <country>United States</country>
      </address>
    </facility>
    <status>Recruiting</status>
    <contact>
      <phone>414-805-5224</phone>
    </contact>
    <investigator>
      <last_name>Piero Antuono</last_name>
      <role>Principal Investigator</role>
    </investigator>
  </location>
  <location>
    <facility>
      <name>St Vincent's Hospital Sydney</name>
      <address>
        <city>Darlinghurst</city>
        <state>New South Wales</state>
        <zip>2010</zip>
        <country>Australia</country>
      </address>
    </facility>
    <status>Recruiting</status>
  </location>
  <location>
    <facility>
      <name>Central Coast Neurosciences Research, Gosford</name>
      <address>
        <city>East Gosford</city>
        <state>New South Wales</state>
        <zip>2250</zip>
        <country>Australia</country>
      </address>
    </facility>
    <status>Recruiting</status>
  </location>
  <location>
    <facility>
      <name>KARA Institute for Neurological Diseases</name>
      <address>
        <city>North Ryde</city>
        <state>New South Wales</state>
        <zip>2113</zip>
        <country>Australia</country>
      </address>
    </facility>
    <status>Recruiting</status>
  </location>
  <location>
    <facility>
      <name>Calvary Mater Newcastle</name>
      <address>
        <city>Waratah</city>
        <state>New South Wales</state>
        <zip>2298</zip>
        <country>Australia</country>
      </address>
    </facility>
    <status>Recruiting</status>
  </location>
  <location>
    <facility>
      <name>Queensland University of Technology</name>
      <address>
        <city>Brisbane</city>
        <state>Queensland</state>
        <zip>4222</zip>
        <country>Australia</country>
      </address>
    </facility>
    <status>Recruiting</status>
  </location>
  <location>
    <facility>
      <name>The Prince Charles Hospital</name>
      <address>
        <city>Chermside</city>
        <state>Queensland</state>
        <zip>4032</zip>
        <country>Australia</country>
      </address>
    </facility>
    <status>Recruiting</status>
  </location>
  <location>
    <facility>
      <name>Royal Brisbane and Women's Hospital</name>
      <address>
        <city>Herston</city>
        <state>Queensland</state>
        <zip>4006</zip>
        <country>Australia</country>
      </address>
    </facility>
    <status>Recruiting</status>
  </location>
  <location>
    <facility>
      <name>Toowoomba Base Hospital</name>
      <address>
        <city>Toowoomba</city>
        <state>Queensland</state>
        <zip>4350</zip>
        <country>Australia</country>
      </address>
    </facility>
    <status>Recruiting</status>
  </location>
  <location>
    <facility>
      <name>Box Hill Hospital</name>
      <address>
        <city>Box Hill</city>
        <state>Victoria</state>
        <zip>3128</zip>
        <country>Australia</country>
      </address>
    </facility>
    <status>Recruiting</status>
  </location>
  <location>
    <facility>
      <name>Austin Hospital</name>
      <address>
        <city>Heidelberg</city>
        <state>Victoria</state>
        <zip>3084</zip>
        <country>Australia</country>
      </address>
    </facility>
    <status>Recruiting</status>
  </location>
  <location>
    <facility>
      <name>Royal Melbourne Hospital</name>
      <address>
        <city>Parkville</city>
        <state>Victoria</state>
        <zip>3050</zip>
        <country>Australia</country>
      </address>
    </facility>
    <status>Not yet recruiting</status>
  </location>
  <location>
    <facility>
      <name>Epworth Healthcare</name>
      <address>
        <city>Richmond</city>
        <state>Victoria</state>
        <zip>3121</zip>
        <country>Australia</country>
      </address>
    </facility>
    <status>Not yet recruiting</status>
  </location>
  <location>
    <facility>
      <name>McCusker Alzheimer's Research Foundation</name>
      <address>
        <city>Nedlands</city>
        <state>Western Australia</state>
        <zip>6009</zip>
        <country>Australia</country>
      </address>
    </facility>
    <status>Recruiting</status>
  </location>
  <location>
    <facility>
      <name>Neurodegenerative Disorders Research</name>
      <address>
        <city>West Perth</city>
        <state>Western Australia</state>
        <zip>6005</zip>
        <country>Australia</country>
      </address>
    </facility>
    <status>Recruiting</status>
  </location>
  <location>
    <facility>
      <name>LKH - Universitaetsklinikum Graz</name>
      <address>
        <city>Graz</city>
        <zip>8036</zip>
        <country>Austria</country>
      </address>
    </facility>
    <status>Recruiting</status>
  </location>
  <location>
    <facility>
      <name>Christian-Doppler-Klinik - Universitätsklinikum Salzburg</name>
      <address>
        <city>Salzburg</city>
        <zip>5020</zip>
        <country>Austria</country>
      </address>
    </facility>
    <status>Recruiting</status>
  </location>
  <location>
    <facility>
      <name>AKH - Medizinische Universität Wien</name>
      <address>
        <city>Vienna</city>
        <zip>1090</zip>
        <country>Austria</country>
      </address>
    </facility>
    <status>Active, not recruiting</status>
  </location>
  <location>
    <facility>
      <name>AKH - Medizinische Universität Wien</name>
      <address>
        <city>Vienna</city>
        <zip>1090</zip>
        <country>Austria</country>
      </address>
    </facility>
    <status>Recruiting</status>
  </location>
  <location>
    <facility>
      <name>Heritage Medical Research Clinic</name>
      <address>
        <city>Calgary</city>
        <state>Alberta</state>
        <zip>T2N 1N4</zip>
        <country>Canada</country>
      </address>
    </facility>
    <status>Recruiting</status>
  </location>
  <location>
    <facility>
      <name>The Medical Arts Health Research Group</name>
      <address>
        <city>Penticton</city>
        <state>British Columbia</state>
        <zip>V2A 5C8</zip>
        <country>Canada</country>
      </address>
    </facility>
    <status>Recruiting</status>
  </location>
  <location>
    <facility>
      <name>UBC Hospital</name>
      <address>
        <city>Vancouver</city>
        <state>British Columbia</state>
        <zip>V6T 2B5</zip>
        <country>Canada</country>
      </address>
    </facility>
    <status>Recruiting</status>
  </location>
  <location>
    <facility>
      <name>Toronto Memory Program (Neurology Research Inc.)</name>
      <address>
        <city>Toronto</city>
        <state>Ontario</state>
        <zip>M3B 2S7</zip>
        <country>Canada</country>
      </address>
    </facility>
    <status>Recruiting</status>
  </location>
  <location>
    <facility>
      <name>Toronto Sunnybrook Hospital</name>
      <address>
        <city>Toronto</city>
        <state>Ontario</state>
        <zip>M4N 3M5</zip>
        <country>Canada</country>
      </address>
    </facility>
    <status>Recruiting</status>
  </location>
  <location>
    <facility>
      <name>The Montreal Neurological Institute</name>
      <address>
        <city>Montreal</city>
        <state>Quebec</state>
        <zip>H3A 2B4</zip>
        <country>Canada</country>
      </address>
    </facility>
    <status>Recruiting</status>
  </location>
  <location>
    <facility>
      <name>McGill Centre for Studies in Aging</name>
      <address>
        <city>Verdun</city>
        <state>Quebec</state>
        <zip>H4H 1R3</zip>
        <country>Canada</country>
      </address>
    </facility>
    <status>Recruiting</status>
  </location>
  <location>
    <facility>
      <name>CHU de Quebec - Hôpital de l' Enfant Jésus</name>
      <address>
        <city>Quebec</city>
        <zip>G1J 1Z4</zip>
        <country>Canada</country>
      </address>
    </facility>
    <status>Recruiting</status>
  </location>
  <location>
    <facility>
      <name>CCBR - Ballerup - DK</name>
      <address>
        <city>Ballerup</city>
        <zip>2750</zip>
        <country>Denmark</country>
      </address>
    </facility>
    <status>Recruiting</status>
    <contact>
      <phone>+45 4470 4470</phone>
    </contact>
    <investigator>
      <last_name>Line Markdanner Lindgren</last_name>
      <role>Principal Investigator</role>
    </investigator>
  </location>
  <location>
    <facility>
      <name>Rigshospitalet</name>
      <address>
        <city>København Ø</city>
        <zip>2100</zip>
        <country>Denmark</country>
      </address>
    </facility>
    <status>Recruiting</status>
    <contact>
      <phone>+4535456702</phone>
    </contact>
    <investigator>
      <last_name>Dr. Peter Johannsen</last_name>
      <role>Principal Investigator</role>
    </investigator>
  </location>
  <location>
    <facility>
      <name>CCBR - Vejle - DK</name>
      <address>
        <city>Vejle</city>
        <zip>7100</zip>
        <country>Denmark</country>
      </address>
    </facility>
    <status>Recruiting</status>
    <contact>
      <phone>+45 7572 6066</phone>
    </contact>
    <investigator>
      <last_name>Annette Justesen</last_name>
      <role>Principal Investigator</role>
    </investigator>
  </location>
  <location>
    <facility>
      <name>CCBR - Ålborg - DK</name>
      <address>
        <city>Ålborg</city>
        <zip>9100</zip>
        <country>Denmark</country>
      </address>
    </facility>
    <status>Recruiting</status>
    <contact>
      <phone>+45 96334720</phone>
    </contact>
    <investigator>
      <last_name>Anna Areovimata</last_name>
      <role>Principal Investigator</role>
    </investigator>
  </location>
  <location>
    <facility>
      <name>CHU Strasbourg - Hôpital Hautepierre</name>
      <address>
        <city>Strasbourg Cedex</city>
        <state>Bas Rhin</state>
        <zip>67098</zip>
        <country>France</country>
      </address>
    </facility>
    <status>Recruiting</status>
  </location>
  <location>
    <facility>
      <name>Hopital Louis Pasteur Colmar</name>
      <address>
        <city>Strasbourg</city>
        <state>Bas Rhin</state>
        <zip>67091</zip>
        <country>France</country>
      </address>
    </facility>
    <status>Recruiting</status>
    <contact>
      <phone>00 33 3 89 12 70 97</phone>
    </contact>
    <investigator>
      <last_name>Pierre Anthony</last_name>
      <role>Principal Investigator</role>
    </investigator>
  </location>
  <location>
    <facility>
      <name>Groupe Hospitalier Pellegrin - Hôpital Pellegrin</name>
      <address>
        <city>Bordeaux</city>
        <state>Gironde</state>
        <zip>33076</zip>
        <country>France</country>
      </address>
    </facility>
    <status>Recruiting</status>
    <contact>
      <phone>05 57 82 01 16</phone>
    </contact>
    <investigator>
      <last_name>Sophie Auriacombe</last_name>
      <role>Principal Investigator</role>
    </investigator>
  </location>
  <location>
    <facility>
      <name>CHU Reims - Hôpital Maison Blanche</name>
      <address>
        <city>Reims</city>
        <state>Marne</state>
        <zip>51092</zip>
        <country>France</country>
      </address>
    </facility>
    <status>Recruiting</status>
  </location>
  <location>
    <facility>
      <name>Hopital Neurologique Pierre Wertheimer</name>
      <address>
        <city>Bron Cedex</city>
        <state>Rhone</state>
        <zip>69677</zip>
        <country>France</country>
      </address>
    </facility>
    <status>Recruiting</status>
    <contact>
      <phone>+33 4-72-35-71-32</phone>
    </contact>
    <investigator>
      <last_name>Helene Mollion</last_name>
      <role>Principal Investigator</role>
    </investigator>
  </location>
  <location>
    <facility>
      <name>Groupe hospitalier Broca - La Rochefoucauld - La Collégiale</name>
      <address>
        <city>Paris</city>
        <zip>75013</zip>
        <country>France</country>
      </address>
    </facility>
    <status>Recruiting</status>
  </location>
  <location>
    <facility>
      <name>Groupe Hospitalier Pitie-Salpetriere</name>
      <address>
        <city>Paris</city>
        <zip>75013</zip>
        <country>France</country>
      </address>
    </facility>
    <status>Recruiting</status>
    <contact>
      <phone>33 1 42 16 7501</phone>
    </contact>
    <investigator>
      <last_name>Bruno Dubois</last_name>
      <role>Principal Investigator</role>
    </investigator>
  </location>
  <location>
    <facility>
      <name>Praxis Dr. Scholz</name>
      <address>
        <city>Boeblingen</city>
        <state>Baden Wuerttemberg</state>
        <zip>71034</zip>
        <country>Germany</country>
      </address>
    </facility>
    <status>Recruiting</status>
  </location>
  <location>
    <facility>
      <name>Aerztliche Gemeinschaftspraxis</name>
      <address>
        <city>Ostfildern</city>
        <state>Baden Wuerttemberg</state>
        <zip>73760</zip>
        <country>Germany</country>
      </address>
    </facility>
    <status>Recruiting</status>
  </location>
  <location>
    <facility>
      <name>Neuro MVZ Stuttgart</name>
      <address>
        <city>Stuttgart</city>
        <state>Baden Wuerttemberg</state>
        <zip>70182</zip>
        <country>Germany</country>
      </address>
    </facility>
    <status>Recruiting</status>
  </location>
  <location>
    <facility>
      <name>Klinikum der Johann Wolfgang Goethe-Universitaet</name>
      <address>
        <city>Frankfurt</city>
        <state>Bayern</state>
        <zip>97080</zip>
        <country>Germany</country>
      </address>
    </facility>
    <status>Recruiting</status>
  </location>
  <location>
    <facility>
      <name>Praxis Dr. med. Bergmann</name>
      <address>
        <city>Neuburg</city>
        <state>Bayern</state>
        <zip>86633</zip>
        <country>Germany</country>
      </address>
    </facility>
    <status>Recruiting</status>
  </location>
  <location>
    <facility>
      <name>Neurologische Gemeinschaftspraxis Kassel</name>
      <address>
        <city>Kassel</city>
        <state>Hessen</state>
        <zip>34121</zip>
        <country>Germany</country>
      </address>
    </facility>
    <status>Recruiting</status>
  </location>
  <location>
    <facility>
      <name>Klinische Forschung Hannover-Mitte GmbH</name>
      <address>
        <city>Hannover</city>
        <state>Niedersachsen</state>
        <zip>30159</zip>
        <country>Germany</country>
      </address>
    </facility>
    <status>Recruiting</status>
  </location>
  <location>
    <facility>
      <name>Universitaetsklinikum Aachen AOeR</name>
      <address>
        <city>Aachen</city>
        <state>Nordrhein Westfalen</state>
        <zip>52074</zip>
        <country>Germany</country>
      </address>
    </facility>
    <status>Recruiting</status>
  </location>
  <location>
    <facility>
      <name>Universitaetsklinikum Bonn AoeR</name>
      <address>
        <city>Bonn</city>
        <state>Nordrhein Westfalen</state>
        <zip>53127</zip>
        <country>Germany</country>
      </address>
    </facility>
    <status>Recruiting</status>
  </location>
  <location>
    <facility>
      <name>Universitaetsklinikum Koeln</name>
      <address>
        <city>Cologne</city>
        <state>Nordrhein Westfalen</state>
        <zip>53105</zip>
        <country>Germany</country>
      </address>
    </facility>
    <status>Recruiting</status>
  </location>
  <location>
    <facility>
      <name>Charite Universitaetsmedizin Berlin - Campus Benjamin Franklin</name>
      <address>
        <city>Berlin</city>
        <zip>14050</zip>
        <country>Germany</country>
      </address>
    </facility>
    <status>Recruiting</status>
  </location>
  <location>
    <facility>
      <name>Azienda Ospedaliero Universitaria Ospedali Riuniti</name>
      <address>
        <city>Torrette di Ancona</city>
        <state>Ancona</state>
        <zip>60126</zip>
        <country>Italy</country>
      </address>
    </facility>
    <status>Recruiting</status>
  </location>
  <location>
    <facility>
      <name>Fondazione Istituto G.Giglio di Cefalù</name>
      <address>
        <city>Cefalù</city>
        <state>Palermo</state>
        <zip>90015</zip>
        <country>Italy</country>
      </address>
    </facility>
    <status>Recruiting</status>
  </location>
  <location>
    <facility>
      <name>Azienda Ospedaliera Ospedali Riuniti di Bergamo</name>
      <address>
        <city>Bergamo</city>
        <zip>24100</zip>
        <country>Italy</country>
      </address>
    </facility>
    <status>Not yet recruiting</status>
  </location>
  <location>
    <facility>
      <name>Azienda Ospedaliera Spedali Civili di Brescia</name>
      <address>
        <city>Brescia</city>
        <zip>25100</zip>
        <country>Italy</country>
      </address>
    </facility>
    <status>Recruiting</status>
  </location>
  <location>
    <facility>
      <name>Azienda Ospedaliero Universitaria San Martino</name>
      <address>
        <city>Genova</city>
        <zip>16132</zip>
        <country>Italy</country>
      </address>
    </facility>
    <status>Recruiting</status>
  </location>
  <location>
    <facility>
      <name>Ospedale San Raffaele</name>
      <address>
        <city>Milano</city>
        <zip>20132</zip>
        <country>Italy</country>
      </address>
    </facility>
    <status>Recruiting</status>
  </location>
  <location>
    <facility>
      <name>Casa di Cura del Policlinico</name>
      <address>
        <city>Milano</city>
        <zip>20144</zip>
        <country>Italy</country>
      </address>
    </facility>
    <status>Recruiting</status>
  </location>
  <location>
    <facility>
      <name>Azienda Ospedaliera Universitaria &quot;Federico II&quot;</name>
      <address>
        <city>Napoli</city>
        <zip>80131</zip>
        <country>Italy</country>
      </address>
    </facility>
    <status>Recruiting</status>
  </location>
  <location>
    <facility>
      <name>Seconda Università degli Studi di Napoli</name>
      <address>
        <city>Napoli</city>
        <zip>80138</zip>
        <country>Italy</country>
      </address>
    </facility>
    <status>Recruiting</status>
  </location>
  <location>
    <facility>
      <name>Azienda Ospedaliero Universitaria Pisana</name>
      <address>
        <city>Pisa</city>
        <zip>56126</zip>
        <country>Italy</country>
      </address>
    </facility>
    <status>Recruiting</status>
  </location>
  <location>
    <facility>
      <name>Policlinico Universitario Agostino Gemelli</name>
      <address>
        <city>Roma</city>
        <zip>00168</zip>
        <country>Italy</country>
      </address>
    </facility>
    <status>Recruiting</status>
  </location>
  <location>
    <facility>
      <name>Azienda Ospedaliera Universitaria OO. RR. S. Giovanni di Dio e Ruggi D'Aragona</name>
      <address>
        <city>Salerno</city>
        <zip>84131</zip>
        <country>Italy</country>
      </address>
    </facility>
    <status>Recruiting</status>
  </location>
  <location>
    <facility>
      <name>A.O.U. Senese Policlinico Santa Maria alle Scotte</name>
      <address>
        <city>Siena</city>
        <zip>53100</zip>
        <country>Italy</country>
      </address>
    </facility>
    <status>Recruiting</status>
  </location>
  <location>
    <facility>
      <name>Research Site</name>
      <address>
        <city>Chiba-Shi</city>
        <state>Chiba-Ken</state>
        <zip>263-0043</zip>
        <country>Japan</country>
      </address>
    </facility>
    <status>Recruiting</status>
  </location>
  <location>
    <facility>
      <name>Research Site</name>
      <address>
        <city>Inzai-shi</city>
        <state>Chiba-Ken</state>
        <country>Japan</country>
      </address>
    </facility>
    <status>Recruiting</status>
  </location>
  <location>
    <facility>
      <name>Research Site</name>
      <address>
        <city>Aizuwakamatsu-shi</city>
        <state>Fukushima-Ken</state>
        <zip>965-8585</zip>
        <country>Japan</country>
      </address>
    </facility>
    <status>Recruiting</status>
  </location>
  <location>
    <facility>
      <name>Research Site</name>
      <address>
        <city>Asahikawa-shi</city>
        <state>Hokkaido</state>
        <zip>070-8644</zip>
        <country>Japan</country>
      </address>
    </facility>
    <status>Recruiting</status>
  </location>
  <location>
    <facility>
      <name>Research Site</name>
      <address>
        <city>Sapporo-shi</city>
        <state>Hokkaido</state>
        <zip>006-8555</zip>
        <country>Japan</country>
      </address>
    </facility>
    <status>Not yet recruiting</status>
  </location>
  <location>
    <facility>
      <name>Research Site</name>
      <address>
        <city>Sapporo-shi</city>
        <state>Hokkaido</state>
        <zip>064-8570</zip>
        <country>Japan</country>
      </address>
    </facility>
    <status>Recruiting</status>
  </location>
  <location>
    <facility>
      <name>Research Site</name>
      <address>
        <city>Atsugi-shi</city>
        <state>Kanagawa-Ken</state>
        <zip>243-8551</zip>
        <country>Japan</country>
      </address>
    </facility>
    <status>Recruiting</status>
  </location>
  <location>
    <facility>
      <name>Research Site</name>
      <address>
        <city>Kamakura-shi</city>
        <state>Kanagawa-Ken</state>
        <zip>247-8533</zip>
        <country>Japan</country>
      </address>
    </facility>
    <status>Recruiting</status>
  </location>
  <location>
    <facility>
      <name>Research Site</name>
      <address>
        <city>Kawasaki-Shi</city>
        <state>Kanagawa-Ken</state>
        <zip>211-8533</zip>
        <country>Japan</country>
      </address>
    </facility>
    <status>Recruiting</status>
  </location>
  <location>
    <facility>
      <name>Research Site</name>
      <address>
        <city>Yokohama-shi</city>
        <state>Kanagawa-Ken</state>
        <zip>225-0013</zip>
        <country>Japan</country>
      </address>
    </facility>
    <status>Recruiting</status>
  </location>
  <location>
    <facility>
      <name>Research Site</name>
      <address>
        <city>Yokohama-shi</city>
        <state>Kanagawa-Ken</state>
        <zip>225-0025</zip>
        <country>Japan</country>
      </address>
    </facility>
    <status>Recruiting</status>
  </location>
  <location>
    <facility>
      <name>Research Site</name>
      <address>
        <city>Nagaoka-shi</city>
        <state>Niigata-Ken</state>
        <zip>940-2081</zip>
        <country>Japan</country>
      </address>
    </facility>
    <status>Recruiting</status>
  </location>
  <location>
    <facility>
      <name>Research Site</name>
      <address>
        <city>Iruma-gun</city>
        <state>Saitama-Ken</state>
        <zip>350-0495</zip>
        <country>Japan</country>
      </address>
    </facility>
    <status>Recruiting</status>
  </location>
  <location>
    <facility>
      <name>Research Site</name>
      <address>
        <city>Kasukabe-shi</city>
        <state>Saitama-Ken</state>
        <zip>344-0036</zip>
        <country>Japan</country>
      </address>
    </facility>
    <status>Recruiting</status>
  </location>
  <location>
    <facility>
      <name>Research Site</name>
      <address>
        <city>Bunkyo-ku</city>
        <state>Tokyo-To</state>
        <zip>113-0034</zip>
        <country>Japan</country>
      </address>
    </facility>
    <status>Recruiting</status>
  </location>
  <location>
    <facility>
      <name>Research Site</name>
      <address>
        <city>Bunkyo-ku</city>
        <state>Tokyo-To</state>
        <zip>113-8603</zip>
        <country>Japan</country>
      </address>
    </facility>
    <status>Not yet recruiting</status>
  </location>
  <location>
    <facility>
      <name>Research Site</name>
      <address>
        <city>Shinjuku-ku (I)</city>
        <state>Tokyo-To</state>
        <zip>162-8655</zip>
        <country>Japan</country>
      </address>
    </facility>
    <status>Recruiting</status>
  </location>
  <location>
    <facility>
      <name>Research Site</name>
      <address>
        <city>Shinjuku-ku</city>
        <state>Tokyo-To</state>
        <zip>162-8655</zip>
        <country>Japan</country>
      </address>
    </facility>
    <status>Recruiting</status>
  </location>
  <location>
    <facility>
      <name>Research Site</name>
      <address>
        <city>Ota-ku</city>
        <state>Tokyo</state>
        <zip>143-8541</zip>
        <country>Japan</country>
      </address>
    </facility>
    <status>Recruiting</status>
  </location>
  <location>
    <facility>
      <name>Research Site</name>
      <address>
        <city>Yamagata-shi</city>
        <state>Yamagata-Ken</state>
        <zip>990-0834</zip>
        <country>Japan</country>
      </address>
    </facility>
    <status>Recruiting</status>
  </location>
  <location>
    <facility>
      <name>Research Site</name>
      <address>
        <city>Itabashi-ku</city>
        <zip>173-0015</zip>
        <country>Japan</country>
      </address>
    </facility>
    <status>Recruiting</status>
  </location>
  <location>
    <facility>
      <name>Research Site</name>
      <address>
        <city>Itabashi-ku</city>
        <zip>173-8610</zip>
        <country>Japan</country>
      </address>
    </facility>
    <status>Active, not recruiting</status>
  </location>
  <location>
    <facility>
      <name>Research Site</name>
      <address>
        <city>Kiyose-shi</city>
        <country>Japan</country>
      </address>
    </facility>
    <status>Recruiting</status>
  </location>
  <location>
    <facility>
      <name>Research Site</name>
      <address>
        <city>Kodaira-shi</city>
        <zip>187-8551</zip>
        <country>Japan</country>
      </address>
    </facility>
    <status>Recruiting</status>
  </location>
  <location>
    <facility>
      <name>Inha University Hospital</name>
      <address>
        <city>Incheon</city>
        <state>Gyeonggi-do</state>
        <zip>22332</zip>
        <country>Korea, Republic of</country>
      </address>
    </facility>
    <status>Recruiting</status>
  </location>
  <location>
    <facility>
      <name>Seoul National University Bundang Hospital</name>
      <address>
        <city>Seongnam-si</city>
        <state>Gyeonggi-do</state>
        <zip>13620</zip>
        <country>Korea, Republic of</country>
      </address>
    </facility>
    <status>Recruiting</status>
  </location>
  <location>
    <facility>
      <name>Gachon University Gil Medical Center</name>
      <address>
        <city>Incheon</city>
        <zip>21565</zip>
        <country>Korea, Republic of</country>
      </address>
    </facility>
    <status>Recruiting</status>
  </location>
  <location>
    <facility>
      <name>Asan Medical Center</name>
      <address>
        <city>Seoul</city>
        <zip>05505</zip>
        <country>Korea, Republic of</country>
      </address>
    </facility>
    <status>Recruiting</status>
  </location>
  <location>
    <facility>
      <name>Samsung Medical Center</name>
      <address>
        <city>Seoul</city>
        <zip>06351</zip>
        <country>Korea, Republic of</country>
      </address>
    </facility>
    <status>Recruiting</status>
  </location>
  <location>
    <facility>
      <name>Konkuk University Medical Center</name>
      <address>
        <city>Seoul</city>
        <zip>143-729</zip>
        <country>Korea, Republic of</country>
      </address>
    </facility>
    <status>Recruiting</status>
  </location>
  <location>
    <facility>
      <name>Hospital Professor Doutor Fernando Fonseca, E.P.E.</name>
      <address>
        <city>Amadora</city>
        <zip>2720-276</zip>
        <country>Portugal</country>
      </address>
    </facility>
    <status>Recruiting</status>
  </location>
  <location>
    <facility>
      <name>Hospital de Braga</name>
      <address>
        <city>Braga</city>
        <zip>4710-243</zip>
        <country>Portugal</country>
      </address>
    </facility>
    <status>Recruiting</status>
  </location>
  <location>
    <facility>
      <name>Centro Hospitalar e Universitário de Coimbra E.P.E</name>
      <address>
        <city>Coimbra</city>
        <zip>3040-278</zip>
        <country>Portugal</country>
      </address>
    </facility>
    <status>Recruiting</status>
  </location>
  <location>
    <facility>
      <name>CUF Alvalade</name>
      <address>
        <city>Lisboa</city>
        <zip>1600-618</zip>
        <country>Portugal</country>
      </address>
    </facility>
    <status>Not yet recruiting</status>
  </location>
  <location>
    <facility>
      <name>Centro Hospitalar de Lisboa Norte, E.P.E. - Hospital de Santa Maria</name>
      <address>
        <city>Lisboa</city>
        <zip>1649-035</zip>
        <country>Portugal</country>
      </address>
    </facility>
    <status>Active, not recruiting</status>
  </location>
  <location>
    <facility>
      <name>Hospital Beatriz Ângelo</name>
      <address>
        <city>Loures</city>
        <zip>2674-514</zip>
        <country>Portugal</country>
      </address>
    </facility>
    <status>Recruiting</status>
  </location>
  <location>
    <facility>
      <name>Campus Neurologico Senior</name>
      <address>
        <city>Torres Vedras</city>
        <zip>2560-280</zip>
        <country>Portugal</country>
      </address>
    </facility>
    <status>Recruiting</status>
  </location>
  <location>
    <facility>
      <name>Policlinica Guipuzcoa</name>
      <address>
        <city>San Sebastian</city>
        <state>Guipuzcoa</state>
        <zip>20014</zip>
        <country>Spain</country>
      </address>
    </facility>
    <status>Recruiting</status>
    <contact>
      <phone>+34 637 45 01 82</phone>
    </contact>
    <investigator>
      <last_name>Nadege Van Blercon</last_name>
      <role>Principal Investigator</role>
    </investigator>
  </location>
  <location>
    <facility>
      <name>Hospital de Cruces</name>
      <address>
        <city>Barakaldo</city>
        <state>Vizcaya</state>
        <zip>48903</zip>
        <country>Spain</country>
      </address>
    </facility>
    <status>Recruiting</status>
  </location>
  <location>
    <facility>
      <name>Fundacio ACE</name>
      <address>
        <city>Barcelona</city>
        <zip>08028</zip>
        <country>Spain</country>
      </address>
    </facility>
    <status>Recruiting</status>
  </location>
  <location>
    <facility>
      <name>Hospital Clinic i Provincial de Barcelona</name>
      <address>
        <city>Barcelona</city>
        <zip>08036</zip>
        <country>Spain</country>
      </address>
    </facility>
    <status>Recruiting</status>
  </location>
  <location>
    <facility>
      <name>Hospital de la Santa Creu i Sant Pau</name>
      <address>
        <city>Barcelona</city>
        <zip>08041</zip>
        <country>Spain</country>
      </address>
    </facility>
    <status>Recruiting</status>
  </location>
  <location>
    <facility>
      <name>Clinica Ruber</name>
      <address>
        <city>Madrid</city>
        <zip>28006</zip>
        <country>Spain</country>
      </address>
    </facility>
    <status>Recruiting</status>
  </location>
  <location>
    <facility>
      <name>Hospital Universitario Dr. Peset</name>
      <address>
        <city>Valencia</city>
        <zip>46017</zip>
        <country>Spain</country>
      </address>
    </facility>
    <status>Recruiting</status>
  </location>
  <location>
    <facility>
      <name>Hospital Universitari i Politecnic La Fe</name>
      <address>
        <city>Valencia</city>
        <zip>46026</zip>
        <country>Spain</country>
      </address>
    </facility>
    <status>Recruiting</status>
  </location>
  <location>
    <facility>
      <name>Changhua Christian Hospital</name>
      <address>
        <city>Changhua</city>
        <zip>500</zip>
        <country>Taiwan</country>
      </address>
    </facility>
    <status>Recruiting</status>
  </location>
  <location>
    <facility>
      <name>Kaohsiung Medical University Chung-Ho Memorial Hospital</name>
      <address>
        <city>Kaohsiung</city>
        <zip>807</zip>
        <country>Taiwan</country>
      </address>
    </facility>
    <status>Recruiting</status>
  </location>
  <location>
    <facility>
      <name>Kaohsiung Chang Gung Memorial Hospital</name>
      <address>
        <city>Kaohsiung</city>
        <zip>83301</zip>
        <country>Taiwan</country>
      </address>
    </facility>
    <status>Recruiting</status>
  </location>
  <location>
    <facility>
      <name>National Cheng Kung University Hospital</name>
      <address>
        <city>Tainan</city>
        <zip>704</zip>
        <country>Taiwan</country>
      </address>
    </facility>
    <status>Recruiting</status>
  </location>
  <location>
    <facility>
      <name>National Taiwan University Hospital</name>
      <address>
        <city>Taipei</city>
        <zip>100</zip>
        <country>Taiwan</country>
      </address>
    </facility>
    <status>Recruiting</status>
  </location>
  <location>
    <facility>
      <name>Chang Gung Memorial Hospital, Linkou</name>
      <address>
        <city>Taoyuan County</city>
        <zip>333</zip>
        <country>Taiwan</country>
      </address>
    </facility>
    <status>Recruiting</status>
  </location>
  <location>
    <facility>
      <name>Southmead Hospital</name>
      <address>
        <city>Bristol</city>
        <state>Avon</state>
        <zip>BS16 1LE</zip>
        <country>United Kingdom</country>
      </address>
    </facility>
    <status>Recruiting</status>
  </location>
  <location>
    <facility>
      <name>Re:Cognition Health Ltd</name>
      <address>
        <city>London</city>
        <state>Greater London</state>
        <zip>W1G 9JF</zip>
        <country>United Kingdom</country>
      </address>
    </facility>
    <status>Recruiting</status>
  </location>
  <location>
    <facility>
      <name>Charing Cross Hospital</name>
      <address>
        <city>London</city>
        <state>Greater London</state>
        <zip>W6 8RF</zip>
        <country>United Kingdom</country>
      </address>
    </facility>
    <status>Recruiting</status>
  </location>
  <location>
    <facility>
      <name>The National Hospital for Neurology and Neurosurgery Centre</name>
      <address>
        <city>London</city>
        <state>Greater London</state>
        <zip>WC1N 3BG</zip>
        <country>United Kingdom</country>
      </address>
    </facility>
    <status>Recruiting</status>
  </location>
  <location>
    <facility>
      <name>Salford Royal</name>
      <address>
        <city>Salford</city>
        <state>Greater Manchester</state>
        <zip>M6 8HD</zip>
        <country>United Kingdom</country>
      </address>
    </facility>
    <status>Recruiting</status>
  </location>
  <location>
    <facility>
      <name>The University of Edinburgh</name>
      <address>
        <city>Edinburgh</city>
        <state>Lothian Region</state>
        <zip>EH8 9YL</zip>
        <country>United Kingdom</country>
      </address>
    </facility>
    <status>Recruiting</status>
    <contact>
      <phone>07736069590</phone>
    </contact>
    <investigator>
      <last_name>Ritchie Craig</last_name>
      <role>Principal Investigator</role>
    </investigator>
  </location>
  <location>
    <facility>
      <name>Manchester Royal Infirmary</name>
      <address>
        <city>Blackburn</city>
        <state>Merseyside</state>
        <zip>BB3 2HH</zip>
        <country>United Kingdom</country>
      </address>
    </facility>
    <status>Not yet recruiting</status>
  </location>
  <location>
    <facility>
      <name>West Middlesex Hospital</name>
      <address>
        <city>Isleworth</city>
        <state>Middlesex</state>
        <zip>TW7 6AF</zip>
        <country>United Kingdom</country>
      </address>
    </facility>
    <status>Recruiting</status>
  </location>
  <location>
    <facility>
      <name>The RICE Centre</name>
      <address>
        <city>Bath</city>
        <state>Somerset</state>
        <zip>BA1 3NG</zip>
        <country>United Kingdom</country>
      </address>
    </facility>
    <status>Recruiting</status>
  </location>
  <location>
    <facility>
      <name>Glasgow Memory Clinic Ltd</name>
      <address>
        <city>Glasgow</city>
        <state>Strathclyde</state>
        <zip>G20 0XA</zip>
        <country>United Kingdom</country>
      </address>
    </facility>
    <status>Recruiting</status>
  </location>
  <location>
    <facility>
      <name>Stobhill ACH Hospital</name>
      <address>
        <city>Glasgow</city>
        <state>Strathclyde</state>
        <zip>G21 3UW</zip>
        <country>United Kingdom</country>
      </address>
    </facility>
    <status>Recruiting</status>
  </location>
  <location>
    <facility>
      <name>Ninewells Hospital</name>
      <address>
        <city>Dundee</city>
        <state>Tayside Region</state>
        <zip>DD2 1GZ</zip>
        <country>United Kingdom</country>
      </address>
    </facility>
    <status>Recruiting</status>
  </location>
  <location>
    <facility>
      <name>Newcastle University</name>
      <address>
        <city>Newcastle upon Tyne</city>
        <state>Tyne &amp; Wear</state>
        <zip>NE4 5PL</zip>
        <country>United Kingdom</country>
      </address>
    </facility>
    <status>Recruiting</status>
    <contact>
      <phone>441912481270</phone>
    </contact>
    <investigator>
      <last_name>Andrew Byrne</last_name>
      <role>Principal Investigator</role>
    </investigator>
  </location>
  <location>
    <facility>
      <name>Kingshill Research Centre</name>
      <address>
        <city>Chippenham</city>
        <state>Wiltshire</state>
        <zip>SN15 1GG</zip>
        <country>United Kingdom</country>
      </address>
    </facility>
    <status>Active, not recruiting</status>
  </location>
  <location_countries>
    <country>Australia</country>
    <country>Austria</country>
    <country>Canada</country>
    <country>Denmark</country>
    <country>France</country>
    <country>Germany</country>
    <country>Italy</country>
    <country>Japan</country>
    <country>Korea, Republic of</country>
    <country>Portugal</country>
    <country>Spain</country>
    <country>Taiwan</country>
    <country>United Kingdom</country>
    <country>United States</country>
  </location_countries>
  <removed_countries>
    <country>Czech Republic</country>
    <country>Hungary</country>
  </removed_countries>
  <link>
    <url>https://www.engageandemerge.com/</url>
    <description>US Residents may click here to find out more about participation in this trial</description>
  </link>
  <verification_date>October 2017</verification_date>
  <!-- Old date names will be dropped in a few months (sometime in 2018)                        -->
  <lastchanged_date>October 1, 2017</lastchanged_date>
  <firstreceived_date>June 18, 2015</firstreceived_date>
  <!-- New date names                                                                           -->
  <study_first_submitted>June 18, 2015</study_first_submitted>
  <study_first_submitted_qc>June 18, 2015</study_first_submitted_qc>
  <study_first_posted type="Estimate">June 23, 2015</study_first_posted>
  <last_update_submitted>October 1, 2017</last_update_submitted>
  <last_update_submitted_qc>October 1, 2017</last_update_submitted_qc>
  <last_update_posted type="Actual">October 3, 2017</last_update_posted>
  <!-- End of dates                                                                             -->
  <responsible_party>
    <responsible_party_type>Sponsor</responsible_party_type>
  </responsible_party>
  <keyword>BIIB037</keyword>
  <keyword>Aducanumab</keyword>
  <condition_browse>
    <!-- CAUTION:  The following MeSH terms are assigned with an imperfect algorithm            -->
    <mesh_term>Alzheimer Disease</mesh_term>
  </condition_browse>
  <!-- Results have not yet been posted for this study                                          -->
</clinical_study>

