<?xml version="1.0" encoding="UTF-8"?>
<clinical_study rank="26">
  <!-- This xml conforms to an XML Schema at:
    https://clinicaltrials.gov/ct2/html/images/info/public.xsd -->
  <required_header>
    <download_date>ClinicalTrials.gov processed this data on November 07, 2017</download_date>
    <link_text>Link to the current ClinicalTrials.gov record.</link_text>
    <url>https://clinicaltrials.gov/show/NCT00381381</url>
  </required_header>
  <id_info>
    <org_study_id>EKI-6-004</org_study_id>
    <nct_id>NCT00381381</nct_id>
  </id_info>
  <brief_title>The Clinical Response of Choline Acetyltransferase and Apolipoprotein Epsilon Gene Polymorphisms to Donepezil in Alzheimer's Disease</brief_title>
  <official_title>A Multi-center Study for the Clinical Response of Choline Acetyltransferase and Apolipoprotein Epsilon Gene Polymorphisms to Donepezil in Alzheimer's Disease</official_title>
  <sponsors>
    <lead_sponsor>
      <agency>Eisai Korea Inc.</agency>
      <agency_class>Industry</agency_class>
    </lead_sponsor>
  </sponsors>
  <source>Eisai Inc.</source>
  <brief_summary>
    <textblock>
      This study attempts to differentiate the clinical responses of Choline Acetyltransferase and
      Apolipoprotein Epsilon gene polymorphism to donepezil in Alzheimer's Disease patients.
    </textblock>
  </brief_summary>
  <overall_status>Completed</overall_status>
  <start_date>May 2006</start_date>
  <completion_date type="Actual">December 2008</completion_date>
  <primary_completion_date type="Actual">August 2008</primary_completion_date>
  <phase>Phase 4</phase>
  <study_type>Interventional</study_type>
  <has_expanded_access>No</has_expanded_access>
  <study_design_info>
    <allocation>Non-Randomized</allocation>
    <intervention_model>Single Group Assignment</intervention_model>
    <primary_purpose>Treatment</primary_purpose>
    <masking>None (Open Label)</masking>
  </study_design_info>
  <primary_outcome>
    <measure>CERAD-K (the Korean Version of the Consortium to Establish a Registry for Alzheimer's Disease)</measure>
    <time_frame>26 weeks</time_frame>
    <description>CERAD-K includes: Verbal Fluency-number of kinds of animal patients listed per minute, ranges from 0, no maximum point fixed.Boston Naming Test is naming objects (0-15). Mini-Mental State Examination in the Korean version of CERAD Assessment Packet (0-30). Word List Memory (0-30). Construction Praxis is from 0-11. Word List Recall and Word List Recognition ranges from 0-10.Construction Recall (0-11).</description>
  </primary_outcome>
  <primary_outcome>
    <measure>CERAD-K</measure>
    <time_frame>26 weeks</time_frame>
    <description>CERAD-K includes: Trail making test A and B is scored by the time spent to link randomly arranged numbers and alphabets in correct order. Except Trail making test A and B, higher score presents better condition.</description>
  </primary_outcome>
  <secondary_outcome>
    <measure>Neuropsychiatry Inventory (NPI)</measure>
    <time_frame>26 weeks</time_frame>
    <description>NPI score after treatment. NPI includes 12 sections which are Delusions, Hallucinations, Agitation, Depression, Anxiety, Euphoria, Apathy, Disinhibition, Irritability, Aberrant motor behavior, Night-time behaviors and Appetite and eating disorders. The score of each section ranges from 0 to 12, and higher score means higher severity and frequency of the neuropsychiatric disturbances.</description>
  </secondary_outcome>
  <secondary_outcome>
    <measure>GDS-K (Geriatric Depression Scale-Korean) Score After Treatment</measure>
    <time_frame>26 weeks</time_frame>
    <description>GDS-K score after treatment. Geriatric Depression Scale is a basic screening measure for depression in older adults. It ranges from 0 to 30, and higher score represents more depressed.</description>
  </secondary_outcome>
  <number_of_arms>1</number_of_arms>
  <enrollment type="Actual">199</enrollment>
  <condition>Alzheimer's Disease</condition>
  <arm_group>
    <arm_group_label>1</arm_group_label>
    <arm_group_type>Experimental</arm_group_type>
  </arm_group>
  <intervention>
    <intervention_type>Drug</intervention_type>
    <intervention_name>Donepezil</intervention_name>
    <description>2.5mg once daily for the first 7 days, 5mg once daily for the next 3 weeks, after then the dose can be increased 10mg once daily under the investigator's decision.</description>
    <arm_group_label>1</arm_group_label>
    <other_name>Aricept</other_name>
  </intervention>
  <eligibility>
    <criteria>
      <textblock>
        Inclusion criteria:

          1. Age: 60 - 90 years old.

          2. CDR: 0.5 - 2.0.

          3. Patients who do not have severe depressive symptoms that affect cognition on
             depression scale of CERAD-K(C), GDS-K: 19 and below.

          4. Modified Hachinski Ischemic Score (Rosen, et. al., 1979): 3 and below.

          5. NINCDS-ADRDA criteria: Probable AD.

        Exclusion criteria:

          1. Patients who have delusions and other conscious dysfunction.

          2. Patients who have neurologic diseases such as Parkinson's disease, stroke, tumor,
             normal pressure hydrocephalus, etc., on history and neurologic examination.

          3. Patients who have history of infectious and inflammatory brain disease owing to virus,
             fungus and syphilis.

          4. Patients with severe cerebrovascular pathology.

          5. Patients who have present history of major psychological diseases such as depression
             and mania according to DSM-IV criteria.

          6. Patients who have history of alcoholism or drug addiction.

          7. Patients who have severe depressive symptoms that affect cognition on depression scale
             of CERAD-K.
      </textblock>
    </criteria>
    <gender>All</gender>
    <minimum_age>60 Years</minimum_age>
    <maximum_age>90 Years</maximum_age>
    <healthy_volunteers>No</healthy_volunteers>
  </eligibility>
  <overall_official>
    <last_name>Jihee Mun</last_name>
    <role>Study Director</role>
    <affiliation>Eisai Korea Inc.</affiliation>
  </overall_official>
  <location>
    <facility>
      <name>Seoul National University Bundang Hospital</name>
      <address>
        <city>Bundang</city>
        <country>Korea, Republic of</country>
      </address>
    </facility>
  </location>
  <location>
    <facility>
      <name>Hallym University Medical Center</name>
      <address>
        <city>Changwon</city>
        <country>Korea, Republic of</country>
      </address>
    </facility>
  </location>
  <location>
    <facility>
      <name>Kangwon National University Hospital</name>
      <address>
        <city>Chuncheon</city>
        <country>Korea, Republic of</country>
      </address>
    </facility>
  </location>
  <location>
    <facility>
      <name>Kunkuk University Chungju Hospital</name>
      <address>
        <city>Chungju</city>
        <country>Korea, Republic of</country>
      </address>
    </facility>
  </location>
  <location>
    <facility>
      <name>Kyungpook National University Hospital</name>
      <address>
        <city>Daegu</city>
        <country>Korea, Republic of</country>
      </address>
    </facility>
  </location>
  <location>
    <facility>
      <name>Chungnam National University Hospital</name>
      <address>
        <city>Daejeon</city>
        <country>Korea, Republic of</country>
      </address>
    </facility>
  </location>
  <location>
    <facility>
      <name>Gyeonggi Province Geriatric Hospital</name>
      <address>
        <city>Gyeonggi</city>
        <country>Korea, Republic of</country>
      </address>
    </facility>
  </location>
  <location>
    <facility>
      <name>Uijeongbu St. Mary's Hospital</name>
      <address>
        <city>Gyeonggi</city>
        <country>Korea, Republic of</country>
      </address>
    </facility>
  </location>
  <location>
    <facility>
      <name>Jeju National University Hospital</name>
      <address>
        <city>Jeju</city>
        <country>Korea, Republic of</country>
      </address>
    </facility>
  </location>
  <location>
    <facility>
      <name>Jeonju City Welfare Hospital</name>
      <address>
        <city>Jeonju</city>
        <country>Korea, Republic of</country>
      </address>
    </facility>
  </location>
  <location>
    <facility>
      <name>Gyeongsang National University Hospital</name>
      <address>
        <city>Jinju</city>
        <country>Korea, Republic of</country>
      </address>
    </facility>
  </location>
  <location>
    <facility>
      <name>Inje University Pusan Paik Hospital</name>
      <address>
        <city>Pusan</city>
        <country>Korea, Republic of</country>
      </address>
    </facility>
  </location>
  <location>
    <facility>
      <name>Kunkuk University Hospital</name>
      <address>
        <city>Seoul</city>
        <country>Korea, Republic of</country>
      </address>
    </facility>
  </location>
  <location>
    <facility>
      <name>Seoul National University Hospital</name>
      <address>
        <city>Seoul</city>
        <country>Korea, Republic of</country>
      </address>
    </facility>
  </location>
  <location>
    <facility>
      <name>Seoul St. Mary's Hospital</name>
      <address>
        <city>Seoul</city>
        <country>Korea, Republic of</country>
      </address>
    </facility>
  </location>
  <location_countries>
    <country>Korea, Republic of</country>
  </location_countries>
  <verification_date>July 2010</verification_date>
  <!-- Old date names will be dropped in a few months (sometime in 2018)                        -->
  <lastchanged_date>August 23, 2012</lastchanged_date>
  <firstreceived_date>September 25, 2006</firstreceived_date>
  <firstreceived_results_date>August 3, 2010</firstreceived_results_date>
  <!-- New date names                                                                           -->
  <study_first_submitted>September 25, 2006</study_first_submitted>
  <study_first_submitted_qc>September 25, 2006</study_first_submitted_qc>
  <study_first_posted type="Estimate">September 27, 2006</study_first_posted>
  <results_first_submitted>August 3, 2010</results_first_submitted>
  <results_first_submitted_qc>June 20, 2012</results_first_submitted_qc>
  <results_first_posted type="Estimate">July 27, 2012</results_first_posted>
  <last_update_submitted>August 23, 2012</last_update_submitted>
  <last_update_submitted_qc>August 23, 2012</last_update_submitted_qc>
  <last_update_posted type="Estimate">January 23, 2015</last_update_posted>
  <!-- End of dates                                                                             -->
  <responsible_party>
    <responsible_party_type>Sponsor</responsible_party_type>
  </responsible_party>
  <keyword>Alzheimer's disease</keyword>
  <condition_browse>
    <!-- CAUTION:  The following MeSH terms are assigned with an imperfect algorithm            -->
    <mesh_term>Alzheimer Disease</mesh_term>
  </condition_browse>
  <intervention_browse>
    <!-- CAUTION:  The following MeSH terms are assigned with an imperfect algorithm            -->
    <mesh_term>Donepezil</mesh_term>
    <mesh_term>Choline</mesh_term>
  </intervention_browse>

  <clinical_results>

    <participant_flow>
      <recruitment_details>This study was recruited at 15 centers in Korea during the period of June 2006 to August 2008.</recruitment_details>
      <group_list>
        <group group_id="P1">
          <title>Donepezil</title>
          <description>Initial dose was 2.5 mg/day, and the maximum dose was 10 mg/day.</description>
        </group>
      </group_list>
      <period_list>
        <period>
          <title>Overall Study</title>
          <milestone_list>
            <milestone>
              <title>STARTED</title>
              <participants_list>
                <participants group_id="P1" count="199"/>
              </participants_list>
            </milestone>
            <milestone>
              <title>COMPLETED</title>
              <participants_list>
                <participants group_id="P1" count="135"/>
              </participants_list>
            </milestone>
            <milestone>
              <title>NOT COMPLETED</title>
              <participants_list>
                <participants group_id="P1" count="64"/>
              </participants_list>
            </milestone>
          </milestone_list>
          <drop_withdraw_reason_list>
            <drop_withdraw_reason>
              <title>Adverse Event</title>
              <participants_list>
                <participants group_id="P1" count="3"/>
              </participants_list>
            </drop_withdraw_reason>
            <drop_withdraw_reason>
              <title>Lost to Follow-up</title>
              <participants_list>
                <participants group_id="P1" count="52"/>
              </participants_list>
            </drop_withdraw_reason>
            <drop_withdraw_reason>
              <title>Withdrawal by Subject</title>
              <participants_list>
                <participants group_id="P1" count="9"/>
              </participants_list>
            </drop_withdraw_reason>
          </drop_withdraw_reason_list>
        </period>
      </period_list>
    </participant_flow>

    <baseline>
      <group_list>
        <group group_id="B1">
          <title>Donepezil</title>
          <description>Initial dose was 2.5 mg/day, and the maximum dose was 10 mg/day.</description>
        </group>
      </group_list>
      <analyzed_list>
        <analyzed>
          <units>Participants</units>
          <scope>Overall</scope>
          <count_list>
            <count group_id="B1" value="199"/>
          </count_list>
        </analyzed>
      </analyzed_list>
      <measure_list>
        <measure>
          <title>Age</title>
          <units>years</units>
          <param>Mean</param>
          <dispersion>Standard Deviation</dispersion>
          <class_list>
            <class>
              <category_list>
                <category>
                  <measurement_list>
                    <measurement group_id="B1" value="74.6" spread="6.5"/>
                  </measurement_list>
                </category>
              </category_list>
            </class>
          </class_list>
        </measure>
        <measure>
          <title>Gender</title>
          <units>participants</units>
          <param>Number</param>
          <class_list>
            <class>
              <title>Female</title>
              <category_list>
                <category>
                  <measurement_list>
                    <measurement group_id="B1" value="136"/>
                  </measurement_list>
                </category>
              </category_list>
            </class>
            <class>
              <title>Male</title>
              <category_list>
                <category>
                  <measurement_list>
                    <measurement group_id="B1" value="63"/>
                  </measurement_list>
                </category>
              </category_list>
            </class>
          </class_list>
        </measure>
        <measure>
          <title>Race (NIH/OMB)</title>
          <units>participants</units>
          <param>Number</param>
          <class_list>
            <class>
              <title>American Indian or Alaska Native</title>
              <category_list>
                <category>
                  <measurement_list>
                    <measurement group_id="B1" value="0"/>
                  </measurement_list>
                </category>
              </category_list>
            </class>
            <class>
              <title>Asian</title>
              <category_list>
                <category>
                  <measurement_list>
                    <measurement group_id="B1" value="199"/>
                  </measurement_list>
                </category>
              </category_list>
            </class>
            <class>
              <title>Native Hawaiian or Other Pacific Islander</title>
              <category_list>
                <category>
                  <measurement_list>
                    <measurement group_id="B1" value="0"/>
                  </measurement_list>
                </category>
              </category_list>
            </class>
            <class>
              <title>Black or African American</title>
              <category_list>
                <category>
                  <measurement_list>
                    <measurement group_id="B1" value="0"/>
                  </measurement_list>
                </category>
              </category_list>
            </class>
            <class>
              <title>White</title>
              <category_list>
                <category>
                  <measurement_list>
                    <measurement group_id="B1" value="0"/>
                  </measurement_list>
                </category>
              </category_list>
            </class>
            <class>
              <title>More than one race</title>
              <category_list>
                <category>
                  <measurement_list>
                    <measurement group_id="B1" value="0"/>
                  </measurement_list>
                </category>
              </category_list>
            </class>
            <class>
              <title>Unknown or Not Reported</title>
              <category_list>
                <category>
                  <measurement_list>
                    <measurement group_id="B1" value="0"/>
                  </measurement_list>
                </category>
              </category_list>
            </class>
          </class_list>
        </measure>
      </measure_list>
    </baseline>

    <outcome_list>
      <outcome>
        <type>Primary</type>
        <title>CERAD-K (the Korean Version of the Consortium to Establish a Registry for Alzheimer’s Disease)</title>
        <description>CERAD-K includes: Verbal Fluency-number of kinds of animal patients listed per minute, ranges from 0, no maximum point fixed.Boston Naming Test is naming objects (0-15). Mini-Mental State Examination in the Korean version of CERAD Assessment Packet (0-30). Word List Memory (0-30). Construction Praxis is from 0-11. Word List Recall and Word List Recognition ranges from 0-10.Construction Recall (0-11).</description>
        <time_frame>26 weeks</time_frame>
        <group_list>
          <group group_id="O1">
            <title>Donepezil</title>
            <description>Initial dose was 2.5 mg/day, and the maximum dose was 10 mg/day.</description>
          </group>
        </group_list>
        <measure>
          <title>CERAD-K (the Korean Version of the Consortium to Establish a Registry for Alzheimer’s Disease)</title>
          <description>CERAD-K includes: Verbal Fluency-number of kinds of animal patients listed per minute, ranges from 0, no maximum point fixed.Boston Naming Test is naming objects (0-15). Mini-Mental State Examination in the Korean version of CERAD Assessment Packet (0-30). Word List Memory (0-30). Construction Praxis is from 0-11. Word List Recall and Word List Recognition ranges from 0-10.Construction Recall (0-11).</description>
          <units>Units on Scale</units>
          <param>Mean</param>
          <dispersion>Standard Deviation</dispersion>
          <analyzed_list>
            <analyzed>
              <units>Participants</units>
              <scope>Measure</scope>
              <count_list>
                <count group_id="O1" value="135"/>
              </count_list>
            </analyzed>
          </analyzed_list>
          <class_list>
            <class>
              <title>Verbal Fluency</title>
              <category_list>
                <category>
                  <measurement_list>
                    <measurement group_id="O1" value="8.28" spread="3.71"/>
                  </measurement_list>
                </category>
              </category_list>
            </class>
            <class>
              <title>Boston Naming Test</title>
              <category_list>
                <category>
                  <measurement_list>
                    <measurement group_id="O1" value="7.31" spread="3.25"/>
                  </measurement_list>
                </category>
              </category_list>
            </class>
            <class>
              <title>MMSE-KC</title>
              <category_list>
                <category>
                  <measurement_list>
                    <measurement group_id="O1" value="17.86" spread="5.25"/>
                  </measurement_list>
                </category>
              </category_list>
            </class>
            <class>
              <title>Word List Memory</title>
              <category_list>
                <category>
                  <measurement_list>
                    <measurement group_id="O1" value="10.62" spread="6.20"/>
                  </measurement_list>
                </category>
              </category_list>
            </class>
            <class>
              <title>Construction Praxis</title>
              <category_list>
                <category>
                  <measurement_list>
                    <measurement group_id="O1" value="7.61" spread="2.71"/>
                  </measurement_list>
                </category>
              </category_list>
            </class>
            <class>
              <title>Word List Recall</title>
              <category_list>
                <category>
                  <measurement_list>
                    <measurement group_id="O1" value="1.98" spread="1.99"/>
                  </measurement_list>
                </category>
              </category_list>
            </class>
            <class>
              <title>Word List Recognition</title>
              <category_list>
                <category>
                  <measurement_list>
                    <measurement group_id="O1" value="4.64" spread="3.24"/>
                  </measurement_list>
                </category>
              </category_list>
            </class>
            <class>
              <title>Construction Recall</title>
              <category_list>
                <category>
                  <measurement_list>
                    <measurement group_id="O1" value="2.11" spread="2.71"/>
                  </measurement_list>
                </category>
              </category_list>
            </class>
          </class_list>
        </measure>
      </outcome>
      <outcome>
        <type>Secondary</type>
        <title>Neuropsychiatry Inventory (NPI)</title>
        <description>NPI score after treatment. NPI includes 12 sections which are Delusions, Hallucinations, Agitation, Depression, Anxiety, Euphoria, Apathy, Disinhibition, Irritability, Aberrant motor behavior, Night-time behaviors and Appetite and eating disorders. The score of each section ranges from 0 to 12, and higher score means higher severity and frequency of the neuropsychiatric disturbances.</description>
        <time_frame>26 weeks</time_frame>
        <group_list>
          <group group_id="O1">
            <title>Donepezil</title>
            <description>Initial dose was 2.5 mg/day, and the maximum dose was 10 mg/day.</description>
          </group>
        </group_list>
        <measure>
          <title>Neuropsychiatry Inventory (NPI)</title>
          <description>NPI score after treatment. NPI includes 12 sections which are Delusions, Hallucinations, Agitation, Depression, Anxiety, Euphoria, Apathy, Disinhibition, Irritability, Aberrant motor behavior, Night-time behaviors and Appetite and eating disorders. The score of each section ranges from 0 to 12, and higher score means higher severity and frequency of the neuropsychiatric disturbances.</description>
          <units>Units on Scale</units>
          <param>Mean</param>
          <dispersion>Standard Deviation</dispersion>
          <analyzed_list>
            <analyzed>
              <units>Participants</units>
              <scope>Measure</scope>
              <count_list>
                <count group_id="O1" value="135"/>
              </count_list>
            </analyzed>
          </analyzed_list>
          <class_list>
            <class>
              <title>Delusions</title>
              <category_list>
                <category>
                  <measurement_list>
                    <measurement group_id="O1" value="0.49" spread="1.85"/>
                  </measurement_list>
                </category>
              </category_list>
            </class>
            <class>
              <title>Hallucinations</title>
              <category_list>
                <category>
                  <measurement_list>
                    <measurement group_id="O1" value="0.12" spread="0.69"/>
                  </measurement_list>
                </category>
              </category_list>
            </class>
            <class>
              <title>Agitation</title>
              <category_list>
                <category>
                  <measurement_list>
                    <measurement group_id="O1" value="0.54" spread="1.56"/>
                  </measurement_list>
                </category>
              </category_list>
            </class>
            <class>
              <title>Depression</title>
              <category_list>
                <category>
                  <measurement_list>
                    <measurement group_id="O1" value="0.76" spread="1.82"/>
                  </measurement_list>
                </category>
              </category_list>
            </class>
            <class>
              <title>Anxiety</title>
              <category_list>
                <category>
                  <measurement_list>
                    <measurement group_id="O1" value="0.70" spread="2.10"/>
                  </measurement_list>
                </category>
              </category_list>
            </class>
            <class>
              <title>Euphoria</title>
              <category_list>
                <category>
                  <measurement_list>
                    <measurement group_id="O1" value="0.02" spread="0.19"/>
                  </measurement_list>
                </category>
              </category_list>
            </class>
            <class>
              <title>Apathy</title>
              <category_list>
                <category>
                  <measurement_list>
                    <measurement group_id="O1" value="1.44" spread="2.69"/>
                  </measurement_list>
                </category>
              </category_list>
            </class>
            <class>
              <title>Disinhibition</title>
              <category_list>
                <category>
                  <measurement_list>
                    <measurement group_id="O1" value="0.28" spread="1.19"/>
                  </measurement_list>
                </category>
              </category_list>
            </class>
            <class>
              <title>Irritability</title>
              <category_list>
                <category>
                  <measurement_list>
                    <measurement group_id="O1" value="0.67" spread="1.93"/>
                  </measurement_list>
                </category>
              </category_list>
            </class>
            <class>
              <title>Aberrant motor behavior</title>
              <category_list>
                <category>
                  <measurement_list>
                    <measurement group_id="O1" value="0.44" spread="1.71"/>
                  </measurement_list>
                </category>
              </category_list>
            </class>
            <class>
              <title>Night-time behaviors</title>
              <category_list>
                <category>
                  <measurement_list>
                    <measurement group_id="O1" value="0.40" spread="1.68"/>
                  </measurement_list>
                </category>
              </category_list>
            </class>
            <class>
              <title>Appetite and eating disorders</title>
              <category_list>
                <category>
                  <measurement_list>
                    <measurement group_id="O1" value="0.43" spread="1.46"/>
                  </measurement_list>
                </category>
              </category_list>
            </class>
          </class_list>
        </measure>
      </outcome>
      <outcome>
        <type>Secondary</type>
        <title>GDS-K (Geriatric Depression Scale-Korean) Score After Treatment</title>
        <description>GDS-K score after treatment. Geriatric Depression Scale is a basic screening measure for depression in older adults. It ranges from 0 to 30, and higher score represents more depressed.</description>
        <time_frame>26 weeks</time_frame>
        <group_list>
          <group group_id="O1">
            <title>Donepezil</title>
            <description>Initial dose was 2.5 mg/day, and the maximum dose was 10 mg/day.</description>
          </group>
        </group_list>
        <measure>
          <title>GDS-K (Geriatric Depression Scale-Korean) Score After Treatment</title>
          <description>GDS-K score after treatment. Geriatric Depression Scale is a basic screening measure for depression in older adults. It ranges from 0 to 30, and higher score represents more depressed.</description>
          <units>Units on Scale</units>
          <param>Mean</param>
          <dispersion>Standard Deviation</dispersion>
          <analyzed_list>
            <analyzed>
              <units>Participants</units>
              <scope>Measure</scope>
              <count_list>
                <count group_id="O1" value="135"/>
              </count_list>
            </analyzed>
          </analyzed_list>
          <class_list>
            <class>
              <category_list>
                <category>
                  <measurement_list>
                    <measurement group_id="O1" value="11.69" spread="6.42"/>
                  </measurement_list>
                </category>
              </category_list>
            </class>
          </class_list>
        </measure>
      </outcome>
      <outcome>
        <type>Primary</type>
        <title>CERAD-K</title>
        <description>CERAD-K includes: Trail making test A and B is scored by the time spent to link randomly arranged numbers and alphabets in correct order. Except Trail making test A and B, higher score presents better condition.</description>
        <time_frame>26 weeks</time_frame>
        <group_list>
          <group group_id="O1">
            <title>Donepezil</title>
            <description>Initial dose was 2.5 mg/day, and the maximum dose was 10 mg/day.</description>
          </group>
        </group_list>
        <measure>
          <title>CERAD-K</title>
          <description>CERAD-K includes: Trail making test A and B is scored by the time spent to link randomly arranged numbers and alphabets in correct order. Except Trail making test A and B, higher score presents better condition.</description>
          <units>Second</units>
          <param>Mean</param>
          <dispersion>Standard Deviation</dispersion>
          <analyzed_list>
            <analyzed>
              <units>Participants</units>
              <scope>Measure</scope>
              <count_list>
                <count group_id="O1" value="135"/>
              </count_list>
            </analyzed>
          </analyzed_list>
          <class_list>
            <class>
              <title>Trail making test A</title>
              <category_list>
                <category>
                  <measurement_list>
                    <measurement group_id="O1" value="206.64" spread="126.94"/>
                  </measurement_list>
                </category>
              </category_list>
            </class>
            <class>
              <title>Trail making test B</title>
              <category_list>
                <category>
                  <measurement_list>
                    <measurement group_id="O1" value="290.88" spread="30.20"/>
                  </measurement_list>
                </category>
              </category_list>
            </class>
          </class_list>
        </measure>
      </outcome>
    </outcome_list>

    <reported_events>
      <group_list>
        <group group_id="E1">
          <title>Donepezil</title>
          <description>Initial dose was 2.5 mg/day, and the maximum dose was 10 mg/day.</description>
        </group>
      </group_list>
      <serious_events>
        <category_list>
          <category>
            <title>Total</title>
            <event_list>
              <event>
                <sub_title>Total, serious adverse events</sub_title>
                <counts group_id="E1" subjects_affected="4" subjects_at_risk="199"/>
              </event>
            </event_list>
          </category>
          <category>
            <title>General disorders</title>
            <event_list>
              <event>
                <sub_title>General Weakness</sub_title>
                <counts group_id="E1" events="1" subjects_affected="1" subjects_at_risk="199"/>
              </event>
              <event>
                <sub_title>Malignancy Of Unknown Origin</sub_title>
                <counts group_id="E1" events="1" subjects_affected="1" subjects_at_risk="199"/>
              </event>
            </event_list>
          </category>
          <category>
            <title>Musculoskeletal and connective tissue disorders</title>
            <event_list>
              <event>
                <sub_title>Ankle Fracture</sub_title>
                <counts group_id="E1" events="1" subjects_affected="1" subjects_at_risk="199"/>
              </event>
            </event_list>
          </category>
          <category>
            <title>Psychiatric disorders</title>
            <event_list>
              <event>
                <sub_title>Anorexia</sub_title>
                <counts group_id="E1" events="1" subjects_affected="1" subjects_at_risk="199"/>
              </event>
            </event_list>
          </category>
          <category>
            <title>Vascular disorders</title>
            <event_list>
              <event>
                <sub_title>Stroke</sub_title>
                <counts group_id="E1" events="1" subjects_affected="1" subjects_at_risk="199"/>
              </event>
            </event_list>
          </category>
        </category_list>
      </serious_events>
      <other_events>
        <frequency_threshold>1</frequency_threshold>
        <category_list>
          <category>
            <title>Total</title>
            <event_list>
              <event>
                <sub_title>Total, other adverse events</sub_title>
                <counts group_id="E1" subjects_affected="30" subjects_at_risk="199"/>
              </event>
            </event_list>
          </category>
          <category>
            <title>Gastrointestinal disorders</title>
            <event_list>
              <event>
                <sub_title>Abdominal Discomfort</sub_title>
                <counts group_id="E1" subjects_affected="4" subjects_at_risk="199"/>
              </event>
              <event>
                <sub_title>Vomiting</sub_title>
                <counts group_id="E1" subjects_affected="2" subjects_at_risk="199"/>
              </event>
              <event>
                <sub_title>Nausea</sub_title>
                <counts group_id="E1" subjects_affected="5" subjects_at_risk="199"/>
              </event>
            </event_list>
          </category>
          <category>
            <title>General disorders</title>
            <event_list>
              <event>
                <sub_title>Weakness</sub_title>
                <counts group_id="E1" subjects_affected="3" subjects_at_risk="199"/>
              </event>
            </event_list>
          </category>
          <category>
            <title>Nervous system disorders</title>
            <event_list>
              <event>
                <sub_title>Dizziness</sub_title>
                <counts group_id="E1" subjects_affected="7" subjects_at_risk="199"/>
              </event>
              <event>
                <sub_title>Headache</sub_title>
                <counts group_id="E1" subjects_affected="5" subjects_at_risk="199"/>
              </event>
            </event_list>
          </category>
          <category>
            <title>Psychiatric disorders</title>
            <event_list>
              <event>
                <sub_title>Anorexia</sub_title>
                <counts group_id="E1" subjects_affected="7" subjects_at_risk="199"/>
              </event>
            </event_list>
          </category>
        </category_list>
      </other_events>
    </reported_events>

    <certain_agreements>
      <pi_employee>Principal Investigators are NOT employed by the organization sponsoring the study.</pi_employee>
      <restrictive_agreement>There is NOT an agreement between Principal Investigators and the Sponsor (or its agents) that restricts the PI's rights to discuss or publish trial results after the trial is completed. </restrictive_agreement>
    </certain_agreements>
    <point_of_contact>
      <name_or_title>Jihee Mun, Pharmacist, Medical team manager</name_or_title>
      <organization>Eisai Korea Inc.</organization>
      <phone>+82-2-3451-5531</phone>
      <email>jihee_mun@eisaikorea.com</email>
    </point_of_contact>
  </clinical_results>
</clinical_study>

