<?xml version="1.0" encoding="UTF-8"?>
<clinical_study rank="312">
  <!-- This xml conforms to an XML Schema at:
    https://clinicaltrials.gov/ct2/html/images/info/public.xsd -->
  <required_header>
    <download_date>ClinicalTrials.gov processed this data on November 07, 2017</download_date>
    <link_text>Link to the current ClinicalTrials.gov record.</link_text>
    <url>https://clinicaltrials.gov/show/NCT00866060</url>
  </required_header>
  <id_info>
    <org_study_id>2006/123</org_study_id>
    <secondary_id>ISRCTN49545035</secondary_id>
    <secondary_id>Eudract 2007-001172-36</secondary_id>
    <nct_id>NCT00866060</nct_id>
  </id_info>
  <brief_title>Donepezil and Memantine in Moderate to Severe Alzheimer's Disease</brief_title>
  <acronym>DOMINO-AD</acronym>
  <official_title>Donepezil and Memantine in Moderate to Severe Alzheimer's Disease</official_title>
  <sponsors>
    <lead_sponsor>
      <agency>King's College London</agency>
      <agency_class>Other</agency_class>
    </lead_sponsor>
  </sponsors>
  <source>King's College London</source>
  <oversight_info>
    <has_dmc>Yes</has_dmc>
  </oversight_info>
  <brief_summary>
    <textblock>
      The trial will examine whether pharmacological treatment with donepezil, memantine or
      combination of memantine and donepezil is any better than a placebo (dummy) treatment in
      people with Alzheimer's disease who have reached the moderate to severe stage of illness.
      Using a double blind design, where neither the investigators nor participants know who is
      receiving which treatment, participants will be randomly assigned to one of these four
      treatment groups (donepezil and memantine, memantine only, donepezil only or placebo). In
      order to keep both the investigators and participants blind to drug allocation a double dummy
      design will be necessary. This means that each participant will receive 2 treatments − either
      an active form or placebo of each of the 2 study drugs.

      Hypotheses are:

        1. Patients with Alzheimer's disease (AD) who continue donepezil beyond the point of
           transition from moderate to severe dementia continue to show significantly less decline
           on ratings of cognitive function and activities of daily living over the following 12
           months than those discontinuing donepezil.

        2. Patients with AD who change to memantine therapy in place of donepezil at the point of
           transition from moderate to severe dementia show significantly smaller decline on
           ratings of cognitive function and activities of daily living over the following 12
           months than those who receive placebo.

        3. Patients given the combination of memantine and donepezil at the point of transition
           from moderate to severe dementia show significant additive or synergistic benefits on
           measures of activities of daily living and cognitive function after 12 months compared
           to those patients continuing on either drug as a single treatment.
    </textblock>
  </brief_summary>
  <detailed_description>
    <textblock>
      This trial will involve the withdrawal of drug participants that are currently on (donepezil)
      and in arm 4, the participant will only be on placebo treatment. It is important to include
      this arm of the study as a key objective in looking at the benefit of continuing donepezil
      and therefore a placebo arm should be present as a comparator. To reduce the risk to
      participants of withdrawing donepezil too early in their illness, an inclusion criteria is
      that the participant is at a stage in their disease whereby the prescribing clinician feels a
      change in drug prescription may be appropriate.
    </textblock>
  </detailed_description>
  <overall_status>Unknown status</overall_status>
  <last_known_status>Recruiting</last_known_status>
  <start_date>February 2008</start_date>
  <completion_date type="Anticipated">June 2013</completion_date>
  <primary_completion_date type="Anticipated">February 2012</primary_completion_date>
  <phase>Phase 4</phase>
  <study_type>Interventional</study_type>
  <has_expanded_access>No</has_expanded_access>
  <study_design_info>
    <allocation>Randomized</allocation>
    <intervention_model>Factorial Assignment</intervention_model>
    <primary_purpose>Treatment</primary_purpose>
    <masking>Quadruple (Participant, Care Provider, Investigator, Outcomes Assessor)</masking>
  </study_design_info>
  <primary_outcome>
    <measure>Cognitive Function measured with the Standardised MMSE (SMMSE).</measure>
    <time_frame>4 years</time_frame>
  </primary_outcome>
  <primary_outcome>
    <measure>Activities of Daily Living measured with the Bristol Activities of Daily Living scale (BADLS).</measure>
    <time_frame>4 years</time_frame>
  </primary_outcome>
  <secondary_outcome>
    <measure>Non−cognitive dementia symptoms measured with the Neuropsychiatric Inventory (NPI) and the Cohen−Mansfield Agitation Inventory.</measure>
    <time_frame>4 years</time_frame>
  </secondary_outcome>
  <secondary_outcome>
    <measure>Health−related quality of life measured with the EQ−5D (Euroqol Group 1990) and the DEMQOL−Proxy (Smith et al 2004) − a carer−rated and disease−specific measure of quality of life in dementia.</measure>
    <time_frame>4 years</time_frame>
  </secondary_outcome>
  <secondary_outcome>
    <measure>Care−giver burden measured with the General Health Questionnaire.</measure>
    <time_frame>4 years</time_frame>
  </secondary_outcome>
  <secondary_outcome>
    <measure>Cost effectiveness assessed through consideration of the combination of costs generated from the Client Service Receipt Inventory (CSRI) and the assessments of function and quality of life (BADLS, DEMQOL, EQ−5D).</measure>
    <time_frame>4 years</time_frame>
  </secondary_outcome>
  <secondary_outcome>
    <measure>Institutionalisation defined as permanent transition from living in an independent household to a care home, NHS continuing care unit or hospital and measured with questions taken from the CSRI and telephone interviews.</measure>
    <time_frame>4 years</time_frame>
  </secondary_outcome>
  <number_of_arms>4</number_of_arms>
  <enrollment type="Anticipated">800</enrollment>
  <condition>Moderate to Severe Alzheimer's Disease</condition>
  <arm_group>
    <arm_group_label>1</arm_group_label>
    <arm_group_type>Active Comparator</arm_group_type>
    <description>10mg donepezil plus 20mg memantine
Participants in this arm will continue with their current donepezil 10mg/day regimen and immediately commence active memantine at a dose of 5mg per day, increasing in 5mg increments weekly until 20mg per day is achieved from week 4 onwards</description>
  </arm_group>
  <arm_group>
    <arm_group_label>2</arm_group_label>
    <arm_group_type>Placebo Comparator</arm_group_type>
    <description>Placebo donepezil plus 20mg memantine
Participants in this arm will immediately commence active memantine at a dose of 5mg per day, increasing in 5mg increments weekly until 20mg per day is achieved from week 4 onwards. Donepezil dose will be reduced to 5mg daily in weeks 1 to 4 and replaced with placebo donepezil in week 5.</description>
  </arm_group>
  <arm_group>
    <arm_group_label>3</arm_group_label>
    <arm_group_type>Placebo Comparator</arm_group_type>
    <description>10mg donepezil plus placebo memantine
Participants in this arm will continue with their current donepezil 10mg/day regimen and immediately commence placebo memantine.</description>
  </arm_group>
  <arm_group>
    <arm_group_label>4</arm_group_label>
    <arm_group_type>Placebo Comparator</arm_group_type>
    <description>Placebo donepezil plus placebo memantine
Participants in this arm will immediately commence placebo memantine dose escalation and will switch to donepezil 5mg daily in weeks 1 to 4, and replaced with placebo donepezil in week 5.</description>
  </arm_group>
  <intervention>
    <intervention_type>Drug</intervention_type>
    <intervention_name>Memantine</intervention_name>
    <description>20mg memantine</description>
    <arm_group_label>1</arm_group_label>
    <arm_group_label>2</arm_group_label>
    <other_name>Ebixa</other_name>
  </intervention>
  <intervention>
    <intervention_type>Drug</intervention_type>
    <intervention_name>Donepezil</intervention_name>
    <description>10mg donepezil</description>
    <arm_group_label>1</arm_group_label>
    <arm_group_label>3</arm_group_label>
    <other_name>Aricept</other_name>
  </intervention>
  <intervention>
    <intervention_type>Drug</intervention_type>
    <intervention_name>Placebo donepezil</intervention_name>
    <description>Placebo donepezil</description>
    <arm_group_label>2</arm_group_label>
    <arm_group_label>4</arm_group_label>
  </intervention>
  <intervention>
    <intervention_type>Drug</intervention_type>
    <intervention_name>Placebo memantine</intervention_name>
    <description>Placebo memantine</description>
    <arm_group_label>3</arm_group_label>
    <arm_group_label>4</arm_group_label>
  </intervention>
  <eligibility>
    <criteria>
      <textblock>
        Inclusion Criteria:

        Participants will be patients who meet NINCDS-ADRDA criteria for probable or possible
        Alzheimer's disease (McKhann et al, 1984). In addition they will meet all of the following
        criteria:

          1. SMMSE = 5 to 13 (13 chosen as NICE threshold of 10 plus 1 SD on SMMSE score)

          2. Continuously prescribed donepezil for at least 3 months

          3. Maintained on 10mg donepezil in previous 6 weeks.

          4. No changes in prescription of any psychotropic (antipsychotic, antidepressant,
             benzodiazepine) medication in previous 6 weeks.

          5. Prescribing clinician considers (based on NICE guidance, discussions with patient and
             carer and clinical judgement) that change of drug treatment (i.e. stop donepezil or
             introduce memantine) may be appropriate.

          6. Patient is community resident and has family or professional carer or is visited on at
             least a daily basis by carer.

          7. Patient agrees to participate if considered capable (see section 7.5)

          8. Main carer (informal or professional) consents to their own involvement and the
             patient's involvement -

        Exclusion Criteria:

        To maximise the generalisability of the study data, exclusions will be kept to a minimum.
        These will include:

          1. Patient has severe, unstable or poorly controlled medical conditions apparent from
             physical examination or clinical history.

          2. Patient is already prescribed memantine.

          3. Patient is unable to take trial medications because of contra-indications or previous
             adverse or allergic reactions.

          4. Patient is involved in another clinical trial.

          5. Clinician considers patient would not be compliant with trial medication. -
      </textblock>
    </criteria>
    <gender>All</gender>
    <minimum_age>N/A</minimum_age>
    <maximum_age>N/A</maximum_age>
    <healthy_volunteers>No</healthy_volunteers>
  </eligibility>
  <overall_official>
    <last_name>Robert J Howard, MD</last_name>
    <role>Principal Investigator</role>
    <affiliation>Institute of Psychiatry</affiliation>
  </overall_official>
  <location>
    <facility>
      <name>Institute of Psychiatry</name>
      <address>
        <city>London</city>
        <zip>SE5 8AF</zip>
        <country>United Kingdom</country>
      </address>
    </facility>
    <status>Recruiting</status>
    <contact>
      <last_name>Robert J Howard, MD</last_name>
      <phone>020 7848 0545</phone>
      <email>r.howard@iop.kcl.ac.uk</email>
    </contact>
    <investigator>
      <last_name>Robert J Howard, MD</last_name>
      <role>Principal Investigator</role>
    </investigator>
  </location>
  <location_countries>
    <country>United Kingdom</country>
  </location_countries>
  <link>
    <url>http://neuroscience.iop.kcl.ac.uk/domino/</url>
    <description>DOMINO-AD Trial</description>
  </link>
  <verification_date>March 2009</verification_date>
  <!-- Old date names will be dropped in a few months (sometime in 2018)                        -->
  <lastchanged_date>March 19, 2009</lastchanged_date>
  <firstreceived_date>March 19, 2009</firstreceived_date>
  <!-- New date names                                                                           -->
  <study_first_submitted>March 19, 2009</study_first_submitted>
  <study_first_submitted_qc>March 19, 2009</study_first_submitted_qc>
  <study_first_posted type="Estimate">March 20, 2009</study_first_posted>
  <last_update_submitted>March 19, 2009</last_update_submitted>
  <last_update_submitted_qc>March 19, 2009</last_update_submitted_qc>
  <last_update_posted type="Estimate">March 20, 2009</last_update_posted>
  <!-- End of dates                                                                             -->
  <responsible_party>
    <name_title>Dr Gill Dale</name_title>
    <organization>King's College London</organization>
  </responsible_party>
  <keyword>donepezil</keyword>
  <keyword>memantine</keyword>
  <keyword>moderately severe Alzheimer's disease</keyword>
  <keyword>severe Alzheimer's disease</keyword>
  <condition_browse>
    <!-- CAUTION:  The following MeSH terms are assigned with an imperfect algorithm            -->
    <mesh_term>Alzheimer Disease</mesh_term>
  </condition_browse>
  <intervention_browse>
    <!-- CAUTION:  The following MeSH terms are assigned with an imperfect algorithm            -->
    <mesh_term>Donepezil</mesh_term>
    <mesh_term>Memantine</mesh_term>
  </intervention_browse>
  <!-- Results have not yet been posted for this study                                          -->
</clinical_study>

