<?xml version="1.0" encoding="UTF-8"?>
<clinical_study rank="370">
  <!-- This xml conforms to an XML Schema at:
    https://clinicaltrials.gov/ct2/html/images/info/public.xsd -->
  <required_header>
    <download_date>ClinicalTrials.gov processed this data on November 07, 2017</download_date>
    <link_text>Link to the current ClinicalTrials.gov record.</link_text>
    <url>https://clinicaltrials.gov/show/NCT00069849</url>
  </required_header>
  <id_info>
    <org_study_id>M03-614</org_study_id>
    <nct_id>NCT00069849</nct_id>
  </id_info>
  <brief_title>A Study of the Safety and Efficacy of Multiple Doses of ABT-089 in Subjects With Alzheimer's Disease</brief_title>
  <official_title>A Study of the Safety and Efficacy of Multiple Doses of ABT-089 in Subjects With Alzheimer's Disease</official_title>
  <sponsors>
    <lead_sponsor>
      <agency>Abbott</agency>
      <agency_class>Industry</agency_class>
    </lead_sponsor>
  </sponsors>
  <source>Abbott</source>
  <brief_summary>
    <textblock>
      The purpose of this study is to compare the safety and efficacy of 2 mg, 4 mg, and 20 mg of
      ABT-089 BID to placebo in adults with Alzheimer's disease.
    </textblock>
  </brief_summary>
  <overall_status>Terminated</overall_status>
  <start_date>July 2003</start_date>
  <phase>Phase 2</phase>
  <study_type>Interventional</study_type>
  <study_design_info>
    <allocation>Randomized</allocation>
    <intervention_model>Crossover Assignment</intervention_model>
    <primary_purpose>Treatment</primary_purpose>
    <masking>Double</masking>
  </study_design_info>
  <primary_outcome>
    <measure>MMSE</measure>
  </primary_outcome>
  <enrollment>64</enrollment>
  <condition>Alzheimer's Disease</condition>
  <intervention>
    <intervention_type>Drug</intervention_type>
    <intervention_name>ABT-089</intervention_name>
  </intervention>
  <eligibility>
    <criteria>
      <textblock>
        INCLUSION CRITERIA:

          -  Current diagnosis of probable Alzheimer's disease.

          -  ADAS-cog score of at least 12 and MMSE score of 10 to 26.

          -  Non-smoker

          -  Must have legally authorized representative and a reliable caregiver. The caregiver
             and legally authorized representative may be the same person.

          -  Fluent in English.

        EXCLUSION CRITERIA:

          -  Use of cholinesterase inhibitors or any other drugs to treat Alzheimer's disease in
             the last 6 weeks.

          -  Has clinically significant or uncontrolled medical condition other than Alzheimer's
             disease.

          -  Nursing home resident.
      </textblock>
    </criteria>
    <gender>All</gender>
    <minimum_age>50 Years</minimum_age>
    <maximum_age>85 Years</maximum_age>
    <healthy_volunteers>No</healthy_volunteers>
  </eligibility>
  <overall_official>
    <last_name>Katherine A Tracy, M.D.</last_name>
    <role>Study Director</role>
    <affiliation>Abbott</affiliation>
  </overall_official>
  <location>
    <facility>
      <address>
        <city>Fresno</city>
        <state>California</state>
        <country>United States</country>
      </address>
    </facility>
  </location>
  <location>
    <facility>
      <address>
        <city>San Diego</city>
        <state>California</state>
        <country>United States</country>
      </address>
    </facility>
  </location>
  <location>
    <facility>
      <address>
        <city>Orlando</city>
        <state>Florida</state>
        <country>United States</country>
      </address>
    </facility>
  </location>
  <location>
    <facility>
      <address>
        <city>West Palm Beach</city>
        <state>Florida</state>
        <country>United States</country>
      </address>
    </facility>
  </location>
  <location>
    <facility>
      <address>
        <city>Florence</city>
        <state>Kentucky</state>
        <country>United States</country>
      </address>
    </facility>
  </location>
  <location>
    <facility>
      <address>
        <city>Portland</city>
        <state>Oregon</state>
        <country>United States</country>
      </address>
    </facility>
  </location>
  <location>
    <facility>
      <address>
        <city>Salt Lake City</city>
        <state>Utah</state>
        <country>United States</country>
      </address>
    </facility>
  </location>
  <location>
    <facility>
      <address>
        <city>Bennington</city>
        <state>Vermont</state>
        <country>United States</country>
      </address>
    </facility>
  </location>
  <location_countries>
    <country>United States</country>
  </location_countries>
  <verification_date>August 2006</verification_date>
  <!-- Old date names will be dropped in a few months (sometime in 2018)                        -->
  <lastchanged_date>August 31, 2006</lastchanged_date>
  <firstreceived_date>October 1, 2003</firstreceived_date>
  <!-- New date names                                                                           -->
  <study_first_submitted>October 1, 2003</study_first_submitted>
  <study_first_submitted_qc>October 1, 2003</study_first_submitted_qc>
  <study_first_posted type="Estimate">October 2, 2003</study_first_posted>
  <last_update_submitted>August 31, 2006</last_update_submitted>
  <last_update_submitted_qc>August 31, 2006</last_update_submitted_qc>
  <last_update_posted type="Estimate">September 4, 2006</last_update_posted>
  <!-- End of dates                                                                             -->
  <condition_browse>
    <!-- CAUTION:  The following MeSH terms are assigned with an imperfect algorithm            -->
    <mesh_term>Alzheimer Disease</mesh_term>
  </condition_browse>
  <!-- Results have not yet been posted for this study                                          -->
</clinical_study>

