<?xml version="1.0" encoding="UTF-8"?>
<clinical_study rank="145">
  <!-- This xml conforms to an XML Schema at:
    https://clinicaltrials.gov/ct2/html/images/info/public.xsd -->
  <required_header>
    <download_date>ClinicalTrials.gov processed this data on November 07, 2017</download_date>
    <link_text>Link to the current ClinicalTrials.gov record.</link_text>
    <url>https://clinicaltrials.gov/show/NCT01126099</url>
  </required_header>
  <id_info>
    <org_study_id>1R01AG033133-01A1</org_study_id>
    <secondary_id>5R01AG033133</secondary_id>
    <nct_id>NCT01126099</nct_id>
  </id_info>
  <brief_title>Prazosin Treatment for Disruptive Agitation in Alzheimer's Disease</brief_title>
  <official_title>Prazosin Treatment for Disruptive Agitation in Alzheimer's Disease</official_title>
  <sponsors>
    <lead_sponsor>
      <agency>Seattle Institute for Biomedical and Clinical Research</agency>
      <agency_class>Other</agency_class>
    </lead_sponsor>
    <collaborator>
      <agency>National Institute on Aging (NIA)</agency>
      <agency_class>NIH</agency_class>
    </collaborator>
    <collaborator>
      <agency>VA Puget Sound Health Care System</agency>
      <agency_class>U.S. Fed</agency_class>
    </collaborator>
  </sponsors>
  <source>Seattle Institute for Biomedical and Clinical Research</source>
  <oversight_info>
    <has_dmc>Yes</has_dmc>
  </oversight_info>
  <brief_summary>
    <textblock>
      A study of outpatient participants with Alzheimer's disease or a related dementia who have
      difficult behaviors that are upsetting for them or their caregivers. Prazosin is a medication
      that is commonly used to treat people with high blood pressure. Research with prazosin has
      shown that it may be effective in treating behavioral problems by reducing excess adrenalin
      effects in the brain.
    </textblock>
  </brief_summary>
  <detailed_description>
    <textblock>
      This is a 24 week study with 14 visits to the research clinic. Approximately 6 of these
      visits may be done by phone. Additional phone checks are scheduled at the beginning of each
      12 week part of the study. Participants will have a 50:50 chance of being on prazosin or
      placebo in the first 12 weeks of the study. For the second 12 weeks, all participants will
      take prazosin.

      Study visits include a physical and neurological exam; memory testing; interviews with the
      caregiver about behaviors; and vital signs.
    </textblock>
  </detailed_description>
  <overall_status>Completed</overall_status>
  <start_date>March 2010</start_date>
  <completion_date type="Actual">March 2014</completion_date>
  <primary_completion_date type="Actual">March 2014</primary_completion_date>
  <phase>N/A</phase>
  <study_type>Interventional</study_type>
  <has_expanded_access>No</has_expanded_access>
  <study_design_info>
    <allocation>Randomized</allocation>
    <intervention_model>Parallel Assignment</intervention_model>
    <primary_purpose>Treatment</primary_purpose>
    <masking>Quadruple (Participant, Care Provider, Investigator, Outcomes Assessor)</masking>
  </study_design_info>
  <primary_outcome>
    <measure>Alzheimer's Disease Cooperative Study - Clinical Global Impression of Change</measure>
    <time_frame>12 Weeks after Baseline</time_frame>
    <description>This scale represents the raters overall impression of improvement or worsening, and is assessed at the last visit. 1 = Marked improvement, 1 = Moderate improvement, 3 = Minimal improvement, 4 = No change, 5 = Minimal worsening, 6 = Moderate worsening, 7 = Marked worsening.</description>
  </primary_outcome>
  <primary_outcome>
    <measure>Change in Neuropsychiatric Inventory Score</measure>
    <time_frame>12 weeks</time_frame>
    <description>Neuropsychiatric Inventory score change from Baseline to last observation.The Neuropsychiatric Inventory is a scale that quantifies behavioral and psychiatric symptoms in patients with dementia. The scale ranges from 0 to 144, with 0 being no symptoms.</description>
  </primary_outcome>
  <secondary_outcome>
    <measure>Change in Brief Psychiatric Rating Scale Total Score</measure>
    <time_frame>12 Weeks after Baseline</time_frame>
    <description>Brief Psychiatric Rating Scale score change from Baseline to last observation. The Brief Psychiatric Rating Scale measures 18 psychiatric symptom domains. The scale ranges from 18 to 126, where 18 indicates no psychiatric symptoms.</description>
  </secondary_outcome>
  <secondary_outcome>
    <measure>Days in Study</measure>
    <time_frame>12 weeks after Baseline</time_frame>
    <description>The number of days participants remained in the study during the Double Blind Phase. Please note that although the length of follow-up designated in the protocol was 12 weeks, a number of participants were in this phase longer (e.g. the dose titration phase took longer than 3 weeks, assessments were delayed due to scheduling conflicts, etc.) Therefore the length of time in the Double Blind Phase can exceed 12 weeks (84 days).</description>
  </secondary_outcome>
  <number_of_arms>2</number_of_arms>
  <enrollment type="Actual">20</enrollment>
  <condition>Alzheimer's Disease</condition>
  <arm_group>
    <arm_group_label>Prazosin</arm_group_label>
    <arm_group_type>Experimental</arm_group_type>
    <description>In the double blind phase (12 weeks), study participants will take either prazosin for placebo. For the open label phase (12 weeks), all study participants will take prazosin.</description>
  </arm_group>
  <arm_group>
    <arm_group_label>Placebo</arm_group_label>
    <arm_group_type>Placebo Comparator</arm_group_type>
    <description>In the double blind phase (12 weeks), study participants will take either prazosin for placebo. For the open label phase (12 weeks), all study participants will take prazosin.</description>
  </arm_group>
  <intervention>
    <intervention_type>Drug</intervention_type>
    <intervention_name>Prazosin</intervention_name>
    <description>4 mg capsules twice daily for 12 weeks</description>
    <arm_group_label>Prazosin</arm_group_label>
    <other_name>minipress</other_name>
  </intervention>
  <intervention>
    <intervention_type>Drug</intervention_type>
    <intervention_name>Placebo</intervention_name>
    <description>Placebo capsules twice daily for 12 weeks</description>
    <arm_group_label>Placebo</arm_group_label>
    <other_name>inert substance</other_name>
  </intervention>
  <eligibility>
    <criteria>
      <textblock>
        Inclusion Criteria:

          -  No age limit

          -  Probable or Possible Alzheimer's Disease

          -  Disruptive agitated behaviors at least twice a week (overly anxious or excited, making
             offensive comments.....)

          -  Stable medications for 2 weeks

          -  Must have a caregiver who spends 10 hours per week caring for the participant and
             agrees to participate in all evaluation sessions

        Exclusion Criteria:

          -  Cardiovascular: unstable angina, recent myocardial infarction, preexisting hypotension
             (systolic BP less than 110) or orthostatic hypotension (≥20 mmHg drop in systolic BP
             following 2 minutes of standing posture)

          -  Any unstable medical condition

          -  Exclusionary medications: current treatment with prazosin, other alpha-1 blockers
             (trazodone, sildenafil, vardenafil or tadalafil)

          -  Psychoactive medications: subjects may be psychoactive medication-free or be partial
             responders (by subjective assessment of referring health care professional) to one
             psychoactive medication from any of the following classes: antipsychotics,
             anticonvulsants, mood stabilizers, antidepressants, benzodiazepines, or buspirone.
             Partial response is defined as some improvement in agitated behavior but persistence
             of agitated behaviors severe enough to cause patient distress and/or difficulty with
             caregiving. Although not formally rated, this improvement is equivalent to a Clinical
             Global Impression of Change rating of no more than minimal improvement (improvement is
             noticed by not enough to improve patient function or caregiver's practical management
             of the patient).

          -  Psychiatric/behavioral: lifetime schizophrenia; current delirium, mania, depression,
             or uncontrolled persistent distressing psychotic symptoms (hallucinations, delusions),
             substance abuse, panic disorder, or any behavior which poses an immediate danger to
             patient or others or which results in the patient being too uncooperative to meet the
             requirements of study participation.
      </textblock>
    </criteria>
    <gender>All</gender>
    <minimum_age>N/A</minimum_age>
    <maximum_age>N/A</maximum_age>
    <healthy_volunteers>No</healthy_volunteers>
  </eligibility>
  <overall_official>
    <last_name>Elaine R Peskind, MD</last_name>
    <role>Principal Investigator</role>
    <affiliation>University of Washington, VA Puget Sound Health Care System</affiliation>
  </overall_official>
  <location>
    <facility>
      <name>Veterans Affairs Puget Sound Health Care System</name>
      <address>
        <city>Seattle</city>
        <state>Washington</state>
        <zip>98108</zip>
        <country>United States</country>
      </address>
    </facility>
  </location>
  <location_countries>
    <country>United States</country>
  </location_countries>
  <verification_date>May 2015</verification_date>
  <!-- Old date names will be dropped in a few months (sometime in 2018)                        -->
  <lastchanged_date>May 19, 2015</lastchanged_date>
  <firstreceived_date>May 17, 2010</firstreceived_date>
  <firstreceived_results_date>July 15, 2014</firstreceived_results_date>
  <!-- New date names                                                                           -->
  <study_first_submitted>May 17, 2010</study_first_submitted>
  <study_first_submitted_qc>May 18, 2010</study_first_submitted_qc>
  <study_first_posted type="Estimate">May 19, 2010</study_first_posted>
  <results_first_submitted>July 15, 2014</results_first_submitted>
  <results_first_submitted_qc>May 19, 2015</results_first_submitted_qc>
  <results_first_posted type="Estimate">May 21, 2015</results_first_posted>
  <last_update_submitted>May 19, 2015</last_update_submitted>
  <last_update_submitted_qc>May 19, 2015</last_update_submitted_qc>
  <last_update_posted type="Estimate">May 21, 2015</last_update_posted>
  <!-- End of dates                                                                             -->
  <responsible_party>
    <responsible_party_type>Sponsor</responsible_party_type>
  </responsible_party>
  <keyword>double-blind</keyword>
  <keyword>treatment</keyword>
  <keyword>prazosin</keyword>
  <keyword>Disruptive behaviors in Alzheimer's Disease</keyword>
  <condition_browse>
    <!-- CAUTION:  The following MeSH terms are assigned with an imperfect algorithm            -->
    <mesh_term>Alzheimer Disease</mesh_term>
  </condition_browse>
  <intervention_browse>
    <!-- CAUTION:  The following MeSH terms are assigned with an imperfect algorithm            -->
    <mesh_term>Prazosin</mesh_term>
  </intervention_browse>

  <clinical_results>

    <participant_flow>
      <group_list>
        <group group_id="P1">
          <title>Prazosin</title>
          <description>In the double blind phase (12 weeks), study participants will take either prazosin for placebo. For the open label phase (12 weeks), all study participants will take prazosin.
Prazosin: 4 mg capsules twice daily for 12 weeks</description>
        </group>
        <group group_id="P2">
          <title>Placebo</title>
          <description>In the double blind phase (12 weeks), study participants will take either prazosin for placebo. For the open label phase (12 weeks), all study participants will take prazosin.
Placebo: Placebo capsules twice daily for 12 weeks</description>
        </group>
      </group_list>
      <period_list>
        <period>
          <title>Double Blind Phase</title>
          <milestone_list>
            <milestone>
              <title>STARTED</title>
              <participants_list>
                <participants group_id="P1" count="11"/>
                <participants group_id="P2" count="9"/>
              </participants_list>
            </milestone>
            <milestone>
              <title>COMPLETED</title>
              <participants_list>
                <participants group_id="P1" count="7"/>
                <participants group_id="P2" count="7"/>
              </participants_list>
            </milestone>
            <milestone>
              <title>NOT COMPLETED</title>
              <participants_list>
                <participants group_id="P1" count="4"/>
                <participants group_id="P2" count="2"/>
              </participants_list>
            </milestone>
          </milestone_list>
        </period>
        <period>
          <title>Open-label Extension</title>
          <milestone_list>
            <milestone>
              <title>STARTED</title>
              <participants_list>
                <participants group_id="P1" count="5">2 in the Prazosin arm of the Double Blind Phase elected not to enter the Open-Label extension</participants>
                <participants group_id="P2" count="7"/>
              </participants_list>
            </milestone>
            <milestone>
              <title>COMPLETED</title>
              <participants_list>
                <participants group_id="P1" count="4"/>
                <participants group_id="P2" count="6"/>
              </participants_list>
            </milestone>
            <milestone>
              <title>NOT COMPLETED</title>
              <participants_list>
                <participants group_id="P1" count="1"/>
                <participants group_id="P2" count="1"/>
              </participants_list>
            </milestone>
          </milestone_list>
        </period>
      </period_list>
    </participant_flow>

    <baseline>
      <group_list>
        <group group_id="B1">
          <title>Prazosin</title>
          <description>In the double blind phase (12 weeks), study participants will take either prazosin for placebo. For the open label phase (12 weeks), all study participants will take prazosin.
Prazosin: 4 mg capsules twice daily for 12 weeks</description>
        </group>
        <group group_id="B2">
          <title>Placebo</title>
          <description>In the double blind phase (12 weeks), study participants will take either prazosin for placebo. For the open label phase (12 weeks), all study participants will take prazosin.
Placebo: Placebo capsules twice daily for 12 weeks</description>
        </group>
        <group group_id="B3">
          <title>Total</title>
          <description>Total of all reporting groups</description>
        </group>
      </group_list>
      <analyzed_list>
        <analyzed>
          <units>Participants</units>
          <scope>Overall</scope>
          <count_list>
            <count group_id="B1" value="11"/>
            <count group_id="B2" value="9"/>
            <count group_id="B3" value="20"/>
          </count_list>
        </analyzed>
      </analyzed_list>
      <measure_list>
        <measure>
          <title>Age</title>
          <units>years</units>
          <param>Mean</param>
          <dispersion>Standard Deviation</dispersion>
          <class_list>
            <class>
              <category_list>
                <category>
                  <measurement_list>
                    <measurement group_id="B1" value="82.4" spread="10.5"/>
                    <measurement group_id="B2" value="78.7" spread="8.2"/>
                    <measurement group_id="B3" value="80.7" spread="9.5"/>
                  </measurement_list>
                </category>
              </category_list>
            </class>
          </class_list>
        </measure>
        <measure>
          <title>Gender</title>
          <units>participants</units>
          <param>Number</param>
          <class_list>
            <class>
              <title>Female</title>
              <category_list>
                <category>
                  <measurement_list>
                    <measurement group_id="B1" value="6"/>
                    <measurement group_id="B2" value="7"/>
                    <measurement group_id="B3" value="13"/>
                  </measurement_list>
                </category>
              </category_list>
            </class>
            <class>
              <title>Male</title>
              <category_list>
                <category>
                  <measurement_list>
                    <measurement group_id="B1" value="5"/>
                    <measurement group_id="B2" value="2"/>
                    <measurement group_id="B3" value="7"/>
                  </measurement_list>
                </category>
              </category_list>
            </class>
          </class_list>
        </measure>
        <measure>
          <title>Total Neuropsychiatric Inventory score</title>
          <description>The Neuropsychiatric Inventory is a scale that quantifies behavioral and psychiatric symptoms in patients with dementia. The scale ranges from 0 to 144, with 0 being no symptoms.</description>
          <units>units on a scale</units>
          <param>Mean</param>
          <dispersion>Standard Deviation</dispersion>
          <class_list>
            <class>
              <category_list>
                <category>
                  <measurement_list>
                    <measurement group_id="B1" value="43.5" spread="16.2"/>
                    <measurement group_id="B2" value="40.9" spread="18.9"/>
                    <measurement group_id="B3" value="42.4" spread="17.1"/>
                  </measurement_list>
                </category>
              </category_list>
            </class>
          </class_list>
        </measure>
        <measure>
          <title>Brief Psychiatric Rating Scale</title>
          <description>The Brief Psychiatric Rating Scale measures 18 psychiatric symptom domains. The scale ranges from 18 to 126, where 18 indicates no psychiatric symptoms.</description>
          <units>units on a scale</units>
          <param>Mean</param>
          <dispersion>Standard Deviation</dispersion>
          <class_list>
            <class>
              <category_list>
                <category>
                  <measurement_list>
                    <measurement group_id="B1" value="45.4" spread="9.1"/>
                    <measurement group_id="B2" value="44.2" spread="9.5"/>
                    <measurement group_id="B3" value="44.9" spread="9.1"/>
                  </measurement_list>
                </category>
              </category_list>
            </class>
          </class_list>
        </measure>
      </measure_list>
    </baseline>

    <outcome_list>
      <outcome>
        <type>Primary</type>
        <title>Alzheimer's Disease Cooperative Study - Clinical Global Impression of Change</title>
        <description>This scale represents the raters overall impression of improvement or worsening, and is assessed at the last visit. 1 = Marked improvement, 1 = Moderate improvement, 3 = Minimal improvement, 4 = No change, 5 = Minimal worsening, 6 = Moderate worsening, 7 = Marked worsening.</description>
        <time_frame>12 Weeks after Baseline</time_frame>
        <population>Any participant who had at least one follow-up assessment was included in the analysis. One participant in the Placebo group did not return for follow-up, and therefore was not included in the analysis.</population>
        <group_list>
          <group group_id="O1">
            <title>Prazosin</title>
            <description>In the double blind phase (12 weeks), study participants will take either prazosin for placebo. For the open label phase (12 weeks), all study participants will take prazosin.
Prazosin: 4 mg capsules twice daily for 12 weeks</description>
          </group>
          <group group_id="O2">
            <title>Placebo</title>
            <description>In the double blind phase (12 weeks), study participants will take either prazosin for placebo. For the open label phase (12 weeks), all study participants will take prazosin.
Placebo: Placebo capsules twice daily for 12 weeks</description>
          </group>
        </group_list>
        <measure>
          <title>Alzheimer's Disease Cooperative Study - Clinical Global Impression of Change</title>
          <description>This scale represents the raters overall impression of improvement or worsening, and is assessed at the last visit. 1 = Marked improvement, 1 = Moderate improvement, 3 = Minimal improvement, 4 = No change, 5 = Minimal worsening, 6 = Moderate worsening, 7 = Marked worsening.</description>
          <population>Any participant who had at least one follow-up assessment was included in the analysis. One participant in the Placebo group did not return for follow-up, and therefore was not included in the analysis.</population>
          <units>units on a scale</units>
          <param>Mean</param>
          <dispersion>Standard Deviation</dispersion>
          <analyzed_list>
            <analyzed>
              <units>Participants</units>
              <scope>Measure</scope>
              <count_list>
                <count group_id="O1" value="11"/>
                <count group_id="O2" value="8"/>
              </count_list>
            </analyzed>
          </analyzed_list>
          <class_list>
            <class>
              <category_list>
                <category>
                  <measurement_list>
                    <measurement group_id="O1" value="2.5" spread=".25"/>
                    <measurement group_id="O2" value="2.43" spread=".28"/>
                  </measurement_list>
                </category>
              </category_list>
            </class>
          </class_list>
        </measure>
      </outcome>
      <outcome>
        <type>Secondary</type>
        <title>Change in Brief Psychiatric Rating Scale Total Score</title>
        <description>Brief Psychiatric Rating Scale score change from Baseline to last observation. The Brief Psychiatric Rating Scale measures 18 psychiatric symptom domains. The scale ranges from 18 to 126, where 18 indicates no psychiatric symptoms.</description>
        <time_frame>12 Weeks after Baseline</time_frame>
        <population>One study participant in the Placebo group dropped out prior to first follow-up, although this subject is included in the statistical analysis to provide information on the outcome at baseline.</population>
        <group_list>
          <group group_id="O1">
            <title>Prazosin</title>
            <description>In the double blind phase (12 weeks), study participants will take either prazosin for placebo. For the open label phase (12 weeks), all study participants will take prazosin.
Prazosin: 4 mg capsules twice daily for 12 weeks</description>
          </group>
          <group group_id="O2">
            <title>Placebo</title>
            <description>In the double blind phase (12 weeks), study participants will take either prazosin for placebo. For the open label phase (12 weeks), all study participants will take prazosin.
Placebo: Placebo capsules twice daily for 12 weeks</description>
          </group>
        </group_list>
        <measure>
          <title>Change in Brief Psychiatric Rating Scale Total Score</title>
          <description>Brief Psychiatric Rating Scale score change from Baseline to last observation. The Brief Psychiatric Rating Scale measures 18 psychiatric symptom domains. The scale ranges from 18 to 126, where 18 indicates no psychiatric symptoms.</description>
          <population>One study participant in the Placebo group dropped out prior to first follow-up, although this subject is included in the statistical analysis to provide information on the outcome at baseline.</population>
          <units>units on a scale</units>
          <param>Mean</param>
          <dispersion>Standard Deviation</dispersion>
          <analyzed_list>
            <analyzed>
              <units>Participants</units>
              <scope>Measure</scope>
              <count_list>
                <count group_id="O1" value="11"/>
                <count group_id="O2" value="9"/>
              </count_list>
            </analyzed>
          </analyzed_list>
          <class_list>
            <class>
              <category_list>
                <category>
                  <measurement_list>
                    <measurement group_id="O1" value="-9.8" spread="2.3"/>
                    <measurement group_id="O2" value="-7.7" spread="2.8"/>
                  </measurement_list>
                </category>
              </category_list>
            </class>
          </class_list>
        </measure>
      </outcome>
      <outcome>
        <type>Primary</type>
        <title>Change in Neuropsychiatric Inventory Score</title>
        <description>Neuropsychiatric Inventory score change from Baseline to last observation.The Neuropsychiatric Inventory is a scale that quantifies behavioral and psychiatric symptoms in patients with dementia. The scale ranges from 0 to 144, with 0 being no symptoms.</description>
        <time_frame>12 weeks</time_frame>
        <population>One study participant in the Placebo group dropped out prior to first follow-up, although this subject is included in the statistical analysis to provide information on the outcome at baseline.</population>
        <group_list>
          <group group_id="O1">
            <title>Prazosin</title>
            <description>In the double blind phase (12 weeks), study participants will take either prazosin for placebo. For the open label phase (12 weeks), all study participants will take prazosin.
Prazosin: 4 mg capsules twice daily for 12 weeks</description>
          </group>
          <group group_id="O2">
            <title>Placebo</title>
            <description>In the double blind phase (12 weeks), study participants will take either prazosin for placebo. For the open label phase (12 weeks), all study participants will take prazosin.
Placebo: Placebo capsules twice daily for 12 weeks</description>
          </group>
        </group_list>
        <measure>
          <title>Change in Neuropsychiatric Inventory Score</title>
          <description>Neuropsychiatric Inventory score change from Baseline to last observation.The Neuropsychiatric Inventory is a scale that quantifies behavioral and psychiatric symptoms in patients with dementia. The scale ranges from 0 to 144, with 0 being no symptoms.</description>
          <population>One study participant in the Placebo group dropped out prior to first follow-up, although this subject is included in the statistical analysis to provide information on the outcome at baseline.</population>
          <units>units on a scale</units>
          <param>Mean</param>
          <dispersion>Standard Deviation</dispersion>
          <analyzed_list>
            <analyzed>
              <units>Participants</units>
              <scope>Measure</scope>
              <count_list>
                <count group_id="O1" value="11"/>
                <count group_id="O2" value="9"/>
              </count_list>
            </analyzed>
          </analyzed_list>
          <class_list>
            <class>
              <category_list>
                <category>
                  <measurement_list>
                    <measurement group_id="O1" value="-23.4" spread="3.7"/>
                    <measurement group_id="O2" value="-16.6" spread="4.5"/>
                  </measurement_list>
                </category>
              </category_list>
            </class>
          </class_list>
        </measure>
      </outcome>
      <outcome>
        <type>Secondary</type>
        <title>Days in Study</title>
        <description>The number of days participants remained in the study during the Double Blind Phase. Please note that although the length of follow-up designated in the protocol was 12 weeks, a number of participants were in this phase longer (e.g. the dose titration phase took longer than 3 weeks, assessments were delayed due to scheduling conflicts, etc.) Therefore the length of time in the Double Blind Phase can exceed 12 weeks (84 days).</description>
        <time_frame>12 weeks after Baseline</time_frame>
        <population>7 participants in the prazosin group were in the double-blind phase longer than 12 weeks (84 days). 4 participants in the placebo group were in the double-blind phase longer than 12 weeks (84 days).</population>
        <group_list>
          <group group_id="O1">
            <title>Prazosin</title>
            <description>In the double blind phase (12 weeks), study participants will take either prazosin for placebo. For the open label phase (12 weeks), all study participants will take prazosin.
Prazosin: 4 mg capsules twice daily for 12 weeks</description>
          </group>
          <group group_id="O2">
            <title>Placebo</title>
            <description>In the double blind phase (12 weeks), study participants will take either prazosin for placebo. For the open label phase (12 weeks), all study participants will take prazosin.
Placebo: Placebo capsules twice daily for 12 weeks</description>
          </group>
        </group_list>
        <measure>
          <title>Days in Study</title>
          <description>The number of days participants remained in the study during the Double Blind Phase. Please note that although the length of follow-up designated in the protocol was 12 weeks, a number of participants were in this phase longer (e.g. the dose titration phase took longer than 3 weeks, assessments were delayed due to scheduling conflicts, etc.) Therefore the length of time in the Double Blind Phase can exceed 12 weeks (84 days).</description>
          <population>7 participants in the prazosin group were in the double-blind phase longer than 12 weeks (84 days). 4 participants in the placebo group were in the double-blind phase longer than 12 weeks (84 days).</population>
          <units>days</units>
          <param>Mean</param>
          <dispersion>Standard Deviation</dispersion>
          <analyzed_list>
            <analyzed>
              <units>Participants</units>
              <scope>Measure</scope>
              <count_list>
                <count group_id="O1" value="11"/>
                <count group_id="O2" value="9"/>
              </count_list>
            </analyzed>
          </analyzed_list>
          <class_list>
            <class>
              <category_list>
                <category>
                  <measurement_list>
                    <measurement group_id="O1" value="87" spread="8"/>
                    <measurement group_id="O2" value="79" spread="9"/>
                  </measurement_list>
                </category>
              </category_list>
            </class>
          </class_list>
        </measure>
      </outcome>
    </outcome_list>

    <reported_events>
      <time_frame>12 weeks.</time_frame>
      <desc>Known, common side effects for prazosin were specifically queried at each study visit.</desc>
      <group_list>
        <group group_id="E1">
          <title>Prazosin</title>
          <description>In the double blind phase (12 weeks), study participants will take either prazosin for placebo. For the open label phase (12 weeks), all study participants will take prazosin.
Prazosin: 4 mg capsules twice daily for 12 weeks</description>
        </group>
        <group group_id="E2">
          <title>Placebo</title>
          <description>In the double blind phase (12 weeks), study participants will take either prazosin for placebo. For the open label phase (12 weeks), all study participants will take prazosin.
Placebo: Placebo capsules twice daily for 12 weeks</description>
        </group>
      </group_list>
      <serious_events>
        <category_list>
          <category>
            <title>Total</title>
            <event_list>
              <event>
                <sub_title>Total, serious adverse events</sub_title>
                <counts group_id="E1" subjects_affected="0" subjects_at_risk="11"/>
                <counts group_id="E2" subjects_affected="0" subjects_at_risk="9"/>
              </event>
            </event_list>
          </category>
        </category_list>
      </serious_events>
      <other_events>
        <frequency_threshold>5</frequency_threshold>
        <default_assessment>Systematic Assessment</default_assessment>
        <category_list>
          <category>
            <title>Total</title>
            <event_list>
              <event>
                <sub_title>Total, other adverse events</sub_title>
                <counts group_id="E1" subjects_affected="11" subjects_at_risk="11"/>
                <counts group_id="E2" subjects_affected="9" subjects_at_risk="9"/>
              </event>
            </event_list>
          </category>
          <category>
            <title>Blood and lymphatic system disorders</title>
            <event_list>
              <event>
                <sub_title>lower extremity edema</sub_title>
                <counts group_id="E1" events="3" subjects_affected="3" subjects_at_risk="11"/>
                <counts group_id="E2" events="2" subjects_affected="2" subjects_at_risk="9"/>
              </event>
            </event_list>
          </category>
          <category>
            <title>Gastrointestinal disorders</title>
            <event_list>
              <event>
                <sub_title>nausea</sub_title>
                <counts group_id="E1" events="2" subjects_affected="2" subjects_at_risk="11"/>
                <counts group_id="E2" events="1" subjects_affected="1" subjects_at_risk="9"/>
              </event>
              <event>
                <sub_title>vomiting</sub_title>
                <counts group_id="E1" events="1" subjects_affected="1" subjects_at_risk="11"/>
                <counts group_id="E2" events="2" subjects_affected="2" subjects_at_risk="9"/>
              </event>
              <event>
                <sub_title>diarrhea</sub_title>
                <counts group_id="E1" events="2" subjects_affected="2" subjects_at_risk="11"/>
                <counts group_id="E2" events="0" subjects_affected="0" subjects_at_risk="9"/>
              </event>
              <event>
                <sub_title>gastrointestinal discomfort</sub_title>
                <assessment>Non-systematic Assessment</assessment>
                <counts group_id="E1" events="2" subjects_affected="2" subjects_at_risk="11"/>
                <counts group_id="E2" events="0" subjects_affected="0" subjects_at_risk="9"/>
              </event>
            </event_list>
          </category>
          <category>
            <title>General disorders</title>
            <event_list>
              <event>
                <sub_title>low energy</sub_title>
                <counts group_id="E1" events="4" subjects_affected="4" subjects_at_risk="11"/>
                <counts group_id="E2" events="4" subjects_affected="4" subjects_at_risk="9"/>
              </event>
              <event>
                <sub_title>dizziness</sub_title>
                <counts group_id="E1" events="5" subjects_affected="5" subjects_at_risk="11"/>
                <counts group_id="E2" events="1" subjects_affected="1" subjects_at_risk="9"/>
              </event>
              <event>
                <sub_title>decreased appetite</sub_title>
                <counts group_id="E1" events="2" subjects_affected="2" subjects_at_risk="11"/>
                <counts group_id="E2" events="1" subjects_affected="1" subjects_at_risk="9"/>
              </event>
              <event>
                <sub_title>sleep disturbance</sub_title>
                <assessment>Non-systematic Assessment</assessment>
                <counts group_id="E1" events="0" subjects_affected="0" subjects_at_risk="11"/>
                <counts group_id="E2" events="2" subjects_affected="2" subjects_at_risk="9"/>
              </event>
            </event_list>
          </category>
          <category>
            <title>Infections and infestations</title>
            <event_list>
              <event>
                <sub_title>wound infection</sub_title>
                <assessment>Non-systematic Assessment</assessment>
                <counts group_id="E1" events="0" subjects_affected="0" subjects_at_risk="11"/>
                <counts group_id="E2" events="3" subjects_affected="3" subjects_at_risk="9"/>
              </event>
            </event_list>
          </category>
          <category>
            <title>Musculoskeletal and connective tissue disorders</title>
            <event_list>
              <event>
                <sub_title>musculoskeletal pain</sub_title>
                <assessment>Non-systematic Assessment</assessment>
                <counts group_id="E1" events="2" subjects_affected="2" subjects_at_risk="11"/>
                <counts group_id="E2" events="2" subjects_affected="2" subjects_at_risk="9"/>
              </event>
            </event_list>
          </category>
          <category>
            <title>Nervous system disorders</title>
            <event_list>
              <event>
                <sub_title>drowsiness</sub_title>
                <counts group_id="E1" events="7" subjects_affected="7" subjects_at_risk="11"/>
                <counts group_id="E2" events="1" subjects_affected="1" subjects_at_risk="9"/>
              </event>
              <event>
                <sub_title>headache</sub_title>
                <counts group_id="E1" events="3" subjects_affected="3" subjects_at_risk="11"/>
                <counts group_id="E2" events="1" subjects_affected="1" subjects_at_risk="9"/>
              </event>
            </event_list>
          </category>
          <category>
            <title>Psychiatric disorders</title>
            <event_list>
              <event>
                <sub_title>increased agitation</sub_title>
                <assessment>Non-systematic Assessment</assessment>
                <counts group_id="E1" events="0" subjects_affected="0" subjects_at_risk="11"/>
                <counts group_id="E2" events="2" subjects_affected="2" subjects_at_risk="9"/>
              </event>
            </event_list>
          </category>
          <category>
            <title>Renal and urinary disorders</title>
            <event_list>
              <event>
                <sub_title>urinary tract infection</sub_title>
                <assessment>Non-systematic Assessment</assessment>
                <counts group_id="E1" events="1" subjects_affected="1" subjects_at_risk="11"/>
                <counts group_id="E2" events="3" subjects_affected="3" subjects_at_risk="9"/>
              </event>
              <event>
                <sub_title>nocturnal enuresis</sub_title>
                <assessment>Non-systematic Assessment</assessment>
                <counts group_id="E1" events="2" subjects_affected="2" subjects_at_risk="11"/>
                <counts group_id="E2" events="0" subjects_affected="0" subjects_at_risk="9"/>
              </event>
            </event_list>
          </category>
        </category_list>
      </other_events>
    </reported_events>

    <certain_agreements>
      <pi_employee>Principal Investigators are NOT employed by the organization sponsoring the study.</pi_employee>
      <restrictive_agreement>There is NOT an agreement between Principal Investigators and the Sponsor (or its agents) that restricts the PI's rights to discuss or publish trial results after the trial is completed. </restrictive_agreement>
    </certain_agreements>
    <point_of_contact>
      <name_or_title>Lucy Wang</name_or_title>
      <organization>VA Puget Sound</organization>
      <phone>206-277-5089</phone>
      <email>wanglucy@u.washington.edu</email>
    </point_of_contact>
  </clinical_results>
</clinical_study>

