<?xml version="1.0" encoding="UTF-8"?>
<clinical_study rank="180">
  <!-- This xml conforms to an XML Schema at:
    https://clinicaltrials.gov/ct2/html/images/info/public.xsd -->
  <required_header>
    <download_date>ClinicalTrials.gov processed this data on November 07, 2017</download_date>
    <link_text>Link to the current ClinicalTrials.gov record.</link_text>
    <url>https://clinicaltrials.gov/show/NCT00666445</url>
  </required_header>
  <id_info>
    <org_study_id>ADG-08-01</org_study_id>
    <nct_id>NCT00666445</nct_id>
  </id_info>
  <brief_title>Improved Diagnosis of Alzheimer's Disease Using the Synchronous Neural Interaction™ Test</brief_title>
  <official_title>Improved Diagnosis of Alzheimer's Disease Using Magnetoencephalography (MEG) and the Synchronous Neural Interaction™ Test: AD Template Development Study</official_title>
  <sponsors>
    <lead_sponsor>
      <agency>Orasi Medical, Inc.</agency>
      <agency_class>Industry</agency_class>
    </lead_sponsor>
    <collaborator>
      <agency>Noran Neurological Clinic</agency>
      <agency_class>Other</agency_class>
    </collaborator>
    <collaborator>
      <agency>Minneapolis Veterans Affairs Medical Center</agency>
      <agency_class>U.S. Fed</agency_class>
    </collaborator>
  </sponsors>
  <source>Orasi Medical, Inc.</source>
  <oversight_info>
    <has_dmc>No</has_dmc>
  </oversight_info>
  <brief_summary>
    <textblock>
      This study is designed to test the hypothesis that the Synchronous Neural Interaction™ Test
      is useful for diagnosing Probable Alzheimer's Disease according to standard criteria.
      Subjects diagnosed with Alzheimer's Disease as well as age-matched normal control subjects
      will be evaluated for symptoms of Alzheimer's Disease and those meeting inclusion criteria
      will undergo a brief, non-invasive scan of brain function using a magnetoencephalography
      (MEG). The scan itself lasts 1 minute while the subject is asked to stare at a dot projected
      in front of them on a video screen. Orasi Medical believes that patterns of brain activity
      measured at rest are indicative of Alzheimer's Disease pathology.

      The protocol is amended to add a follow-up assessment for previously enrolled and completed
      subjects who agree to participate in the follow-up assessment approximately 9 - 15 months
      after initial study enrollment. Subjects who agree to participate in the follow-up assessment
      will undergo the same standardized tests and MEG scan procedure as completed in the initial
      study.
    </textblock>
  </brief_summary>
  <overall_status>Completed</overall_status>
  <start_date>April 2008</start_date>
  <completion_date type="Actual">December 2009</completion_date>
  <primary_completion_date type="Actual">December 2009</primary_completion_date>
  <phase>N/A</phase>
  <study_type>Observational</study_type>
  <has_expanded_access>No</has_expanded_access>
  <study_design_info>
    <observational_model>Case Control</observational_model>
    <time_perspective>Cross-Sectional</time_perspective>
  </study_design_info>
  <primary_outcome>
    <measure>Sensitivity and specificity for test under investigation to diagnose probable Alzheimer's Disease.</measure>
    <time_frame>Immediately</time_frame>
  </primary_outcome>
  <number_of_groups>2</number_of_groups>
  <enrollment type="Anticipated">150</enrollment>
  <condition>Alzheimer's Disease</condition>
  <arm_group>
    <arm_group_label>1</arm_group_label>
    <description>Patients diagnosed with Alzheimer's Disease</description>
  </arm_group>
  <arm_group>
    <arm_group_label>2</arm_group_label>
    <description>Aged-matched normal controls</description>
  </arm_group>
  <eligibility>
    <study_pop>
      <textblock>
        Subjects will be referred from dementia/Alzheimer's Disease clinical patients at study
        sites.
      </textblock>
    </study_pop>
    <sampling_method>Non-Probability Sample</sampling_method>
    <criteria>
      <textblock>
        Inclusion Criteria:

          1. Subject is between 18 and 90 years of age

          2. i. Provide written informed consent for study participation, OR ii. Provide written
             assent to study participant accompanied by the provision of written informed by the
             subject's legally authorized representative (LAR); see Section 8. Informed Consent for
             details of the procedures use to meet these study inclusion criteria

          3. Have one of the following clinical diagnoses or conditions:

               -  Probable AD according to the NINCDS-ADRDA criteria

               -  Possible AD according to the NINCDS-ADRDA criteria

               -  Prodromal AD according to criteria described by Dubois &amp; Albert (2004)

               -  Normal control subject

        Exclusion Criteria:

          1. Have a significant non-AD neurological condition including Parkinson's Disease,
             Vascular Dementia, Lewy Body Dementia or Frontal Temporal Dementia, human
             immunodeficiency virus, multiple sclerosis, epilepsy, or severe traumatic brain
             injury.

          2. Have dementia due to multiple etiologies (e.g. mixed dementia)

          3. Show the presence of prominent disturbances in gait thought to be associated with
             Parkinsonism.

          4. Show prominent changes in personality or social conduct prior to the onset of
             prominent cognitive dysfunction

          5. Have a Modified Hachinski Ischemia Scale score of greater than 4

          6. Have a history of primary psychotic disorder (e.g schizophrenia, schizoaffective
             disorder, delusional disorder) or bipolar disorder

          7. Have a lifetime or current history of alcohol or substance abuse/dependence

          8. Have had an MRI two weeks prior to completing the MEG scan

          9. Have metal braces or pacemaker that may interfere with the MEG scan

         10. Are unable to complete the MEG scan procedure

        Follow-up Assessment Inclusion Criteria:

        Subjects who completed Protocol ADG 08-01 will be contacted and invited to participate in
        the follow-up assessment.
      </textblock>
    </criteria>
    <gender>All</gender>
    <minimum_age>18 Years</minimum_age>
    <maximum_age>90 Years</maximum_age>
    <healthy_volunteers>Accepts Healthy Volunteers</healthy_volunteers>
  </eligibility>
  <overall_official>
    <last_name>Todd A Verdoorn, Ph.D.</last_name>
    <role>Principal Investigator</role>
    <affiliation>Orasi Medical, Inc.</affiliation>
  </overall_official>
  <location>
    <facility>
      <name>Veterans Affairs Medical Center (Brain Science Center)</name>
      <address>
        <city>Minneapolis</city>
        <state>Minnesota</state>
        <zip>55419</zip>
        <country>United States</country>
      </address>
    </facility>
  </location>
  <location>
    <facility>
      <name>Veterans Affairs Medical Center (Geriatric Research, Education and Clinical Center)</name>
      <address>
        <city>Minneapolis</city>
        <state>Minnesota</state>
        <zip>55419</zip>
        <country>United States</country>
      </address>
    </facility>
  </location>
  <location>
    <facility>
      <name>Noran Neurology Clinic</name>
      <address>
        <city>Plymouth</city>
        <state>Minnesota</state>
        <zip>55441</zip>
        <country>United States</country>
      </address>
    </facility>
  </location>
  <location_countries>
    <country>United States</country>
  </location_countries>
  <link>
    <url>http://www.alz.org/mnnd</url>
    <description>Minnesota Alzheimers Association</description>
  </link>
  <link>
    <url>http://www.alz.org/co</url>
    <description>Colorado Alzheimers Association</description>
  </link>
  <link>
    <url>http://www.alz.org/texas</url>
    <description>Texas Alzheimers Association</description>
  </link>
  <reference>
    <citation>Georgopoulos AP, Karageorgiou E, Leuthold AC, Lewis SM, Lynch JK, Alonso AA, Aslam Z, Carpenter AF, Georgopoulos A, Hemmy LS, Koutlas IG, Langheim FJ, McCarten JR, McPherson SE, Pardo JV, Pardo PJ, Parry GJ, Rottunda SJ, Segal BM, Sponheim SR, Stanwyck JJ, Stephane M, Westermeyer JJ. Synchronous neural interactions assessed by magnetoencephalography: a functional biomarker for brain disorders. J Neural Eng. 2007 Dec;4(4):349-55. Epub 2007 Aug 27.</citation>
    <PMID>18057502</PMID>
  </reference>
  <verification_date>August 2010</verification_date>
  <!-- Old date names will be dropped in a few months (sometime in 2018)                        -->
  <lastchanged_date>August 12, 2010</lastchanged_date>
  <firstreceived_date>April 23, 2008</firstreceived_date>
  <!-- New date names                                                                           -->
  <study_first_submitted>April 23, 2008</study_first_submitted>
  <study_first_submitted_qc>April 24, 2008</study_first_submitted_qc>
  <study_first_posted type="Estimate">April 25, 2008</study_first_posted>
  <last_update_submitted>August 12, 2010</last_update_submitted>
  <last_update_submitted_qc>August 12, 2010</last_update_submitted_qc>
  <last_update_posted type="Estimate">August 13, 2010</last_update_posted>
  <!-- End of dates                                                                             -->
  <responsible_party>
    <name_title>Todd Verdoorn, Ph.D., Chief Scientific Officer</name_title>
    <organization>Orasi Medical, Inc.</organization>
  </responsible_party>
  <keyword>Alzheimer's Disease</keyword>
  <keyword>Diagnosis</keyword>
  <keyword>Neuronal function</keyword>
  <keyword>Cognitive Impairment</keyword>
  <keyword>Magnetoencephalography</keyword>
  <condition_browse>
    <!-- CAUTION:  The following MeSH terms are assigned with an imperfect algorithm            -->
    <mesh_term>Alzheimer Disease</mesh_term>
  </condition_browse>
  <!-- Results have not yet been posted for this study                                          -->
</clinical_study>

