<?xml version="1.0" encoding="UTF-8"?>
<clinical_study rank="101">
  <!-- This xml conforms to an XML Schema at:
    https://clinicaltrials.gov/ct2/html/images/info/public.xsd -->
  <required_header>
    <download_date>ClinicalTrials.gov processed this data on November 07, 2017</download_date>
    <link_text>Link to the current ClinicalTrials.gov record.</link_text>
    <url>https://clinicaltrials.gov/show/NCT00285025</url>
  </required_header>
  <id_info>
    <org_study_id>EFC5286</org_study_id>
    <secondary_id>SR57667B</secondary_id>
    <nct_id>NCT00285025</nct_id>
  </id_info>
  <brief_title>Study of the Effect of SR57667B in Patients With Alzheimer's Disease</brief_title>
  <official_title>A Phase II, Multicenter, Multinational, Randomized, Double-Blind, Placebo-Controlled, Efficacy, Safety and Tolerability Study of SR57667B in Patients With Mild-to-Moderate Alzheimer's Disease</official_title>
  <sponsors>
    <lead_sponsor>
      <agency>Sanofi</agency>
      <agency_class>Industry</agency_class>
    </lead_sponsor>
  </sponsors>
  <source>Sanofi</source>
  <brief_summary>
    <textblock>
      The primary objective is to demonstrate that SR57667B at the dose of 4 mg/day, in comparison
      to placebo, decreases the decline in cognitive performance and the global clinical decline
      over 1 year in patients with mild to moderate AD.

      Secondary objectives are to assess the effect of SR57667B on functional decline and its
      safety/tolerability in patients with mild to moderate AD, and to document plasma
      concentrations of SR57667 in patients with mild to moderate AD.
    </textblock>
  </brief_summary>
  <detailed_description>
    <textblock>
      Multinational, multicenter, randomized, parallel-group, double-blind, phase II study
    </textblock>
  </detailed_description>
  <overall_status>Completed</overall_status>
  <start_date>March 2005</start_date>
  <completion_date>September 2005</completion_date>
  <phase>Phase 2</phase>
  <study_type>Interventional</study_type>
  <has_expanded_access>No</has_expanded_access>
  <study_design_info>
    <allocation>Randomized</allocation>
    <intervention_model>Parallel Assignment</intervention_model>
    <primary_purpose>Treatment</primary_purpose>
    <masking>Double</masking>
  </study_design_info>
  <primary_outcome>
    <measure>ADAS-cog, CDR measured at baseline and at 2, 6, 9 and 12 months.</measure>
  </primary_outcome>
  <secondary_outcome>
    <measure>MMSE, CGIC, ADCS-ADL, NPI measured at baseline and at 2, 6, 9 and 12 months.</measure>
  </secondary_outcome>
  <enrollment>500</enrollment>
  <condition>Alzheimer Disease</condition>
  <intervention>
    <intervention_type>Drug</intervention_type>
    <intervention_name>SR57667B</intervention_name>
  </intervention>
  <eligibility>
    <criteria>
      <textblock>
        Inclusion Criteria:

          -  Male / female outpatients.

          -  Age &gt; 50 years at screening.

          -  Dementia of Alzheimer’s Type (DSM-IV 290.0) according to DSM-IV criteria, Probable AD
             according to NINCDS-ADRDA criteria, Mini-Mental State Examination score &gt; 12 and &lt; 26.

          -  Untreated or treated for a minimum of 6 months before randomization with a stable dose
             of the cholinesterase inhibitors

          -  Generally healthy and ambulatory or ambulatory-aided (i.e., walker or cane).

          -  Presence of a reliable caregiver.

          -  Patient, identified caregiver and, if applicable, patient surrogate (primary relative,
             legal guardian, medical proxy) have given their informed written consent and are
             capable of following study procedures

        Exclusion Criteria:

          -  Any cause of dementia not due to Alzheimer’s disease, Delusions, delirium, psychosis,
             depression, or other significant psychiatric disorder.

          -  Treatment with any registered or putative cognitive enhancer or disease modifier other
             than donepezil, rivastigmine or galantamine.

          -  Females who are pregnant or breast-feeding. Females of child bearing potential
             (premenopausal female biologically capable of becoming pregnant) must have a confirmed
             negative serum b–HCG pregnancy test at the screening visit, and must use an acceptable
             method of birth control.

          -  Severe or unstable cardiovascular, respiratory, renal, hematological,
             endocrinological, neurological or other somatic disease.

          -  Use of CYP3A4 strong inhibitors

          -  Evidence (detected by history, physical examination and / or laboratory / ECG tests)
             of any clinically significant or unstable medical disorder that could interfere with
             the subject's participation in the clinical trial; interfere with the absorption,
             metabolism or excretion of the study medication; or interfere with the evaluation of
             the study drug. Alterations of laboratory tests or ECG findings of potential clinical
             significance.
      </textblock>
    </criteria>
    <gender>All</gender>
    <minimum_age>50 Years</minimum_age>
    <maximum_age>N/A</maximum_age>
    <healthy_volunteers>No</healthy_volunteers>
  </eligibility>
  <overall_official>
    <last_name>Serge GAUTHIER, MD</last_name>
    <role>Study Chair</role>
    <affiliation>Scientific Advisory Committee</affiliation>
  </overall_official>
  <overall_official>
    <last_name>Jean-Marc ORGOGOZO, MD</last_name>
    <role>Study Chair</role>
    <affiliation>Scientific Advisory Committee</affiliation>
  </overall_official>
  <overall_official>
    <last_name>Philip SCHELTENS, MD</last_name>
    <role>Study Chair</role>
    <affiliation>Scientific Advisory Committee</affiliation>
  </overall_official>
  <overall_official>
    <last_name>Bengt WINBLAD, MD</last_name>
    <role>Study Chair</role>
    <affiliation>Scientific Advisory Committee</affiliation>
  </overall_official>
  <link>
    <url>http://www.sanofi-aventis.com</url>
  </link>
  <verification_date>January 2006</verification_date>
  <!-- Old date names will be dropped in a few months (sometime in 2018)                        -->
  <lastchanged_date>January 31, 2006</lastchanged_date>
  <firstreceived_date>January 31, 2006</firstreceived_date>
  <!-- New date names                                                                           -->
  <study_first_submitted>January 31, 2006</study_first_submitted>
  <study_first_submitted_qc>January 31, 2006</study_first_submitted_qc>
  <study_first_posted type="Estimate">February 1, 2006</study_first_posted>
  <last_update_submitted>January 31, 2006</last_update_submitted>
  <last_update_submitted_qc>January 31, 2006</last_update_submitted_qc>
  <last_update_posted type="Estimate">February 1, 2006</last_update_posted>
  <!-- End of dates                                                                             -->
  <keyword>Alzheimer disease</keyword>
  <keyword>nerve growth factors</keyword>
  <keyword>Clinical Trial</keyword>
  <condition_browse>
    <!-- CAUTION:  The following MeSH terms are assigned with an imperfect algorithm            -->
    <mesh_term>Alzheimer Disease</mesh_term>
  </condition_browse>
  <!-- Results have not yet been posted for this study                                          -->
</clinical_study>

