<?xml version="1.0" encoding="UTF-8"?>
<clinical_study rank="73">
  <!-- This xml conforms to an XML Schema at:
    https://clinicaltrials.gov/ct2/html/images/info/public.xsd -->
  <required_header>
    <download_date>ClinicalTrials.gov processed this data on November 07, 2017</download_date>
    <link_text>Link to the current ClinicalTrials.gov record.</link_text>
    <url>https://clinicaltrials.gov/show/NCT00645190</url>
  </required_header>
  <id_info>
    <org_study_id>CR005803</org_study_id>
    <nct_id>NCT00645190</nct_id>
  </id_info>
  <brief_title>A Randomized, Double-blind, Flexible Dose, Multicenter Study to Evaluate the Effectiveness and Safety of Galantamine IR in Mild to Moderate Alzheimer's Disease</brief_title>
  <official_title>A Randomized, Double Blind, Active Control, Flexible Dose, Multicenter Study to Evaluate Galantamine HBr in the Treatment of Alzheimer's Disease:Safety and Effectiveness of an Immediate-release Table Formulation.</official_title>
  <sponsors>
    <lead_sponsor>
      <agency>Xian-Janssen Pharmaceutical Ltd.</agency>
      <agency_class>Industry</agency_class>
    </lead_sponsor>
  </sponsors>
  <source>Xian-Janssen Pharmaceutical Ltd.</source>
  <brief_summary>
    <textblock>
      The purpose of this randomized, double-blind, active-controlled, flexible dosage, multicenter
      study is to evaluate the effectiveness and safety of galantamine tablet (16-24mg/day) for 16
      weeks in the treatment of mild to moderate Alzheimer's Disease (AD) comparing with Donepezil.
    </textblock>
  </brief_summary>
  <detailed_description>
    <textblock>
      This is a randomized, double-blind, active-controlled, flexible dosage, multicenter study to
      evaluate the effectiveness and safety of galantamine tablet in the treatment of mild to
      moderate AD. The comparator is Donepezil tablet. At least 206 patients were to be randomized
      in the study. The study consisted of 3 phases: a screening phase, a single-blind run-in phase
      and a double-blind treatment phase. Screening phase is less than 2 week for eligible
      assessment; If the patient was taking any anti-dementia drug at screening, he/she had to stop
      these drugs and enter into the single-blind run-in phase. The patient who did not take any
      anti-dementia drug can enter into baseline directly. During the single-blind run-in phase,
      all eligible patients will take placebo twice daily for 4 weeks. Double-blind treatment phase
      is 16 weeks. At baseline, all patients who are still eligible for inclusion/exclusion
      criteria will be randomized to either galantamine group or donepezil group at 1:1 ratio,
      drugs will be taken twice daily by a flexible dose for 16 weeks. Dose will be titrated during
      the first 9-12 weeks. Dose will be fixed to 16mg/day or 24mg/day based on tolerability of the
      patient judged by the investigator. The primary effectiveness endpoint is changes in
      ADAS-cog/11 at week 16 from baseline, secondary endpoint is responder rate in term of
      ADAS-cog/11. Safety evaluation included adverse events, physical examination, ECG, and safety
      laboratory tests. Study drug are taken orally twice a day. The treatment duration was 16
      weeks. Initial galantamine dose is 8 mg/day, dose was increased to 16mg/day at week 5 and to
      24 mg/day at week 9. At week 12, dose was fixed to either 16mg/day or 24mg/day at the
      discretion of investigators. Initial donepezil dose is 5mg/day, dose was then increased to
      10mg/day at week 9. At week 12, dose was fixed to either 5mg/day or 10mg/day at the
      discretion of investigators.
    </textblock>
  </detailed_description>
  <overall_status>Completed</overall_status>
  <start_date>March 2004</start_date>
  <completion_date type="Actual">February 2005</completion_date>
  <phase>Phase 3</phase>
  <study_type>Interventional</study_type>
  <has_expanded_access>No</has_expanded_access>
  <study_design_info>
    <allocation>Randomized</allocation>
    <intervention_model>Parallel Assignment</intervention_model>
    <primary_purpose>Treatment</primary_purpose>
    <masking>Double</masking>
  </study_design_info>
  <primary_outcome>
    <measure>Primary endpoint (ADAS-cog/11) decreased 5.4 ± 6.4 and 4 .0 ± 7.3 in galantamine and Donepezil group respectively after 16-week treatment from baseline of 22.5 ± 9.3 and 23.3 ± 9.7 respectively, showing the non-inferiority in term of efficacy.</measure>
  </primary_outcome>
  <secondary_outcome>
    <measure>Secondary endpoint is responder rate. It showed 78% responder rate in galantamine group and 58% responder rate in Donepezil group after 16 weeks.</measure>
  </secondary_outcome>
  <enrollment type="Actual">215</enrollment>
  <condition>Alzheimer Disease</condition>
  <intervention>
    <intervention_type>Drug</intervention_type>
    <intervention_name>Galantamine HBr</intervention_name>
  </intervention>
  <eligibility>
    <criteria>
      <textblock>
        Inclusion Criteria:

          -  Out-patients diagnosed with mild to moderate probable AD. The diagnosis should have
             been established in accordance with the classification for probable AD of NINCDS-ADRDA

          -  MMSE score of 10-24 (inclusive) at screening

          -  Patients who lived with or had regular daily visits from a responsible caregiver

          -  .Has signed the informed consent form by subject and assent form by care-giver

        Exclusion Criteria:

          -  Patients with neurodegenerative disorders such as Parkinson's disease

          -  Patients with some conditions possibly resulting in cognitive impairment, e.g. acute
             cerebral trauma, infection

          -  Has evidence of multi-infarct dementia or clinically active cerebrovascular disease.
      </textblock>
    </criteria>
    <gender>All</gender>
    <minimum_age>40 Years</minimum_age>
    <maximum_age>N/A</maximum_age>
    <healthy_volunteers>No</healthy_volunteers>
  </eligibility>
  <overall_official>
    <last_name>Xian-Janssen Pharmaceutical Ltd. Clinical Trial</last_name>
    <role>Study Director</role>
    <affiliation>Xian-Janssen Pharmaceutical Ltd.</affiliation>
  </overall_official>
  <link>
    <url>http://filehosting.pharmacm.com/DownloadService.ashx?client=CTR_JNJ_6051&amp;studyid=1077&amp;filename=CR005803_CSR.pdf</url>
    <description>A randomized, active control, double-blind study to evaluate the effectiveness and safety of galantamine for mild to moderate Alzheimer's Disease</description>
  </link>
  <verification_date>March 2010</verification_date>
  <!-- Old date names will be dropped in a few months (sometime in 2018)                        -->
  <lastchanged_date>May 18, 2011</lastchanged_date>
  <firstreceived_date>March 24, 2008</firstreceived_date>
  <!-- New date names                                                                           -->
  <study_first_submitted>March 24, 2008</study_first_submitted>
  <study_first_submitted_qc>March 24, 2008</study_first_submitted_qc>
  <study_first_posted type="Estimate">March 27, 2008</study_first_posted>
  <last_update_submitted>May 18, 2011</last_update_submitted>
  <last_update_submitted_qc>May 18, 2011</last_update_submitted_qc>
  <last_update_posted type="Estimate">May 19, 2011</last_update_posted>
  <!-- End of dates                                                                             -->
  <keyword>Alzheimer Disease</keyword>
  <keyword>galantamine</keyword>
  <condition_browse>
    <!-- CAUTION:  The following MeSH terms are assigned with an imperfect algorithm            -->
    <mesh_term>Alzheimer Disease</mesh_term>
  </condition_browse>
  <intervention_browse>
    <!-- CAUTION:  The following MeSH terms are assigned with an imperfect algorithm            -->
    <mesh_term>Galantamine</mesh_term>
  </intervention_browse>
  <!-- Results have not yet been posted for this study                                          -->
</clinical_study>

