<?xml version="1.0" encoding="UTF-8"?>
<clinical_study rank="43">
  <!-- This xml conforms to an XML Schema at:
    https://clinicaltrials.gov/ct2/html/images/info/public.xsd -->
  <required_header>
    <download_date>ClinicalTrials.gov processed this data on November 07, 2017</download_date>
    <link_text>Link to the current ClinicalTrials.gov record.</link_text>
    <url>https://clinicaltrials.gov/show/NCT00937352</url>
  </required_header>
  <id_info>
    <org_study_id>ELN115727-351</org_study_id>
    <nct_id>NCT00937352</nct_id>
  </id_info>
  <brief_title>A Long-Term Safety and Tolerability Study in Subjects With Mild to Moderate Alzheimer's Disease</brief_title>
  <official_title>A Phase 3 Extension, Multicenter, Double-Blind, Long-Term Safety and Tolerability Treatment Trial of Bapineuzumab (AAB-001, ELN115727) in Subjects With Alzheimer's Disease Who Participated in Study ELN115727-301 or Study ELN115727-302.</official_title>
  <sponsors>
    <lead_sponsor>
      <agency>JANSSEN Alzheimer Immunotherapy Research &amp; Development, LLC</agency>
      <agency_class>Industry</agency_class>
    </lead_sponsor>
    <collaborator>
      <agency>Pfizer</agency>
      <agency_class>Industry</agency_class>
    </collaborator>
  </sponsors>
  <source>JANSSEN Alzheimer Immunotherapy Research &amp; Development, LLC</source>
  <brief_summary>
    <textblock>
      The purpose of this study is to assess the long-term safety and tolerability of Bapineuzumab
      (AAB-001, ELN115727) in subjects with Alzheimer's disease who participated in study
      ELN115727-301 or study ELN115727-302.
    </textblock>
  </brief_summary>
  <overall_status>Terminated</overall_status>
  <start_date>July 2009</start_date>
  <completion_date type="Actual">September 2012</completion_date>
  <primary_completion_date type="Actual">September 2012</primary_completion_date>
  <phase>Phase 3</phase>
  <study_type>Interventional</study_type>
  <has_expanded_access>No</has_expanded_access>
  <study_design_info>
    <allocation>Randomized</allocation>
    <intervention_model>Parallel Assignment</intervention_model>
    <primary_purpose>Treatment</primary_purpose>
    <masking>Quadruple (Participant, Care Provider, Investigator, Outcomes Assessor)</masking>
  </study_design_info>
  <primary_outcome>
    <measure>Clinically important changes in safety assessment results including vital signs, weight, clinical laboratory tests, electrocardiograms (ECGs), brain magnetic resonance imaging (MRI), physical and neurological examinations, and infusion site assessments.</measure>
    <time_frame>Varies according to assessment: vital signs and adverse events on ongoing basis; MRI and ECG as required per protocol</time_frame>
  </primary_outcome>
  <secondary_outcome>
    <measure>To evaluate the efficacy of long term treatment of IV administered bapineuzumab in subjects with AD.</measure>
    <time_frame>The trial duration is expected to be approximately 4 years. The study will last up to the time of commercial launch of bapineuzumab, or termination of the clinical trials program, whichever comes first</time_frame>
  </secondary_outcome>
  <number_of_arms>2</number_of_arms>
  <enrollment type="Actual">896</enrollment>
  <condition>Alzheimer's Disease</condition>
  <arm_group>
    <arm_group_label>Bapineuzumab 0.5 mg/kg</arm_group_label>
    <arm_group_type>Active Comparator</arm_group_type>
    <description>0.5 mg/kg</description>
  </arm_group>
  <arm_group>
    <arm_group_label>Bapineuzumab 1.0 mg/kg</arm_group_label>
    <arm_group_type>Active Comparator</arm_group_type>
    <description>1.0 mg/kg</description>
  </arm_group>
  <intervention>
    <intervention_type>Drug</intervention_type>
    <intervention_name>Bapineuzumab</intervention_name>
    <description>0.5 mg/kg, administered via IV (in the vein) infusion every 13 weeks for 4 years.
1.0 mg/kg, administered via IV (in the vein) infusion every 13 weeks for 4 years.</description>
    <arm_group_label>Bapineuzumab 0.5 mg/kg</arm_group_label>
    <arm_group_label>Bapineuzumab 1.0 mg/kg</arm_group_label>
  </intervention>
  <eligibility>
    <criteria>
      <textblock>
        Inclusion Criteria:

          -  Diagnosis of probable AD

          -  Must have completed study 301 or study 302; and have completed Visit 15 (Week 78)

          -  Brain MRI scan to evaluate safety from Study 301 or 302 at Visit 14/Week 71

          -  Caregiver able to attend all clinic visits with patient

        Exclusion Criteria:

          -  Any new medical contraindication or clinically significant abnormality on physical,
             neurological, laboratory, vital signs or ECG examination (eg, atrial fibrillation)
             that precludes continued or initiation of treatment with bapineuzumab or participation
             in the study

          -  Screening visit brain MRI scan (MRI from Study 301 or 302 Visit 14/Week 71) indicative
             of any significant abnormality not approved by the medical monitor prior to enrollment

          -  Current use of experimental medications for AD (other than bapineuzumab) and all other
             experimental medications, herbal preparations containing Ginko biloba, and
             anticoagulants (except the use of aspirin 325mg/day or less, Plavix, and Persantine
             but not for stroke)
      </textblock>
    </criteria>
    <gender>All</gender>
    <minimum_age>51 Years</minimum_age>
    <maximum_age>N/A</maximum_age>
    <healthy_volunteers>No</healthy_volunteers>
  </eligibility>
  <location>
    <facility>
      <name>University of Alabama Hospital</name>
      <address>
        <city>Birmingham</city>
        <state>Alabama</state>
        <zip>35205</zip>
        <country>United States</country>
      </address>
    </facility>
  </location>
  <location>
    <facility>
      <name>Dedicated Clinical Research, Inc.</name>
      <address>
        <city>Goodyear</city>
        <state>Arizona</state>
        <zip>85395</zip>
        <country>United States</country>
      </address>
    </facility>
  </location>
  <location>
    <facility>
      <name>Banner Alzheimer's Institute</name>
      <address>
        <city>Phoenix</city>
        <state>Arizona</state>
        <zip>85006</zip>
        <country>United States</country>
      </address>
    </facility>
  </location>
  <location>
    <facility>
      <name>HOPE Research Institute, LLC</name>
      <address>
        <city>Phoenix</city>
        <state>Arizona</state>
        <zip>85050</zip>
        <country>United States</country>
      </address>
    </facility>
  </location>
  <location>
    <facility>
      <name>Banner Research Institute</name>
      <address>
        <city>Sun City</city>
        <state>Arizona</state>
        <zip>85351</zip>
        <country>United States</country>
      </address>
    </facility>
  </location>
  <location>
    <facility>
      <name>University of Arizona College of Medicine, Health Sciences Center</name>
      <address>
        <city>Tucson</city>
        <state>Arizona</state>
        <zip>85724</zip>
        <country>United States</country>
      </address>
    </facility>
  </location>
  <location>
    <facility>
      <name>Northwest NeuroSpecialists, PLLC</name>
      <address>
        <city>Tucson</city>
        <state>Arizona</state>
        <zip>85741</zip>
        <country>United States</country>
      </address>
    </facility>
  </location>
  <location>
    <facility>
      <name>Clinical Trials, Inc.</name>
      <address>
        <city>Little Rock</city>
        <state>Arkansas</state>
        <zip>72205</zip>
        <country>United States</country>
      </address>
    </facility>
  </location>
  <location>
    <facility>
      <name>East Bay Physicians Medical Group</name>
      <address>
        <city>Berkeley</city>
        <state>California</state>
        <zip>94705</zip>
        <country>United States</country>
      </address>
    </facility>
  </location>
  <location>
    <facility>
      <name>AVI Clinical Research</name>
      <address>
        <city>Carson</city>
        <state>California</state>
        <zip>90746</zip>
        <country>United States</country>
      </address>
    </facility>
  </location>
  <location>
    <facility>
      <name>ATP Clinical Research, Inc.</name>
      <address>
        <city>Costa Mesa</city>
        <state>California</state>
        <zip>92626</zip>
        <country>United States</country>
      </address>
    </facility>
  </location>
  <location>
    <facility>
      <name>Pharmacology Research Institute</name>
      <address>
        <city>Encino</city>
        <state>California</state>
        <zip>91316</zip>
        <country>United States</country>
      </address>
    </facility>
  </location>
  <location>
    <facility>
      <name>Margolin Brain Institute</name>
      <address>
        <city>Fresno</city>
        <state>California</state>
        <zip>93720</zip>
        <country>United States</country>
      </address>
    </facility>
  </location>
  <location>
    <facility>
      <name>Neurology Center of North Orange County</name>
      <address>
        <city>Fullerton</city>
        <state>California</state>
        <zip>92835</zip>
        <country>United States</country>
      </address>
    </facility>
  </location>
  <location>
    <facility>
      <name>Coordinated Clinical Research</name>
      <address>
        <city>La Jolla</city>
        <state>California</state>
        <zip>92037</zip>
        <country>United States</country>
      </address>
    </facility>
  </location>
  <location>
    <facility>
      <name>University of California San Diego</name>
      <address>
        <city>La Jolla</city>
        <state>California</state>
        <zip>92037</zip>
        <country>United States</country>
      </address>
    </facility>
  </location>
  <location>
    <facility>
      <name>Senior Clinical Trials, Inc.</name>
      <address>
        <city>Laguna Hills</city>
        <state>California</state>
        <zip>92653</zip>
        <country>United States</country>
      </address>
    </facility>
  </location>
  <location>
    <facility>
      <name>Collaborative NeuroScience Network, Inc.</name>
      <address>
        <city>Long Beach</city>
        <state>California</state>
        <zip>90806</zip>
        <country>United States</country>
      </address>
    </facility>
  </location>
  <location>
    <facility>
      <name>Pharmacology Research Institute</name>
      <address>
        <city>Los Alamitos</city>
        <state>California</state>
        <zip>90720</zip>
        <country>United States</country>
      </address>
    </facility>
  </location>
  <location>
    <facility>
      <name>UCLA Department of Neurology</name>
      <address>
        <city>Los Angeles</city>
        <state>California</state>
        <zip>90095</zip>
        <country>United States</country>
      </address>
    </facility>
  </location>
  <location>
    <facility>
      <name>Pharmacology Research Institute</name>
      <address>
        <city>Newport Beach</city>
        <state>California</state>
        <zip>92660</zip>
        <country>United States</country>
      </address>
    </facility>
  </location>
  <location>
    <facility>
      <name>Neurology Center</name>
      <address>
        <city>Oceanside</city>
        <state>California</state>
        <zip>92056</zip>
        <country>United States</country>
      </address>
    </facility>
  </location>
  <location>
    <facility>
      <name>University of California, Irvine Medical Center</name>
      <address>
        <city>Orange</city>
        <state>California</state>
        <zip>92868</zip>
        <country>United States</country>
      </address>
    </facility>
  </location>
  <location>
    <facility>
      <name>Neuro-Therapeutics, Inc.</name>
      <address>
        <city>Pasadena</city>
        <state>California</state>
        <zip>91105</zip>
        <country>United States</country>
      </address>
    </facility>
  </location>
  <location>
    <facility>
      <name>Sutter Neuroscience Medical Group</name>
      <address>
        <city>Sacramento</city>
        <state>California</state>
        <zip>95816</zip>
        <country>United States</country>
      </address>
    </facility>
  </location>
  <location>
    <facility>
      <name>University of California at Davis, Alzheimer's Disease Research Center</name>
      <address>
        <city>Sacramento</city>
        <state>California</state>
        <zip>95817</zip>
        <country>United States</country>
      </address>
    </facility>
  </location>
  <location>
    <facility>
      <name>Artemis Institute for Clinical Research</name>
      <address>
        <city>San Diego</city>
        <state>California</state>
        <zip>92123</zip>
        <country>United States</country>
      </address>
    </facility>
  </location>
  <location>
    <facility>
      <name>Sharp Mesa Vista Hospital</name>
      <address>
        <city>San Diego</city>
        <state>California</state>
        <zip>92123</zip>
        <country>United States</country>
      </address>
    </facility>
  </location>
  <location>
    <facility>
      <name>San Francisco Clinical Research Center</name>
      <address>
        <city>San Francisco</city>
        <state>California</state>
        <zip>94109</zip>
        <country>United States</country>
      </address>
    </facility>
  </location>
  <location>
    <facility>
      <name>University of California San Francisco</name>
      <address>
        <city>San Francisco</city>
        <state>California</state>
        <zip>94143</zip>
        <country>United States</country>
      </address>
    </facility>
  </location>
  <location>
    <facility>
      <name>Neurological Research Institute</name>
      <address>
        <city>Santa Monica</city>
        <state>California</state>
        <zip>90404</zip>
        <country>United States</country>
      </address>
    </facility>
  </location>
  <location>
    <facility>
      <name>Schuster Medical Research Institute</name>
      <address>
        <city>Sherman Oaks</city>
        <state>California</state>
        <zip>91403</zip>
        <country>United States</country>
      </address>
    </facility>
  </location>
  <location>
    <facility>
      <name>Diablo Clinical Research, Inc</name>
      <address>
        <city>Walnut Creek</city>
        <state>California</state>
        <zip>94596</zip>
        <country>United States</country>
      </address>
    </facility>
  </location>
  <location>
    <facility>
      <name>Alpine Clinical Research Center</name>
      <address>
        <city>Boulder</city>
        <state>Colorado</state>
        <zip>80304</zip>
        <country>United States</country>
      </address>
    </facility>
  </location>
  <location>
    <facility>
      <name>Mile High Research Center</name>
      <address>
        <city>Denver</city>
        <state>Colorado</state>
        <zip>80218</zip>
        <country>United States</country>
      </address>
    </facility>
  </location>
  <location>
    <facility>
      <name>Advanced Neurosciences Research, LLC</name>
      <address>
        <city>Fort Collins</city>
        <state>Colorado</state>
        <zip>80528</zip>
        <country>United States</country>
      </address>
    </facility>
  </location>
  <location>
    <facility>
      <name>Associated Neurologists, PC</name>
      <address>
        <city>Danbury</city>
        <state>Connecticut</state>
        <zip>06810</zip>
        <country>United States</country>
      </address>
    </facility>
  </location>
  <location>
    <facility>
      <name>Associated Neurologists of Southern Connecticut, P.C.</name>
      <address>
        <city>Fairfield</city>
        <state>Connecticut</state>
        <zip>06824</zip>
        <country>United States</country>
      </address>
    </facility>
  </location>
  <location>
    <facility>
      <name>Institute for Neurodegenerative Disorders</name>
      <address>
        <city>New Haven</city>
        <state>Connecticut</state>
        <zip>06510</zip>
        <country>United States</country>
      </address>
    </facility>
  </location>
  <location>
    <facility>
      <name>Yale University School of Medicine</name>
      <address>
        <city>New Haven</city>
        <state>Connecticut</state>
        <zip>06510</zip>
        <country>United States</country>
      </address>
    </facility>
  </location>
  <location>
    <facility>
      <name>Research Center for Clinical Studies, Inc.</name>
      <address>
        <city>Norwalk</city>
        <state>Connecticut</state>
        <zip>06851</zip>
        <country>United States</country>
      </address>
    </facility>
  </location>
  <location>
    <facility>
      <name>Chase Medical Research, LLC</name>
      <address>
        <city>Waterbury</city>
        <state>Connecticut</state>
        <zip>06708</zip>
        <country>United States</country>
      </address>
    </facility>
  </location>
  <location>
    <facility>
      <name>Christiana Care Neurology Specialists</name>
      <address>
        <city>Newark</city>
        <state>Delaware</state>
        <zip>19713</zip>
        <country>United States</country>
      </address>
    </facility>
  </location>
  <location>
    <facility>
      <name>Georgetown University Medical Center</name>
      <address>
        <city>Washington</city>
        <state>District of Columbia</state>
        <zip>20057</zip>
        <country>United States</country>
      </address>
    </facility>
  </location>
  <location>
    <facility>
      <name>JEM Research, LLC</name>
      <address>
        <city>Atlantis</city>
        <state>Florida</state>
        <zip>33462</zip>
        <country>United States</country>
      </address>
    </facility>
  </location>
  <location>
    <facility>
      <name>Bradenton Research Center, Inc.</name>
      <address>
        <city>Bradenton</city>
        <state>Florida</state>
        <zip>34205</zip>
        <country>United States</country>
      </address>
    </facility>
  </location>
  <location>
    <facility>
      <name>Quantum Laboratories, Inc.</name>
      <address>
        <city>Deerfield Beach</city>
        <state>Florida</state>
        <zip>33064</zip>
        <country>United States</country>
      </address>
    </facility>
  </location>
  <location>
    <facility>
      <name>Brain Matters Research</name>
      <address>
        <city>Delray Beach</city>
        <state>Florida</state>
        <zip>33445</zip>
        <country>United States</country>
      </address>
    </facility>
  </location>
  <location>
    <facility>
      <name>Neurologic Consultants, PA</name>
      <address>
        <city>Fort Lauderdale</city>
        <state>Florida</state>
        <zip>33308</zip>
        <country>United States</country>
      </address>
    </facility>
  </location>
  <location>
    <facility>
      <name>Neuropsychiatric Research Center of Southwest Florida</name>
      <address>
        <city>Fort Myers</city>
        <state>Florida</state>
        <zip>33912</zip>
        <country>United States</country>
      </address>
    </facility>
  </location>
  <location>
    <facility>
      <name>Clinical Physiology Associates, Inc</name>
      <address>
        <city>Fort Myers</city>
        <state>Florida</state>
        <zip>33916</zip>
        <country>United States</country>
      </address>
    </facility>
  </location>
  <location>
    <facility>
      <name>Emerald Coast Mood and Memory, PA.</name>
      <address>
        <city>Fort Walton Beach</city>
        <state>Florida</state>
        <zip>32547</zip>
        <country>United States</country>
      </address>
    </facility>
  </location>
  <location>
    <facility>
      <name>MD Clinical</name>
      <address>
        <city>Hallandale Beach</city>
        <state>Florida</state>
        <zip>33009</zip>
        <country>United States</country>
      </address>
    </facility>
  </location>
  <location>
    <facility>
      <name>Mayo Clinic College of Medicine</name>
      <address>
        <city>Jacksonville</city>
        <state>Florida</state>
        <zip>32224</zip>
        <country>United States</country>
      </address>
    </facility>
  </location>
  <location>
    <facility>
      <name>Neurology Associates</name>
      <address>
        <city>Maitland</city>
        <state>Florida</state>
        <zip>32751</zip>
        <country>United States</country>
      </address>
    </facility>
  </location>
  <location>
    <facility>
      <name>Melbourne Internal Medicine Associates</name>
      <address>
        <city>Melbourne</city>
        <state>Florida</state>
        <zip>32901</zip>
        <country>United States</country>
      </address>
    </facility>
  </location>
  <location>
    <facility>
      <name>Pharmax Research Clinic, LLC</name>
      <address>
        <city>Miami</city>
        <state>Florida</state>
        <zip>33126</zip>
        <country>United States</country>
      </address>
    </facility>
  </location>
  <location>
    <facility>
      <name>Miami Jewish Health Systems</name>
      <address>
        <city>Miami</city>
        <state>Florida</state>
        <zip>33137</zip>
        <country>United States</country>
      </address>
    </facility>
  </location>
  <location>
    <facility>
      <name>Allied Clinical Trials Inc.</name>
      <address>
        <city>Miami</city>
        <state>Florida</state>
        <zip>33156</zip>
        <country>United States</country>
      </address>
    </facility>
  </location>
  <location>
    <facility>
      <name>Miami Research Associates</name>
      <address>
        <city>Miami</city>
        <state>Florida</state>
        <zip>33173</zip>
        <country>United States</country>
      </address>
    </facility>
  </location>
  <location>
    <facility>
      <name>Renstar Medical Research</name>
      <address>
        <city>Ocala</city>
        <state>Florida</state>
        <zip>34471</zip>
        <country>United States</country>
      </address>
    </facility>
  </location>
  <location>
    <facility>
      <name>Compass Research, LLC</name>
      <address>
        <city>Orlando</city>
        <state>Florida</state>
        <zip>32806</zip>
        <country>United States</country>
      </address>
    </facility>
  </location>
  <location>
    <facility>
      <name>Palm Beach Neurological Center, Advanced Research Consultants, Inc.</name>
      <address>
        <city>Palm Beach Gardens</city>
        <state>Florida</state>
        <zip>33418</zip>
        <country>United States</country>
      </address>
    </facility>
  </location>
  <location>
    <facility>
      <name>Neurostudies, Inc.</name>
      <address>
        <city>Port Charlotte</city>
        <state>Florida</state>
        <zip>33952</zip>
        <country>United States</country>
      </address>
    </facility>
  </location>
  <location>
    <facility>
      <name>Suncoast Neuroscience Associates, Inc.</name>
      <address>
        <city>Saint Petersburg</city>
        <state>Florida</state>
        <zip>33713</zip>
        <country>United States</country>
      </address>
    </facility>
  </location>
  <location>
    <facility>
      <name>The Roskamp Institute, Inc</name>
      <address>
        <city>Sarasota</city>
        <state>Florida</state>
        <zip>34243</zip>
        <country>United States</country>
      </address>
    </facility>
  </location>
  <location>
    <facility>
      <name>Axiom Clinical Research of Florida</name>
      <address>
        <city>Tampa</city>
        <state>Florida</state>
        <zip>33609</zip>
        <country>United States</country>
      </address>
    </facility>
  </location>
  <location>
    <facility>
      <name>Johnnie B. Byrd Sr. Alzheimer's Center and Research Institute</name>
      <address>
        <city>Tampa</city>
        <state>Florida</state>
        <zip>33613</zip>
        <country>United States</country>
      </address>
    </facility>
  </location>
  <location>
    <facility>
      <name>Stedman Clinical Trials, LLC</name>
      <address>
        <city>Tampa</city>
        <state>Florida</state>
        <zip>33613</zip>
        <country>United States</country>
      </address>
    </facility>
  </location>
  <location>
    <facility>
      <name>University of South Florida Suncoast Alzheimer's and Gerontology Center</name>
      <address>
        <city>Tampa</city>
        <state>Florida</state>
        <zip>33613</zip>
        <country>United States</country>
      </address>
    </facility>
  </location>
  <location>
    <facility>
      <name>Premiere Research Institute</name>
      <address>
        <city>West Palm Beach</city>
        <state>Florida</state>
        <zip>33407</zip>
        <country>United States</country>
      </address>
    </facility>
  </location>
  <location>
    <facility>
      <name>Emory University, School of Medicine</name>
      <address>
        <city>Atlanta</city>
        <state>Georgia</state>
        <zip>30322</zip>
        <country>United States</country>
      </address>
    </facility>
  </location>
  <location>
    <facility>
      <name>Multiple Sclerosis Center of Atlanta</name>
      <address>
        <city>Atlanta</city>
        <state>Georgia</state>
        <zip>30327</zip>
        <country>United States</country>
      </address>
    </facility>
  </location>
  <location>
    <facility>
      <name>NeuroTrials Research, Inc.</name>
      <address>
        <city>Atlanta</city>
        <state>Georgia</state>
        <zip>30342</zip>
        <country>United States</country>
      </address>
    </facility>
  </location>
  <location>
    <facility>
      <name>Medical Research and Health Education Foundation, Inc.</name>
      <address>
        <city>Columbus</city>
        <state>Georgia</state>
        <zip>31909</zip>
        <country>United States</country>
      </address>
    </facility>
  </location>
  <location>
    <facility>
      <name>Medical Research and Health Education Foundation, Inc</name>
      <address>
        <city>Columbus</city>
        <state>Georgia</state>
        <zip>31909</zip>
        <country>United States</country>
      </address>
    </facility>
  </location>
  <location>
    <facility>
      <name>DeKalb Neurology Associates, LLC</name>
      <address>
        <city>Decatur</city>
        <state>Georgia</state>
        <zip>30033</zip>
        <country>United States</country>
      </address>
    </facility>
  </location>
  <location>
    <facility>
      <name>Gwinnett Medical Center</name>
      <address>
        <city>Lawrenceville</city>
        <state>Georgia</state>
        <zip>30045</zip>
        <country>United States</country>
      </address>
    </facility>
  </location>
  <location>
    <facility>
      <name>University of Chicago Medical Center</name>
      <address>
        <city>Chicago</city>
        <state>Illinois</state>
        <zip>60637</zip>
        <country>United States</country>
      </address>
    </facility>
  </location>
  <location>
    <facility>
      <name>Alexian Brothers Neuroscience Institute</name>
      <address>
        <city>Elk Grove Village</city>
        <state>Illinois</state>
        <zip>60007</zip>
        <country>United States</country>
      </address>
    </facility>
  </location>
  <location>
    <facility>
      <name>Methodist Medical Center of Illinois</name>
      <address>
        <city>Peoria</city>
        <state>Illinois</state>
        <zip>61602</zip>
        <country>United States</country>
      </address>
    </facility>
  </location>
  <location>
    <facility>
      <name>Southern Illinois University School of Medicine</name>
      <address>
        <city>Springfield</city>
        <state>Illinois</state>
        <zip>62794</zip>
        <country>United States</country>
      </address>
    </facility>
  </location>
  <location>
    <facility>
      <name>Elkhart Clinic, LLC</name>
      <address>
        <city>Elkhart</city>
        <state>Indiana</state>
        <zip>46514</zip>
        <country>United States</country>
      </address>
    </facility>
  </location>
  <location>
    <facility>
      <name>Indiana University School of Medicine</name>
      <address>
        <city>Indianapolis</city>
        <state>Indiana</state>
        <zip>46202</zip>
        <country>United States</country>
      </address>
    </facility>
  </location>
  <location>
    <facility>
      <name>The University of Kansas Medical Center</name>
      <address>
        <city>Kansas City</city>
        <state>Kansas</state>
        <zip>66160</zip>
        <country>United States</country>
      </address>
    </facility>
  </location>
  <location>
    <facility>
      <name>MidAmerica Neuroscience Institute</name>
      <address>
        <city>Lenexa</city>
        <state>Kansas</state>
        <zip>66214</zip>
        <country>United States</country>
      </address>
    </facility>
  </location>
  <location>
    <facility>
      <name>Associates in Neurology, PSC</name>
      <address>
        <city>Lexington</city>
        <state>Kentucky</state>
        <zip>40513</zip>
        <country>United States</country>
      </address>
    </facility>
  </location>
  <location>
    <facility>
      <name>University of Kentucky</name>
      <address>
        <city>Lexington</city>
        <state>Kentucky</state>
        <zip>40536</zip>
        <country>United States</country>
      </address>
    </facility>
  </location>
  <location>
    <facility>
      <name>Four Rivers Clinical Research, Inc.</name>
      <address>
        <city>Paducah</city>
        <state>Kentucky</state>
        <zip>42003</zip>
        <country>United States</country>
      </address>
    </facility>
  </location>
  <location>
    <facility>
      <name>Lake Charles Clinical Trials</name>
      <address>
        <city>Lake Charles</city>
        <state>Louisiana</state>
        <zip>70629</zip>
        <country>United States</country>
      </address>
    </facility>
  </location>
  <location>
    <facility>
      <name>J. Gary Booker, MD, APMC</name>
      <address>
        <city>Shreveport</city>
        <state>Louisiana</state>
        <zip>71104</zip>
        <country>United States</country>
      </address>
    </facility>
  </location>
  <location>
    <facility>
      <name>Maine Medical Partners Neurology</name>
      <address>
        <city>Scarborough</city>
        <state>Maine</state>
        <zip>04074</zip>
        <country>United States</country>
      </address>
    </facility>
  </location>
  <location>
    <facility>
      <name>CBH Health, LLC</name>
      <address>
        <city>Rockville</city>
        <state>Maryland</state>
        <zip>20850</zip>
        <country>United States</country>
      </address>
    </facility>
  </location>
  <location>
    <facility>
      <name>Brigham and Women's Hospital, Dept. of Neurology</name>
      <address>
        <city>Boston</city>
        <state>Massachusetts</state>
        <zip>02115</zip>
        <country>United States</country>
      </address>
    </facility>
  </location>
  <location>
    <facility>
      <name>Boston University School of Medicine</name>
      <address>
        <city>Boston</city>
        <state>Massachusetts</state>
        <zip>02118</zip>
        <country>United States</country>
      </address>
    </facility>
  </location>
  <location>
    <facility>
      <name>ActivMed Practices and Research, Inc.</name>
      <address>
        <city>Haverhill</city>
        <state>Massachusetts</state>
        <zip>01830</zip>
        <country>United States</country>
      </address>
    </facility>
  </location>
  <location>
    <facility>
      <name>Neurocare, Inc.</name>
      <address>
        <city>Newton</city>
        <state>Massachusetts</state>
        <zip>02459</zip>
        <country>United States</country>
      </address>
    </facility>
  </location>
  <location>
    <facility>
      <name>Neuroscience Research of the Berkshires</name>
      <address>
        <city>Pittsfield</city>
        <state>Massachusetts</state>
        <zip>01201</zip>
        <country>United States</country>
      </address>
    </facility>
  </location>
  <location>
    <facility>
      <name>Donald S. Marks, MD, PC</name>
      <address>
        <city>Plymouth</city>
        <state>Massachusetts</state>
        <zip>02360</zip>
        <country>United States</country>
      </address>
    </facility>
  </location>
  <location>
    <facility>
      <name>Springfield Neurology Associates, LLC</name>
      <address>
        <city>Springfield</city>
        <state>Massachusetts</state>
        <zip>01104</zip>
        <country>United States</country>
      </address>
    </facility>
  </location>
  <location>
    <facility>
      <name>University of Michigan Medical Center</name>
      <address>
        <city>Ann Arbor</city>
        <state>Michigan</state>
        <zip>48105</zip>
        <country>United States</country>
      </address>
    </facility>
  </location>
  <location>
    <facility>
      <name>Henry Ford Hospital</name>
      <address>
        <city>Detroit</city>
        <state>Michigan</state>
        <zip>48202</zip>
        <country>United States</country>
      </address>
    </facility>
  </location>
  <location>
    <facility>
      <name>Michigan State University</name>
      <address>
        <city>East Lansing</city>
        <state>Michigan</state>
        <zip>48824</zip>
        <country>United States</country>
      </address>
    </facility>
  </location>
  <location>
    <facility>
      <name>Borgess Medical Center/Borgess Research Institute</name>
      <address>
        <city>Kalamazoo</city>
        <state>Michigan</state>
        <zip>49048</zip>
        <country>United States</country>
      </address>
    </facility>
  </location>
  <location>
    <facility>
      <name>Mayo Clinic</name>
      <address>
        <city>Rochester</city>
        <state>Minnesota</state>
        <zip>55905</zip>
        <country>United States</country>
      </address>
    </facility>
  </location>
  <location>
    <facility>
      <name>Hattiesburg Clinic</name>
      <address>
        <city>Hattiesburg</city>
        <state>Mississippi</state>
        <zip>39401</zip>
        <country>United States</country>
      </address>
    </facility>
  </location>
  <location>
    <facility>
      <name>Center for Pharmaceutical Research</name>
      <address>
        <city>Kansas City</city>
        <state>Missouri</state>
        <zip>64114</zip>
        <country>United States</country>
      </address>
    </facility>
  </location>
  <location>
    <facility>
      <name>Saint Louis University School of Medicine</name>
      <address>
        <city>Saint Louis</city>
        <state>Missouri</state>
        <zip>63104</zip>
        <country>United States</country>
      </address>
    </facility>
  </location>
  <location>
    <facility>
      <name>Washington University School of Medicine</name>
      <address>
        <city>Saint Lous</city>
        <state>Missouri</state>
        <zip>63108</zip>
        <country>United States</country>
      </address>
    </facility>
  </location>
  <location>
    <facility>
      <name>Deaconess Billings Clinical Research Center</name>
      <address>
        <city>Billings</city>
        <state>Montana</state>
        <zip>59101</zip>
        <country>United States</country>
      </address>
    </facility>
  </location>
  <location>
    <facility>
      <name>Advanced Neurology Specialists</name>
      <address>
        <city>Great Falls</city>
        <state>Montana</state>
        <zip>59405</zip>
        <country>United States</country>
      </address>
    </facility>
  </location>
  <location>
    <facility>
      <name>University of Nebraska Medical Center</name>
      <address>
        <city>Omaha</city>
        <state>Nebraska</state>
        <zip>68198</zip>
        <country>United States</country>
      </address>
    </facility>
  </location>
  <location>
    <facility>
      <name>Memory Enhancement Center of America, Inc.</name>
      <address>
        <city>Eatontown</city>
        <state>New Jersey</state>
        <zip>07724</zip>
        <country>United States</country>
      </address>
    </facility>
  </location>
  <location>
    <facility>
      <name>Alzheimer's Research Corporation</name>
      <address>
        <city>Manchester</city>
        <state>New Jersey</state>
        <zip>08759</zip>
        <country>United States</country>
      </address>
    </facility>
  </location>
  <location>
    <facility>
      <name>Global Medical Institutes, LLC</name>
      <address>
        <city>Princeton</city>
        <state>New Jersey</state>
        <zip>08540</zip>
        <country>United States</country>
      </address>
    </facility>
  </location>
  <location>
    <facility>
      <name>Shore Neurology, PA</name>
      <address>
        <city>Toms River</city>
        <state>New Jersey</state>
        <zip>08755</zip>
        <country>United States</country>
      </address>
    </facility>
  </location>
  <location>
    <facility>
      <name>Albuquerque Neuroscience, Inc.</name>
      <address>
        <city>Albuquerque</city>
        <state>New Mexico</state>
        <zip>87109</zip>
        <country>United States</country>
      </address>
    </facility>
  </location>
  <location>
    <facility>
      <name>Upstate Clinical Research, LLC</name>
      <address>
        <city>Albany</city>
        <state>New York</state>
        <zip>12205</zip>
        <country>United States</country>
      </address>
    </facility>
  </location>
  <location>
    <facility>
      <name>Neurological Associates of Albany, PC</name>
      <address>
        <city>Albany</city>
        <state>New York</state>
        <zip>12208</zip>
        <country>United States</country>
      </address>
    </facility>
  </location>
  <location>
    <facility>
      <name>Neuroscience Research Center at Albany Medical Center</name>
      <address>
        <city>Albany</city>
        <state>New York</state>
        <zip>12208</zip>
        <country>United States</country>
      </address>
    </facility>
  </location>
  <location>
    <facility>
      <name>Advanced BioBehavioral Sciences</name>
      <address>
        <city>Elmsford</city>
        <state>New York</state>
        <zip>10523</zip>
        <country>United States</country>
      </address>
    </facility>
  </location>
  <location>
    <facility>
      <name>Empire Neurology, PC</name>
      <address>
        <city>Latham</city>
        <state>New York</state>
        <zip>12110</zip>
        <country>United States</country>
      </address>
    </facility>
  </location>
  <location>
    <facility>
      <name>Neurological Care of Central New York</name>
      <address>
        <city>Liverpool</city>
        <state>New York</state>
        <zip>13088</zip>
        <country>United States</country>
      </address>
    </facility>
  </location>
  <location>
    <facility>
      <name>Parker Jewish Institute for Health Care and Rehabilitation</name>
      <address>
        <city>New Hyde Park</city>
        <state>New York</state>
        <zip>11040</zip>
        <country>United States</country>
      </address>
    </facility>
  </location>
  <location>
    <facility>
      <name>New York University School of Medicine/Psychiarty</name>
      <address>
        <city>New York</city>
        <state>New York</state>
        <zip>10016</zip>
        <country>United States</country>
      </address>
    </facility>
  </location>
  <location>
    <facility>
      <name>Columbia University Medical Center</name>
      <address>
        <city>New York</city>
        <state>New York</state>
        <zip>10032</zip>
        <country>United States</country>
      </address>
    </facility>
  </location>
  <location>
    <facility>
      <name>Nathan S. Kline Institute for Psychiatric Research</name>
      <address>
        <city>Orangeburg</city>
        <state>New York</state>
        <zip>10962</zip>
        <country>United States</country>
      </address>
    </facility>
  </location>
  <location>
    <facility>
      <name>University of Rochester Medical Center, Monroe Community Hospital</name>
      <address>
        <city>Rochester</city>
        <state>New York</state>
        <zip>14620</zip>
        <country>United States</country>
      </address>
    </facility>
  </location>
  <location>
    <facility>
      <name>Duke University Medical Center</name>
      <address>
        <city>Durham</city>
        <state>North Carolina</state>
        <zip>27710</zip>
        <country>United States</country>
      </address>
    </facility>
  </location>
  <location>
    <facility>
      <name>Clinical Trials of America, Inc</name>
      <address>
        <city>Hickory</city>
        <state>North Carolina</state>
        <zip>28601</zip>
        <country>United States</country>
      </address>
    </facility>
  </location>
  <location>
    <facility>
      <name>Raleigh Neurology Associates</name>
      <address>
        <city>Raleigh</city>
        <state>North Carolina</state>
        <zip>27607</zip>
        <country>United States</country>
      </address>
    </facility>
  </location>
  <location>
    <facility>
      <name>Neuro-Behavioral Clinical Research, Inc.</name>
      <address>
        <city>Canton</city>
        <state>Ohio</state>
        <zip>44718</zip>
        <country>United States</country>
      </address>
    </facility>
  </location>
  <location>
    <facility>
      <name>Ohio State University, Dept. of Neurology</name>
      <address>
        <city>Columbus</city>
        <state>Ohio</state>
        <zip>43210</zip>
        <country>United States</country>
      </address>
    </facility>
  </location>
  <location>
    <facility>
      <name>Neurology Specialists, Inc.</name>
      <address>
        <city>Dayton</city>
        <state>Ohio</state>
        <zip>45417</zip>
        <country>United States</country>
      </address>
    </facility>
  </location>
  <location>
    <facility>
      <name>Lynn Health Science Institute</name>
      <address>
        <city>Oklahoma City</city>
        <state>Oklahoma</state>
        <zip>73112</zip>
        <country>United States</country>
      </address>
    </facility>
  </location>
  <location>
    <facility>
      <name>Red River Medical Research Center, LLC</name>
      <address>
        <city>Oklahoma City</city>
        <state>Oklahoma</state>
        <zip>73112</zip>
        <country>United States</country>
      </address>
    </facility>
  </location>
  <location>
    <facility>
      <name>Providence Medical Group-Medford Neurology</name>
      <address>
        <city>Medford</city>
        <state>Oregon</state>
        <zip>97504</zip>
        <country>United States</country>
      </address>
    </facility>
  </location>
  <location>
    <facility>
      <name>Summit Research Group, LLC</name>
      <address>
        <city>Portland</city>
        <state>Oregon</state>
        <zip>97223</zip>
        <country>United States</country>
      </address>
    </facility>
  </location>
  <location>
    <facility>
      <name>Providence Health Service System, AD Center, Brain Institute</name>
      <address>
        <city>Portland</city>
        <state>Oregon</state>
        <zip>97225</zip>
        <country>United States</country>
      </address>
    </facility>
  </location>
  <location>
    <facility>
      <name>Oregon Health and Science University</name>
      <address>
        <city>Portland</city>
        <state>Oregon</state>
        <zip>97239</zip>
        <country>United States</country>
      </address>
    </facility>
  </location>
  <location>
    <facility>
      <name>Abington Neurological Associates, Ltd.</name>
      <address>
        <city>Abington</city>
        <state>Pennsylvania</state>
        <zip>19001</zip>
        <country>United States</country>
      </address>
    </facility>
  </location>
  <location>
    <facility>
      <name>Lehigh Valley Health Network</name>
      <address>
        <city>Allentown</city>
        <state>Pennsylvania</state>
        <zip>18103</zip>
        <country>United States</country>
      </address>
    </facility>
  </location>
  <location>
    <facility>
      <name>The Clinical Trial Center, LLC</name>
      <address>
        <city>Jenkintown</city>
        <state>Pennsylvania</state>
        <zip>19046</zip>
        <country>United States</country>
      </address>
    </facility>
  </location>
  <location>
    <facility>
      <name>Drexel University College of Medicine</name>
      <address>
        <city>Philadelphia</city>
        <state>Pennsylvania</state>
        <zip>19102</zip>
        <country>United States</country>
      </address>
    </facility>
  </location>
  <location>
    <facility>
      <name>Penn Memory Center</name>
      <address>
        <city>Philadelphia</city>
        <state>Pennsylvania</state>
        <zip>19104</zip>
        <country>United States</country>
      </address>
    </facility>
  </location>
  <location>
    <facility>
      <name>Jefferson Hospital for Neuroscience</name>
      <address>
        <city>Philadelphia</city>
        <state>Pennsylvania</state>
        <zip>19107</zip>
        <country>United States</country>
      </address>
    </facility>
  </location>
  <location>
    <facility>
      <name>Clinical Trials Research Services, LLC</name>
      <address>
        <city>Pittsburgh</city>
        <state>Pennsylvania</state>
        <zip>15206</zip>
        <country>United States</country>
      </address>
    </facility>
  </location>
  <location>
    <facility>
      <name>University of Pittsburgh</name>
      <address>
        <city>Pittsburgh</city>
        <state>Pennsylvania</state>
        <zip>15213</zip>
        <country>United States</country>
      </address>
    </facility>
  </location>
  <location>
    <facility>
      <name>Rhode Island Mood and Memory Research Institute</name>
      <address>
        <city>East Providence</city>
        <state>Rhode Island</state>
        <zip>02914</zip>
        <country>United States</country>
      </address>
    </facility>
  </location>
  <location>
    <facility>
      <name>Rhode Island Hospital</name>
      <address>
        <city>Providence</city>
        <state>Rhode Island</state>
        <zip>02903</zip>
        <country>United States</country>
      </address>
    </facility>
  </location>
  <location>
    <facility>
      <name>Butler Hospital</name>
      <address>
        <city>Providence</city>
        <state>Rhode Island</state>
        <zip>02906</zip>
        <country>United States</country>
      </address>
    </facility>
  </location>
  <location>
    <facility>
      <name>Medical University of South Carolina</name>
      <address>
        <city>North Charleston</city>
        <state>South Carolina</state>
        <zip>29406</zip>
        <country>United States</country>
      </address>
    </facility>
  </location>
  <location>
    <facility>
      <name>Avera Research Institute</name>
      <address>
        <city>Sioux Falls</city>
        <state>South Dakota</state>
        <zip>57105</zip>
        <country>United States</country>
      </address>
    </facility>
  </location>
  <location>
    <facility>
      <name>Neurology Clinic, P.C.</name>
      <address>
        <city>Cordova</city>
        <state>Tennessee</state>
        <zip>38018</zip>
        <country>United States</country>
      </address>
    </facility>
  </location>
  <location>
    <facility>
      <name>East Tennessee State University</name>
      <address>
        <city>Johnson City</city>
        <state>Tennessee</state>
        <zip>37614</zip>
        <country>United States</country>
      </address>
    </facility>
  </location>
  <location>
    <facility>
      <name>Volunteer Research Group</name>
      <address>
        <city>Knoxville</city>
        <state>Tennessee</state>
        <zip>37920</zip>
        <country>United States</country>
      </address>
    </facility>
  </location>
  <location>
    <facility>
      <name>Psychiatric Consultants, PC</name>
      <address>
        <city>Nashville</city>
        <state>Tennessee</state>
        <zip>37203</zip>
        <country>United States</country>
      </address>
    </facility>
  </location>
  <location>
    <facility>
      <name>Senior Adults Specialty Research (SASR)</name>
      <address>
        <city>Austin</city>
        <state>Texas</state>
        <zip>78757</zip>
        <country>United States</country>
      </address>
    </facility>
  </location>
  <location>
    <facility>
      <name>Texas Neurology, PA</name>
      <address>
        <city>Dallas</city>
        <state>Texas</state>
        <zip>75214</zip>
        <country>United States</country>
      </address>
    </facility>
  </location>
  <location>
    <facility>
      <name>University of Texas Southwestern Medical Center, Dept. of Neurology</name>
      <address>
        <city>Dallas</city>
        <state>Texas</state>
        <zip>75390</zip>
        <country>United States</country>
      </address>
    </facility>
  </location>
  <location>
    <facility>
      <name>InSite Clinical Research</name>
      <address>
        <city>DeSoto</city>
        <state>Texas</state>
        <zip>75115</zip>
        <country>United States</country>
      </address>
    </facility>
  </location>
  <location>
    <facility>
      <name>University of North Texas Health Science Center at Fort Worth</name>
      <address>
        <city>Fort Worth</city>
        <state>Texas</state>
        <zip>76106</zip>
        <country>United States</country>
      </address>
    </facility>
  </location>
  <location>
    <facility>
      <name>Baylor College of Medicine</name>
      <address>
        <city>Houston</city>
        <state>Texas</state>
        <zip>77030</zip>
        <country>United States</country>
      </address>
    </facility>
  </location>
  <location>
    <facility>
      <name>Innovative Clinical Trials</name>
      <address>
        <city>San Antonio</city>
        <state>Texas</state>
        <zip>78229</zip>
        <country>United States</country>
      </address>
    </facility>
  </location>
  <location>
    <facility>
      <name>Integra Clinical Research, LLC</name>
      <address>
        <city>San Antonio</city>
        <state>Texas</state>
        <zip>78231</zip>
        <country>United States</country>
      </address>
    </facility>
  </location>
  <location>
    <facility>
      <name>Wasatch Clinical Research</name>
      <address>
        <city>Salt Lake City</city>
        <state>Utah</state>
        <zip>84107</zip>
        <country>United States</country>
      </address>
    </facility>
  </location>
  <location>
    <facility>
      <name>University of Utah, Dept. of Neurology</name>
      <address>
        <city>Salt Lake City</city>
        <state>Utah</state>
        <zip>84108</zip>
        <country>United States</country>
      </address>
    </facility>
  </location>
  <location>
    <facility>
      <name>The Memory Clinic</name>
      <address>
        <city>Bennington</city>
        <state>Vermont</state>
        <zip>05201</zip>
        <country>United States</country>
      </address>
    </facility>
  </location>
  <location>
    <facility>
      <name>Fletcher Allen Health Care</name>
      <address>
        <city>Burlington</city>
        <state>Vermont</state>
        <zip>05401</zip>
        <country>United States</country>
      </address>
    </facility>
  </location>
  <location>
    <facility>
      <name>Innovative Clinical Research Center</name>
      <address>
        <city>Alexandria</city>
        <state>Virginia</state>
        <zip>22304</zip>
        <country>United States</country>
      </address>
    </facility>
  </location>
  <location>
    <facility>
      <name>University of Virginia</name>
      <address>
        <city>Charlottesville</city>
        <state>Virginia</state>
        <zip>22903</zip>
        <country>United States</country>
      </address>
    </facility>
  </location>
  <location>
    <facility>
      <name>Alliance Research Group, LLC</name>
      <address>
        <city>Richmond</city>
        <state>Virginia</state>
        <zip>23230</zip>
        <country>United States</country>
      </address>
    </facility>
  </location>
  <location>
    <facility>
      <name>University of Washington Veterans Affairs</name>
      <address>
        <city>Seattle</city>
        <state>Washington</state>
        <zip>98108</zip>
        <country>United States</country>
      </address>
    </facility>
  </location>
  <location>
    <facility>
      <name>Pacific Medical Centers</name>
      <address>
        <city>Seattle</city>
        <state>Washington</state>
        <zip>98144</zip>
        <country>United States</country>
      </address>
    </facility>
  </location>
  <location>
    <facility>
      <name>Medical College of Wisconsin, Froedtert Memorial Lutheran Hospital</name>
      <address>
        <city>Milwaukee</city>
        <state>Wisconsin</state>
        <zip>53226</zip>
        <country>United States</country>
      </address>
    </facility>
  </location>
  <location>
    <facility>
      <name>Independent Psychiatric Consultants</name>
      <address>
        <city>Waukesha</city>
        <state>Wisconsin</state>
        <zip>53188</zip>
        <country>United States</country>
      </address>
    </facility>
  </location>
  <location>
    <facility>
      <name>Landeskrankenhaus- Universitätsklinikum Graz</name>
      <address>
        <city>Graz</city>
        <state>Styria</state>
        <zip>8036</zip>
        <country>Austria</country>
      </address>
    </facility>
  </location>
  <location>
    <facility>
      <name>University of Calgary, Foothills Medical Centre</name>
      <address>
        <city>Calgary</city>
        <state>Alberta</state>
        <zip>T2N 4Z6</zip>
        <country>Canada</country>
      </address>
    </facility>
  </location>
  <location>
    <facility>
      <name>Medical Arts Health Research Group</name>
      <address>
        <city>Kamloops</city>
        <state>British Columbia</state>
        <zip>V2C 1K7</zip>
        <country>Canada</country>
      </address>
    </facility>
  </location>
  <location>
    <facility>
      <name>Medical Arts Health Research Group</name>
      <address>
        <city>Kelowna</city>
        <state>British Columbia</state>
        <zip>V1Y 3G8</zip>
        <country>Canada</country>
      </address>
    </facility>
  </location>
  <location>
    <facility>
      <name>Queens University Memorial Clinics</name>
      <address>
        <city>Kingston</city>
        <state>Ontario</state>
        <zip>K7L 5G2</zip>
        <country>Canada</country>
      </address>
    </facility>
  </location>
  <location>
    <facility>
      <name>Parkwood Hospital</name>
      <address>
        <city>London</city>
        <state>Ontario</state>
        <zip>N6C 5J1</zip>
        <country>Canada</country>
      </address>
    </facility>
  </location>
  <location>
    <facility>
      <name>Bruyere Continuing Care</name>
      <address>
        <city>Ottawa</city>
        <state>Ontario</state>
        <zip>K1N 5C8</zip>
        <country>Canada</country>
      </address>
    </facility>
  </location>
  <location>
    <facility>
      <name>Neurology Research Inc</name>
      <address>
        <city>Toronto</city>
        <state>Ontario</state>
        <zip>M3B 2S7</zip>
        <country>Canada</country>
      </address>
    </facility>
  </location>
  <location>
    <facility>
      <name>Toronto Centre for Memory and Aging</name>
      <address>
        <city>Toronto</city>
        <state>Ontario</state>
        <zip>M6M 3Z5</zip>
        <country>Canada</country>
      </address>
    </facility>
  </location>
  <location>
    <facility>
      <name>Ontario Shores Centre for Mental Health Sciences</name>
      <address>
        <city>Whitby</city>
        <state>Ontario</state>
        <zip>L1N 5S9</zip>
        <country>Canada</country>
      </address>
    </facility>
  </location>
  <location>
    <facility>
      <name>Neuro Rive-Sud Memory Clinic</name>
      <address>
        <city>Greenfield Park</city>
        <state>Quebec</state>
        <zip>J4V 2J2</zip>
        <country>Canada</country>
      </address>
    </facility>
  </location>
  <location>
    <facility>
      <name>Hôpital Maisonneuve-Rosemont</name>
      <address>
        <city>Montréal</city>
        <state>Quebec</state>
        <zip>H1T 2M4</zip>
        <country>Canada</country>
      </address>
    </facility>
  </location>
  <location>
    <facility>
      <name>Sir Mortimer B. Davis, Jewish General Hospital</name>
      <address>
        <city>Montréal</city>
        <state>Quebec</state>
        <zip>H3T 1E2</zip>
        <country>Canada</country>
      </address>
    </facility>
  </location>
  <location>
    <facility>
      <name>Diex Research Sherbrooke Inc.</name>
      <address>
        <city>Sherbrooke</city>
        <state>Quebec</state>
        <zip>J1H 1Z1</zip>
        <country>Canada</country>
      </address>
    </facility>
  </location>
  <location>
    <facility>
      <name>Douglas Mental Health University Institute</name>
      <address>
        <city>Verdun</city>
        <state>Quebec</state>
        <zip>H4H 1R3</zip>
        <country>Canada</country>
      </address>
    </facility>
  </location>
  <location_countries>
    <country>Austria</country>
    <country>Canada</country>
    <country>United States</country>
  </location_countries>
  <verification_date>November 2013</verification_date>
  <!-- Old date names will be dropped in a few months (sometime in 2018)                        -->
  <lastchanged_date>November 26, 2013</lastchanged_date>
  <firstreceived_date>July 7, 2009</firstreceived_date>
  <firstreceived_results_disposition_date>October 30, 2013</firstreceived_results_disposition_date>
  <!-- New date names                                                                           -->
  <study_first_submitted>July 7, 2009</study_first_submitted>
  <study_first_submitted_qc>July 9, 2009</study_first_submitted_qc>
  <study_first_posted type="Estimate">July 13, 2009</study_first_posted>
  <disposition_first_submitted>October 30, 2013</disposition_first_submitted>
  <disposition_first_submitted_qc>October 30, 2013</disposition_first_submitted_qc>
  <disposition_first_posted type="Estimate">November 25, 2013</disposition_first_posted>
  <last_update_submitted>November 26, 2013</last_update_submitted>
  <last_update_submitted_qc>November 26, 2013</last_update_submitted_qc>
  <last_update_posted type="Estimate">December 20, 2013</last_update_posted>
  <!-- End of dates                                                                             -->
  <responsible_party>
    <responsible_party_type>Sponsor</responsible_party_type>
  </responsible_party>
  <keyword>Mild to moderate Alzheimer's disease</keyword>
  <condition_browse>
    <!-- CAUTION:  The following MeSH terms are assigned with an imperfect algorithm            -->
    <mesh_term>Alzheimer Disease</mesh_term>
  </condition_browse>
  <!-- Results have not yet been posted, but a results disposition has been submitted           -->
</clinical_study>

