<?xml version="1.0" encoding="UTF-8"?>
<clinical_study rank="3">
  <!-- This xml conforms to an XML Schema at:
    https://clinicaltrials.gov/ct2/html/images/info/public.xsd -->
  <required_header>
    <download_date>ClinicalTrials.gov processed this data on November 07, 2017</download_date>
    <link_text>Link to the current ClinicalTrials.gov record.</link_text>
    <url>https://clinicaltrials.gov/show/NCT00076440</url>
  </required_header>
  <id_info>
    <org_study_id>IA0051</org_study_id>
    <nct_id>NCT00076440</nct_id>
  </id_info>
  <brief_title>Antigonadotropin-Leuprolide in Alzheimer's Disease Drug INvestigation (ALADDIN) VP 104 Study</brief_title>
  <official_title>Antigonadotropin-Leuprolide in Alzheimer's Disease Drug INvestigation (ALADDIN) VP 104 Study</official_title>
  <sponsors>
    <lead_sponsor>
      <agency>Voyager Pharmaceutical Corporation</agency>
      <agency_class>Industry</agency_class>
    </lead_sponsor>
  </sponsors>
  <source>National Institute on Aging (NIA)</source>
  <brief_summary>
    <textblock>
      ALADDIN is a research study to investigate the safety and effectiveness of leuprolide (a
      hormone drug) to improve the cognitive function and slow the progression of Alzheimer's
      disease (AD) in men 65 years and older with mild to moderate Alzheimer's disease who reside
      in the community.
    </textblock>
  </brief_summary>
  <detailed_description>
    <textblock>
      ALADDIN is a clinical trial investigating the safety and effectiveness of leuprolide (a
      hormone drug) to improve the cognitive function and slow the progression of Alzheimer's
      disease (AD). The study will include treatment of men 65 years and older with mild to
      moderate Alzheimer's disease who reside in the community. The objective is to evaluate the
      safety and efficacy of two different doses of leuprolide to improve the cognitive function
      and slow the progression of AD, as measured by the ADAS-COG and the Clinical Global
      Impression (CGI). Measures of behavioral disturbances, and quality of life of the caregiver
      will be made also. The study design is randomized, double blind, placebo-controlled, parallel
      group design with a 2:1 randomization of drug to placebo. Sample size will include 90
      participants from multiple test sites.

      Following initial screening and baseline visits, the participant and caregiver will visit the
      site 8 times for a total of 10 visits over 48 weeks. The drug is administered via injection
      every 3 months. Safety assessments are completed and psychometric testing is done.
      Participant's memory, behavior, and global functioning are assessed during the participant
      and caregiver interviews. Each visit takes approximately 2 hours.
    </textblock>
  </detailed_description>
  <overall_status>Completed</overall_status>
  <start_date>December 2003</start_date>
  <completion_date type="Actual">March 2007</completion_date>
  <primary_completion_date type="Actual">March 2007</primary_completion_date>
  <phase>Phase 2</phase>
  <study_type>Interventional</study_type>
  <study_design_info>
    <allocation>Randomized</allocation>
    <intervention_model>Parallel Assignment</intervention_model>
    <primary_purpose>Treatment</primary_purpose>
    <masking>Double</masking>
  </study_design_info>
  <enrollment>90</enrollment>
  <condition>Alzheimer Disease</condition>
  <intervention>
    <intervention_type>Drug</intervention_type>
    <intervention_name>Leuprolide acetate</intervention_name>
  </intervention>
  <eligibility>
    <criteria>
      <textblock>
        Inclusion Criteria:

        Patients who satisfy all of the inclusion criteria listed below will be eligible for entry
        into the trial.

          -  Patient and responsible caregiver can give their consent by signing the IRB-approved
             Informed Consent Form; or, when the patient is judged by the Investigator to be unable
             to give consent, the legally authorized representative gives consent by signing the
             consent form and the patient gives assent, in accord with local regulations;

          -  Male;

          -  65 years of age or older;

          -  Diagnosis of probable AD according to the National Institute of Neurological
             Disorders-Alzheimer's Disease and Related Disorders Association (NINDS-ADRDA)
             criteria, and the Investigator ascertains that the condition was present at least 6
             months prior to screening;

          -  Taking a drug for the treatment of AD, such as a cholinesterase inhibitor and/or
             Memantine®, which they began taking at least 90 days prior to baseline and, in the
             Investigator's opinion, the dosage will likely remain stable throughout the trial; or,
             they have never taken such a drug or stopped taking it at least 90 days prior to
             baseline and will likely refrain from taking such treatment throughout the trial;

          -  Taking other drugs or substances that have purported cognition-enhancing properties
             such as ginkgo biloba or Vitamin E, which they began taking at least 60 days prior to
             baseline and, in the Investigator's opinion, the dosage will likely remain stable
             throughout the trial; or, they have never taken such a drug or stopped taking it at
             least 90 days prior to baseline and will likely refrain from taking such treatment
             throughout the trial;

          -  Mini Mental State Examination (MMSE) score of 12 to 24 (inclusive) at the screening
             visit;

          -  Brain imaging study (CT scan, MRI or PET) performed at the time of their initial
             diagnosis of AD or after that time, and the findings were consistent with a diagnosis
             of probable AD, or, if a brain imaging study has not been performed, one will be
             performed during the screening process;

          -  Rosen Modified Hachinski score of 4 or lower at the screening visit, supporting the
             Investigator's clinical judgment that the patient's dementia is probable AD and not of
             vascular origin;

          -  Fluent in English or Spanish and completed at least 6 years of education;

          -  Live at home or in a congregate living facility for requirements other than skilled
             nursing care, and have a caregiver who sees the patient at least three times a week
             for a total of at least 10 hours and can sign the consent form, provide information
             pertinent to the patient's cognitive status, accompany the patient on clinic visits,
             and participate in the evaluations.

          -  Hamilton Depression Scale (17-item version) (HamD) score of 14 or less at the
             screening visit;

          -  DEXA scan, performed at screening, within normal limits (i.e., a T-score of greater
             than -2.0); or, if their DEXA measure was abnormally low (i.e., a T-score of -2.0 or
             lower), in either a lumbar vertebra or hip, to specifically include a T-score for the
             femoral neck), they were receiving treatment for osteoporosis/osteopenia for at least
             3 weeks prior to baseline and that treatment is not expected to change during the
             course of the trial; or, if their DEXA measure was abnormally low and they are not
             receiving treatment for osteoporosis/osteopenia, they may proceed to baseline after 3
             weeks of treatment for osteoporosis/osteopenia provided that all inclusion/exclusion
             criteria are met, including assessment of the HamD, concomitant medications, ECG and
             laboratory tests performed within 45 days of baseline show that they are eligible;

          -  Screening laboratory test values do not indicate significant medical conditions that
             would interfere with their participation in and completion of the study.

        Exclusion criteria:

        Patients with any of the exclusion criteria listed below will be ineligible for entry into
        the study.

          -  Female;

          -  Younger than 65 years of age;

          -  Significant neurological disease affecting the brain or psychiatric disease other than
             AD, such as major depression, schizophrenia, epilepsy, Parkinson's disease, or stroke;

          -  Current significant systemic illness or symptoms of organ failure;

          -  Screening ECG shows evidence of a serious and/or unstable condition or a recent
             (within 6 months) myocardial infarction as determined by the Investigator;

          -  PSA test result exceeds 4.0 ng/mL;

          -  Receiving testosterone;

          -  Taking a drug for the treatment of AD for less than 90 days prior to baseline; or, in
             the opinion of the Investigator, they are likely to either require a change in dose or
             discontinuation of the drug;

          -  Never received cholinesterase inhibitor treatment, and the likelihood of their
             starting such treatment during the study is other than low, or they have taken and
             discontinued cholinesterase inhibitor treatment in the past and the likelihood of
             their resuming cholinesterase inhibitor treatment during the study is other than low;

          -  Started or changed within 60 days prior to the screening visit the dosage of any drug
             (including OTC) that affects cognitive function, such as neuroleptics,
             antidepressants, anxiolytics, sedatives, hypnotics, anti-convulsants, centrally acting
             antihypertensive agents such as clonidine and Aldomet; or other medications that have
             been shown to have possible effects on cognition such as Vitamin E, nonsteroidal
             anti-inflammatory drugs, and statins, or if, in the Investigator's opinion, the dosage
             of such medication is likely to be changed during the course of this trial. Any
             changes in the dosage of any of these drugs during the course of the trial and the
             reason for the change must be fully recorded in the concomitant medication page of the
             patient's case report form (CRF). If a drug that affects cognition (e.g., a hypnotic
             or anxiolytic drug) is given on a PRN basis, such treatment should be interrupted for
             12 hours before a visit, if possible;

          -  Taking coumadin or anti-Parkinsonian medications;

          -  Have taken other investigational drugs within 30 days or 5 half-lives prior to
             randomization, whichever is longer;

          -  Taking other medications known to affect serum gonadotropin (Gn) concentrations, such
             as goserelin or danazol;

          -  A screening HamD score of 15 or higher;

          -  Abuse or dependence on alcohol or other substances satisfies criteria for DSM-IV
             categories 303.9 or 305;

          -  Donated blood within 30 days of baseline or are likely to do so during the course of
             the trial;

          -  History of cancer, particularly breast cancer or known or suspected prostate cancer,
             within the last 5 years, except for basal cell or squamous cell cancer of the skin;

          -  Clinically significant bladder outlet obstruction, in the judgment of the Investigator
             or designated examining physician;

          -  Abnormalities of the esophagus which delay esophageal emptying such as stricture or
             achalasia, or are unable to stand or sit upright for at least 30 minutes;

          -  Sleep apnea.
      </textblock>
    </criteria>
    <gender>Male</gender>
    <minimum_age>65 Years</minimum_age>
    <maximum_age>N/A</maximum_age>
    <healthy_volunteers>No</healthy_volunteers>
  </eligibility>
  <overall_official>
    <last_name>Richard L. Bowen, MD</last_name>
    <role>Principal Investigator</role>
    <affiliation>Voyager Pharmaceutical Corporation</affiliation>
  </overall_official>
  <location>
    <facility>
      <name>Margolin Brain Institute</name>
      <address>
        <city>Fresno</city>
        <state>California</state>
        <zip>93720</zip>
        <country>United States</country>
      </address>
    </facility>
  </location>
  <location>
    <facility>
      <name>Bay Area Research Institute</name>
      <address>
        <city>Lafayette</city>
        <state>California</state>
        <zip>94549</zip>
        <country>United States</country>
      </address>
    </facility>
  </location>
  <location>
    <facility>
      <name>Southwest Clinical Research</name>
      <address>
        <city>Rancho Mirage</city>
        <state>California</state>
        <zip>92270</zip>
        <country>United States</country>
      </address>
    </facility>
  </location>
  <location>
    <facility>
      <name>Geriatric and Adult Psychiatry LLC</name>
      <address>
        <city>Hamden</city>
        <state>Connecticut</state>
        <zip>06518</zip>
        <country>United States</country>
      </address>
    </facility>
  </location>
  <location>
    <facility>
      <name>Baumel-Eisner Neuromedical Institute</name>
      <address>
        <city>Boca Raton</city>
        <state>Florida</state>
        <zip>33486</zip>
        <country>United States</country>
      </address>
    </facility>
  </location>
  <location>
    <facility>
      <name>Brain Matters Research</name>
      <address>
        <city>Delray Beach</city>
        <state>Florida</state>
        <zip>33445</zip>
        <country>United States</country>
      </address>
    </facility>
  </location>
  <location>
    <facility>
      <name>Baumel-Eisner Neuromedical Institute</name>
      <address>
        <city>Ft. Lauderdale</city>
        <state>Florida</state>
        <zip>33321</zip>
        <country>United States</country>
      </address>
    </facility>
  </location>
  <location>
    <facility>
      <name>Baumel-Eisner Neuromedical Institute</name>
      <address>
        <city>Miami Beach</city>
        <state>Florida</state>
        <zip>33154</zip>
        <country>United States</country>
      </address>
    </facility>
  </location>
  <location>
    <facility>
      <name>Meridien Research</name>
      <address>
        <city>St. Petersburg</city>
        <state>Florida</state>
        <zip>33710</zip>
        <country>United States</country>
      </address>
    </facility>
  </location>
  <location>
    <facility>
      <name>Boston University School of Medicine</name>
      <address>
        <city>Boston</city>
        <state>Massachusetts</state>
        <zip>02118-2526</zip>
        <country>United States</country>
      </address>
    </facility>
  </location>
  <location>
    <facility>
      <name>Medical University of South Carolina</name>
      <address>
        <city>Charleston</city>
        <state>South Carolina</state>
        <zip>29406</zip>
        <country>United States</country>
      </address>
    </facility>
  </location>
  <location>
    <facility>
      <name>Innovative Clinical Research Center</name>
      <address>
        <city>Alexandria</city>
        <state>Virginia</state>
        <zip>22304</zip>
        <country>United States</country>
      </address>
    </facility>
  </location>
  <location>
    <facility>
      <name>Middleton VA Wisconsin Alzheimer's Institute</name>
      <address>
        <city>Madison</city>
        <state>Wisconsin</state>
        <zip>53705</zip>
        <country>United States</country>
      </address>
    </facility>
  </location>
  <location_countries>
    <country>United States</country>
  </location_countries>
  <reference>
    <citation>Bowen RL, Smith MA, Harris PL, Kubat Z, Martins RN, Castellani RJ, Perry G, Atwood CS. Elevated luteinizing hormone expression colocalizes with neurons vulnerable to Alzheimer's disease pathology. J Neurosci Res. 2002 Nov 1;70(3):514-8.</citation>
    <PMID>12391612</PMID>
  </reference>
  <reference>
    <citation>Short RA, Bowen RL, O'Brien PC, Graff-Radford NR. Elevated gonadotropin levels in patients with Alzheimer disease. Mayo Clin Proc. 2001 Sep;76(9):906-9.</citation>
    <PMID>11560301</PMID>
  </reference>
  <reference>
    <citation>Bowen RL, Isley JP, Atkinson RL. An association of elevated serum gonadotropin concentrations and Alzheimer disease? J Neuroendocrinol. 2000 Apr;12(4):351-4.</citation>
    <PMID>10718932</PMID>
  </reference>
  <verification_date>March 2007</verification_date>
  <!-- Old date names will be dropped in a few months (sometime in 2018)                        -->
  <lastchanged_date>December 10, 2009</lastchanged_date>
  <firstreceived_date>January 22, 2004</firstreceived_date>
  <!-- New date names                                                                           -->
  <study_first_submitted>January 22, 2004</study_first_submitted>
  <study_first_submitted_qc>January 23, 2004</study_first_submitted_qc>
  <study_first_posted type="Estimate">January 26, 2004</study_first_posted>
  <last_update_submitted>December 10, 2009</last_update_submitted>
  <last_update_submitted_qc>December 10, 2009</last_update_submitted_qc>
  <last_update_posted type="Estimate">December 11, 2009</last_update_posted>
  <!-- End of dates                                                                             -->
  <keyword>Alzheimer disease</keyword>
  <condition_browse>
    <!-- CAUTION:  The following MeSH terms are assigned with an imperfect algorithm            -->
    <mesh_term>Alzheimer Disease</mesh_term>
  </condition_browse>
  <intervention_browse>
    <!-- CAUTION:  The following MeSH terms are assigned with an imperfect algorithm            -->
    <mesh_term>Leuprolide</mesh_term>
  </intervention_browse>
  <!-- Results have not yet been posted for this study                                          -->
</clinical_study>

