<?xml version="1.0" encoding="UTF-8"?>
<clinical_study rank="288">
  <!-- This xml conforms to an XML Schema at:
    https://clinicaltrials.gov/ct2/html/images/info/public.xsd -->
  <required_header>
    <download_date>ClinicalTrials.gov processed this data on November 07, 2017</download_date>
    <link_text>Link to the current ClinicalTrials.gov record.</link_text>
    <url>https://clinicaltrials.gov/show/NCT00164749</url>
  </required_header>
  <id_info>
    <org_study_id>CRE-2003.090-T</org_study_id>
    <nct_id>NCT00164749</nct_id>
  </id_info>
  <brief_title>A Pilot Study of Curcumin and Ginkgo for Treating Alzheimer's Disease</brief_title>
  <official_title>A Pilot Study of Curcumin and Ginkgo for Treating Alzheimer's Disease</official_title>
  <sponsors>
    <lead_sponsor>
      <agency>Chinese University of Hong Kong</agency>
      <agency_class>Other</agency_class>
    </lead_sponsor>
    <collaborator>
      <agency>BUPA Foundation</agency>
      <agency_class>Other</agency_class>
    </collaborator>
    <collaborator>
      <agency>Kwong Wah Hospital</agency>
      <agency_class>Other</agency_class>
    </collaborator>
  </sponsors>
  <source>Chinese University of Hong Kong</source>
  <brief_summary>
    <textblock>
      The purpose of this study is to develop procedures for testing the effectiveness of curcumin
      on slowing Alzheimer's disease (AD) progression.
    </textblock>
  </brief_summary>
  <detailed_description>
    <textblock>
      A double-blind, randomized, clinical trial of 30 subjects will be carried out to develop
      procedures for testing the effectiveness of curcumin on slowing Alzheimer's disease (AD)
      progression. Curcumin is a polyphenolic molecule extracted from turmeric and is widely and
      safely used as a yellow food coloring. Because of its strong anti-inflammatory activity,
      curcumin was tested in animal models of AD, where it significantly reduced levels of brain
      amyloid, oxidized proteins, and isoprostanes, and prevented cognitive deficits. AD patients
      will receive placebo, 1 g, or 4 g of curcumin daily for six months. All patients will also
      receive 120 mg ginkgo leaf extract daily. At 0, 1, 3, and 6 months of the study, a cognitive
      test will be performed, and blood samples will be analyzed for levels of isoprostane, amyloid
      beta protein, metals, and cholesterol. Curcumin and its metabolites will be measured in blood
      at 1 month. The primary objective for this first human study of curcumin in AD is to examine
      safety and procedures for a possible larger trial testing curcumin against AD. The secondary
      objective is to determine whether curcumin affects biochemical measures, and, if so, which
      dose is most effective. The tertiary objective is to determine whether curcumin slows
      cognitive decline in AD. This study may lead to inexpensive treatment that delays progression
      of AD.
    </textblock>
  </detailed_description>
  <overall_status>Completed</overall_status>
  <start_date>October 2004</start_date>
  <completion_date type="Actual">July 2006</completion_date>
  <primary_completion_date type="Actual">July 2006</primary_completion_date>
  <phase>Phase 1/Phase 2</phase>
  <study_type>Interventional</study_type>
  <has_expanded_access>No</has_expanded_access>
  <study_design_info>
    <allocation>Randomized</allocation>
    <intervention_model>Parallel Assignment</intervention_model>
    <primary_purpose>Treatment</primary_purpose>
    <masking>Double</masking>
  </study_design_info>
  <primary_outcome>
    <measure>Change in isoprostane level in plasma</measure>
    <time_frame>1 and 6 months</time_frame>
  </primary_outcome>
  <primary_outcome>
    <measure>Change in A-beta level in serum</measure>
    <time_frame>1 and 6 months</time_frame>
  </primary_outcome>
  <secondary_outcome>
    <measure>Change in cognitive function (MMSE score)</measure>
    <time_frame>6 months</time_frame>
  </secondary_outcome>
  <secondary_outcome>
    <measure>Change in cholesterol and triglycerides in serum</measure>
    <time_frame>1 and 6 months</time_frame>
  </secondary_outcome>
  <secondary_outcome>
    <measure>Change in metals in serum</measure>
    <time_frame>1 month</time_frame>
  </secondary_outcome>
  <secondary_outcome>
    <measure>Level of curcumin in plasma vs. dose</measure>
    <time_frame>1 month</time_frame>
  </secondary_outcome>
  <number_of_arms>3</number_of_arms>
  <enrollment type="Actual">36</enrollment>
  <condition>Alzheimer's Disease</condition>
  <arm_group>
    <arm_group_label>Placebo</arm_group_label>
    <arm_group_type>Placebo Comparator</arm_group_type>
    <description>Color-matched placebo</description>
  </arm_group>
  <arm_group>
    <arm_group_label>1 gram</arm_group_label>
    <arm_group_type>Experimental</arm_group_type>
    <description>1 g/day curcumin</description>
  </arm_group>
  <arm_group>
    <arm_group_label>4 gram</arm_group_label>
    <arm_group_type>Experimental</arm_group_type>
    <description>4 g/day curcumin</description>
  </arm_group>
  <intervention>
    <intervention_type>Drug</intervention_type>
    <intervention_name>Placebo and ginkgo extract</intervention_name>
    <description>Placebo once daily, either as capsules or as powder to be mixed with food. All patients also received 120 mg/day standardized ginkgo leaf extract.</description>
    <arm_group_label>Placebo</arm_group_label>
  </intervention>
  <intervention>
    <intervention_type>Drug</intervention_type>
    <intervention_name>Curcumin and ginkgo extract</intervention_name>
    <description>1 g curcumin once daily, either as capsules or as powder to be mixed with food. All patients also received 120 mg/day standardized ginkgo leaf extract.</description>
    <arm_group_label>1 gram</arm_group_label>
  </intervention>
  <intervention>
    <intervention_type>Drug</intervention_type>
    <intervention_name>Curcumin and ginkgo extract</intervention_name>
    <description>4 g curcumin once daily, either as capsules or as powder to be mixed with food. All patients also received 120 mg/day standardized ginkgo leaf extract.</description>
    <arm_group_label>4 gram</arm_group_label>
  </intervention>
  <eligibility>
    <criteria>
      <textblock>
        Inclusion Criteria:

          -  Ethnic Chinese living in Hong Kong

          -  Progressive decline in memory and cognitive function for at least 6 months

          -  NINCDS-ADRDA diagnosis of possible or probable AD

          -  Mild to severe dementia with Cantonese version of MMSE scores between 0 and 28

          -  Informed consent from patient and/or caregiver

          -  Both elderly home residents and outpatients are eligible

          -  Patients may take any medication

        Exclusion Criteria:

          -  Anticoagulant or antiplatelet treatment or bleeding risk factors

          -  Currently smoking

          -  Other severe, end-stage illness
      </textblock>
    </criteria>
    <gender>All</gender>
    <minimum_age>50 Years</minimum_age>
    <maximum_age>N/A</maximum_age>
    <healthy_volunteers>No</healthy_volunteers>
  </eligibility>
  <overall_official>
    <last_name>Larry Baum, PhD</last_name>
    <role>Principal Investigator</role>
    <affiliation>Chinese University of Hong Kong</affiliation>
  </overall_official>
  <location>
    <facility>
      <name>The Chinese University of Hong Kong</name>
      <address>
        <city>Shatin</city>
        <country>Hong Kong</country>
      </address>
    </facility>
  </location>
  <location_countries>
    <country>Hong Kong</country>
  </location_countries>
  <results_reference>
    <citation>Baum L, Lam CW, Cheung SK, Kwok T, Lui V, Tsoh J, Lam L, Leung V, Hui E, Ng C, Woo J, Chiu HF, Goggins WB, Zee BC, Cheng KF, Fong CY, Wong A, Mok H, Chow MS, Ho PC, Ip SP, Ho CS, Yu XW, Lai CY, Chan MH, Szeto S, Chan IH, Mok V. Six-month randomized, placebo-controlled, double-blind, pilot clinical trial of curcumin in patients with Alzheimer disease. J Clin Psychopharmacol. 2008 Feb;28(1):110-3. doi: 10.1097/jcp.0b013e318160862c.</citation>
    <PMID>18204357</PMID>
  </results_reference>
  <results_reference>
    <citation>Baum L, Cheung SK, Mok VC, Lam LC, Leung VP, Hui E, Ng CC, Chow M, Ho PC, Lam S, Woo J, Chiu HF, Goggins W, Zee B, Wong A, Mok H, Cheng WK, Fong C, Lee JS, Chan MH, Szeto SS, Lui VW, Tsoh J, Kwok TC, Chan IH, Lam CW. Curcumin effects on blood lipid profile in a 6-month human study. Pharmacol Res. 2007 Dec;56(6):509-14. Epub 2007 Sep 18.</citation>
    <PMID>17951067</PMID>
  </results_reference>
  <verification_date>April 2008</verification_date>
  <!-- Old date names will be dropped in a few months (sometime in 2018)                        -->
  <lastchanged_date>April 25, 2008</lastchanged_date>
  <firstreceived_date>September 9, 2005</firstreceived_date>
  <!-- New date names                                                                           -->
  <study_first_submitted>September 9, 2005</study_first_submitted>
  <study_first_submitted_qc>September 9, 2005</study_first_submitted_qc>
  <study_first_posted type="Estimate">September 14, 2005</study_first_posted>
  <last_update_submitted>April 25, 2008</last_update_submitted>
  <last_update_submitted_qc>April 25, 2008</last_update_submitted_qc>
  <last_update_posted type="Estimate">April 30, 2008</last_update_posted>
  <!-- End of dates                                                                             -->
  <keyword>dementia</keyword>
  <keyword>cognition</keyword>
  <keyword>memory</keyword>
  <keyword>neurodegenerative disease</keyword>
  <keyword>brain</keyword>
  <condition_browse>
    <!-- CAUTION:  The following MeSH terms are assigned with an imperfect algorithm            -->
    <mesh_term>Alzheimer Disease</mesh_term>
  </condition_browse>
  <intervention_browse>
    <!-- CAUTION:  The following MeSH terms are assigned with an imperfect algorithm            -->
    <mesh_term>Curcumin</mesh_term>
  </intervention_browse>
  <!-- Results have not yet been posted for this study                                          -->
</clinical_study>

