<?xml version="1.0" encoding="UTF-8"?>
<clinical_study rank="322">
  <!-- This xml conforms to an XML Schema at:
    https://clinicaltrials.gov/ct2/html/images/info/public.xsd -->
  <required_header>
    <download_date>ClinicalTrials.gov processed this data on November 07, 2017</download_date>
    <link_text>Link to the current ClinicalTrials.gov record.</link_text>
    <url>https://clinicaltrials.gov/show/NCT00191009</url>
  </required_header>
  <id_info>
    <org_study_id>7951</org_study_id>
    <secondary_id>B4Z-MC-LYCG</secondary_id>
    <nct_id>NCT00191009</nct_id>
  </id_info>
  <brief_title>Adding Atomoxetine To Standard Medication Treatment In Patients With Alzheimer's Disease</brief_title>
  <official_title>Atomoxetine Augmentation of Cholinesterase Inhibitor Therapy in Patients With Alzheimer's Disease</official_title>
  <sponsors>
    <lead_sponsor>
      <agency>Eli Lilly and Company</agency>
      <agency_class>Industry</agency_class>
    </lead_sponsor>
  </sponsors>
  <source>Eli Lilly and Company</source>
  <brief_summary>
    <textblock>
      This study will compare atomoxetine to placebo when taken with current standard Alzheimer's
      Disease medications. The treatment will take approximately 6 months and it is hypothesized
      atomoxetine will significantly improve cognitive performance as compared to placebo.
    </textblock>
  </brief_summary>
  <overall_status>Completed</overall_status>
  <start_date>October 2003</start_date>
  <completion_date type="Actual">January 2006</completion_date>
  <phase>Phase 2/Phase 3</phase>
  <study_type>Interventional</study_type>
  <study_design_info>
    <allocation>Randomized</allocation>
    <intervention_model>Parallel Assignment</intervention_model>
    <primary_purpose>Treatment</primary_purpose>
    <masking>Double</masking>
  </study_design_info>
  <primary_outcome>
    <measure>To see if Alzheimer's patients receiving a stable dose of an Alzheimer's drug randomly assigned to atomoxetine for approximately 6 months will have cognitive performance improved as measured by the Alzheimer's Disease Assessment Scale - Cognitive</measure>
  </primary_outcome>
  <secondary_outcome>
    <measure>To see if patients taking an Alzheimer's medication plus atomoxetine for approximately 6 months will be superior to an Alzheimer's medication alone as assessed by the Clinician's Interview-Based Impression of Change (CIBIC+) score.</measure>
  </secondary_outcome>
  <secondary_outcome>
    <measure>To see if patients taking an Alzheimer's medication plus atomoxetine will display less comorbid psychological symptoms, such as depression, as assessed by the Neuropsychiatric Inventory (NPI). Patients will receive the NPI once before randomization</measure>
  </secondary_outcome>
  <secondary_outcome>
    <measure>To see if current Alzheimer's medications plus atomoxetine compared to Alzheimer's medications plus placebo is better at preserving or slowing cognitive decline as measured by the Alzheimer's Disease Cooperative Study Inventory - Activities of</measure>
  </secondary_outcome>
  <secondary_outcome>
    <measure>To show that current Alzheimer's drugs can be taken with atomoxetine without significant side effects.</measure>
  </secondary_outcome>
  <enrollment>124</enrollment>
  <condition>Alzheimer Disease</condition>
  <intervention>
    <intervention_type>Drug</intervention_type>
    <intervention_name>atomoxetine hydrochloride</intervention_name>
  </intervention>
  <intervention>
    <intervention_type>Drug</intervention_type>
    <intervention_name>placebo</intervention_name>
  </intervention>
  <eligibility>
    <criteria>
      <textblock>
        Inclusion Criteria:

          -  Patient presents with Alzheimer's Disease based on clinical history.

          -  Patient must have a Mini Mental Status Score between 10 and 26.

          -  Patient must have a reliable caregiver in frequent or daily contact with the patient.

          -  Patient must be currently treated with and on a stable dose of a standard Alzheimer's
             drug treatment for at least 3 months.

        Exclusion Criteria:

          -  Patients who are receiving pharmacologic treatments (other than a cholinesterase
             inhibitor or memantine) for Alzheimer's Disease.

          -  Patients who have a history in the past 5 years or any current evidence of major
             psychiatric illness.

          -  Patients who have narrow angle glaucoma.

          -  Patients who are experiencing clinically significant urinary hesitancy or retention as
             assessed by a physician.
      </textblock>
    </criteria>
    <gender>All</gender>
    <minimum_age>55 Years</minimum_age>
    <maximum_age>N/A</maximum_age>
    <healthy_volunteers>No</healthy_volunteers>
  </eligibility>
  <overall_official>
    <last_name>Call 1-877-CTLILLY (1-877-285-4559) or 1-317-615-4559 Mon - Fri 9 AM to 5 PM Eastern Time (UTC/GMT - 5 hours, EST)</last_name>
    <role>Study Director</role>
    <affiliation>Eli Lilly and Company</affiliation>
  </overall_official>
  <location>
    <facility>
      <name>For additional information regarding investigative sites for this trial, contact 1-877-CTLILLY (1-877-285-4559, 1-317-615-4559) Mon - Fri from 9 AM to 5 PM Eastern Time (UTC/GMT - 5 hours, EST), or speak with your personal physician</name>
      <address>
        <city>Sherman Oaks</city>
        <state>California</state>
        <country>United States</country>
      </address>
    </facility>
  </location>
  <location>
    <facility>
      <name>For additional information regarding investigative sites for this trial, contact 1-877-CTLILLY (1-877-285-4559, 1-317-615-4559) Mon - Fri from 9 AM to 5 PM Eastern Time (UTC/GMT - 5 hours, EST), or speak with your personal physician</name>
      <address>
        <city>Rochester</city>
        <state>New York</state>
        <country>United States</country>
      </address>
    </facility>
  </location>
  <location>
    <facility>
      <name>For additional information regarding investigative sites for this trial, contact 1-877-CTLILLY (1-877-285-4559, 1-317-615-4559) Mon - Fri from 9 AM to 5 PM Eastern Time (UTC/GMT - 5 hours, EST), or speak with your personal physician</name>
      <address>
        <city>Wichita Falls</city>
        <state>Texas</state>
        <country>United States</country>
      </address>
    </facility>
  </location>
  <location_countries>
    <country>United States</country>
  </location_countries>
  <link>
    <url>http://www.lillytrials.com</url>
    <description>Lilly Clinical Trial Registry</description>
  </link>
  <verification_date>November 2007</verification_date>
  <!-- Old date names will be dropped in a few months (sometime in 2018)                        -->
  <lastchanged_date>November 5, 2007</lastchanged_date>
  <firstreceived_date>September 12, 2005</firstreceived_date>
  <!-- New date names                                                                           -->
  <study_first_submitted>September 12, 2005</study_first_submitted>
  <study_first_submitted_qc>September 12, 2005</study_first_submitted_qc>
  <study_first_posted type="Estimate">September 19, 2005</study_first_posted>
  <last_update_submitted>November 5, 2007</last_update_submitted>
  <last_update_submitted_qc>November 5, 2007</last_update_submitted_qc>
  <last_update_posted type="Estimate">November 6, 2007</last_update_posted>
  <!-- End of dates                                                                             -->
  <condition_browse>
    <!-- CAUTION:  The following MeSH terms are assigned with an imperfect algorithm            -->
    <mesh_term>Alzheimer Disease</mesh_term>
  </condition_browse>
  <intervention_browse>
    <!-- CAUTION:  The following MeSH terms are assigned with an imperfect algorithm            -->
    <mesh_term>Atomoxetine Hydrochloride</mesh_term>
    <mesh_term>Cholinesterase Inhibitors</mesh_term>
  </intervention_browse>
  <!-- Results have not yet been posted for this study                                          -->
</clinical_study>

