<?xml version="1.0" encoding="UTF-8"?>
<clinical_study rank="39">
  <!-- This xml conforms to an XML Schema at:
    https://clinicaltrials.gov/ct2/html/images/info/public.xsd -->
  <required_header>
    <download_date>ClinicalTrials.gov processed this data on November 07, 2017</download_date>
    <link_text>Link to the current ClinicalTrials.gov record.</link_text>
    <url>https://clinicaltrials.gov/show/NCT00987090</url>
  </required_header>
  <id_info>
    <org_study_id>2008/24</org_study_id>
    <secondary_id>2008-A01213-52</secondary_id>
    <nct_id>NCT00987090</nct_id>
  </id_info>
  <brief_title>Early-onset and Late-onset Sporadic Alzheimer's Disease (AD)</brief_title>
  <official_title>Early-onset and Late-onset Sporadic Alzheimer's Disease (AD) : Variations of the Clinical Profile and Paraclinical Features Depending on the Age at the Onset of Clinical Signs</official_title>
  <sponsors>
    <lead_sponsor>
      <agency>Assistance Publique Hopitaux De Marseille</agency>
      <agency_class>Other</agency_class>
    </lead_sponsor>
  </sponsors>
  <source>Assistance Publique Hopitaux De Marseille</source>
  <oversight_info>
    <has_dmc>No</has_dmc>
  </oversight_info>
  <brief_summary>
    <textblock>
      Alzheimer's disease (AD) is usually associated with aging, age being the principal identified
      risk factor. However, younger subjects also develop AD and the prevalence of early onset AD
      is unknown. It is estimated that about 30 000 subjects develop symptoms of AD before the age
      of 65 in France. There is evidence that early onset AD differs from AD in older patients. In
      particular, clinical and neuroimaging studies suggest early involvement of neocortical brain
      regions and their functions in early onset AD, while mediotemporal areas and memory might be
      more involved in late onset AD. These differences could partly explain the atypical clinical
      and imaging features of younger patients, the diagnostic difficulties in these patients and
      the specific problems related to medical care of this age group. The present study uses a
      multidisciplinary approach with longitudinal followup in order to establish the impact of age
      on the clinical and neuroimaging picture of sporadic AD in a multicentric setting. Another
      aim of the project is to describe for each age group, and in particular for the younger
      patient group, the functional impact of disability in everyday life on both, patients and
      caregivers.
    </textblock>
  </brief_summary>
  <overall_status>Unknown status</overall_status>
  <last_known_status>Recruiting</last_known_status>
  <start_date>October 2009</start_date>
  <primary_completion_date type="Anticipated">September 2016</primary_completion_date>
  <phase>N/A</phase>
  <study_type>Interventional</study_type>
  <has_expanded_access>No</has_expanded_access>
  <study_design_info>
    <allocation>Non-Randomized</allocation>
    <intervention_model>Parallel Assignment</intervention_model>
    <primary_purpose>Diagnostic</primary_purpose>
    <masking>None (Open Label)</masking>
  </study_design_info>
  <primary_outcome>
    <measure>to establish the impact of age on the clinical and neuroimaging picture of sporadic Alzheimer Disease in a multicentric setting.</measure>
    <time_frame>3 years</time_frame>
  </primary_outcome>
  <secondary_outcome>
    <measure>to describe for each age group, and in particular for the younger patient group, the functional impact of disability in everyday life on both, patients and caregivers.</measure>
    <time_frame>3 years</time_frame>
  </secondary_outcome>
  <number_of_arms>2</number_of_arms>
  <enrollment type="Anticipated">240</enrollment>
  <condition>Alzheimer's Disease</condition>
  <arm_group>
    <arm_group_label>Alzheimer Disease</arm_group_label>
    <arm_group_type>Active Comparator</arm_group_type>
    <description>subjects who have developed symptoms of Alzheimer Disease aged from 45 to 85 years old</description>
  </arm_group>
  <arm_group>
    <arm_group_label>Control</arm_group_label>
    <arm_group_type>Placebo Comparator</arm_group_type>
    <description>subjects without symptoms of Alzheimer Disease aged from 45 to 85 years old.</description>
  </arm_group>
  <intervention>
    <intervention_type>Biological</intervention_type>
    <intervention_name>Clinic and neuropsychologic evaluation</intervention_name>
    <description>evaluation at the inclusion and 18 months after</description>
    <arm_group_label>Alzheimer Disease</arm_group_label>
    <arm_group_label>Control</arm_group_label>
  </intervention>
  <intervention>
    <intervention_type>Radiation</intervention_type>
    <intervention_name>MRI</intervention_name>
    <description>intervention at the inclusion and 18 months after</description>
    <arm_group_label>Alzheimer Disease</arm_group_label>
    <arm_group_label>Control</arm_group_label>
  </intervention>
  <intervention>
    <intervention_type>Procedure</intervention_type>
    <intervention_name>PET</intervention_name>
    <description>18-FDG (18-fluoro-2-deoxyglucose)PET imaging of the brain at the inclusion and 18 months after.</description>
    <arm_group_label>Alzheimer Disease</arm_group_label>
    <arm_group_label>Control</arm_group_label>
  </intervention>
  <intervention>
    <intervention_type>Biological</intervention_type>
    <intervention_name>Apolipoprotein E genotyping</intervention_name>
    <description>genotyping at the inclusion</description>
    <arm_group_label>Alzheimer Disease</arm_group_label>
    <arm_group_label>Control</arm_group_label>
  </intervention>
  <intervention>
    <intervention_type>Biological</intervention_type>
    <intervention_name>Study of cerebrospinal fluid</intervention_name>
    <description>intervention at the inclusion</description>
    <arm_group_label>Alzheimer Disease</arm_group_label>
  </intervention>
  <eligibility>
    <criteria>
      <textblock>
        Inclusion Criteria:

          -  Arm Alzheimer Disease : first symptoms from 1 to 5 years before the inclusion,
             Clinical Dementia Rating = 1, efficient contraception for women

          -  Arm Control : efficient contraception for women

        Exclusion Criteria:

          -  Important general disease : diabetes, neoplasia, alcoholism

          -  First symptoms less than 1 year or more than 5 years before the inclusion

          -  Pregnancy, breast feeding
      </textblock>
    </criteria>
    <gender>All</gender>
    <minimum_age>45 Years</minimum_age>
    <maximum_age>90 Years</maximum_age>
    <healthy_volunteers>Accepts Healthy Volunteers</healthy_volunteers>
  </eligibility>
  <overall_official>
    <last_name>mathieu ceccaldi</last_name>
    <role>Principal Investigator</role>
    <affiliation>Assistance Publique - Hôpitaux de Marseille</affiliation>
  </overall_official>
  <overall_contact>
    <last_name>Mathieu Ceccaldi</last_name>
    <email>mathieu.ceccaldi@ap-hm.fr</email>
  </overall_contact>
  <location>
    <facility>
      <name>Assistance Publique - Hôpitaux de Marseille</name>
      <address>
        <city>Marseille</city>
        <country>France</country>
      </address>
    </facility>
    <status>Recruiting</status>
    <contact>
      <last_name>Mathieu Ceccaldi</last_name>
      <email>mathieu.ceccaldi@ap-hm.fr</email>
    </contact>
    <investigator>
      <last_name>Mathieu Ceccaldi</last_name>
      <role>Principal Investigator</role>
    </investigator>
  </location>
  <location_countries>
    <country>France</country>
  </location_countries>
  <verification_date>October 2015</verification_date>
  <!-- Old date names will be dropped in a few months (sometime in 2018)                        -->
  <lastchanged_date>October 22, 2015</lastchanged_date>
  <firstreceived_date>September 29, 2009</firstreceived_date>
  <!-- New date names                                                                           -->
  <study_first_submitted>September 29, 2009</study_first_submitted>
  <study_first_submitted_qc>September 29, 2009</study_first_submitted_qc>
  <study_first_posted type="Estimate">September 30, 2009</study_first_posted>
  <last_update_submitted>October 22, 2015</last_update_submitted>
  <last_update_submitted_qc>October 22, 2015</last_update_submitted_qc>
  <last_update_posted type="Estimate">October 23, 2015</last_update_posted>
  <!-- End of dates                                                                             -->
  <responsible_party>
    <responsible_party_type>Sponsor</responsible_party_type>
  </responsible_party>
  <keyword>subjects developing symptoms of Alzheimer Disease</keyword>
  <condition_browse>
    <!-- CAUTION:  The following MeSH terms are assigned with an imperfect algorithm            -->
    <mesh_term>Alzheimer Disease</mesh_term>
  </condition_browse>
  <!-- Results have not yet been posted for this study                                          -->
</clinical_study>

