<?xml version="1.0" encoding="UTF-8"?>
<clinical_study rank="16">
  <!-- This xml conforms to an XML Schema at:
    https://clinicaltrials.gov/ct2/html/images/info/public.xsd -->
  <required_header>
    <download_date>ClinicalTrials.gov processed this data on November 07, 2017</download_date>
    <link_text>Link to the current ClinicalTrials.gov record.</link_text>
    <url>https://clinicaltrials.gov/show/NCT01428453</url>
  </required_header>
  <id_info>
    <org_study_id>114458</org_study_id>
    <nct_id>NCT01428453</nct_id>
  </id_info>
  <brief_title>A Phase 2a Study to Evaluate the Effect of Rilapladib (SB-659032) in Alzheimer's Disease</brief_title>
  <official_title>A Phase 2a Study to Evaluate the Effect of Rilapladib (SB-659032) on Biomarkers Related to the Pathogenesis and Progression of Alzheimer's Disease</official_title>
  <sponsors>
    <lead_sponsor>
      <agency>GlaxoSmithKline</agency>
      <agency_class>Industry</agency_class>
    </lead_sponsor>
  </sponsors>
  <source>GlaxoSmithKline</source>
  <oversight_info>
    <has_dmc>No</has_dmc>
  </oversight_info>
  <brief_summary>
    <textblock>
      The study is designed to investigate the effects of rilapladib on biomarkers related to the
      Alzheimer's disease, and cognitive function.
    </textblock>
  </brief_summary>
  <detailed_description>
    <textblock>
      The study is in subjects with Alzheimer's disease and evidence of cerebrovascular disease
      (CVD) who are currently treated with an acetylcholinesterase inhibitor (AChEI) and/or
      memantine. The study is a randomized, double-blind, placebo controlled, parallel group,
      repeat dose design, in which subjects (up to 60 randomized subjects per arm) will receive
      oral placebo or rilapladib (250 mg), once daily for 24 weeks in addition to their stable
      background AD therapy consisting of an acetylcholinesterase inhibitor (AChEI) and/or
      memantine. Subjects will take 250mg of rilapladib or placebo once daily for a period of 24
      weeks. The total duration of participation for each subject will be approximately 30 weeks
      comprising approximately 4 weeks screening, 24 weeks treatment and 2 weeks follow-up. From
      the time of randomization and throughout the treatment period subjects will attend visits
      after 1 week, 4 weeks and thereafter every 4 weeks until Week 24. A follow-up visit will
      occur approximately 2 weeks after the final dose of study medication. Cognitive assessments
      will be performed at the screening visit, at the randomization (baseline) visit and at weeks
      12 and 24 of the treatment period. Cerebrospinal fluid (CSF) samples will be taken via lumbar
      puncture at baseline and Week 24 for biomarker analyses related to Alzheimer's disease. Blood
      samples will be collected throughout the study for pharmacokinetics and a range of biomarker
      analyses. A range of safety and tolerability assessments will also be performed (including
      vital signs, laboratory tests, eye examinations and ECGs).
    </textblock>
  </detailed_description>
  <overall_status>Completed</overall_status>
  <start_date>October 2011</start_date>
  <completion_date type="Actual">February 2013</completion_date>
  <primary_completion_date type="Actual">February 2013</primary_completion_date>
  <phase>Phase 2</phase>
  <study_type>Interventional</study_type>
  <has_expanded_access>No</has_expanded_access>
  <study_design_info>
    <allocation>Randomized</allocation>
    <intervention_model>Parallel Assignment</intervention_model>
    <primary_purpose>Treatment</primary_purpose>
    <masking>Triple (Participant, Care Provider, Investigator)</masking>
  </study_design_info>
  <primary_outcome>
    <measure>Change from baseline in CSF Abeta42, Abeta40, Abeta42/ Abeta40 ratio</measure>
    <time_frame>Week 24</time_frame>
    <description>Efficacy</description>
  </primary_outcome>
  <primary_outcome>
    <measure>Change from baseline in CSF tau and P-tau</measure>
    <time_frame>Week 24</time_frame>
    <description>Efficacy</description>
  </primary_outcome>
  <primary_outcome>
    <measure>Change from baseline in working memory/executive function composite score</measure>
    <time_frame>Week 24</time_frame>
    <description>Efficacy</description>
  </primary_outcome>
  <secondary_outcome>
    <measure>Change from baseline in CSF albumin quotient</measure>
    <time_frame>Week 24</time_frame>
    <description>Efficacy</description>
  </secondary_outcome>
  <secondary_outcome>
    <measure>Change from baseline in plasma Abeta levels (Abeta42, Abeta40 and Abeta42/Abeta40 ratio)</measure>
    <time_frame>Week 24</time_frame>
    <description>Efficacy</description>
  </secondary_outcome>
  <secondary_outcome>
    <measure>Change from baseline in CSF and plasma Lp-PLA2 activity</measure>
    <time_frame>Week 24</time_frame>
    <description>Efficacy</description>
  </secondary_outcome>
  <secondary_outcome>
    <measure>Change from baseline in other aspects of cognition, including attention, episodic memory and an overall composite score</measure>
    <time_frame>Week 24</time_frame>
    <description>Efficacy</description>
  </secondary_outcome>
  <secondary_outcome>
    <measure>Assessment of safety and tolerability of rilapladib in subjects with Alzheimer's disease over a 24 week treatment period, including AEs, vital signs, clinical labs</measure>
    <time_frame>Week 24</time_frame>
    <description>Safety</description>
  </secondary_outcome>
  <secondary_outcome>
    <measure>Assessment of plasma concentrations of rilapladib and its active metabolite in plasma and CSF</measure>
    <time_frame>Week 24</time_frame>
    <description>Pharmacokinetics</description>
  </secondary_outcome>
  <number_of_arms>2</number_of_arms>
  <enrollment type="Actual">124</enrollment>
  <condition>Alzheimer's Disease</condition>
  <arm_group>
    <arm_group_label>250mg rilapladib</arm_group_label>
    <arm_group_type>Experimental</arm_group_type>
    <description>Experimental drug</description>
  </arm_group>
  <arm_group>
    <arm_group_label>placebo</arm_group_label>
    <arm_group_type>Placebo Comparator</arm_group_type>
    <description>Placebo comparator</description>
  </arm_group>
  <intervention>
    <intervention_type>Drug</intervention_type>
    <intervention_name>250mg rilapladib</intervention_name>
    <description>Experimental Drug</description>
    <arm_group_label>250mg rilapladib</arm_group_label>
  </intervention>
  <intervention>
    <intervention_type>Drug</intervention_type>
    <intervention_name>placebo</intervention_name>
    <description>Placebo comparator</description>
    <arm_group_label>placebo</arm_group_label>
  </intervention>
  <eligibility>
    <criteria>
      <textblock>
        Inclusion Criteria:

          1. A clinical diagnosis of possible Alzheimer's disease in accordance with the National
             Institute of Neurological and Communicative Diseases and Stroke/Alzheimer's Disease
             and Related Disorders Association (NINCDS-ADRDA) criteria, with radiological (Magnetic
             Resonance Imaging [MRI] or Computed Tomography [CT]) evidence of significant
             cerebrovascular disease (CVD), assessed within the last 12 months

          2. Male or female between 50 and 80 years of age inclusive, at the time of signing the
             informed consent.

          3. Subject has a documented history of at least 6 months of ongoing Alzheimer's disease
             therapy (AChEIs and/or memantine) with stable dosing for at least the last 2 months
             (and with no intent to change for the duration of the study).

          4. Mini-Mental Status Examination (MMSE) score between 20 and 26 at Screening.

          5. Clinical Dementia Rating Scale (CDR) score of 0.5 or 1.0 at Screening.

          6. A female subject is eligible to participate if she is of non-childbearing potential
             defined as pre-menopausal females with a documented tubal ligation or hysterectomy; or
             postmenopausal defined as 12 months of spontaneous amenorrhea; or of child-bearing
             potential and agrees to use acceptable contraception methods

          7. Subject has provided full written informed consent prior to the performance of any
             protocol-specified procedure; or if the subject is unable to provide informed consent
             due to cognitive status, the subject will provide assent and full written informed
             consent will be provided by a legally acceptable representative

          8. The subject has a dedicated caregiver who is willing to supervise participation in the
             study

          9. In the opinion of the investigator, the subject has the ability to comply with study
             procedures (cognitive and other testing) and is fluent in the language used for the
             administration of the cognitive tests.

        Exclusion Criteria:

          1. History and/or evidence of any other CNS disorder that could be interpreted as a cause
             of dementia: e.g. structural or developmental abnormality, epilepsy, infectious,
             degenerative or inflammatory/demyelinating CNS conditions such as, Parkinson's disease
             and frontotemporal dementia

          2. History of significant psychiatric illness such as schizophrenia or bipolar affective
             disorder that in the opinion of the Investigator would interfere with participation in
             the study; major depressive disorder (according to DSM-IV) in the past year; current
             active depression requiring initiation of treatment (or is believed to account for
             substantial degree of cognitive impairment)

          3. Evidence of the following disorders: current vitamin B12 deficiency, positive syphilis
             serology (unless neurosyphilis was ruled out) or active thyroid dysfunction
             (particularly suggestive of hypothyroidism), including abnormally high or low serum
             levels of thyroid stimulating hormone (TSH), where this is thought to be the cause of,
             or to contribute to the severity of the subject's dementia.

          4. History of alcohol or other substance abuse, according to the DSM-IV criteria, or
             recent or remote history of the same if that could be a contributing factor to
             dementia.

          5. History of intra cerebral haemorrhage due to any of the following causes: cerebral
             amyloid angiopathy, uncontrolled hypertension, cerebral arteriovenous malformation,
             coagulopathy, CNS vasculitis or any other condition that the investigator and/or
             medical monitor considers as a relevant risk factor for intracerebral haemorrhage

          6. Recent (i.e.,&lt;6 months from Screening Visit) cardiovascular event defined as:

               1. ST-elevation MI or non-ST-elevation MI, confirmed by cardiac enzyme elevation and
                  ECG changes

               2. coronary revascularization (percutaneous coronary intervention or coronary artery
                  bypass graft )

               3. stroke of any etiology

               4. resuscitated sudden death

               5. prior carotid surgery or stenting procedure

          7. Poorly controlled hypertension despite lifestyle modifications and pharmacotherapy
             (either systolic blood pressure &gt;160mmHg or diastolic blood pressure &gt;110mmHg)

          8. QTcB interval &gt;450 msec; or QTcB &gt; 480 msec in subjects with bundle branch block based
             on ECG assessment at the Screening visit.

          9. HbA1c &gt;12.0 at Screening, or uncontrolled diabetes in the opinion of the investigator.

         10. History of glaucoma or any other findings in the baseline eye exam that, in the
             opinion of the investigator, would exclude the subject from participation in the
             study.

         11. History of adult asthma (or reactive airway disease) manifested by bronchospasm in the
             past 6 months, or currently taking regular anti-asthmatic medication(s).

         12. Previous history of anaphylaxis, severe allergic reaction or history of
             hypersensitivity to any of the components of the formulation.

         13. Significant abnormalities on clinical chemistry, haematology or urinalysis at
             Screening, including clinically significant anaemia.

         14. History of chronic viral hepatitis (including presence of B surface antigen or
             hepatitis C antibody), or other chronic hepatic disorders.

         15. Abnormal Screening blood tests exceeding any of the limits defined below:

               1. Alanine transaminase (ALT) or aspartate transaminase (AST) &gt;1.5 x the upper limit
                  of normal (ULN)

               2. Alkaline phosphatase (AP) and bilirubin &gt;1.5X ULN (isolated bilirubin &gt;1.5x ULN
                  is acceptable if bilirubin is fractionated and direct bilirubin &lt;35%).

               3. Calculated creatinine clearance &lt; 30 ml/min (per Cockcroft &amp; Gault) at Screening

         16. Other clinically significant abnormality on physical (including neurological),
             laboratory or ECG examination that could be detrimental to the subject in the opinion
             of the Investigator or could compromise the integrity of the study.

         17. Planned major surgery within the study period.

         18. Use of systemic steroids or other immunosuppressants within the last 30 days prior to
             screening.

         19. Current treatment with barbiturates, MAO inhibitors, butyrophenones, phenothiazines
             and other &quot;conventional&quot; antipsychotic within 30 days or 5 half-lives prior to
             Screening, whichever is longer.

         20. Treatment with antidepressants, (other than MAO inhibitors), thyroid hormones,
             atypical antipsychotics (e.g. risperidone), benzodiazepines and other sedatives /
             hypnotics unless prescribed at a stable dose for at least 2 months prior to Screening.
             Note: Benzodiazepines or other sedatives/hypnotics (including antihistamines) with
             half-life less than 6 hours can be taken on a prn (as needed) basis but must not be
             taken within 5 half lives prior to cognitive testing.

         21. Current treatment with known potent inhibitors of CYP3A4 (e.g. ketoconazole, rifampin,
             modafinil).

         22. Current treatment with known potent Pgp inhibitors (itraconazole, ketoconazole,
             cyclosporin, loperamide, diltiazem, verapamil, spironolactone, quinidine, bepridil,
             quinine, carvedilol)

         23. Cognitive tasks prescribed for cognitive rehabilitation and performed under medical
             supervision in the 6 months prior to screening and/or during study

         24. Investigational medications or devices including symptomatic AD treatment during the
             60 days prior to the Screening visit, or within 5 half-lives of use of the
             investigational drug prior to the Screening Visit, whichever is longer.

         25. Participation in another investigational drug (with the exception of anti-amyloid
             monoclonal antibodies [mAbs]) or device study where subject was treated chronically
             (i.e. &gt; 1 single dose) with a study agent intended to impact AD progression during the
             12 months prior to the Screening visit.

               1. Subjects who participated in an investigational drug study that involved chronic
                  dosing with a monoclonal antibody at any time in the past are excluded from this
                  study, unless it is known that they received placebo during the previous study.

               2. Subjects who participated in previous single-dose studies of anti-amyloid mAbs
                  will be permitted provided the subject's dose of the mAb is at least 5 half-lives
                  removed; the subjects did not experience any moderate adverse events classified
                  as possibly drug-related or any serious adverse event during that study; the
                  subject did not drop out of the previous study (i.e. completed all safety
                  assessments)

         26. Subjects, who in the investigator's judgement, pose a significant suicide risk (e.g.
             history of suicidal behaviour in the last 6 months and/or any suicidal ideation of
             type 4 or 5 on the C-SSRS in the last 2 months).

         27. Subject or caregiver is an immediate family member or employee of the participating
             Investigator, any of the participating site staff or GSK staff.

         28. Any contraindication to lumbar puncture or insertion of CSF catheter, including but
             not limited to

               1. Thrombocytopenia or other coagulation disorders (including subjects receiving
                  coumarin-derived anti-coagulants or low-molecular-weight heparin).

               2. The presence of cutaneous or soft tissue infection overlying or adjacent to the
                  site of lumbar puncture.

               3. Previous spinal surgery that could complicate access to the subarachnoid space.

               4. Suspicion of increased intracranial pressure due to a cerebral mass.
      </textblock>
    </criteria>
    <gender>All</gender>
    <minimum_age>50 Years</minimum_age>
    <maximum_age>80 Years</maximum_age>
    <healthy_volunteers>No</healthy_volunteers>
  </eligibility>
  <overall_official>
    <last_name>GSK Clinical Trials</last_name>
    <role>Study Director</role>
    <affiliation>GlaxoSmithKline</affiliation>
  </overall_official>
  <location>
    <facility>
      <name>GSK Investigational Site</name>
      <address>
        <city>Sofia</city>
        <zip>1113</zip>
        <country>Bulgaria</country>
      </address>
    </facility>
  </location>
  <location>
    <facility>
      <name>GSK Investigational Site</name>
      <address>
        <city>Sofia</city>
        <zip>1431</zip>
        <country>Bulgaria</country>
      </address>
    </facility>
  </location>
  <location>
    <facility>
      <name>GSK Investigational Site</name>
      <address>
        <city>Toronto</city>
        <state>Ontario</state>
        <zip>M3B 2S7</zip>
        <country>Canada</country>
      </address>
    </facility>
  </location>
  <location>
    <facility>
      <name>GSK Investigational Site</name>
      <address>
        <city>Gatineau</city>
        <state>Quebec</state>
        <zip>J9A 1K7</zip>
        <country>Canada</country>
      </address>
    </facility>
  </location>
  <location>
    <facility>
      <name>GSK Investigational Site</name>
      <address>
        <city>Sherbrooke</city>
        <state>Quebec</state>
        <zip>J1H 1Z1</zip>
        <country>Canada</country>
      </address>
    </facility>
  </location>
  <location>
    <facility>
      <name>GSK Investigational Site</name>
      <address>
        <city>Ellwangen</city>
        <state>Baden-Wuerttemberg</state>
        <zip>73479</zip>
        <country>Germany</country>
      </address>
    </facility>
  </location>
  <location>
    <facility>
      <name>GSK Investigational Site</name>
      <address>
        <city>Tuebingen</city>
        <state>Baden-Wuerttemberg</state>
        <zip>72076</zip>
        <country>Germany</country>
      </address>
    </facility>
  </location>
  <location>
    <facility>
      <name>GSK Investigational Site</name>
      <address>
        <city>Ulm</city>
        <state>Baden-Wuerttemberg</state>
        <zip>89081</zip>
        <country>Germany</country>
      </address>
    </facility>
  </location>
  <location>
    <facility>
      <name>GSK Investigational Site</name>
      <address>
        <city>Alzenau</city>
        <state>Bayern</state>
        <zip>63755</zip>
        <country>Germany</country>
      </address>
    </facility>
  </location>
  <location>
    <facility>
      <name>GSK Investigational Site</name>
      <address>
        <city>Bad Homburg</city>
        <state>Hessen</state>
        <zip>61348</zip>
        <country>Germany</country>
      </address>
    </facility>
  </location>
  <location>
    <facility>
      <name>GSK Investigational Site</name>
      <address>
        <city>Achim</city>
        <state>Niedersachsen</state>
        <zip>28832</zip>
        <country>Germany</country>
      </address>
    </facility>
  </location>
  <location>
    <facility>
      <name>GSK Investigational Site</name>
      <address>
        <city>Hannover</city>
        <state>Niedersachsen</state>
        <zip>30559</zip>
        <country>Germany</country>
      </address>
    </facility>
  </location>
  <location>
    <facility>
      <name>GSK Investigational Site</name>
      <address>
        <city>Bochum</city>
        <state>Nordrhein-Westfalen</state>
        <zip>44787</zip>
        <country>Germany</country>
      </address>
    </facility>
  </location>
  <location>
    <facility>
      <name>GSK Investigational Site</name>
      <address>
        <city>Bochum</city>
        <state>Nordrhein-Westfalen</state>
        <zip>44791</zip>
        <country>Germany</country>
      </address>
    </facility>
  </location>
  <location>
    <facility>
      <name>GSK Investigational Site</name>
      <address>
        <city>Bochum</city>
        <state>Nordrhein-Westfalen</state>
        <zip>44892</zip>
        <country>Germany</country>
      </address>
    </facility>
  </location>
  <location>
    <facility>
      <name>GSK Investigational Site</name>
      <address>
        <city>Koeln</city>
        <state>Nordrhein-Westfalen</state>
        <zip>50935</zip>
        <country>Germany</country>
      </address>
    </facility>
  </location>
  <location>
    <facility>
      <name>GSK Investigational Site</name>
      <address>
        <city>Oldenburg</city>
        <state>Schleswig-Holstein</state>
        <zip>26122</zip>
        <country>Germany</country>
      </address>
    </facility>
  </location>
  <location>
    <facility>
      <name>GSK Investigational Site</name>
      <address>
        <city>Roma</city>
        <state>Lazio</state>
        <zip>00185</zip>
        <country>Italy</country>
      </address>
    </facility>
  </location>
  <location>
    <facility>
      <name>GSK Investigational Site</name>
      <address>
        <city>Genova</city>
        <state>Liguria</state>
        <zip>16132</zip>
        <country>Italy</country>
      </address>
    </facility>
  </location>
  <location>
    <facility>
      <name>GSK Investigational Site</name>
      <address>
        <city>Brescia</city>
        <state>Lombardia</state>
        <zip>25125</zip>
        <country>Italy</country>
      </address>
    </facility>
  </location>
  <location>
    <facility>
      <name>GSK Investigational Site</name>
      <address>
        <city>Milano</city>
        <state>Lombardia</state>
        <zip>20122</zip>
        <country>Italy</country>
      </address>
    </facility>
  </location>
  <location>
    <facility>
      <name>GSK Investigational Site</name>
      <address>
        <city>Verona</city>
        <state>Veneto</state>
        <zip>37134</zip>
        <country>Italy</country>
      </address>
    </facility>
  </location>
  <location>
    <facility>
      <name>GSK Investigational Site</name>
      <address>
        <city>Lørenskog</city>
        <zip>1478</zip>
        <country>Norway</country>
      </address>
    </facility>
  </location>
  <location>
    <facility>
      <name>GSK Investigational Site</name>
      <address>
        <city>Baracaldo/Vizcaya</city>
        <zip>48903</zip>
        <country>Spain</country>
      </address>
    </facility>
  </location>
  <location>
    <facility>
      <name>GSK Investigational Site</name>
      <address>
        <city>Barcelona</city>
        <zip>08014</zip>
        <country>Spain</country>
      </address>
    </facility>
  </location>
  <location>
    <facility>
      <name>GSK Investigational Site</name>
      <address>
        <city>Castellón de La Plana</city>
        <zip>12004</zip>
        <country>Spain</country>
      </address>
    </facility>
  </location>
  <location>
    <facility>
      <name>GSK Investigational Site</name>
      <address>
        <city>Getafe/Madrid</city>
        <zip>28905</zip>
        <country>Spain</country>
      </address>
    </facility>
  </location>
  <location>
    <facility>
      <name>GSK Investigational Site</name>
      <address>
        <city>L'Hospitalet de Llobregat</city>
        <zip>08907</zip>
        <country>Spain</country>
      </address>
    </facility>
  </location>
  <location>
    <facility>
      <name>GSK Investigational Site</name>
      <address>
        <city>Madrid</city>
        <zip>28006</zip>
        <country>Spain</country>
      </address>
    </facility>
  </location>
  <location>
    <facility>
      <name>GSK Investigational Site</name>
      <address>
        <city>Stockholm</city>
        <zip>se-141 86</zip>
        <country>Sweden</country>
      </address>
    </facility>
  </location>
  <location_countries>
    <country>Bulgaria</country>
    <country>Canada</country>
    <country>Germany</country>
    <country>Italy</country>
    <country>Norway</country>
    <country>Spain</country>
    <country>Sweden</country>
  </location_countries>
  <verification_date>August 2013</verification_date>
  <!-- Old date names will be dropped in a few months (sometime in 2018)                        -->
  <lastchanged_date>April 27, 2015</lastchanged_date>
  <firstreceived_date>September 1, 2011</firstreceived_date>
  <firstreceived_results_disposition_date>April 27, 2015</firstreceived_results_disposition_date>
  <!-- New date names                                                                           -->
  <study_first_submitted>September 1, 2011</study_first_submitted>
  <study_first_submitted_qc>September 1, 2011</study_first_submitted_qc>
  <study_first_posted type="Estimate">September 5, 2011</study_first_posted>
  <disposition_first_submitted>April 27, 2015</disposition_first_submitted>
  <disposition_first_submitted_qc>April 27, 2015</disposition_first_submitted_qc>
  <disposition_first_posted type="Estimate">May 13, 2015</disposition_first_posted>
  <last_update_submitted>April 27, 2015</last_update_submitted>
  <last_update_submitted_qc>April 27, 2015</last_update_submitted_qc>
  <last_update_posted type="Actual">October 12, 2017</last_update_posted>
  <!-- End of dates                                                                             -->
  <responsible_party>
    <responsible_party_type>Sponsor</responsible_party_type>
  </responsible_party>
  <keyword>Alzheimer's disease</keyword>
  <condition_browse>
    <!-- CAUTION:  The following MeSH terms are assigned with an imperfect algorithm            -->
    <mesh_term>Alzheimer Disease</mesh_term>
  </condition_browse>
  <!-- Results have not yet been posted, but a results disposition has been submitted           -->
</clinical_study>

