<?xml version="1.0" encoding="UTF-8"?>
<clinical_study rank="390">
  <!-- This xml conforms to an XML Schema at:
    https://clinicaltrials.gov/ct2/html/images/info/public.xsd -->
  <required_header>
    <download_date>ClinicalTrials.gov processed this data on November 07, 2017</download_date>
    <link_text>Link to the current ClinicalTrials.gov record.</link_text>
    <url>https://clinicaltrials.gov/show/NCT00299988</url>
  </required_header>
  <id_info>
    <org_study_id>0512008265</org_study_id>
    <nct_id>NCT00299988</nct_id>
  </id_info>
  <brief_title>Phase II Study of Intravenous Immunoglobulin (IVIg) for Alzheimer's Disease</brief_title>
  <official_title>A Placebo-controlled, Randomized, Double-Blind Phase II Clinical Study of Gammagard Intravenous Immunoglobulin (IVIg) for Treatment of Mild to Moderate Alzheimer's Disease</official_title>
  <sponsors>
    <lead_sponsor>
      <agency>Weill Medical College of Cornell University</agency>
      <agency_class>Other</agency_class>
    </lead_sponsor>
    <collaborator>
      <agency>Baxter BioScience</agency>
      <agency_class>Industry</agency_class>
    </collaborator>
    <collaborator>
      <agency>National Institutes of Health (NIH)</agency>
      <agency_class>NIH</agency_class>
    </collaborator>
  </sponsors>
  <source>Weill Medical College of Cornell University</source>
  <oversight_info>
    <has_dmc>Yes</has_dmc>
  </oversight_info>
  <brief_summary>
    <textblock>
      The overall goal of this double-blind Phase II study is to evaluate the safety, efficacy and
      biological mechanisms of action of Intravenous Immunoglobulin (IVIg) in the treatment of mild
      to moderate stage Alzheimer's disease (AD). IVIg contains antibodies against the amyloid beta
      protein that is the central component of the AD senile plaque. It is hypothesized that IVIg
      treatment will reduce the levels of beta amyloid in the brain and improve cognitive abilities
      relative to placebo. A total of 24 patients with mild to moderate AD capable of giving
      informed consent will be randomly assigned to receive either IVIg (16 patients)or saline
      placebo (8 patients) for six months. This study includes comparison of four dosing regimens
      of IVIg. Cognitive, behavioral and functional measures will be collected at baseline, three
      months and six months of treatment. Plasma samples will be collected before and after
      infusions. Subjects will undergo a lumbar puncture before and after the six months of
      treatment for cerebrospinal fluid (CSF) biomarker analyses. In addition, Positron Emission
      Tomography (PET) imaging substudies will be performed at two time points during the study.
      Following the initial 6 month placebo-controlled period, all participants have the
      opportunity to receive IVIg for an additional 12 month period in an extension study.
    </textblock>
  </brief_summary>
  <detailed_description>
    <textblock>
      Abnormal processing of the beta-amyloid protein is thought to be an early and causative event
      in the pathogenesis of Alzheimer's disease (AD). Immunotherapy targeting beta amyloid (Aβ)
      has demonstrated a remarkable capacity to arrest and even reverse elements of AD brain
      pathology. Intravenous Immunoglobulin (IVIg) is a medication obtained from the pooled plasma
      of healthy human blood donors that contains natural anti-amyloid antibodies and exhibits
      potent central nervous system anti-inflammatory properties. IVIg has been FDA-approved and
      used for more than 25 years in patients with a variety of immune deficiency and autoimmune
      diseases and has an established safety record, but is not FDA-approved for the treatment of
      AD.

      A total of 24 patients, males and females 50 years of age and older, with mild to moderate
      Alzheimer's disease (AD) will be enrolled in this research study. To be eligible, patients
      must meet the National Institute of Neurological and Communicative Disorders and
      Stroke/Alzheimer's Disease and Related Disorders Association (NINCDS-ADRDA) criteria for
      probable AD. After written informed consent is obtained, subjects will go through a screening
      process to determine if he or she meets the inclusion criteria. Screening procedures include
      medical history, blood and urine tests, neurologic exam, chest x-ray and MRI. Women who want
      to take part in this study must either be post-menopausal, surgically sterilized or agree to
      avoid becoming pregnant during the entire period of their participation in this study.

      To be eligible for this research study, patients must be taking a stable dose of an approved
      AD medication for at least 3 months prior to entering this study or be unable to take these
      medications. The design of this protocol is that of an add-on study and we will recommend
      patients continue to take any FDA-approved AD medications they are taking at study entry.

      Subjects' participation in the study will last approximately 19 months, including screening
      and baseline procedures, treatment with study drug and a follow-up visit 1 ½ months after
      finishing treatment, plus a visit for blood tests 6 months after the last infusion in the
      study. This research study requires that the patient have another person, (such as a spouse,
      child, other relative, close friend, aide or other professional caregiver), who will
      accompany the patient to each clinic visit.

      Subjects will be randomized to a treatment group for 6 months of infusions of IVIg or
      placebo. The treatment groups compare different doses and frequencies of treatment. Patients
      will have a 33% chance of receiving placebo.

      Blood will be obtained from subjects every two weeks and examined in our research
      laboratories to obtain more information about IVIg's biological effects. Cerebrospinal fluid
      will be obtained by lumbar puncture twice over the course of the study for the same purpose.
      Patients will be asked to allow a portion of a blood sample to be used for Apolipoprotein E
      (APOE) testing and banked for genetic research testing related to AD and aging, but do not
      have to participate in the testing or allow their blood sample to be stored in order to take
      part in the study.

      Cognitive testing will be carried out at baseline and every three months over a period of 18
      months. Results of cognitive testing will constitute the primary endpoint of this study.
      Positron Emission Tomography (PET) imaging substudies will be performed at two time points
      during the study. Safety laboratories and assessments will be carried out at regular
      intervals. Subjects will not be responsible for any research study-related costs but will be
      responsible for the costs of evaluations required to establish diagnosis.
    </textblock>
  </detailed_description>
  <overall_status>Completed</overall_status>
  <start_date>February 2006</start_date>
  <completion_date type="Actual">April 2010</completion_date>
  <primary_completion_date type="Actual">January 2009</primary_completion_date>
  <phase>Phase 2</phase>
  <study_type>Interventional</study_type>
  <has_expanded_access>No</has_expanded_access>
  <study_design_info>
    <allocation>Randomized</allocation>
    <intervention_model>Parallel Assignment</intervention_model>
    <primary_purpose>Treatment</primary_purpose>
    <masking>Double</masking>
  </study_design_info>
  <primary_outcome>
    <measure>ADAS-Cog</measure>
  </primary_outcome>
  <primary_outcome>
    <measure>ADCS-CGIC</measure>
  </primary_outcome>
  <secondary_outcome>
    <measure>3MS</measure>
  </secondary_outcome>
  <secondary_outcome>
    <measure>ADCS-ADL</measure>
  </secondary_outcome>
  <secondary_outcome>
    <measure>NPI</measure>
  </secondary_outcome>
  <secondary_outcome>
    <measure>GDS</measure>
  </secondary_outcome>
  <secondary_outcome>
    <measure>QOL</measure>
  </secondary_outcome>
  <secondary_outcome>
    <measure>ADCS Pharmacoeconomic Assessment</measure>
  </secondary_outcome>
  <secondary_outcome>
    <measure>Plasma and CSF anti-amyloid antibody titers</measure>
  </secondary_outcome>
  <secondary_outcome>
    <measure>Plasma and CSF beta amyloid levels</measure>
  </secondary_outcome>
  <secondary_outcome>
    <measure>FDG Cerebral Glucose Utilization</measure>
  </secondary_outcome>
  <secondary_outcome>
    <measure>PIB Cerebral Amyloid Distribution (PET)</measure>
  </secondary_outcome>
  <secondary_outcome>
    <measure>PK11195 Microglial Activation (PET)</measure>
  </secondary_outcome>
  <secondary_outcome>
    <measure>Adverse Event Frequency and Severity</measure>
  </secondary_outcome>
  <enrollment type="Anticipated">24</enrollment>
  <condition>Alzheimer's Disease</condition>
  <intervention>
    <intervention_type>Drug</intervention_type>
    <intervention_name>Intravenous Immunoglobulin</intervention_name>
  </intervention>
  <eligibility>
    <criteria>
      <textblock>
        Inclusion Criteria:

          1. Diagnosis of probable Alzheimer's disease (AD) of mild to moderate severity (as
             determined by a Mini Mental State Examination (MMSE) score of 14 - 26 inclusive).

          2. Ability to give informed consent, designate a decision-maker or have an already
             recognized decision-maker (such as a legal guardian or health care proxy).

          3. Ability to comply with testing and infusion regimen.

          4. An able caregiver willing to participate (such as a spouse, child, other relative,
             close friend, aide or other professional caregiver closely involved in helping the
             patient take care of himself/herself).

          5. Venous access suitable for repeated infusion and phlebotomy.

          6. On stable doses of approved AD medications for at least 3 months.

          7. As applicable, on stable doses of psychoactive medications (e.g. antidepressants,
             antipsychotics) for at least 6 weeks.

          8. Neuroimaging performed after symptom onset consistent with the patient's diagnosis.

          9. Clinical laboratory values within normal limits or if abnormal, judged clinically
             insignificant by the Principal Investigator.

         10. Women who want to take part in this study must either be post-menopausal, surgically
             sterilized or agree to avoid becoming pregnant during the entire period of their
             participation in this study.

        Exclusion Criteria:

          1. Non-Alzheimer dementia.

          2. Active renal disease.

          3. Abnormally high serum viscosity levels.

          4. Immunoglobulin A (IgA) deficiency.

          5. Untreated congestive heart failure, unstable angina or a history of recent myocardial
             infarction.

          6. Unstable arrhythmia.

          7. Untreated or poorly controlled hypercholesterolemia.

          8. Untreated or poorly controlled hypertension.

          9. Poorly controlled diabetes.

         10. Thrombosis (central or peripheral) in the past year.

         11. Modified Hachinski score &gt; 5.

         12. Active cancer diagnosis, except basal cell carcinoma.

         13. Active autoimmune or neuroimmunologic disorder.

         14. History of IVIg treatment in past 6 months.

         15. Untreated major depression or other major psychiatric disorders.

         16. Known coagulopathy or platelet counts &lt; 100,000.

         17. Positive serology for Hepatitis B or C, or HIV.

         18. Active migraines or frequent headaches (3 or more times per week).

         19. Taking immunosuppressive drugs.

         20. Chronic (more than thrice weekly) use of non-steroidal anti-inflammatory drugs
             (NSAIDs), excluding aspirin 81 milligrams daily.

         21. Received an investigational treatment for AD within 3 months of study entry.

         22. A history of or current disorder or disease that in a physician co-investigator's
             judgment may impede the subject's participation in the study, pose immoderate risk to
             the patient or confound the results of the study
      </textblock>
    </criteria>
    <gender>All</gender>
    <minimum_age>50 Years</minimum_age>
    <maximum_age>N/A</maximum_age>
    <healthy_volunteers>No</healthy_volunteers>
  </eligibility>
  <overall_official>
    <last_name>Norman R Relkin, M.D., Ph.D.</last_name>
    <role>Principal Investigator</role>
    <affiliation>Weill Medical College of Cornell University</affiliation>
  </overall_official>
  <location>
    <facility>
      <name>Weill Medical College of Cornell University</name>
      <address>
        <city>New York City</city>
        <state>New York</state>
        <zip>10021</zip>
        <country>United States</country>
      </address>
    </facility>
  </location>
  <location_countries>
    <country>United States</country>
  </location_countries>
  <reference>
    <citation>Weksler ME, Gouras G, Relkin NR, Szabo P. The immune system, amyloid-beta peptide, and Alzheimer's disease. Immunol Rev. 2005 Jun;205:244-56. Review.</citation>
    <PMID>15882358</PMID>
  </reference>
  <verification_date>November 2010</verification_date>
  <!-- Old date names will be dropped in a few months (sometime in 2018)                        -->
  <lastchanged_date>November 8, 2010</lastchanged_date>
  <firstreceived_date>March 3, 2006</firstreceived_date>
  <!-- New date names                                                                           -->
  <study_first_submitted>March 3, 2006</study_first_submitted>
  <study_first_submitted_qc>March 3, 2006</study_first_submitted_qc>
  <study_first_posted type="Estimate">March 7, 2006</study_first_posted>
  <last_update_submitted>November 8, 2010</last_update_submitted>
  <last_update_submitted_qc>November 8, 2010</last_update_submitted_qc>
  <last_update_posted type="Estimate">November 10, 2010</last_update_posted>
  <!-- End of dates                                                                             -->
  <keyword>Immunotherapy</keyword>
  <keyword>Amyloid beta protein</keyword>
  <keyword>Antibodies</keyword>
  <keyword>Alzheimer's</keyword>
  <keyword>Dementia</keyword>
  <condition_browse>
    <!-- CAUTION:  The following MeSH terms are assigned with an imperfect algorithm            -->
    <mesh_term>Alzheimer Disease</mesh_term>
  </condition_browse>
  <intervention_browse>
    <!-- CAUTION:  The following MeSH terms are assigned with an imperfect algorithm            -->
    <mesh_term>Immunoglobulins</mesh_term>
    <mesh_term>Antibodies</mesh_term>
    <mesh_term>Immunoglobulins, Intravenous</mesh_term>
    <mesh_term>gamma-Globulins</mesh_term>
    <mesh_term>Rho(D) Immune Globulin</mesh_term>
  </intervention_browse>
  <!-- Results have not yet been posted for this study                                          -->
</clinical_study>

