<?xml version="1.0" encoding="UTF-8"?>
<clinical_study rank="6">
  <!-- This xml conforms to an XML Schema at:
    https://clinicaltrials.gov/ct2/html/images/info/public.xsd -->
  <required_header>
    <download_date>ClinicalTrials.gov processed this data on November 07, 2017</download_date>
    <link_text>Link to the current ClinicalTrials.gov record.</link_text>
    <url>https://clinicaltrials.gov/show/NCT00088673</url>
  </required_header>
  <id_info>
    <org_study_id>CL-758007</org_study_id>
    <nct_id>NCT00088673</nct_id>
  </id_info>
  <brief_title>Evaluation of 3APS in Patients With Mild to Moderate Alzheimer’s Disease</brief_title>
  <official_title>A Phase III Study of the Efficacy and Safety of 3APS in Patients With Mild to Moderate Alzheimer’s Disease</official_title>
  <sponsors>
    <lead_sponsor>
      <agency>Bellus Health Inc</agency>
      <agency_class>Industry</agency_class>
    </lead_sponsor>
  </sponsors>
  <source>Bellus Health Inc</source>
  <oversight_info>
    <has_dmc>Yes</has_dmc>
  </oversight_info>
  <brief_summary>
    <textblock>
      The purpose of this Phase III study is to evaluate the efficacy and safety of 3APS compared
      to placebo (inactive substance pill) in patients with mild to moderate Alzheimer’s disease.
    </textblock>
  </brief_summary>
  <overall_status>Unknown status</overall_status>
  <last_known_status>Active, not recruiting</last_known_status>
  <start_date>June 2004</start_date>
  <phase>Phase 3</phase>
  <study_type>Interventional</study_type>
  <study_design_info>
    <allocation>Randomized</allocation>
    <intervention_model>Parallel Assignment</intervention_model>
    <primary_purpose>Treatment</primary_purpose>
    <masking>Double</masking>
  </study_design_info>
  <primary_outcome>
    <measure>The two primary efficacy parameters are the change from baseline to month 18 in the Alzheimer's Disease Assessment Scale, cognitive subpart (ADAS-cog) and the clinical Deterioration Scale Sum of Boxes (CDR-SB) scores.</measure>
  </primary_outcome>
  <primary_outcome>
    <measure>The brain volume change from baseline as measured by Magnetic Resonance Imaging will also be assessed.</measure>
  </primary_outcome>
  <enrollment>950</enrollment>
  <condition>Alzheimer Disease</condition>
  <intervention>
    <intervention_type>Drug</intervention_type>
    <intervention_name>3APS</intervention_name>
  </intervention>
  <eligibility>
    <criteria>
      <textblock>
        Inclusion Criteria:

        Patients may be included in this study if they meet all of the following criteria:

          -  Male or Female (age 50 years and older): Female must be of non-childbearing potential
             (i.e. surgically sterilized or at least 2 years post-menopausal).

          -  Diagnosis of probable Alzheimer’s disease based on the National Institute of
             Neurological and Communicative Disorders and Stroke/Alzheimer’s Disease and Related
             Disorders Association (NINCDS-ADRDA criteria).

          -  Severity of dementia of mild to moderate degree as assessed by the Mini Mental State
             Examination (MMSE) performed at the screening visit.

          -  Patient must be living in the community with a reliable caregiver. Participant living
             in an assisted living facility may be included if study medication intake is
             supervised and participant has a reliable caregiver.

          -  Potential participant must be treated with conventional Alzheimer’s disease therapies
             and must be on stable dose for at least 4 months prior to the screening visit and
             during the entire study period.

          -  Fluency in English, French or Spanish (oral and written).

          -  Signed informed consent from potential participant or legal representative and
             caregiver.

        Exclusion Criteria:

        Patients will not be eligible to participate in the study if they meet any of the following
        criteria:

          -  Potential participant with any other cause of dementia.

          -  Life expectancy less than 2 years.

          -  Potential participant with a clinically significant and/or uncontrolled condition or
             other significant medical disease.

          -  Use of an investigational drug within 30 days prior to the screening visit or during
             the entire study.

          -  Previous use of 3APS.

        Patient recruitment is done by participating centers.
      </textblock>
    </criteria>
    <gender>All</gender>
    <minimum_age>50 Years</minimum_age>
    <maximum_age>N/A</maximum_age>
    <healthy_volunteers>No</healthy_volunteers>
  </eligibility>
  <location>
    <facility>
      <name>Pivotal Research Centers</name>
      <address>
        <city>Peoria</city>
        <state>Arizona</state>
        <country>United States</country>
      </address>
    </facility>
  </location>
  <location>
    <facility>
      <name>21st Century Neurology, a division of Xenoscience</name>
      <address>
        <city>Phoenix</city>
        <state>Arizona</state>
        <country>United States</country>
      </address>
    </facility>
  </location>
  <location>
    <facility>
      <name>Central Arkansas Research</name>
      <address>
        <city>Hot Springs</city>
        <state>Arkansas</state>
        <country>United States</country>
      </address>
    </facility>
  </location>
  <location>
    <facility>
      <name>Margolin Brain Institute</name>
      <address>
        <city>Fresno</city>
        <state>California</state>
        <country>United States</country>
      </address>
    </facility>
  </location>
  <location>
    <facility>
      <name>Senior Clinical Trials, Inc.</name>
      <address>
        <city>Laguna Hills</city>
        <state>California</state>
        <country>United States</country>
      </address>
    </facility>
  </location>
  <location>
    <facility>
      <name>Pacific Research Network, Inc.</name>
      <address>
        <city>San Diego</city>
        <state>California</state>
        <country>United States</country>
      </address>
    </facility>
  </location>
  <location>
    <facility>
      <name>San Francisco Clinical Research Center</name>
      <address>
        <city>San Francisco</city>
        <state>California</state>
        <country>United States</country>
      </address>
    </facility>
  </location>
  <location>
    <facility>
      <name>Radiant Research</name>
      <address>
        <city>Denver</city>
        <state>Colorado</state>
        <country>United States</country>
      </address>
    </facility>
  </location>
  <location>
    <facility>
      <name>Research Center for Clinical Studies, Inc.</name>
      <address>
        <city>Darien</city>
        <state>Connecticut</state>
        <zip>06820</zip>
        <country>United States</country>
      </address>
    </facility>
  </location>
  <location>
    <facility>
      <name>Yale University, Alzheimer's Disesase Research Unit</name>
      <address>
        <city>New Haven</city>
        <state>Connecticut</state>
        <country>United States</country>
      </address>
    </facility>
  </location>
  <location>
    <facility>
      <name>New England Research Institute</name>
      <address>
        <city>Stamford</city>
        <state>Connecticut</state>
        <country>United States</country>
      </address>
    </facility>
  </location>
  <location>
    <facility>
      <name>Georgetown University Medical Center</name>
      <address>
        <city>Washington</city>
        <state>District of Columbia</state>
        <country>United States</country>
      </address>
    </facility>
  </location>
  <location>
    <facility>
      <name>Neuropsychiatric Research Center of SouthWest Florida</name>
      <address>
        <city>Fort Myers</city>
        <state>Florida</state>
        <country>United States</country>
      </address>
    </facility>
  </location>
  <location>
    <facility>
      <name>Berma Research Group</name>
      <address>
        <city>Hialeah</city>
        <state>Florida</state>
        <country>United States</country>
      </address>
    </facility>
  </location>
  <location>
    <facility>
      <name>Tukoi Institute for Clinical Research</name>
      <address>
        <city>Miami</city>
        <state>Florida</state>
        <country>United States</country>
      </address>
    </facility>
  </location>
  <location>
    <facility>
      <name>Palm Beach Neurological Center</name>
      <address>
        <city>Palm Beach Gardens</city>
        <state>Florida</state>
        <country>United States</country>
      </address>
    </facility>
  </location>
  <location>
    <facility>
      <name>Quantum Laboratories Inc at the Memory Disorders Clinic, North Broward Medical Center</name>
      <address>
        <city>Pompano Beach</city>
        <state>Florida</state>
        <country>United States</country>
      </address>
    </facility>
  </location>
  <location>
    <facility>
      <name>Axiom Clinical Research</name>
      <address>
        <city>Tampa</city>
        <state>Florida</state>
        <country>United States</country>
      </address>
    </facility>
  </location>
  <location>
    <facility>
      <name>Byrd Alzheimer’s Center and Research Institute</name>
      <address>
        <city>Tampa</city>
        <state>Florida</state>
        <country>United States</country>
      </address>
    </facility>
  </location>
  <location>
    <facility>
      <name>Stedman Clinical Trials</name>
      <address>
        <city>Tampa</city>
        <state>Florida</state>
        <country>United States</country>
      </address>
    </facility>
  </location>
  <location>
    <facility>
      <name>University of South Florida, Suncoast Gerontology Center</name>
      <address>
        <city>Tampa</city>
        <state>Florida</state>
        <country>United States</country>
      </address>
    </facility>
  </location>
  <location>
    <facility>
      <name>Premiere Research Institute Palm Beach Neurology</name>
      <address>
        <city>West Palm Beach</city>
        <state>Florida</state>
        <country>United States</country>
      </address>
    </facility>
  </location>
  <location>
    <facility>
      <name>Comprehensive Neurology Specialists, PC</name>
      <address>
        <city>Atlanta</city>
        <state>Georgia</state>
        <country>United States</country>
      </address>
    </facility>
  </location>
  <location>
    <facility>
      <name>Emory University</name>
      <address>
        <city>Atlanta</city>
        <state>Georgia</state>
        <country>United States</country>
      </address>
    </facility>
  </location>
  <location>
    <facility>
      <name>Southern Illinois University (SIU) School of Medicine, Department of Neurology</name>
      <address>
        <city>Springfield</city>
        <state>Illinois</state>
        <country>United States</country>
      </address>
    </facility>
  </location>
  <location>
    <facility>
      <name>Brigham &amp; Women's Hospital</name>
      <address>
        <city>Boston</city>
        <state>Massachusetts</state>
        <country>United States</country>
      </address>
    </facility>
  </location>
  <location>
    <facility>
      <name>Mood &amp; Memory Clinic - Dr Aronson</name>
      <address>
        <city>Farmington Hills</city>
        <state>Michigan</state>
        <country>United States</country>
      </address>
    </facility>
  </location>
  <location>
    <facility>
      <name>Memory Enhancement Center</name>
      <address>
        <city>Long Branch</city>
        <state>New Jersey</state>
        <country>United States</country>
      </address>
    </facility>
  </location>
  <location>
    <facility>
      <name>Neurological Associates of Albany</name>
      <address>
        <city>Albany</city>
        <state>New York</state>
        <country>United States</country>
      </address>
    </facility>
  </location>
  <location>
    <facility>
      <name>Eastside Comprehensive Medical Center</name>
      <address>
        <city>New York</city>
        <state>New York</state>
        <country>United States</country>
      </address>
    </facility>
  </location>
  <location>
    <facility>
      <name>NYU School of Medicine</name>
      <address>
        <city>New York</city>
        <state>New York</state>
        <country>United States</country>
      </address>
    </facility>
  </location>
  <location>
    <facility>
      <name>Global Research and Consulting</name>
      <address>
        <city>Olean</city>
        <state>New York</state>
        <country>United States</country>
      </address>
    </facility>
  </location>
  <location>
    <facility>
      <name>Nathan S. Kline Institute</name>
      <address>
        <city>Orangeburg</city>
        <state>New York</state>
        <country>United States</country>
      </address>
    </facility>
  </location>
  <location>
    <facility>
      <name>University of Rochester-Program in Neurobehavioral Therapeutics</name>
      <address>
        <city>Rochester</city>
        <state>New York</state>
        <country>United States</country>
      </address>
    </facility>
  </location>
  <location>
    <facility>
      <name>Richard H. Weisler, MD, PA and Associates</name>
      <address>
        <city>Raleigh</city>
        <state>North Carolina</state>
        <country>United States</country>
      </address>
    </facility>
  </location>
  <location>
    <facility>
      <name>Wake Forest University School of Medicine, Department of Psychiatry and Behavioral Medicine</name>
      <address>
        <city>Winston-Salem</city>
        <state>North Carolina</state>
        <country>United States</country>
      </address>
    </facility>
  </location>
  <location>
    <facility>
      <name>University Memory and Aging Center</name>
      <address>
        <city>Cleveland</city>
        <state>Ohio</state>
        <country>United States</country>
      </address>
    </facility>
  </location>
  <location>
    <facility>
      <name>Neurology and Neuroscience Center of Ohio</name>
      <address>
        <city>Toledo</city>
        <state>Ohio</state>
        <country>United States</country>
      </address>
    </facility>
  </location>
  <location>
    <facility>
      <name>Clinical Pharmaceuticals Trials, Inc.</name>
      <address>
        <city>Tulsa</city>
        <state>Oklahoma</state>
        <country>United States</country>
      </address>
    </facility>
  </location>
  <location>
    <facility>
      <name>CNS Research Institute</name>
      <address>
        <city>Philadelphia</city>
        <state>Pennsylvania</state>
        <country>United States</country>
      </address>
    </facility>
  </location>
  <location>
    <facility>
      <name>Farber Institute for Neurosciences</name>
      <address>
        <city>Philadelphia</city>
        <state>Pennsylvania</state>
        <country>United States</country>
      </address>
    </facility>
  </location>
  <location>
    <facility>
      <name>University of Pennsylvania</name>
      <address>
        <city>Philadelphia</city>
        <state>Pennsylvania</state>
        <country>United States</country>
      </address>
    </facility>
  </location>
  <location>
    <facility>
      <name>University of Pittsburgh ADRC</name>
      <address>
        <city>Pittsburgh</city>
        <state>Pennsylvania</state>
        <country>United States</country>
      </address>
    </facility>
  </location>
  <location>
    <facility>
      <name>CNS Research, Inc.</name>
      <address>
        <city>East Providence</city>
        <state>Rhode Island</state>
        <country>United States</country>
      </address>
    </facility>
  </location>
  <location>
    <facility>
      <name>Memory and Aging Program, Butler Hospital</name>
      <address>
        <city>Providence</city>
        <state>Rhode Island</state>
        <country>United States</country>
      </address>
    </facility>
  </location>
  <location>
    <facility>
      <name>MUSC - Alzheimer's Research and Clinical Programs</name>
      <address>
        <city>North Charleston</city>
        <state>South Carolina</state>
        <country>United States</country>
      </address>
    </facility>
  </location>
  <location>
    <facility>
      <name>Clinical Research Services at Tennessee Christian Medical Center</name>
      <address>
        <city>Madison</city>
        <state>Tennessee</state>
        <country>United States</country>
      </address>
    </facility>
  </location>
  <location>
    <facility>
      <name>University of Texas Mental Sciences Institute</name>
      <address>
        <city>Houston</city>
        <state>Texas</state>
        <country>United States</country>
      </address>
    </facility>
  </location>
  <location>
    <facility>
      <name>Air Force Villages-Freedom House Research (Study open to Air Force Village residents only)</name>
      <address>
        <city>San Antonio</city>
        <state>Texas</state>
        <country>United States</country>
      </address>
    </facility>
  </location>
  <location>
    <facility>
      <name>The Memory Clinic</name>
      <address>
        <city>Bennington</city>
        <state>Vermont</state>
        <country>United States</country>
      </address>
    </facility>
  </location>
  <location>
    <facility>
      <address>
        <city>Calgary</city>
        <state>Alberta</state>
        <country>Canada</country>
      </address>
    </facility>
  </location>
  <location>
    <facility>
      <name>The Medical Arts Health Research Group, a Division of PCT Networks, Inc.</name>
      <address>
        <city>Penticton</city>
        <state>British Columbia</state>
        <country>Canada</country>
      </address>
    </facility>
  </location>
  <location>
    <facility>
      <name>St. Joseph's Hospital</name>
      <address>
        <city>Saint-John</city>
        <state>New Brunswick</state>
        <country>Canada</country>
      </address>
    </facility>
  </location>
  <location>
    <facility>
      <name>Queen Elizabeth II Health Sciences Centre</name>
      <address>
        <city>Halifax</city>
        <state>Nova Scotia</state>
        <country>Canada</country>
      </address>
    </facility>
  </location>
  <location>
    <facility>
      <name>Queen's University</name>
      <address>
        <city>Kingston</city>
        <state>Ontario</state>
        <country>Canada</country>
      </address>
    </facility>
  </location>
  <location>
    <facility>
      <name>Geriatric Clinical Trials Group, Parkwood Hospital</name>
      <address>
        <city>London</city>
        <state>Ontario</state>
        <country>Canada</country>
      </address>
    </facility>
  </location>
  <location>
    <facility>
      <address>
        <city>Ottawa</city>
        <state>Ontario</state>
        <country>Canada</country>
      </address>
    </facility>
  </location>
  <location>
    <facility>
      <name>Gerontion Research</name>
      <address>
        <city>Toronto</city>
        <state>Ontario</state>
        <country>Canada</country>
      </address>
    </facility>
  </location>
  <location>
    <facility>
      <name>Sunnybrook and Women's College Health Science Centre</name>
      <address>
        <city>Toronto</city>
        <state>Ontario</state>
        <country>Canada</country>
      </address>
    </facility>
  </location>
  <location>
    <facility>
      <name>Toronto Memory Program</name>
      <address>
        <city>Toronto</city>
        <state>Ontario</state>
        <country>Canada</country>
      </address>
    </facility>
  </location>
  <location>
    <facility>
      <name>Clinique Neuro Rive-Sud</name>
      <address>
        <city>Greenfield Park</city>
        <state>Quebec</state>
        <country>Canada</country>
      </address>
    </facility>
  </location>
  <location>
    <facility>
      <name>Hôpital Maisonneuve-Rosemont, Recherche Clinique de Neurologie</name>
      <address>
        <city>Montreal</city>
        <state>Quebec</state>
        <country>Canada</country>
      </address>
    </facility>
  </location>
  <location>
    <facility>
      <name>Jewish General Hospital- Memory Clinic</name>
      <address>
        <city>Montreal</city>
        <state>Quebec</state>
        <country>Canada</country>
      </address>
    </facility>
  </location>
  <location>
    <facility>
      <name>Centre de recherche Novabyss</name>
      <address>
        <city>Sherbrooke</city>
        <state>Quebec</state>
        <country>Canada</country>
      </address>
    </facility>
  </location>
  <location>
    <facility>
      <name>McGill Centre for Studies in Aging</name>
      <address>
        <city>Verdun (Montreal)</city>
        <state>Quebec</state>
        <country>Canada</country>
      </address>
    </facility>
  </location>
  <location>
    <facility>
      <name>Hôpital de l'Enfant-Jésus</name>
      <address>
        <city>Ville de Quebec</city>
        <state>Quebec</state>
        <country>Canada</country>
      </address>
    </facility>
  </location>
  <location>
    <facility>
      <name>Memory &amp; Motor Skills Disorders Clinic</name>
      <address>
        <city>Ville de Québec</city>
        <state>Quebec</state>
        <country>Canada</country>
      </address>
    </facility>
  </location>
  <location_countries>
    <country>Canada</country>
    <country>United States</country>
  </location_countries>
  <verification_date>February 2007</verification_date>
  <!-- Old date names will be dropped in a few months (sometime in 2018)                        -->
  <lastchanged_date>February 27, 2007</lastchanged_date>
  <firstreceived_date>July 30, 2004</firstreceived_date>
  <!-- New date names                                                                           -->
  <study_first_submitted>July 30, 2004</study_first_submitted>
  <study_first_submitted_qc>August 2, 2004</study_first_submitted_qc>
  <study_first_posted type="Estimate">August 3, 2004</study_first_posted>
  <last_update_submitted>February 27, 2007</last_update_submitted>
  <last_update_submitted_qc>February 27, 2007</last_update_submitted_qc>
  <last_update_posted type="Estimate">February 28, 2007</last_update_posted>
  <!-- End of dates                                                                             -->
  <keyword>Alzheimer Disease</keyword>
  <condition_browse>
    <!-- CAUTION:  The following MeSH terms are assigned with an imperfect algorithm            -->
    <mesh_term>Alzheimer Disease</mesh_term>
  </condition_browse>
  <intervention_browse>
    <!-- CAUTION:  The following MeSH terms are assigned with an imperfect algorithm            -->
    <mesh_term>Tramiprosate</mesh_term>
  </intervention_browse>
  <!-- Results have not yet been posted for this study                                          -->
</clinical_study>

