<?xml version="1.0" encoding="UTF-8"?>
<clinical_study rank="464">
  <!-- This xml conforms to an XML Schema at:
    https://clinicaltrials.gov/ct2/html/images/info/public.xsd -->
  <required_header>
    <download_date>ClinicalTrials.gov processed this data on November 07, 2017</download_date>
    <link_text>Link to the current ClinicalTrials.gov record.</link_text>
    <url>https://clinicaltrials.gov/show/NCT01224106</url>
  </required_header>
  <id_info>
    <org_study_id>WN25203</org_study_id>
    <secondary_id>2010-019895-66</secondary_id>
    <nct_id>NCT01224106</nct_id>
  </id_info>
  <brief_title>A Study of Gantenerumab in Participants With Prodromal Alzheimer's Disease</brief_title>
  <official_title>Multicenter, Randomized, Double-Blind, Placebo-Controlled, Parallel-Group Two Year Study to Evaluate the Effect of Subcutaneous RO4909832 on Cognition and Function in Prodromal Alzheimer's Disease and Up to Three Years of an Open-Label Extension With Active Study Treatment</official_title>
  <sponsors>
    <lead_sponsor>
      <agency>Hoffmann-La Roche</agency>
      <agency_class>Industry</agency_class>
    </lead_sponsor>
  </sponsors>
  <source>Hoffmann-La Roche</source>
  <brief_summary>
    <textblock>
      This multi-center, randomized, double-blind, placebo-controlled parallel-group study will
      evaluate the effect of gantenerumab (RO4909832) on cognition and functioning and the safety
      and pharmacokinetics in participants with prodromal Alzheimer's Disease. Participants will be
      randomized to receive subcutaneous (SC) injections of either gantenerumab or placebo.
      Participants who consent to be part of the sub study will undergo positron emission
      tomography (PET) scanning to assess brain amyloid. The anticipated time on study treatment is
      104 weeks, with an option for an additional 2 years of treatment.
    </textblock>
  </brief_summary>
  <overall_status>Active, not recruiting</overall_status>
  <start_date type="Actual">November 30, 2010</start_date>
  <completion_date type="Anticipated">July 22, 2020</completion_date>
  <primary_completion_date type="Anticipated">July 22, 2020</primary_completion_date>
  <phase>Phase 3</phase>
  <study_type>Interventional</study_type>
  <has_expanded_access>No</has_expanded_access>
  <study_design_info>
    <allocation>Randomized</allocation>
    <intervention_model>Parallel Assignment</intervention_model>
    <primary_purpose>Treatment</primary_purpose>
    <masking>Double (Participant, Investigator)</masking>
  </study_design_info>
  <primary_outcome>
    <measure>Mean Change From Baseline in Clinical Dementia Rating Scale Sum of Boxes (CDR-SOB) Total Score at Week 104</measure>
    <time_frame>Baseline, Week 104</time_frame>
  </primary_outcome>
  <secondary_outcome>
    <measure>Mean Change From Baseline in Alzheimer Disease Assessment Scale-Cognitive Subscale 11 (ADAS-Cog-11) Scores at Week 104</measure>
    <time_frame>Baseline, Week 104</time_frame>
  </secondary_outcome>
  <secondary_outcome>
    <measure>Time to Onset of Dementia</measure>
    <time_frame>Every 6 months to up to 3 years (1096 days)</time_frame>
  </secondary_outcome>
  <secondary_outcome>
    <measure>Mean Change From Baseline in Cambridge Neuropsychological Test Automated Battery (CANTAB) Composite Score at Week 104</measure>
    <time_frame>Baseline, Week 104</time_frame>
  </secondary_outcome>
  <secondary_outcome>
    <measure>Mean Change from Baseline in Free and Cued Selective Reminding Test (FCSRT) Score at Week 104</measure>
    <time_frame>Baseline, Week 104</time_frame>
  </secondary_outcome>
  <secondary_outcome>
    <measure>Mean Change From Baseline in Functional Activities Questionnaire (FAQ) Score at Week 104</measure>
    <time_frame>Baseline, Week 104</time_frame>
  </secondary_outcome>
  <secondary_outcome>
    <measure>Mean Change From Baseline in CDR-Global Score at Week 104</measure>
    <time_frame>Baseline, Week 104</time_frame>
  </secondary_outcome>
  <secondary_outcome>
    <measure>Mean Change from Baseline in Neuropsychiatric Inventory (NPI) Questionnaire Score at Week 104</measure>
    <time_frame>Baseline, Week 104</time_frame>
  </secondary_outcome>
  <secondary_outcome>
    <measure>Percent Change from Baseline in Cerebrospinal Fluid Biomarkers (Phosphorylated-tau [p-tau], Amyloid Beta 1-42 [Abeta 1-42], Total tau [t-tau]) at Week 104</measure>
    <time_frame>Baseline, Week 104</time_frame>
  </secondary_outcome>
  <secondary_outcome>
    <measure>Percent Change from Baseline in Hippocampal Volume at Week 104</measure>
    <time_frame>Baseline, Week 104</time_frame>
  </secondary_outcome>
  <secondary_outcome>
    <measure>Percent Change From Baseline in Cortical Composite Sustained Uptake Volume Ratio (SUVr) in Different Brain Regions at Week 156</measure>
    <time_frame>Baseline, Week 156</time_frame>
  </secondary_outcome>
  <secondary_outcome>
    <measure>Gantenerumab Plasma Concentration at Different Time Points</measure>
    <time_frame>Prior to injections at Weeks 1, 8, 20, 44, 53, 68, 100, 101</time_frame>
  </secondary_outcome>
  <secondary_outcome>
    <measure>Mean Change From Baseline in Mini Mental State Exam (MMSE) Score at Week 104</measure>
    <time_frame>Baseline, Week 104</time_frame>
  </secondary_outcome>
  <number_of_arms>3</number_of_arms>
  <enrollment type="Actual">799</enrollment>
  <condition>Alzheimer's Disease</condition>
  <arm_group>
    <arm_group_label>Gantenerumab 105 mg (Parts 1 and 2)</arm_group_label>
    <arm_group_type>Experimental</arm_group_type>
    <description>Participants with Alzheimer's disease will receive gantenerumab 105 milligrams (mg) by SC injection every 4 weeks (q4w) for 104 weeks or approximately 2 years during Part 1 of the study. Participants who complete the Week 104 visit will be given an option to continue the treatment received during Part 1 for 2 additional years in Part 2.</description>
  </arm_group>
  <arm_group>
    <arm_group_label>Gantenerumab 225 mg (Parts 1 and 2)</arm_group_label>
    <arm_group_type>Experimental</arm_group_type>
    <description>Participants with Alzheimer's disease will receive gantenerumab 225 mg by SC injection q4w for 104 weeks or approximately 2 years during Part 1 of the study. Participants who complete the Week 104 visit will be given an option to continue the treatment received during Part 1 for 2 additional years in Part 2.</description>
  </arm_group>
  <arm_group>
    <arm_group_label>Placebo (Parts 1 and 2)</arm_group_label>
    <arm_group_type>Placebo Comparator</arm_group_type>
    <description>Participants with Alzheimer's disease will receive placebo SC injection q4w for 104 weeks or approximately 2 years during Part 1 of the study. Participants who complete the Week 104 visit will be given an option to continue the treatment received during Part 1 for 2 additional years in Part 2.</description>
  </arm_group>
  <intervention>
    <intervention_type>Drug</intervention_type>
    <intervention_name>Gantenerumab</intervention_name>
    <description>Participants will receive gantenerumab 105 or 225 mg SC injection q4w.</description>
    <arm_group_label>Gantenerumab 105 mg (Parts 1 and 2)</arm_group_label>
    <arm_group_label>Gantenerumab 225 mg (Parts 1 and 2)</arm_group_label>
  </intervention>
  <intervention>
    <intervention_type>Drug</intervention_type>
    <intervention_name>Placebo</intervention_name>
    <description>Participants will receive placebo SC injection q4w.</description>
    <arm_group_label>Placebo (Parts 1 and 2)</arm_group_label>
  </intervention>
  <eligibility>
    <criteria>
      <textblock>
        Inclusion Criteria:

          -  Adult participants, 50-85 years of age

          -  Participants with prodromal Alzheimer's disease who are not receiving memantine or
             cholinesterase inhibitors

          -  Has a study partner who in the investigator's judgement has frequent and sufficient
             contact with the participant as to be able to provide accurate information as to the
             participant's cognitive and functional abilities, who agrees to provide information at
             clinic visits which require partner input for scale completion

          -  Has had sufficient education or work experience to exclude mental retardation

          -  Study partner has noticed a recent gradual decrease in participant's memory (over the
             last 12 months), which the participant may or may not be aware of

          -  Screening Mini Mental State Exam (MMSE) score of 24 or above

        Additional inclusion criteria for sub study:

          -  Able and willing to travel to PET imaging center and complete the planned scanning
             sessions

          -  Past and planned exposure to ionizing radiation not exceeding safe and permissible
             levels

        Exclusion Criteria:

          -  Other prior or current neurologic or medical disorder which may currently or during
             the course of the study impair cognition or psychiatric functioning

          -  A history of stroke

          -  A documented history of transient ischemic attack within the last 12 months

          -  History of schizophrenia, schizoaffective or bipolar disorder

          -  Currently meets criteria for major depression

          -  Within the last 2 years, unstable or clinical significant cardiovascular disease
             (myocardial infarction, angina pectoris)

        Additional exclusion criteria for sub study:

          -  Inclusion in a research and/or medical protocol involving PET ligands or other
             radioactive agents within 12 months

          -  Present or planned participation in a research and/or medical protocol involving PET
             ligands or radioactive agents other than study WN25203

          -  Have planned or are planning to have exposure to ionizing radiation that in
             combination with the planned administration with study amyloid PET ligand would result
             in a cumulative exposure that exceeds local recommended exposure limits
      </textblock>
    </criteria>
    <gender>All</gender>
    <minimum_age>50 Years</minimum_age>
    <maximum_age>85 Years</maximum_age>
    <healthy_volunteers>No</healthy_volunteers>
  </eligibility>
  <overall_official>
    <last_name>Clinical Trials</last_name>
    <role>Study Director</role>
    <affiliation>Hoffmann-La Roche</affiliation>
  </overall_official>
  <location>
    <facility>
      <name>Banner Alzheimer's Institute</name>
      <address>
        <city>Phoenix</city>
        <state>Arizona</state>
        <zip>85020</zip>
        <country>United States</country>
      </address>
    </facility>
  </location>
  <location>
    <facility>
      <name>University of California, San Diego</name>
      <address>
        <city>La Jolla</city>
        <state>California</state>
        <zip>92037</zip>
        <country>United States</country>
      </address>
    </facility>
  </location>
  <location>
    <facility>
      <name>Pacific Neuroscience Med Grp</name>
      <address>
        <city>Oxnard</city>
        <state>California</state>
        <zip>93030</zip>
        <country>United States</country>
      </address>
    </facility>
  </location>
  <location>
    <facility>
      <name>Yale University ADRU</name>
      <address>
        <city>New Haven</city>
        <state>Connecticut</state>
        <zip>06510</zip>
        <country>United States</country>
      </address>
    </facility>
  </location>
  <location>
    <facility>
      <name>Brain Matters Research, Inc.</name>
      <address>
        <city>Delray Beach</city>
        <state>Florida</state>
        <zip>33445</zip>
        <country>United States</country>
      </address>
    </facility>
  </location>
  <location>
    <facility>
      <name>Infinity Clinical Research</name>
      <address>
        <city>Hollywood</city>
        <state>Florida</state>
        <zip>33024</zip>
        <country>United States</country>
      </address>
    </facility>
  </location>
  <location>
    <facility>
      <name>Compass Research</name>
      <address>
        <city>Orlando</city>
        <state>Florida</state>
        <zip>32806</zip>
        <country>United States</country>
      </address>
    </facility>
  </location>
  <location>
    <facility>
      <name>Roskamp Institute, Inc.</name>
      <address>
        <city>Sarasota</city>
        <state>Florida</state>
        <zip>34243</zip>
        <country>United States</country>
      </address>
    </facility>
  </location>
  <location>
    <facility>
      <name>Compass Research</name>
      <address>
        <city>The Villages</city>
        <state>Florida</state>
        <zip>32162</zip>
        <country>United States</country>
      </address>
    </facility>
  </location>
  <location>
    <facility>
      <name>Premiere Research Institute</name>
      <address>
        <city>West Palm Beach</city>
        <state>Florida</state>
        <zip>33407</zip>
        <country>United States</country>
      </address>
    </facility>
  </location>
  <location>
    <facility>
      <name>Atlanta Center For Medical Research</name>
      <address>
        <city>Atlanta</city>
        <state>Georgia</state>
        <zip>30331</zip>
        <country>United States</country>
      </address>
    </facility>
  </location>
  <location>
    <facility>
      <name>Indiana University</name>
      <address>
        <city>Indianapolis</city>
        <state>Indiana</state>
        <zip>46202</zip>
        <country>United States</country>
      </address>
    </facility>
  </location>
  <location>
    <facility>
      <name>Boston Center for Memory</name>
      <address>
        <city>Newton</city>
        <state>Massachusetts</state>
        <zip>02459</zip>
        <country>United States</country>
      </address>
    </facility>
  </location>
  <location>
    <facility>
      <name>Western Michigan University Homer Stryker M.D. School of Medicine Center for Clinical Research</name>
      <address>
        <city>Kalamazoo</city>
        <state>Michigan</state>
        <zip>49008</zip>
        <country>United States</country>
      </address>
    </facility>
  </location>
  <location>
    <facility>
      <name>Neurological Research Center</name>
      <address>
        <city>Hattiesburg</city>
        <state>Mississippi</state>
        <zip>39401</zip>
        <country>United States</country>
      </address>
    </facility>
  </location>
  <location>
    <facility>
      <name>CRI Lifetree Marlton</name>
      <address>
        <city>Marlton</city>
        <state>New Jersey</state>
        <zip>08053</zip>
        <country>United States</country>
      </address>
    </facility>
  </location>
  <location>
    <facility>
      <name>Princeton Medical Institute</name>
      <address>
        <city>Princeton</city>
        <state>New Jersey</state>
        <zip>08540</zip>
        <country>United States</country>
      </address>
    </facility>
  </location>
  <location>
    <facility>
      <name>Nathan Kline Institute</name>
      <address>
        <city>Orangeburg</city>
        <state>New York</state>
        <zip>10962</zip>
        <country>United States</country>
      </address>
    </facility>
  </location>
  <location>
    <facility>
      <name>University of Rochester Medical Center; Monroe Community Hospital</name>
      <address>
        <city>Rochester</city>
        <state>New York</state>
        <zip>14627</zip>
        <country>United States</country>
      </address>
    </facility>
  </location>
  <location>
    <facility>
      <name>Alzheimer's Memory Center</name>
      <address>
        <city>Charlotte</city>
        <state>North Carolina</state>
        <zip>28270</zip>
        <country>United States</country>
      </address>
    </facility>
  </location>
  <location>
    <facility>
      <name>Raleigh Neurology Associates</name>
      <address>
        <city>Raleigh</city>
        <state>North Carolina</state>
        <zip>27607-6520</zip>
        <country>United States</country>
      </address>
    </facility>
  </location>
  <location>
    <facility>
      <name>Oregon Health and Science University, Layton Aging and Alzheimer's Disease Center</name>
      <address>
        <city>Portland</city>
        <state>Oregon</state>
        <zip>97239</zip>
        <country>United States</country>
      </address>
    </facility>
  </location>
  <location>
    <facility>
      <name>The Clinical Trial Center, LLC</name>
      <address>
        <city>Jenkintown</city>
        <state>Pennsylvania</state>
        <zip>19046</zip>
        <country>United States</country>
      </address>
    </facility>
  </location>
  <location>
    <facility>
      <name>Northeastern Pennsylvania Memory</name>
      <address>
        <city>Plains</city>
        <state>Pennsylvania</state>
        <zip>18705</zip>
        <country>United States</country>
      </address>
    </facility>
  </location>
  <location>
    <facility>
      <name>Rhode Island Mood &amp; Memory Research Institute</name>
      <address>
        <city>East Providence</city>
        <state>Rhode Island</state>
        <zip>02914</zip>
        <country>United States</country>
      </address>
    </facility>
  </location>
  <location>
    <facility>
      <name>Butler Hospital</name>
      <address>
        <city>Providence</city>
        <state>Rhode Island</state>
        <zip>02906</zip>
        <country>United States</country>
      </address>
    </facility>
  </location>
  <location>
    <facility>
      <name>Senior Adults Specialty Research</name>
      <address>
        <city>Austin</city>
        <state>Texas</state>
        <zip>78757</zip>
        <country>United States</country>
      </address>
    </facility>
  </location>
  <location>
    <facility>
      <name>Texas Neurology PA</name>
      <address>
        <city>Dallas</city>
        <state>Texas</state>
        <zip>75214</zip>
        <country>United States</country>
      </address>
    </facility>
  </location>
  <location>
    <facility>
      <name>Lifetree Clinical Research</name>
      <address>
        <city>Salt Lake City</city>
        <state>Utah</state>
        <zip>84106</zip>
        <country>United States</country>
      </address>
    </facility>
  </location>
  <location>
    <facility>
      <name>Clinical Neuroscience Research Associates, Inc.</name>
      <address>
        <city>Bennington</city>
        <state>Vermont</state>
        <zip>05201</zip>
        <country>United States</country>
      </address>
    </facility>
  </location>
  <location>
    <facility>
      <name>Hospital Italiano</name>
      <address>
        <city>Buenos Aires</city>
        <zip>C1181ACH</zip>
        <country>Argentina</country>
      </address>
    </facility>
  </location>
  <location>
    <facility>
      <name>IME - Instituto Médico Especializado; Ensayos Clínicos</name>
      <address>
        <city>Buenos Aires</city>
        <zip>C1405BCH</zip>
        <country>Argentina</country>
      </address>
    </facility>
  </location>
  <location>
    <facility>
      <name>ALPI-Inst. de Rehabilitacion Marcelo Fitte</name>
      <address>
        <city>Buenos Aires</city>
        <zip>C1425BWO</zip>
        <country>Argentina</country>
      </address>
    </facility>
  </location>
  <location>
    <facility>
      <name>CEMIC</name>
      <address>
        <city>Buenos Aires</city>
        <zip>C1431FWO</zip>
        <country>Argentina</country>
      </address>
    </facility>
  </location>
  <location>
    <facility>
      <name>Mulieris</name>
      <address>
        <city>Caba</city>
        <zip>C1022AAO</zip>
        <country>Argentina</country>
      </address>
    </facility>
  </location>
  <location>
    <facility>
      <name>Instituto De Neurología Cognitiva - INECO</name>
      <address>
        <city>Caba</city>
        <zip>C1126AAB</zip>
        <country>Argentina</country>
      </address>
    </facility>
  </location>
  <location>
    <facility>
      <name>FLENI</name>
      <address>
        <city>Caba</city>
        <zip>C1428AQK</zip>
        <country>Argentina</country>
      </address>
    </facility>
  </location>
  <location>
    <facility>
      <name>Instituto Kremer</name>
      <address>
        <city>Córdoba</city>
        <zip>X5004AOA</zip>
        <country>Argentina</country>
      </address>
    </facility>
  </location>
  <location>
    <facility>
      <name>CENPIA; Neurología - Psicología</name>
      <address>
        <city>La Plata</city>
        <zip>B1902AJU</zip>
        <country>Argentina</country>
      </address>
    </facility>
  </location>
  <location>
    <facility>
      <name>Hornsby Ku-ring-gai Hospital; Division of Rehabilitation &amp; Aged Care</name>
      <address>
        <city>Hornsby</city>
        <state>New South Wales</state>
        <zip>2077</zip>
        <country>Australia</country>
      </address>
    </facility>
  </location>
  <location>
    <facility>
      <name>Prince of Wales Hospital, Academic Department for Old Age Psychiatry</name>
      <address>
        <city>Randwick</city>
        <state>New South Wales</state>
        <zip>2031</zip>
        <country>Australia</country>
      </address>
    </facility>
  </location>
  <location>
    <facility>
      <name>Royal Adelaide Hospital; Memory Trials Centre</name>
      <address>
        <city>Adelaide</city>
        <state>South Australia</state>
        <zip>5000</zip>
        <country>Australia</country>
      </address>
    </facility>
  </location>
  <location>
    <facility>
      <name>The Queen Elizabeth Hospital; Neurology</name>
      <address>
        <city>Woodville</city>
        <state>South Australia</state>
        <zip>5011</zip>
        <country>Australia</country>
      </address>
    </facility>
  </location>
  <location>
    <facility>
      <name>Heidelberg Repatriation Hospital; Medical and Cognitive Research Centre</name>
      <address>
        <city>Heidelberg West</city>
        <state>Victoria</state>
        <zip>3081</zip>
        <country>Australia</country>
      </address>
    </facility>
  </location>
  <location>
    <facility>
      <name>The McCusker Alzheimer's Research Founation</name>
      <address>
        <city>Nedlands</city>
        <state>Western Australia</state>
        <zip>6009</zip>
        <country>Australia</country>
      </address>
    </facility>
  </location>
  <location>
    <facility>
      <name>UZ Antwerpen</name>
      <address>
        <city>Edegem</city>
        <zip>2650</zip>
        <country>Belgium</country>
      </address>
    </facility>
  </location>
  <location>
    <facility>
      <name>UZ Leuven Gasthuisberg</name>
      <address>
        <city>Leuven</city>
        <zip>3000</zip>
        <country>Belgium</country>
      </address>
    </facility>
  </location>
  <location>
    <facility>
      <name>Hospital das Clinicas - UFPR; Ciencias da Saude</name>
      <address>
        <city>Curitiba</city>
        <state>PR</state>
        <zip>80060-900</zip>
        <country>Brazil</country>
      </address>
    </facility>
  </location>
  <location>
    <facility>
      <name>Hospital das Clinicas - UFRGS</name>
      <address>
        <city>Porto Alegre</city>
        <state>RS</state>
        <zip>90035-003</zip>
        <country>Brazil</country>
      </address>
    </facility>
  </location>
  <location>
    <facility>
      <name>Hospital Mae de Deus</name>
      <address>
        <city>Porto Alegre</city>
        <state>RS</state>
        <zip>90470-340</zip>
        <country>Brazil</country>
      </address>
    </facility>
  </location>
  <location>
    <facility>
      <name>Universidade Federal de Sao Paulo - UNIFESP; Neurologia</name>
      <address>
        <city>Sao Paulo</city>
        <state>SP</state>
        <zip>04024-002</zip>
        <country>Brazil</country>
      </address>
    </facility>
  </location>
  <location>
    <facility>
      <name>Hospital das Clinicas - FMUSP; Psiquiatria</name>
      <address>
        <city>Sao Paulo</city>
        <state>SP</state>
        <zip>05403-010</zip>
        <country>Brazil</country>
      </address>
    </facility>
  </location>
  <location>
    <facility>
      <name>True North Clinical Research Kentville</name>
      <address>
        <city>Kentville</city>
        <state>Nova Scotia</state>
        <zip>B4N 4K9</zip>
        <country>Canada</country>
      </address>
    </facility>
  </location>
  <location>
    <facility>
      <name>Kawartha Regional Memory Clinic</name>
      <address>
        <city>Peterborough</city>
        <state>Ontario</state>
        <zip>K9H 2P4</zip>
        <country>Canada</country>
      </address>
    </facility>
  </location>
  <location>
    <facility>
      <name>Toronto Memory Program (Neurology Research Inc.)</name>
      <address>
        <city>Toronto</city>
        <state>Ontario</state>
        <zip>M3B 2S7</zip>
        <country>Canada</country>
      </address>
    </facility>
  </location>
  <location>
    <facility>
      <name>The Centre for Memory and Aging</name>
      <address>
        <city>Toronto</city>
        <state>Ontario</state>
        <zip>M4G 3E8</zip>
        <country>Canada</country>
      </address>
    </facility>
  </location>
  <location>
    <facility>
      <name>NeuroSearch Developpements inc</name>
      <address>
        <city>Greenfield Park</city>
        <state>Quebec</state>
        <zip>J4V 2J2</zip>
        <country>Canada</country>
      </address>
    </facility>
  </location>
  <location>
    <facility>
      <name>McGill University; Sir Mortimer B Davis Jewish General Hospital; Neurological and Psychiatric</name>
      <address>
        <city>Montreal</city>
        <state>Quebec</state>
        <zip>H3T 1E2</zip>
        <country>Canada</country>
      </address>
    </facility>
  </location>
  <location>
    <facility>
      <name>CHAUQ - Hôpital Enfant-Jésus</name>
      <address>
        <city>Quebec City</city>
        <state>Quebec</state>
        <zip>G1J 1Z4</zip>
        <country>Canada</country>
      </address>
    </facility>
  </location>
  <location>
    <facility>
      <name>Diex Recherche Sherbrooke</name>
      <address>
        <city>Sherbrooke</city>
        <state>Quebec</state>
        <zip>J1H 1Z1</zip>
        <country>Canada</country>
      </address>
    </facility>
  </location>
  <location>
    <facility>
      <name>Biomedica Research Group</name>
      <address>
        <city>Santiago</city>
        <zip>7500710</zip>
        <country>Chile</country>
      </address>
    </facility>
  </location>
  <location>
    <facility>
      <name>Especialidades Medicas LYS</name>
      <address>
        <city>Santiago</city>
        <zip>7560356</zip>
        <country>Chile</country>
      </address>
    </facility>
  </location>
  <location>
    <facility>
      <name>CIMN Centro de Investigaciones Medicas Neurologicas</name>
      <address>
        <city>Viña De Mar</city>
        <zip>2520997</zip>
        <country>Chile</country>
      </address>
    </facility>
  </location>
  <location>
    <facility>
      <name>St. Anne´s University Hospital; Clinical Trials Department</name>
      <address>
        <city>Brno</city>
        <zip>656 91</zip>
        <country>Czechia</country>
      </address>
    </facility>
  </location>
  <location>
    <facility>
      <name>Fakultní Nemocnice Olomouc; Neurologicka Klinika</name>
      <address>
        <city>Olomouc</city>
        <zip>77521</zip>
        <country>Czechia</country>
      </address>
    </facility>
  </location>
  <location>
    <facility>
      <name>Vestra Clinics s.r.o.</name>
      <address>
        <city>Rychnov nad Kneznou</city>
        <zip>516 01</zip>
        <country>Czechia</country>
      </address>
    </facility>
  </location>
  <location>
    <facility>
      <name>Aarhus Universitetshospital, Neurologisk Afdeling F, Demensklinikken</name>
      <address>
        <city>Aarhus C</city>
        <zip>8000</zip>
        <country>Denmark</country>
      </address>
    </facility>
  </location>
  <location>
    <facility>
      <name>Rigshospitalet, Hukommelsesklinikken</name>
      <address>
        <city>København Ø</city>
        <zip>2100</zip>
        <country>Denmark</country>
      </address>
    </facility>
  </location>
  <location>
    <facility>
      <name>Turku Hospital; PET (Positron Emission Tomography) Center</name>
      <address>
        <city>Turku</city>
        <zip>20520</zip>
        <country>Finland</country>
      </address>
    </facility>
  </location>
  <location>
    <facility>
      <name>Hopital Avicenne; Neurologie</name>
      <address>
        <city>Bobigny</city>
        <zip>93009</zip>
        <country>France</country>
      </address>
    </facility>
  </location>
  <location>
    <facility>
      <name>Hopital Pellegrin; Cmrr Aquitaine</name>
      <address>
        <city>Bordeaux</city>
        <zip>33076</zip>
        <country>France</country>
      </address>
    </facility>
  </location>
  <location>
    <facility>
      <name>Hopital Pierre Wertheimer; Laboratoire De Neuro Psychologie</name>
      <address>
        <city>Bron</city>
        <zip>69677</zip>
        <country>France</country>
      </address>
    </facility>
  </location>
  <location>
    <facility>
      <name>CHU De Caen; Service De Neurologie Dejerine</name>
      <address>
        <city>Caen</city>
        <zip>14033</zip>
        <country>France</country>
      </address>
    </facility>
  </location>
  <location>
    <facility>
      <name>Hopital B Roger Salengro; Cmrr Lille</name>
      <address>
        <city>Lille</city>
        <zip>59037</zip>
        <country>France</country>
      </address>
    </facility>
  </location>
  <location>
    <facility>
      <name>Ch Pitie Salpetriere; Cmrr Ile De France Salpetriere</name>
      <address>
        <city>Paris</city>
        <zip>75651</zip>
        <country>France</country>
      </address>
    </facility>
  </location>
  <location>
    <facility>
      <name>CHU de Rouen Hopital; Service de Neurologie</name>
      <address>
        <city>Rouen</city>
        <zip>76031</zip>
        <country>France</country>
      </address>
    </facility>
  </location>
  <location>
    <facility>
      <name>Hop Guillaume Et Rene Laennec; Cmrr St Herblain</name>
      <address>
        <city>St Herblain</city>
        <zip>44800</zip>
        <country>France</country>
      </address>
    </facility>
  </location>
  <location>
    <facility>
      <name>Hopital Hautepierre; Centre dInvestigation Clinique</name>
      <address>
        <city>Strasbourg</city>
        <zip>67098</zip>
        <country>France</country>
      </address>
    </facility>
  </location>
  <location>
    <facility>
      <name>Hopital de La Grave</name>
      <address>
        <city>Toulouse</city>
        <zip>31059</zip>
        <country>France</country>
      </address>
    </facility>
  </location>
  <location>
    <facility>
      <name>Univ Berlin; Klin fur Psychi &amp; Psycho Charite</name>
      <address>
        <city>Berlin</city>
        <zip>12203</zip>
        <country>Germany</country>
      </address>
    </facility>
  </location>
  <location>
    <facility>
      <name>Universitätsklinikum Bonn; Medizinische Klinik und Poliklinik I; Allgemeine Innere Medizin</name>
      <address>
        <city>Bonn</city>
        <zip>53127</zip>
        <country>Germany</country>
      </address>
    </facility>
  </location>
  <location>
    <facility>
      <name>Klinikum Joh.Wolfg.Goethe-UNI Zentrum d. Psychiatrie Klinik f. Psychiatrie Psychosomatik</name>
      <address>
        <city>Frankfurt</city>
        <zip>60528</zip>
        <country>Germany</country>
      </address>
    </facility>
  </location>
  <location>
    <facility>
      <name>AFL Arzneimittelforschung Leipzig GmbH</name>
      <address>
        <city>Leipzig</city>
        <zip>04107</zip>
        <country>Germany</country>
      </address>
    </facility>
  </location>
  <location>
    <facility>
      <name>Zentralinstitut für Seelische Gesundheit Abt.Gerontopsychiatrie</name>
      <address>
        <city>Mannheim</city>
        <zip>68159</zip>
        <country>Germany</country>
      </address>
    </facility>
  </location>
  <location>
    <facility>
      <name>Pharmakologisches Studienzentrum</name>
      <address>
        <city>Mittweida</city>
        <zip>09648</zip>
        <country>Germany</country>
      </address>
    </facility>
  </location>
  <location>
    <facility>
      <name>Neurologische Praxis Dr. Andrej Pauls</name>
      <address>
        <city>München</city>
        <zip>80331</zip>
        <country>Germany</country>
      </address>
    </facility>
  </location>
  <location>
    <facility>
      <name>Klinikum rechts der Isar der TU München; Klinik für Psychiatrie und Psychotherapie</name>
      <address>
        <city>München</city>
        <zip>81675</zip>
        <country>Germany</country>
      </address>
    </facility>
  </location>
  <location>
    <facility>
      <name>Office of Dr Klaus Steinwachs Neurology &amp; Psychiatry</name>
      <address>
        <city>Nürnberg</city>
        <zip>90402</zip>
        <country>Germany</country>
      </address>
    </facility>
  </location>
  <location>
    <facility>
      <name>Universitätsklinikum Rostock Zentrum für Nervenheilkunde</name>
      <address>
        <city>Rostock</city>
        <zip>18147</zip>
        <country>Germany</country>
      </address>
    </facility>
  </location>
  <location>
    <facility>
      <name>Universitätsklinikum Ulm; Klinik für Neurologie</name>
      <address>
        <city>Ulm</city>
        <zip>89081</zip>
        <country>Germany</country>
      </address>
    </facility>
  </location>
  <location>
    <facility>
      <name>Rambam Medical Center</name>
      <address>
        <city>Haifa</city>
        <zip>31096</zip>
        <country>Israel</country>
      </address>
    </facility>
  </location>
  <location>
    <facility>
      <name>Sheba Medical Center; Psychiatry Department</name>
      <address>
        <city>Ramat Gan</city>
        <zip>5262100</zip>
        <country>Israel</country>
      </address>
    </facility>
  </location>
  <location>
    <facility>
      <name>Nuovo Ospedale Civile S. Agostino-Estense; Clinica Neurologica - Dipartimento di Neuroscienze</name>
      <address>
        <city>Modena</city>
        <state>Emilia-Romagna</state>
        <zip>41126</zip>
        <country>Italy</country>
      </address>
    </facility>
  </location>
  <location>
    <facility>
      <name>Universita' Di Parma Istituto Neurologia</name>
      <address>
        <city>Parma</city>
        <state>Emilia-Romagna</state>
        <zip>43126</zip>
        <country>Italy</country>
      </address>
    </facility>
  </location>
  <location>
    <facility>
      <name>Azienda Ospedaliera Spedali Civili; Scienze Neurologiche</name>
      <address>
        <city>Brescia</city>
        <state>Lombardia</state>
        <zip>25100</zip>
        <country>Italy</country>
      </address>
    </facility>
  </location>
  <location>
    <facility>
      <name>IRCCS &quot;Centro S. Giovanni di Dio&quot; Fatebenefratelli -UO Alzheimer</name>
      <address>
        <city>Brescia</city>
        <state>Lombardia</state>
        <zip>25125</zip>
        <country>Italy</country>
      </address>
    </facility>
  </location>
  <location>
    <facility>
      <name>Irccs Multimedica Santa Maria; Unita' Di Neurologia</name>
      <address>
        <city>Castellanza</city>
        <state>Lombardia</state>
        <zip>21053</zip>
        <country>Italy</country>
      </address>
    </facility>
  </location>
  <location>
    <facility>
      <name>Irccs Ospedale Maggiore Policlinico Di Milano; Scienze Neurologiche</name>
      <address>
        <city>Milano</city>
        <state>Lombardia</state>
        <zip>20122</zip>
        <country>Italy</country>
      </address>
    </facility>
  </location>
  <location>
    <facility>
      <name>Fondazione San Raffaele Del Monte Tabor; Dipartimento Di Neurologia</name>
      <address>
        <city>Milano</city>
        <state>Lombardia</state>
        <zip>20132</zip>
        <country>Italy</country>
      </address>
    </facility>
  </location>
  <location>
    <facility>
      <name>Azienda Ospedaliero Universitaria Ospedali Riuniti Umberto I-G.M. Lancisi-G. Salesi Di Ancona</name>
      <address>
        <city>Torrette - Ancona</city>
        <state>Marche</state>
        <zip>60100</zip>
        <country>Italy</country>
      </address>
    </facility>
  </location>
  <location>
    <facility>
      <name>Uni Di Firenze Dip. Scienze Neurol Psic Sod Neurologia 1</name>
      <address>
        <city>Firenze</city>
        <state>Toscana</state>
        <zip>50134</zip>
        <country>Italy</country>
      </address>
    </facility>
  </location>
  <location>
    <facility>
      <name>Azienda Ospedaliera Universitaria Integrata; Neuroscienze Centro Alzheimer e Disturbi Cognitivi</name>
      <address>
        <city>Verona</city>
        <state>Veneto</state>
        <zip>37126</zip>
        <country>Italy</country>
      </address>
    </facility>
  </location>
  <location>
    <facility>
      <name>Seoul National University Bundang Hospital; Neurology Department</name>
      <address>
        <city>Gyeonggi-do</city>
        <zip>463-707</zip>
        <country>Korea, Republic of</country>
      </address>
    </facility>
  </location>
  <location>
    <facility>
      <name>Konkuk University Medical Center</name>
      <address>
        <city>Seoul</city>
        <zip>05030</zip>
        <country>Korea, Republic of</country>
      </address>
    </facility>
  </location>
  <location>
    <facility>
      <name>Samsung Medical Center</name>
      <address>
        <city>Seoul</city>
        <zip>06351</zip>
        <country>Korea, Republic of</country>
      </address>
    </facility>
  </location>
  <location>
    <facility>
      <name>Seoul St Mary's Hospital</name>
      <address>
        <city>Seoul</city>
        <zip>06591</zip>
        <country>Korea, Republic of</country>
      </address>
    </facility>
  </location>
  <location>
    <facility>
      <name>Asan Medical Center.</name>
      <address>
        <city>Seoul</city>
        <zip>138-736</zip>
        <country>Korea, Republic of</country>
      </address>
    </facility>
  </location>
  <location>
    <facility>
      <name>Hospital Angeles de Culiacán, Neurociencias Estudios Clínicos SC</name>
      <address>
        <city>Culiacan</city>
        <zip>80020</zip>
        <country>Mexico</country>
      </address>
    </facility>
  </location>
  <location>
    <facility>
      <name>Hospital Mexico Americano</name>
      <address>
        <city>Guadalajara</city>
        <zip>44610</zip>
        <country>Mexico</country>
      </address>
    </facility>
  </location>
  <location>
    <facility>
      <name>Unidad de Investigacion en Enfermedades Cronico-Degenerativa; Reumatologia</name>
      <address>
        <city>Guadalajara</city>
        <zip>44620</zip>
        <country>Mexico</country>
      </address>
    </facility>
  </location>
  <location>
    <facility>
      <name>Estimulacion Magnetica Trnscraneal de Mexico SC.</name>
      <address>
        <city>Mexico City</city>
        <zip>11000</zip>
        <country>Mexico</country>
      </address>
    </facility>
  </location>
  <location>
    <facility>
      <name>Hospital Uni; Dr. Jose E. Gonzalez</name>
      <address>
        <city>Monterrey</city>
        <zip>64460</zip>
        <country>Mexico</country>
      </address>
    </facility>
  </location>
  <location>
    <facility>
      <name>Centro Medico San Francisco; Geriatrics</name>
      <address>
        <city>Monterrey</city>
        <zip>64710</zip>
        <country>Mexico</country>
      </address>
    </facility>
  </location>
  <location>
    <facility>
      <name>Hospital Universitario de Saltillo</name>
      <address>
        <city>Saltillo</city>
        <zip>25000</zip>
        <country>Mexico</country>
      </address>
    </facility>
  </location>
  <location>
    <facility>
      <name>Jeroen Bosch Ziekenhuis; Polikliniek Geriatrie</name>
      <address>
        <city>'S Hertogenbosch</city>
        <zip>5223 GZ</zip>
        <country>Netherlands</country>
      </address>
    </facility>
  </location>
  <location>
    <facility>
      <name>Brain Research Center B.V</name>
      <address>
        <city>Amsterdam</city>
        <zip>1081 GN</zip>
        <country>Netherlands</country>
      </address>
    </facility>
  </location>
  <location>
    <facility>
      <name>Podlaskie Centrum Psychogeriatrii</name>
      <address>
        <city>Białystok</city>
        <zip>15-756</zip>
        <country>Poland</country>
      </address>
    </facility>
  </location>
  <location>
    <facility>
      <name>Szpital Uniwersytecki nr 1 im. dr Antoniego Jurasza w Bydgoszczy Klinika Psychiatrii</name>
      <address>
        <city>Bydgoszcz</city>
        <zip>85-094</zip>
        <country>Poland</country>
      </address>
    </facility>
  </location>
  <location>
    <facility>
      <name>PALLMED Sp. z o.o. prowadząca NZOZ DOM SUE RYDER</name>
      <address>
        <city>Bydgoszcz</city>
        <zip>85-796</zip>
        <country>Poland</country>
      </address>
    </facility>
  </location>
  <location>
    <facility>
      <name>NEURO - KARD Ośrodek Badań Klinicznych</name>
      <address>
        <city>Poznań</city>
        <zip>61-853</zip>
        <country>Poland</country>
      </address>
    </facility>
  </location>
  <location>
    <facility>
      <name>Przychodnia Specjalistyczna PROSEN</name>
      <address>
        <city>Warszawa</city>
        <zip>01-231</zip>
        <country>Poland</country>
      </address>
    </facility>
  </location>
  <location>
    <facility>
      <name>mMED Maciej Czarnecki</name>
      <address>
        <city>Warszawa</city>
        <zip>01-697</zip>
        <country>Poland</country>
      </address>
    </facility>
  </location>
  <location>
    <facility>
      <name>Hospital Prof. Dr. Fernando Fonseca; Servico de Neurologia</name>
      <address>
        <city>Amadora</city>
        <zip>2720-276</zip>
        <country>Portugal</country>
      </address>
    </facility>
  </location>
  <location>
    <facility>
      <name>Hospital de Santa Maria; Servico de Neurologia</name>
      <address>
        <city>Lisboa</city>
        <zip>1649-035</zip>
        <country>Portugal</country>
      </address>
    </facility>
  </location>
  <location>
    <facility>
      <name>Sverdlovsk Regional Clinical Psychoneurological War Veteran Hospital</name>
      <address>
        <city>Ekaterinburg</city>
        <zip>620036</zip>
        <country>Russian Federation</country>
      </address>
    </facility>
  </location>
  <location>
    <facility>
      <name>State autonomous institution of healthcare Inter-regional clinical and diagnostic center</name>
      <address>
        <city>Kazan</city>
        <zip>420101</zip>
        <country>Russian Federation</country>
      </address>
    </facility>
  </location>
  <location>
    <facility>
      <name>Saint Petersburg State Institution of Healthcare City Geriatric Medico-Social Center</name>
      <address>
        <city>Saint Petersburg</city>
        <zip>190103</zip>
        <country>Russian Federation</country>
      </address>
    </facility>
  </location>
  <location>
    <facility>
      <name>City Clinical Hospital # 2 n.a. V.I. Razumovsky</name>
      <address>
        <city>Saratov</city>
        <zip>410028</zip>
        <country>Russian Federation</country>
      </address>
    </facility>
  </location>
  <location>
    <facility>
      <name>Russian Medical Military Academy n.a. S.M.Kirov; Neurology Department</name>
      <address>
        <city>St. Petersburg</city>
        <zip>194044</zip>
        <country>Russian Federation</country>
      </address>
    </facility>
  </location>
  <location>
    <facility>
      <name>Fundació ACE</name>
      <address>
        <city>BArcelon</city>
        <state>Barcelona</state>
        <zip>08034</zip>
        <country>Spain</country>
      </address>
    </facility>
  </location>
  <location>
    <facility>
      <name>Hospital Mutua De Terrasa; Servicio de Neurologia</name>
      <address>
        <city>Terrasa</city>
        <state>Barcelona</state>
        <zip>08221</zip>
        <country>Spain</country>
      </address>
    </facility>
  </location>
  <location>
    <facility>
      <name>Hospital de Cruces; Servicio de Neurologia</name>
      <address>
        <city>Barakaldo</city>
        <state>Vizcaya</state>
        <zip>48903</zip>
        <country>Spain</country>
      </address>
    </facility>
  </location>
  <location>
    <facility>
      <name>Hospital del Mar; Servicio de Neurologia</name>
      <address>
        <city>Barcelona</city>
        <zip>08003</zip>
        <country>Spain</country>
      </address>
    </facility>
  </location>
  <location>
    <facility>
      <name>Hospital de la Santa Creu i Sant Pau; Servicio de Neurologia</name>
      <address>
        <city>Barcelona</city>
        <zip>08025</zip>
        <country>Spain</country>
      </address>
    </facility>
  </location>
  <location>
    <facility>
      <name>Hospital Clinic i Provincial; Servicio de Neurologia</name>
      <address>
        <city>Barcelona</city>
        <zip>08036</zip>
        <country>Spain</country>
      </address>
    </facility>
  </location>
  <location>
    <facility>
      <name>Hospital Ramon y Cajal; Servicio de Neurologia</name>
      <address>
        <city>Madrid</city>
        <zip>28034</zip>
        <country>Spain</country>
      </address>
    </facility>
  </location>
  <location>
    <facility>
      <name>Hospital Clinico Universitario San Carlos; Servicio de Geriatria</name>
      <address>
        <city>Madrid</city>
        <zip>28040</zip>
        <country>Spain</country>
      </address>
    </facility>
  </location>
  <location>
    <facility>
      <name>Hospital Universitario 12 de Octubre; Servicio de Neurologia</name>
      <address>
        <city>Madrid</city>
        <zip>28041</zip>
        <country>Spain</country>
      </address>
    </facility>
  </location>
  <location>
    <facility>
      <name>Hospital Universitario La Paz; Servicio de Neurologia</name>
      <address>
        <city>Madrid</city>
        <zip>28046</zip>
        <country>Spain</country>
      </address>
    </facility>
  </location>
  <location>
    <facility>
      <name>Hospital Universitario Dr. Peset; Servicio de Neurologia</name>
      <address>
        <city>Valencia</city>
        <zip>46017</zip>
        <country>Spain</country>
      </address>
    </facility>
  </location>
  <location>
    <facility>
      <name>Skånes Universitetssjukhus Malmö, Minneskliniken</name>
      <address>
        <city>Malmoe</city>
        <zip>SE-20502</zip>
        <country>Sweden</country>
      </address>
    </facility>
  </location>
  <location>
    <facility>
      <name>Universitäres Zentrum für Altersmedizin und Rehabilitation</name>
      <address>
        <city>Basel</city>
        <zip>4002</zip>
        <country>Switzerland</country>
      </address>
    </facility>
  </location>
  <location>
    <facility>
      <name>HUG; Département de santé mentale et de psychiatrie Unité de psychiatrie gériatrique</name>
      <address>
        <city>Chêne-Bourg</city>
        <zip>1225</zip>
        <country>Switzerland</country>
      </address>
    </facility>
  </location>
  <location>
    <facility>
      <name>Akdeniz University School of Medicine, Neurology Department</name>
      <address>
        <city>Antalya</city>
        <zip>07058</zip>
        <country>Turkey</country>
      </address>
    </facility>
  </location>
  <location>
    <facility>
      <name>Istanbul University Istanbul School of Medicine; Neurology</name>
      <address>
        <city>Istanbul</city>
        <zip>34093</zip>
        <country>Turkey</country>
      </address>
    </facility>
  </location>
  <location>
    <facility>
      <name>Ondokuz Mayis University School of Medicine; Neurology</name>
      <address>
        <city>Samsun</city>
        <zip>55139</zip>
        <country>Turkey</country>
      </address>
    </facility>
  </location>
  <location>
    <facility>
      <name>Addenbrooke's Hospital</name>
      <address>
        <city>Cambridge</city>
        <zip>CB2 0QQ</zip>
        <country>United Kingdom</country>
      </address>
    </facility>
  </location>
  <location>
    <facility>
      <name>Llandough Hospital; Llandough Hospital Memory Team 3rd Floor Academic Building</name>
      <address>
        <city>Cardiff</city>
        <zip>CF64 2XX</zip>
        <country>United Kingdom</country>
      </address>
    </facility>
  </location>
  <location>
    <facility>
      <name>St Margaret's Hospital</name>
      <address>
        <city>Epping</city>
        <zip>CM16 6TN</zip>
        <country>United Kingdom</country>
      </address>
    </facility>
  </location>
  <location>
    <facility>
      <name>Glasgow Memory Clinic</name>
      <address>
        <city>Glasgow</city>
        <zip>G20 0XA</zip>
        <country>United Kingdom</country>
      </address>
    </facility>
  </location>
  <location>
    <facility>
      <name>Charing Cross Hospital; Dept of Neurosciences</name>
      <address>
        <city>London</city>
        <zip>W6 8RF</zip>
        <country>United Kingdom</country>
      </address>
    </facility>
  </location>
  <location>
    <facility>
      <name>Campus for Ageing &amp; Vitality; Clincal Ageing Research Unit</name>
      <address>
        <city>Newcastle</city>
        <zip>NE4 5PL</zip>
        <country>United Kingdom</country>
      </address>
    </facility>
  </location>
  <location>
    <facility>
      <name>John Radcliffe Hospital; Nuffield dept. Of medicine</name>
      <address>
        <city>Oxford</city>
        <zip>OX3 9DU</zip>
        <country>United Kingdom</country>
      </address>
    </facility>
  </location>
  <location>
    <facility>
      <name>Moorgreen Hospital; Memory Assessment &amp; Rsch Ctr</name>
      <address>
        <city>Southampton</city>
        <zip>SO30 3JB</zip>
        <country>United Kingdom</country>
      </address>
    </facility>
  </location>
  <location>
    <facility>
      <name>Victoria Centre; Kingshill Research Centre</name>
      <address>
        <city>Swindon</city>
        <zip>SN3 6BW</zip>
        <country>United Kingdom</country>
      </address>
    </facility>
  </location>
  <location>
    <facility>
      <name>Hollins Park Hospital</name>
      <address>
        <city>Warrington</city>
        <zip>WA2 8WA</zip>
        <country>United Kingdom</country>
      </address>
    </facility>
  </location>
  <location_countries>
    <country>Argentina</country>
    <country>Australia</country>
    <country>Belgium</country>
    <country>Brazil</country>
    <country>Canada</country>
    <country>Chile</country>
    <country>Czechia</country>
    <country>Denmark</country>
    <country>Finland</country>
    <country>France</country>
    <country>Germany</country>
    <country>Israel</country>
    <country>Italy</country>
    <country>Korea, Republic of</country>
    <country>Mexico</country>
    <country>Netherlands</country>
    <country>Poland</country>
    <country>Portugal</country>
    <country>Russian Federation</country>
    <country>Spain</country>
    <country>Sweden</country>
    <country>Switzerland</country>
    <country>Turkey</country>
    <country>United Kingdom</country>
    <country>United States</country>
  </location_countries>
  <removed_countries>
    <country>Czech Republic</country>
  </removed_countries>
  <verification_date>November 2017</verification_date>
  <!-- Old date names will be dropped in a few months (sometime in 2018)                        -->
  <lastchanged_date>November 6, 2017</lastchanged_date>
  <firstreceived_date>October 14, 2010</firstreceived_date>
  <!-- New date names                                                                           -->
  <study_first_submitted>October 14, 2010</study_first_submitted>
  <study_first_submitted_qc>October 18, 2010</study_first_submitted_qc>
  <study_first_posted type="Estimate">October 19, 2010</study_first_posted>
  <last_update_submitted>November 6, 2017</last_update_submitted>
  <last_update_submitted_qc>November 6, 2017</last_update_submitted_qc>
  <last_update_posted type="Estimate">November 7, 2017</last_update_posted>
  <!-- End of dates                                                                             -->
  <responsible_party>
    <responsible_party_type>Sponsor</responsible_party_type>
  </responsible_party>
  <condition_browse>
    <!-- CAUTION:  The following MeSH terms are assigned with an imperfect algorithm            -->
    <mesh_term>Alzheimer Disease</mesh_term>
  </condition_browse>
  <intervention_browse>
    <!-- CAUTION:  The following MeSH terms are assigned with an imperfect algorithm            -->
    <mesh_term>Antibodies, Monoclonal</mesh_term>
  </intervention_browse>
  <!-- Results have not yet been posted for this study                                          -->
</clinical_study>

