<?xml version="1.0" encoding="UTF-8"?>
<clinical_study rank="459">
  <!-- This xml conforms to an XML Schema at:
    https://clinicaltrials.gov/ct2/html/images/info/public.xsd -->
  <required_header>
    <download_date>ClinicalTrials.gov processed this data on November 07, 2017</download_date>
    <link_text>Link to the current ClinicalTrials.gov record.</link_text>
    <url>https://clinicaltrials.gov/show/NCT01482845</url>
  </required_header>
  <id_info>
    <org_study_id>M12-970</org_study_id>
    <nct_id>NCT01482845</nct_id>
  </id_info>
  <brief_title>A Phase 1 Study of the Safety, Tolerability and Pharmacokinetics of ABT-126 in Subjects With Alzheimer's Disease</brief_title>
  <official_title>A Study to Evaluate the Safety, Tolerability and Pharmacokinetics of ABT-126 in Subjects With Alzheimer's Disease on Stable Doses of Acetylcholinesterase Inhibitors</official_title>
  <sponsors>
    <lead_sponsor>
      <agency>Abbott</agency>
      <agency_class>Industry</agency_class>
    </lead_sponsor>
  </sponsors>
  <source>Abbott</source>
  <oversight_info>
    <has_dmc>No</has_dmc>
  </oversight_info>
  <brief_summary>
    <textblock>
      This study will investigate safety, tolerability and pharmacokinetics of ABT-126 in up to 20
      male and female subjects, between 55 to 90 years of age with mild to moderate Alzheimer's
      disease on stable doses of acetylcholinesterase inhibitors.
    </textblock>
  </brief_summary>
  <detailed_description>
    <textblock>
      This is a double-blind, placebo-controlled, randomized, multiple-dose, parallel group,
      multicenter study. Up to 20 male and female subjects with mild to moderate Alzheimer's
      disease (AD) who are taking stable doses of acetylcholinesterase inhibitors will be enrolled
      in this study. The study will be conducted in up to four sites. Within 28 days prior to study
      drug administration, subjects will be screened based on National Institute of Neurological
      and Communicative Disorders and Stroke/Alzheimer's Disease and Related Disorders Association
      (NINCDS/ADRDA) criteria for probable AD, Mini-Mental State Examination (MMSE) and Modified
      Hachinski Ischemic Scale (MHIS) scores, medical history, physical examination, neurological
      examination, vital signs, ECG, laboratory tests and response to Columbia-Suicide Severity
      Rating Scale (C-SSRS).

      Subjects will be divided into two groups of 10 subjects each. In each group, 8 subjects will
      receive ABT-126 and two subjects will receive matching placebo. Group 1 will be administered
      Dose 1 of ABT-126 or placebo. Group 2 will be administered Dose 2 ABT-126 or placebo. All
      doses will be administered once daily in the morning for 10 days.
    </textblock>
  </detailed_description>
  <overall_status>Completed</overall_status>
  <start_date>November 2011</start_date>
  <completion_date type="Actual">March 2012</completion_date>
  <primary_completion_date type="Actual">March 2012</primary_completion_date>
  <phase>Phase 1</phase>
  <study_type>Interventional</study_type>
  <has_expanded_access>No</has_expanded_access>
  <study_design_info>
    <allocation>Randomized</allocation>
    <intervention_model>Parallel Assignment</intervention_model>
    <masking>Triple (Participant, Care Provider, Investigator)</masking>
  </study_design_info>
  <primary_outcome>
    <measure>Safety and tolerability assessments</measure>
    <time_frame>From Day 1 through Day 17</time_frame>
    <description>vital signs, electrocardiogram (ECG), neurological examination, laboratory tests, number of subjects with adverse events, Columbia-Suicide Severity Rating Scale (C-SSRS)</description>
  </primary_outcome>
  <secondary_outcome>
    <measure>Pharmacokinetic evaluation profile</measure>
    <time_frame>Blood collection prior to, and at 0.5, 1, 1.5, 2, 3, 4, 6, 9, 12, 16, 24, 72, 120, and 168 hours after dosing on Day 10</time_frame>
    <description>Area under curve (AUC), maximum concentration(Cmax), minimum concetration (Cmin), time to peak concentration (Tmax), half-life(t1/2), clearance (CL/F)</description>
  </secondary_outcome>
  <number_of_arms>2</number_of_arms>
  <enrollment type="Actual">20</enrollment>
  <condition>Alzheimer's Disease</condition>
  <arm_group>
    <arm_group_label>Group 1</arm_group_label>
    <arm_group_type>Experimental</arm_group_type>
  </arm_group>
  <arm_group>
    <arm_group_label>Group 2</arm_group_label>
    <arm_group_type>Experimental</arm_group_type>
  </arm_group>
  <intervention>
    <intervention_type>Drug</intervention_type>
    <intervention_name>ABT-126</intervention_name>
    <description>Dose 1 is given to 8 subjects in Group 1. Dose 2 is given to 8 subjects in Group 2. All doses will be administered once daily in the morning for 10 days.</description>
    <arm_group_label>Group 1</arm_group_label>
    <arm_group_label>Group 2</arm_group_label>
  </intervention>
  <intervention>
    <intervention_type>Drug</intervention_type>
    <intervention_name>Placebo</intervention_name>
    <description>Placebo is given to 2 subjects each in Group 1 and Group 2. All doses will be administered once daily in the morning for 10 days.</description>
    <arm_group_label>Group 1</arm_group_label>
    <arm_group_label>Group 2</arm_group_label>
  </intervention>
  <eligibility>
    <criteria>
      <textblock>
        Inclusion Criteria

          1. Male or female and age between 55 and 90 years, inclusive.

          2. The subject meets the National Institute of Neurological and Communicative Disorders
             and Stroke/Alzheimer's Disease and Related Disorders Association (NINCDS/ADRDA)
             criteria for probable Alzheimer's Disease (AD).

          3. The subject has a Mini-Mental State Examination (MMSE) total score of 16 to 26,
             inclusive, at Screening Visit.

          4. The subject has a Modified Hachinski Ischemic Scale (MHIS) score of ≤ 4 at Screening
             Visit.

          5. The subject must be on a stable dose of donepezil or rivastigmine for at least 1 month
             prior to study drug administration.

          6. The subject has had a computerized tomography or magnetic resonance imaging scan,
             interpreted by a radiologist or neurologist, within 36 months prior to randomization
             and after the subject met NINCDS/ADRDA diagnostic criteria for probable AD. The scan
             must not show evidence for an alternative etiology for dementia.

        Exclusion Criteria

          1. Receipt of an investigational product within 6 weeks prior to study drug
             administration.

          2. History of significant sensitivity or allergy to any drug.

          3. History of any significant neurological disease other than AD.

          4. Significant current suicidal ideation within 1 month prior to study drug
             administration as evidenced by answering &quot;yes&quot; to questions 4 or 5 on the suicidal
             ideation portion of the Columbia-Suicide Severity Rating Scale (C-SSRS) completed at
             Screening or any history of suicide attempts.
      </textblock>
    </criteria>
    <gender>All</gender>
    <minimum_age>55 Years</minimum_age>
    <maximum_age>90 Years</maximum_age>
    <healthy_volunteers>No</healthy_volunteers>
  </eligibility>
  <overall_official>
    <last_name>Hana Florian, MD</last_name>
    <role>Study Director</role>
    <affiliation>Abbott</affiliation>
  </overall_official>
  <location>
    <facility>
      <name>Site Reference ID/Investigator# 62908</name>
      <address>
        <city>Glendale</city>
        <state>California</state>
        <zip>91206</zip>
        <country>United States</country>
      </address>
    </facility>
  </location>
  <location>
    <facility>
      <name>Site Reference ID/Investigator# 62904</name>
      <address>
        <city>Hallandale Beach</city>
        <state>Florida</state>
        <zip>33009</zip>
        <country>United States</country>
      </address>
    </facility>
  </location>
  <location>
    <facility>
      <name>Site Reference ID/Investigator# 62903</name>
      <address>
        <city>Orlando</city>
        <state>Florida</state>
        <zip>32806</zip>
        <country>United States</country>
      </address>
    </facility>
  </location>
  <location_countries>
    <country>United States</country>
  </location_countries>
  <verification_date>March 2012</verification_date>
  <!-- Old date names will be dropped in a few months (sometime in 2018)                        -->
  <lastchanged_date>May 1, 2012</lastchanged_date>
  <firstreceived_date>November 21, 2011</firstreceived_date>
  <!-- New date names                                                                           -->
  <study_first_submitted>November 21, 2011</study_first_submitted>
  <study_first_submitted_qc>November 29, 2011</study_first_submitted_qc>
  <study_first_posted type="Estimate">December 1, 2011</study_first_posted>
  <last_update_submitted>May 1, 2012</last_update_submitted>
  <last_update_submitted_qc>May 1, 2012</last_update_submitted_qc>
  <last_update_posted type="Estimate">May 2, 2012</last_update_posted>
  <!-- End of dates                                                                             -->
  <responsible_party>
    <responsible_party_type>Sponsor</responsible_party_type>
  </responsible_party>
  <condition_browse>
    <!-- CAUTION:  The following MeSH terms are assigned with an imperfect algorithm            -->
    <mesh_term>Alzheimer Disease</mesh_term>
  </condition_browse>
  <intervention_browse>
    <!-- CAUTION:  The following MeSH terms are assigned with an imperfect algorithm            -->
    <mesh_term>Cholinesterase Inhibitors</mesh_term>
  </intervention_browse>
  <!-- Results have not yet been posted for this study                                          -->
</clinical_study>

