<?xml version="1.0" encoding="UTF-8"?>
<clinical_study rank="429">
  <!-- This xml conforms to an XML Schema at:
    https://clinicaltrials.gov/ct2/html/images/info/public.xsd -->
  <required_header>
    <download_date>ClinicalTrials.gov processed this data on November 07, 2017</download_date>
    <link_text>Link to the current ClinicalTrials.gov record.</link_text>
    <url>https://clinicaltrials.gov/show/NCT00257673</url>
  </required_header>
  <id_info>
    <org_study_id>MEM 1003-004</org_study_id>
    <nct_id>NCT00257673</nct_id>
    <nct_alias>NCT00605501</nct_alias>
  </id_info>
  <brief_title>Safety and Efficacy of MEM 1003 Versus Placebo in Patients With Mild to Moderate Alzheimer's Disease</brief_title>
  <official_title>A Multicenter, Randomized, Double-Blind, Placebo-Controlled Study to Evaluate Safety and Efficacy of MEM 1003 in Patients With Mild to Moderate Alzheimer's Disease</official_title>
  <sponsors>
    <lead_sponsor>
      <agency>Memory Pharmaceuticals</agency>
      <agency_class>Industry</agency_class>
    </lead_sponsor>
  </sponsors>
  <source>Memory Pharmaceuticals</source>
  <oversight_info>
    <has_dmc>No</has_dmc>
  </oversight_info>
  <brief_summary>
    <textblock>
      The purpose of this study is to determine in a 12-week treatment study if MEM 1003 is a safe
      and effective treatment for patients with mild to moderate Alzheimer's disease.
    </textblock>
  </brief_summary>
  <detailed_description>
    <textblock>
      Alzheimer's disease is the leading cause of dementia and one of the most common diseases of
      the aging population. It is a chronic brain disease that involves gradual memory loss,
      decline in the ability to perform routine tasks, disorientation, difficulty in learning, loss
      of language skills, impairment of judgment, and personality changes in affected individuals.
      The neurodegenerative nature of the disease eventually leads to the failure of other organ
      systems and death.

      Perturbations in calcium homeostasis in the central nervous system, such as those associated
      with Alzheimer's disease and aging as well as stroke and head trauma can result in an
      increase in intracellular levels of calcium (Ca2+). Increased levels of Ca2+ may lead to
      cellular dysregulation and cell death. The role of calcium in these neurodegenerative
      processes led to the hypothesis that controlling calcium levels may be beneficial,
      particularly where progressive neuronal damage results in cognitive dysfunction and memory
      loss.

      MEM 1003 is the (+)-enantiomer of a dihydropyridine that has been optimized for central
      nervous system activity. It inhibits L-type Ca2+ channels and within the anticipated human
      dosing range has more benign cardiovascular effects than other DHP L-Type calcium channel
      modulators.
    </textblock>
  </detailed_description>
  <overall_status>Completed</overall_status>
  <start_date>November 2005</start_date>
  <completion_date type="Actual">October 2007</completion_date>
  <primary_completion_date type="Actual">October 2007</primary_completion_date>
  <phase>Phase 2</phase>
  <study_type>Interventional</study_type>
  <has_expanded_access>No</has_expanded_access>
  <study_design_info>
    <allocation>Randomized</allocation>
    <intervention_model>Parallel Assignment</intervention_model>
    <primary_purpose>Treatment</primary_purpose>
    <masking>Triple (Participant, Care Provider, Investigator)</masking>
  </study_design_info>
  <primary_outcome>
    <measure>Cognitive function</measure>
    <time_frame>Change from baseline at wk 12</time_frame>
  </primary_outcome>
  <secondary_outcome>
    <measure>Other Cognitive Assessments, activities of daily living, functional assessments and safety</measure>
  </secondary_outcome>
  <number_of_arms>3</number_of_arms>
  <enrollment type="Actual">183</enrollment>
  <condition>Alzheimer's Disease</condition>
  <arm_group>
    <arm_group_label>A</arm_group_label>
    <arm_group_type>Experimental</arm_group_type>
    <description>Active 30 mg MEM 1003</description>
  </arm_group>
  <arm_group>
    <arm_group_label>B</arm_group_label>
    <arm_group_type>Experimental</arm_group_type>
    <description>90 mg MEM 1003</description>
  </arm_group>
  <arm_group>
    <arm_group_label>C</arm_group_label>
    <arm_group_type>Placebo Comparator</arm_group_type>
    <description>Placebo for MEM 1003</description>
  </arm_group>
  <intervention>
    <intervention_type>Drug</intervention_type>
    <intervention_name>MEM 1003</intervention_name>
    <description>30 mg twice a day</description>
    <arm_group_label>A</arm_group_label>
  </intervention>
  <intervention>
    <intervention_type>Drug</intervention_type>
    <intervention_name>MEM 1003</intervention_name>
    <description>90 mg MEM 1003 twice a day</description>
    <arm_group_label>B</arm_group_label>
  </intervention>
  <intervention>
    <intervention_type>Drug</intervention_type>
    <intervention_name>Placebo for MEM 1003</intervention_name>
    <description>Placebo twice a day</description>
    <arm_group_label>C</arm_group_label>
  </intervention>
  <eligibility>
    <criteria>
      <textblock>
        Inclusion Criteria:

          -  standardized MMSE Score of 10 to 24 points

          -  diagnosis of probable Alzheimer's disease

          -  magnetic resonance imaging or computed tomography examination compatible with AD

          -  modified Hachinski Ischemia Score of less than or equal to 4

          -  currently receiving no AD therapy or currently receiving donepezil, rivastigmine, or
             galantamine

        Exclusion criteria:

          -  head injury associated with cognitive impairment

          -  history of vascular dementia stroke, transient cerebral ischemic episodes, major
             depression, major psychotic disorder, or symptomatic postural hypotension

          -  treatment for Alzheimer's disease other than donepezil, rivastigmine, or galantamine;
             tacrine is not permitted in the last 30 days or memantine in the last 90 days

          -  treatment with calcium channel blockers or any investigational medications within the
             prior 30 days
      </textblock>
    </criteria>
    <gender>All</gender>
    <minimum_age>50 Years</minimum_age>
    <maximum_age>90 Years</maximum_age>
    <healthy_volunteers>No</healthy_volunteers>
  </eligibility>
  <overall_official>
    <last_name>Stephen Murray, MD, PhD</last_name>
    <role>Study Director</role>
    <affiliation>Memory Pharmaceutical Corp.</affiliation>
  </overall_official>
  <location>
    <facility>
      <address>
        <city>Northport</city>
        <state>Alabama</state>
        <zip>35476</zip>
        <country>United States</country>
      </address>
    </facility>
  </location>
  <location>
    <facility>
      <address>
        <city>Mesa</city>
        <state>Arizona</state>
        <zip>85201</zip>
        <country>United States</country>
      </address>
    </facility>
  </location>
  <location>
    <facility>
      <address>
        <city>Phoenix</city>
        <state>Arizona</state>
        <zip>85013</zip>
        <country>United States</country>
      </address>
    </facility>
  </location>
  <location>
    <facility>
      <address>
        <city>Sun City</city>
        <state>Arizona</state>
        <zip>85351</zip>
        <country>United States</country>
      </address>
    </facility>
  </location>
  <location>
    <facility>
      <address>
        <city>El Centro</city>
        <state>California</state>
        <zip>92243</zip>
        <country>United States</country>
      </address>
    </facility>
  </location>
  <location>
    <facility>
      <address>
        <city>Riverside</city>
        <state>California</state>
        <zip>92506</zip>
        <country>United States</country>
      </address>
    </facility>
  </location>
  <location>
    <facility>
      <address>
        <city>San Francisco</city>
        <state>California</state>
        <zip>94109</zip>
        <country>United States</country>
      </address>
    </facility>
  </location>
  <location>
    <facility>
      <address>
        <city>Torrence</city>
        <state>California</state>
        <zip>90505</zip>
        <country>United States</country>
      </address>
    </facility>
  </location>
  <location>
    <facility>
      <address>
        <city>Hamden</city>
        <state>Connecticut</state>
        <zip>06518</zip>
        <country>United States</country>
      </address>
    </facility>
  </location>
  <location>
    <facility>
      <address>
        <city>Washington, DC</city>
        <state>District of Columbia</state>
        <zip>20007</zip>
        <country>United States</country>
      </address>
    </facility>
  </location>
  <location>
    <facility>
      <address>
        <city>Brooksville</city>
        <state>Florida</state>
        <zip>34613</zip>
        <country>United States</country>
      </address>
    </facility>
  </location>
  <location>
    <facility>
      <address>
        <city>Chiefland</city>
        <state>Florida</state>
        <zip>32626</zip>
        <country>United States</country>
      </address>
    </facility>
  </location>
  <location>
    <facility>
      <address>
        <city>Coral Springs</city>
        <state>Florida</state>
        <zip>33065</zip>
        <country>United States</country>
      </address>
    </facility>
  </location>
  <location>
    <facility>
      <address>
        <city>Deerfield Beach</city>
        <state>Florida</state>
        <zip>33064</zip>
        <country>United States</country>
      </address>
    </facility>
  </location>
  <location>
    <facility>
      <address>
        <city>Delray Beach</city>
        <state>Florida</state>
        <zip>33445</zip>
        <country>United States</country>
      </address>
    </facility>
  </location>
  <location>
    <facility>
      <address>
        <city>Hallandale Beach</city>
        <state>Florida</state>
        <zip>33009</zip>
        <country>United States</country>
      </address>
    </facility>
  </location>
  <location>
    <facility>
      <address>
        <city>Hialeah</city>
        <state>Florida</state>
        <zip>33016</zip>
        <country>United States</country>
      </address>
    </facility>
  </location>
  <location>
    <facility>
      <address>
        <city>Miami</city>
        <state>Florida</state>
        <zip>33137</zip>
        <country>United States</country>
      </address>
    </facility>
  </location>
  <location>
    <facility>
      <address>
        <city>Miami</city>
        <state>Florida</state>
        <zip>33143</zip>
        <country>United States</country>
      </address>
    </facility>
  </location>
  <location>
    <facility>
      <address>
        <city>Miami</city>
        <state>Florida</state>
        <zip>33173</zip>
        <country>United States</country>
      </address>
    </facility>
  </location>
  <location>
    <facility>
      <address>
        <city>Plantation</city>
        <state>Florida</state>
        <zip>33317</zip>
        <country>United States</country>
      </address>
    </facility>
  </location>
  <location>
    <facility>
      <address>
        <city>Port Charlotte</city>
        <state>Florida</state>
        <zip>33952</zip>
        <country>United States</country>
      </address>
    </facility>
  </location>
  <location>
    <facility>
      <address>
        <city>Sarasota</city>
        <state>Florida</state>
        <zip>34243</zip>
        <country>United States</country>
      </address>
    </facility>
  </location>
  <location>
    <facility>
      <address>
        <city>St. Petersburg</city>
        <state>Florida</state>
        <zip>33701</zip>
        <country>United States</country>
      </address>
    </facility>
  </location>
  <location>
    <facility>
      <address>
        <city>Sunrise</city>
        <state>Florida</state>
        <zip>33351</zip>
        <country>United States</country>
      </address>
    </facility>
  </location>
  <location>
    <facility>
      <address>
        <city>Tampa</city>
        <state>Florida</state>
        <zip>33609</zip>
        <country>United States</country>
      </address>
    </facility>
  </location>
  <location>
    <facility>
      <address>
        <city>Tampa</city>
        <state>Florida</state>
        <zip>33647</zip>
        <country>United States</country>
      </address>
    </facility>
  </location>
  <location>
    <facility>
      <address>
        <city>West Palm Beach</city>
        <state>Florida</state>
        <zip>33409</zip>
        <country>United States</country>
      </address>
    </facility>
  </location>
  <location>
    <facility>
      <address>
        <city>Atlanta</city>
        <state>Georgia</state>
        <zip>30342</zip>
        <country>United States</country>
      </address>
    </facility>
  </location>
  <location>
    <facility>
      <address>
        <city>Decatur</city>
        <state>Georgia</state>
        <zip>30030</zip>
        <country>United States</country>
      </address>
    </facility>
  </location>
  <location>
    <facility>
      <address>
        <city>Chicago</city>
        <state>Illinois</state>
        <zip>60610</zip>
        <country>United States</country>
      </address>
    </facility>
  </location>
  <location>
    <facility>
      <address>
        <city>New Orleans</city>
        <state>Louisiana</state>
        <zip>70114</zip>
        <country>United States</country>
      </address>
    </facility>
  </location>
  <location>
    <facility>
      <address>
        <city>Shreveport</city>
        <state>Louisiana</state>
        <zip>71104</zip>
        <country>United States</country>
      </address>
    </facility>
  </location>
  <location>
    <facility>
      <address>
        <city>Towson</city>
        <state>Maryland</state>
        <zip>21286</zip>
        <country>United States</country>
      </address>
    </facility>
  </location>
  <location>
    <facility>
      <address>
        <city>Fall River</city>
        <state>Massachusetts</state>
        <zip>02721</zip>
        <country>United States</country>
      </address>
    </facility>
  </location>
  <location>
    <facility>
      <address>
        <city>St Loius</city>
        <state>Missouri</state>
        <zip>63141</zip>
        <country>United States</country>
      </address>
    </facility>
  </location>
  <location>
    <facility>
      <address>
        <city>Berlin</city>
        <state>New Jersey</state>
        <zip>08009</zip>
        <country>United States</country>
      </address>
    </facility>
  </location>
  <location>
    <facility>
      <address>
        <city>Long Branch</city>
        <state>New Jersey</state>
        <zip>07740</zip>
        <country>United States</country>
      </address>
    </facility>
  </location>
  <location>
    <facility>
      <address>
        <city>Princeton</city>
        <state>New Jersey</state>
        <zip>08560</zip>
        <country>United States</country>
      </address>
    </facility>
  </location>
  <location>
    <facility>
      <address>
        <city>Ridgewood</city>
        <state>New Jersey</state>
        <zip>07450</zip>
        <country>United States</country>
      </address>
    </facility>
  </location>
  <location>
    <facility>
      <address>
        <city>Toms River</city>
        <state>New Jersey</state>
        <zip>08755</zip>
        <country>United States</country>
      </address>
    </facility>
  </location>
  <location>
    <facility>
      <address>
        <city>Albany</city>
        <state>New York</state>
        <zip>12208</zip>
        <country>United States</country>
      </address>
    </facility>
  </location>
  <location>
    <facility>
      <address>
        <city>Staten Island</city>
        <state>New York</state>
        <zip>10312</zip>
        <country>United States</country>
      </address>
    </facility>
  </location>
  <location>
    <facility>
      <address>
        <city>Morganton</city>
        <state>North Carolina</state>
        <zip>28655</zip>
        <country>United States</country>
      </address>
    </facility>
  </location>
  <location>
    <facility>
      <address>
        <city>Portland</city>
        <state>Oregon</state>
        <zip>97210</zip>
        <country>United States</country>
      </address>
    </facility>
  </location>
  <location>
    <facility>
      <address>
        <city>Colmar</city>
        <state>Pennsylvania</state>
        <zip>18915</zip>
        <country>United States</country>
      </address>
    </facility>
  </location>
  <location>
    <facility>
      <address>
        <city>Media</city>
        <state>Pennsylvania</state>
        <zip>19063</zip>
        <country>United States</country>
      </address>
    </facility>
  </location>
  <location>
    <facility>
      <address>
        <city>Philadelphia</city>
        <state>Pennsylvania</state>
        <zip>19149</zip>
        <country>United States</country>
      </address>
    </facility>
  </location>
  <location>
    <facility>
      <address>
        <city>Spartanburg</city>
        <state>South Carolina</state>
        <zip>29303</zip>
        <country>United States</country>
      </address>
    </facility>
  </location>
  <location>
    <facility>
      <address>
        <city>Johnson City</city>
        <state>Tennessee</state>
        <zip>37601</zip>
        <country>United States</country>
      </address>
    </facility>
  </location>
  <location>
    <facility>
      <address>
        <city>Bedford</city>
        <state>Texas</state>
        <zip>76021</zip>
        <country>United States</country>
      </address>
    </facility>
  </location>
  <location>
    <facility>
      <address>
        <city>Bulverde</city>
        <state>Texas</state>
        <zip>78163</zip>
        <country>United States</country>
      </address>
    </facility>
  </location>
  <location>
    <facility>
      <address>
        <city>San Antonio</city>
        <state>Texas</state>
        <zip>78217</zip>
        <country>United States</country>
      </address>
    </facility>
  </location>
  <location>
    <facility>
      <address>
        <city>Midvale</city>
        <state>Utah</state>
        <zip>84047</zip>
        <country>United States</country>
      </address>
    </facility>
  </location>
  <location>
    <facility>
      <address>
        <city>Bennington</city>
        <state>Vermont</state>
        <zip>05201</zip>
        <country>United States</country>
      </address>
    </facility>
  </location>
  <location>
    <facility>
      <address>
        <city>Norfolk</city>
        <state>Virginia</state>
        <zip>23507</zip>
        <country>United States</country>
      </address>
    </facility>
  </location>
  <location>
    <facility>
      <address>
        <city>Spokane</city>
        <state>Washington</state>
        <zip>99204</zip>
        <country>United States</country>
      </address>
    </facility>
  </location>
  <location_countries>
    <country>United States</country>
  </location_countries>
  <verification_date>May 2008</verification_date>
  <!-- Old date names will be dropped in a few months (sometime in 2018)                        -->
  <lastchanged_date>May 5, 2008</lastchanged_date>
  <firstreceived_date>November 22, 2005</firstreceived_date>
  <!-- New date names                                                                           -->
  <study_first_submitted>November 22, 2005</study_first_submitted>
  <study_first_submitted_qc>November 22, 2005</study_first_submitted_qc>
  <study_first_posted type="Estimate">November 23, 2005</study_first_posted>
  <last_update_submitted>May 5, 2008</last_update_submitted>
  <last_update_submitted_qc>May 5, 2008</last_update_submitted_qc>
  <last_update_posted type="Estimate">May 6, 2008</last_update_posted>
  <!-- End of dates                                                                             -->
  <responsible_party>
    <name_title>Amy S. Domanowski, Ph.D., Head Regulatory Affairs</name_title>
    <organization>Memory Pharmaceuticals Corp.</organization>
  </responsible_party>
  <keyword>Cognition</keyword>
  <keyword>Alzheimer's</keyword>
  <keyword>Cognitive impairment</keyword>
  <condition_browse>
    <!-- CAUTION:  The following MeSH terms are assigned with an imperfect algorithm            -->
    <mesh_term>Alzheimer Disease</mesh_term>
  </condition_browse>
  <!-- Results have not yet been posted for this study                                          -->
</clinical_study>

