<?xml version="1.0" encoding="UTF-8"?>
<clinical_study rank="226">
  <!-- This xml conforms to an XML Schema at:
    https://clinicaltrials.gov/ct2/html/images/info/public.xsd -->
  <required_header>
    <download_date>ClinicalTrials.gov processed this data on November 07, 2017</download_date>
    <link_text>Link to the current ClinicalTrials.gov record.</link_text>
    <url>https://clinicaltrials.gov/show/NCT01420315</url>
  </required_header>
  <id_info>
    <org_study_id>VDGT-01</org_study_id>
    <secondary_id>G-123456789</secondary_id>
    <nct_id>NCT01420315</nct_id>
  </id_info>
  <brief_title>The Prevalence of Vitamin D Deficiency in Patients With Alzheimer's Disease</brief_title>
  <acronym>DEVIT-ALZ</acronym>
  <official_title>The Prevalence of Vitamin D Deficiency in Patients With Alzheimer's Disease: a Crosssectional Multicenter Study in Turkey</official_title>
  <sponsors>
    <lead_sponsor>
      <agency>Saglik Bilimleri Universitesi Gulhane Tip Fakultesi</agency>
      <agency_class>Other</agency_class>
    </lead_sponsor>
  </sponsors>
  <source>Saglik Bilimleri Universitesi Gulhane Tip Fakultesi</source>
  <oversight_info>
    <has_dmc>Yes</has_dmc>
  </oversight_info>
  <brief_summary>
    <textblock>
      Recent studies indicate that there is a relationship between cognitive decline and vitamin D
      deficiency. Up to now, no study has investigated the prevalence of vitamin d deficiency in
      patient with Alzheimer's disease. Our aim is to investigate the prevalence of vitamin D
      deficiency and analysis the associated characteristics in patients with Alzheimer's disease.
    </textblock>
  </brief_summary>
  <detailed_description>
    <textblock>
      Vitamin D has many physiological functions via skeletal and extra-skeletal effects. Nowadays,
      it is well known that vitamin d deficiency causes to an increase in disease burden. As the
      role of vitamin D, the maintenance of balance, the improvement of muscle power, and the
      augmentation of innate immunity were proven. Some recent studies showed that vitamin D
      deficiency associates with cardiovascular diseases, autoimmune diseases, and the risk of
      cancer.

      Vitamin D carries out your functions by vitamin d receptors (VDR) located in many cells.
      Brain neurons and glial cells are including VDR's. It is presumed that the functions of
      vitamin d in neurons are the regulation of neurotransmission, neuron protection, and
      immunomodulation. Also,vitamin D has a role in brain development and maturation. Except the
      functions in central nerve system, vitamin D has effects on peripheral nerve system. It was
      reported that nerve transduction velocity decreased in vitamin d deficiency.

      Vitamin D deficiency and Alzheimer's disease are major public health problems that their
      incidences increase in advanced ages.Recent studies indicate that there is a relationship
      between cognitive decline and vitamin D deficiency. VDR receptors in brain specially in
      hippocampus, hypothalamus, limbic system, subcortical and spinal motor areas were determined.

      Up to now, no study has investigated the prevalence of vitamin d deficiency in patient with
      Alzheimer's disease. Our aim is to investigate the prevalence of vitamin D deficiency and
      analysis the associated characteristics in patients with Alzheimer's disease.
    </textblock>
  </detailed_description>
  <overall_status>Completed</overall_status>
  <start_date>August 2011</start_date>
  <completion_date type="Actual">August 2012</completion_date>
  <primary_completion_date type="Actual">August 2012</primary_completion_date>
  <phase>N/A</phase>
  <study_type>Observational</study_type>
  <has_expanded_access>No</has_expanded_access>
  <study_design_info>
    <observational_model>Cohort</observational_model>
    <time_perspective>Cross-Sectional</time_perspective>
  </study_design_info>
  <primary_outcome>
    <measure>serum 25(OH)D levels</measure>
    <time_frame>January, 1, 2013</time_frame>
  </primary_outcome>
  <number_of_groups>1</number_of_groups>
  <enrollment type="Actual">502</enrollment>
  <condition>Alzheimer's Disease</condition>
  <eligibility>
    <study_pop>
      <textblock>
        The patients with Alzheimer's dementia will be included in the study.
      </textblock>
    </study_pop>
    <sampling_method>Probability Sample</sampling_method>
    <criteria>
      <textblock>
        Inclusion Criteria:

          -  The patient must have Alzheimer's dementia and their diagnosis must be made according
             to National Institute of Neurological and Communicative Disorders and Stroke and the
             Alzheimer Disease and Related Disorders Association (NINCDS/ADRDA) and DSM-IV criteria

          -  The informed consent form must be given by patients and/or their representatives

        Exclusion Criteria:

          -  if the causes of dementia (lewy body dementia, vascular dementia, pick disease,
             frontotemporal dementia...) is out of Alzheimer's dementia,

          -  having chronic liver disease and/or end-stage renal disease

          -  if the informed consent form is being withdrawn
      </textblock>
    </criteria>
    <gender>All</gender>
    <minimum_age>50 Years</minimum_age>
    <maximum_age>N/A</maximum_age>
    <healthy_volunteers>No</healthy_volunteers>
  </eligibility>
  <overall_official>
    <last_name>Ilkin M Naharci, specialist</last_name>
    <role>Study Director</role>
    <affiliation>Gulhane Medical Faculty Training Hospital, Department of Internal Medicine, Division of Geriatrics</affiliation>
  </overall_official>
  <location>
    <facility>
      <name>Gulhane Medical School Training Hospital</name>
      <address>
        <city>Ankara</city>
        <zip>06018</zip>
        <country>Turkey</country>
      </address>
    </facility>
  </location>
  <location_countries>
    <country>Turkey</country>
  </location_countries>
  <verification_date>February 2013</verification_date>
  <!-- Old date names will be dropped in a few months (sometime in 2018)                        -->
  <lastchanged_date>February 15, 2013</lastchanged_date>
  <firstreceived_date>August 18, 2011</firstreceived_date>
  <!-- New date names                                                                           -->
  <study_first_submitted>August 18, 2011</study_first_submitted>
  <study_first_submitted_qc>August 18, 2011</study_first_submitted_qc>
  <study_first_posted type="Estimate">August 19, 2011</study_first_posted>
  <last_update_submitted>February 15, 2013</last_update_submitted>
  <last_update_submitted_qc>February 15, 2013</last_update_submitted_qc>
  <last_update_posted type="Estimate">February 18, 2013</last_update_posted>
  <!-- End of dates                                                                             -->
  <responsible_party>
    <responsible_party_type>Principal Investigator</responsible_party_type>
    <investigator_affiliation>Gulhane Military Medical Academy</investigator_affiliation>
    <investigator_full_name>Mehmet Ilkin Naharci</investigator_full_name>
    <investigator_title>Assistant professor</investigator_title>
  </responsible_party>
  <keyword>vitamin D</keyword>
  <keyword>deficiency</keyword>
  <keyword>alzheimer's disease</keyword>
  <condition_browse>
    <!-- CAUTION:  The following MeSH terms are assigned with an imperfect algorithm            -->
    <mesh_term>Alzheimer Disease</mesh_term>
    <mesh_term>Vitamin D Deficiency</mesh_term>
  </condition_browse>
  <intervention_browse>
    <!-- CAUTION:  The following MeSH terms are assigned with an imperfect algorithm            -->
    <mesh_term>Vitamins</mesh_term>
    <mesh_term>Vitamin D</mesh_term>
    <mesh_term>Ergocalciferols</mesh_term>
  </intervention_browse>
  <!-- Results have not yet been posted for this study                                          -->
</clinical_study>

