<?xml version="1.0" encoding="UTF-8"?>
<clinical_study rank="160">
  <!-- This xml conforms to an XML Schema at:
    https://clinicaltrials.gov/ct2/html/images/info/public.xsd -->
  <required_header>
    <download_date>ClinicalTrials.gov processed this data on November 07, 2017</download_date>
    <link_text>Link to the current ClinicalTrials.gov record.</link_text>
    <url>https://clinicaltrials.gov/show/NCT00982202</url>
  </required_header>
  <id_info>
    <org_study_id>IA0168</org_study_id>
    <secondary_id>1R01AG018905</secondary_id>
    <nct_id>NCT00982202</nct_id>
  </id_info>
  <brief_title>Pioglitazone in Alzheimer Disease</brief_title>
  <official_title>Pioglitazone in Alzheimer Disease Progression</official_title>
  <sponsors>
    <lead_sponsor>
      <agency>National Institute on Aging (NIA)</agency>
      <agency_class>NIH</agency_class>
    </lead_sponsor>
    <collaborator>
      <agency>Takeda Pharmaceuticals North America, Inc.</agency>
      <agency_class>Industry</agency_class>
    </collaborator>
  </sponsors>
  <source>National Institute on Aging (NIA)</source>
  <oversight_info>
    <has_dmc>Yes</has_dmc>
  </oversight_info>
  <brief_summary>
    <textblock>
      This study was designed to assess the safety and tolerability of pioglitazone, an approved
      drug for type 2 diabetes, in non diabetic patients with Alzheimer's disease. It was also
      designed to generate preliminary information on whether pioglitazone might slow progression
      of Alzheimer's disease.
    </textblock>
  </brief_summary>
  <detailed_description>
    <textblock>
      Inflammatory processes are important in the progressive loss of memory and thinking skills in
      Alzheimer's disease (AD). Laboratory studies show that drugs that bind to a protein known as
      &quot;Peroxisome Proliferator Activated Receptor-gamma (PPARgamma)&quot; act to reduce inflammatory
      responses in brain cells known as microglia when they are exposed to amyloid peptide, a major
      part of AD pathology. Therefore, drugs that activate PPARgamma have great potential for
      reducing the progression of AD. Pioglitazone (PGZ) activates PPARgamma and has shown
      favorable clinical experiences and safety profiles in patients with diabetes. This is a pilot
      study to determine the safety and tolerability of PGZ in patients with AD. Another goal of
      the study is to assess how clinical measures of cognition, daily function, and behavior might
      respond to PGZ treatment.
    </textblock>
  </detailed_description>
  <overall_status>Completed</overall_status>
  <start_date>January 2002</start_date>
  <completion_date type="Actual">January 2005</completion_date>
  <primary_completion_date type="Actual">January 2005</primary_completion_date>
  <phase>Phase 2</phase>
  <study_type>Interventional</study_type>
  <has_expanded_access>No</has_expanded_access>
  <study_design_info>
    <allocation>Randomized</allocation>
    <intervention_model>Parallel Assignment</intervention_model>
    <primary_purpose>Treatment</primary_purpose>
    <masking>Quadruple (Participant, Care Provider, Investigator, Outcomes Assessor)</masking>
  </study_design_info>
  <primary_outcome>
    <measure>Frequency of adverse events</measure>
    <time_frame>baseline, monthly for 1 year, then 15 and 18 months</time_frame>
  </primary_outcome>
  <secondary_outcome>
    <measure>Laboratory abnormalities</measure>
    <time_frame>baseline, monthly for 1 year, then 15 and 18 months</time_frame>
  </secondary_outcome>
  <secondary_outcome>
    <measure>Cognition</measure>
    <time_frame>baseline, 3, 6, 9, 12, 15, and 18 months</time_frame>
  </secondary_outcome>
  <secondary_outcome>
    <measure>Activities of Daily Living (ADL)</measure>
    <time_frame>baseline, 3, 6, 9, 12, 15, and 18 months</time_frame>
  </secondary_outcome>
  <secondary_outcome>
    <measure>Behavior</measure>
    <time_frame>baseline, 3, 6, 9, 12, 15, and 18 months</time_frame>
  </secondary_outcome>
  <secondary_outcome>
    <measure>Global function</measure>
    <time_frame>baseline, 3, 6, 9, 12, 15, and 18 months</time_frame>
  </secondary_outcome>
  <number_of_arms>2</number_of_arms>
  <enrollment type="Actual">25</enrollment>
  <condition>Alzheimer Disease</condition>
  <arm_group>
    <arm_group_label>PGZ</arm_group_label>
    <arm_group_type>Experimental</arm_group_type>
  </arm_group>
  <arm_group>
    <arm_group_label>Placebo</arm_group_label>
    <arm_group_type>Placebo Comparator</arm_group_type>
  </arm_group>
  <intervention>
    <intervention_type>Drug</intervention_type>
    <intervention_name>pioglitazone</intervention_name>
    <description>15mg tablet daily, increase by one pill at one-week intervals based on reported tolerability; maintain best tolerated dose (1 to 3 tablets daily) for ~18months</description>
    <arm_group_label>PGZ</arm_group_label>
    <other_name>Actos</other_name>
  </intervention>
  <intervention>
    <intervention_type>Drug</intervention_type>
    <intervention_name>Placebo</intervention_name>
    <description>1 to 3 tablets daily for ~18 months</description>
    <arm_group_label>Placebo</arm_group_label>
  </intervention>
  <eligibility>
    <criteria>
      <textblock>
        Inclusion Criteria:

          -  CT or MRI since disease onset excluding structural lesions sufficient to account for
             the participant's dementia

          -  Mini-Mental State Exam (MMSE) score between 12 and 26, inclusively

          -  Clinical Dementia Rating (CDR) score of 1 or 2 (mild to moderate AD severity) at both
             screening and baseline

          -  Women must be 2-years post-menopausal or surgically sterile.

          -  Generally healthy and ambulatory or ambulatory-aided (i.e., walker or cane); vision
             and hearing (hearing aid permissible) sufficient for compliance with testing
             procedures

          -  Concomitant medications: Participants may be on stable doses of cholinesterase
             inhibitors for 90 days prior to screening (may not be started during the trial);
             antidepressant or antipsychotic medications are acceptable if symptoms are controlled
             and therapy is at stable dosage for at least 30 days prior to screening; vitamin E at
             200 IU daily will be provided to all participants beginning at baseline/randomization
             (higher doses must be discontinued at the screening visit)

        Exclusion Criteria:

          -  Absence of a reliable caregiver who is willing to participate and comply with protocol
             responsibilities

          -  Diabetes mellitus requiring medical therapy (diet-controlled diabetes is acceptable)

          -  Acute or chronic liver failure, hepatitis within the last two years, or history of
             drug-induced liver transaminase elevations

          -  Heart failure meeting New York Heart Association Grade III or IV criteria (i.e.,
             functionally disabling)

          -  Evidence of active gastrointestinal, renal, pulmonary, endocrine or cardiovascular
             system disease sufficient to cause cognitive impairment or interfere with past levels
             of daily function; participants with controlled hypertension (supine diastolic BP &lt;
             95mmHg), right bundle branch block (complete or partial) and pacemakers may be
             included in the study; participants with thyroid disease also may be included in the
             study, provided they are euthyroid on treatment

          -  Active treatment for cancer or history of cancer within 3 years of screening (basal
             cell and squamous cells skin cancers are acceptable; incidental finding of carcinoma
             cells at transurethral prostate resection without subsequent medical or surgical
             therapy is acceptable)

          -  Evidence of other psychiatric/neurologic disorders sufficient to be the primary source
             of cognitive impairment (i.e., stroke, idiopathic Parkinson's disease, schizophrenia,
             bipolar or unipolar depression, seizure disorder, head injury with loss of
             consciousness within the past year) or a modified Hachinski's ischemia score of 5 or
             greater; delusions, hallucinations or depression not successfully treated or not on
             stable medical therapy for these conditions 30 days prior to enrollment; known or
             suspected history (within the past 10 years) of alcoholism or drug misuse

          -  Participants and/or caregivers who are unwilling or unable to fulfill the requirements
             of the study

          -  Any condition which would make the participant or the caregiver, in the opinion of the
             investigator, unsuitable for the study
      </textblock>
    </criteria>
    <gender>All</gender>
    <minimum_age>50 Years</minimum_age>
    <maximum_age>N/A</maximum_age>
    <healthy_volunteers>No</healthy_volunteers>
  </eligibility>
  <overall_official>
    <last_name>David Geldmaher, MD</last_name>
    <role>Principal Investigator</role>
    <affiliation>University of Virginia Health System</affiliation>
  </overall_official>
  <location>
    <facility>
      <name>University Hospitals of Cleveland</name>
      <address>
        <city>Cleveland</city>
        <state>Ohio</state>
        <zip>44120</zip>
        <country>United States</country>
      </address>
    </facility>
  </location>
  <location>
    <facility>
      <name>University of Virginia</name>
      <address>
        <city>Charlottesville</city>
        <state>Virginia</state>
        <zip>22908</zip>
        <country>United States</country>
      </address>
    </facility>
  </location>
  <location_countries>
    <country>United States</country>
  </location_countries>
  <reference>
    <citation>Heneka MT, Sastre M, Dumitrescu-Ozimek L, Hanke A, Dewachter I, Kuiperi C, O'Banion K, Klockgether T, Van Leuven F, Landreth GE. Acute treatment with the PPARgamma agonist pioglitazone and ibuprofen reduces glial inflammation and Abeta1-42 levels in APPV717I transgenic mice. Brain. 2005 Jun;128(Pt 6):1442-53. Epub 2005 Apr 7.</citation>
    <PMID>15817521</PMID>
  </reference>
  <reference>
    <citation>Jiang Q, Heneka M, Landreth GE. The role of peroxisome proliferator-activated receptor-gamma (PPARgamma) in Alzheimer's disease: therapeutic implications. CNS Drugs. 2008;22(1):1-14. Review.</citation>
    <PMID>18072811</PMID>
  </reference>
  <reference>
    <citation>Lincoff AM, Wolski K, Nicholls SJ, Nissen SE. Pioglitazone and risk of cardiovascular events in patients with type 2 diabetes mellitus: a meta-analysis of randomized trials. JAMA. 2007 Sep 12;298(10):1180-8.</citation>
    <PMID>17848652</PMID>
  </reference>
  <verification_date>September 2009</verification_date>
  <!-- Old date names will be dropped in a few months (sometime in 2018)                        -->
  <lastchanged_date>September 22, 2009</lastchanged_date>
  <firstreceived_date>September 22, 2009</firstreceived_date>
  <!-- New date names                                                                           -->
  <study_first_submitted>September 22, 2009</study_first_submitted>
  <study_first_submitted_qc>September 22, 2009</study_first_submitted_qc>
  <study_first_posted type="Estimate">September 23, 2009</study_first_posted>
  <last_update_submitted>September 22, 2009</last_update_submitted>
  <last_update_submitted_qc>September 22, 2009</last_update_submitted_qc>
  <last_update_posted type="Estimate">September 23, 2009</last_update_posted>
  <!-- End of dates                                                                             -->
  <responsible_party>
    <name_title>David Geldmaher, MD</name_title>
    <organization>University of Virginia Health System</organization>
  </responsible_party>
  <keyword>PPAR-gamma</keyword>
  <keyword>inflammation</keyword>
  <condition_browse>
    <!-- CAUTION:  The following MeSH terms are assigned with an imperfect algorithm            -->
    <mesh_term>Alzheimer Disease</mesh_term>
  </condition_browse>
  <intervention_browse>
    <!-- CAUTION:  The following MeSH terms are assigned with an imperfect algorithm            -->
    <mesh_term>Pioglitazone</mesh_term>
  </intervention_browse>
  <!-- Results have not yet been posted for this study                                          -->
</clinical_study>

