<?xml version="1.0" encoding="UTF-8"?>
<clinical_study rank="229">
  <!-- This xml conforms to an XML Schema at:
    https://clinicaltrials.gov/ct2/html/images/info/public.xsd -->
  <required_header>
    <download_date>ClinicalTrials.gov processed this data on November 07, 2017</download_date>
    <link_text>Link to the current ClinicalTrials.gov record.</link_text>
    <url>https://clinicaltrials.gov/show/NCT02880956</url>
  </required_header>
  <id_info>
    <org_study_id>M15-566</org_study_id>
    <secondary_id>2016-001634-10</secondary_id>
    <nct_id>NCT02880956</nct_id>
  </id_info>
  <brief_title>A Study to Evaluate the Efficacy and Safety of ABBV-8E12 in Subjects With Early Alzheimer's Disease</brief_title>
  <official_title>A Phase 2 Multiple Dose, Multicenter, Randomized, Double-Blind, Placebo-Controlled Study to Evaluate the Efficacy and Safety of ABBV-8E12 in Subjects With Early Alzheimer's Disease</official_title>
  <sponsors>
    <lead_sponsor>
      <agency>AbbVie</agency>
      <agency_class>Industry</agency_class>
    </lead_sponsor>
  </sponsors>
  <source>AbbVie</source>
  <oversight_info>
    <has_dmc>Yes</has_dmc>
  </oversight_info>
  <brief_summary>
    <textblock>
      This study seeks to evaluate the efficacy and safety of ABBV-8E12 in subjects with Early
      Alzheimer's Disease.
    </textblock>
  </brief_summary>
  <overall_status>Recruiting</overall_status>
  <start_date>October 17, 2016</start_date>
  <completion_date type="Anticipated">April 7, 2021</completion_date>
  <primary_completion_date type="Anticipated">December 16, 2020</primary_completion_date>
  <phase>Phase 2</phase>
  <study_type>Interventional</study_type>
  <has_expanded_access>No</has_expanded_access>
  <study_design_info>
    <allocation>Randomized</allocation>
    <intervention_model>Parallel Assignment</intervention_model>
    <primary_purpose>Treatment</primary_purpose>
    <masking>Quadruple (Participant, Care Provider, Investigator, Outcomes Assessor)</masking>
  </study_design_info>
  <primary_outcome>
    <measure>Clinical Dementia Rating - Sum of Boxes (CDR-SB)</measure>
    <time_frame>Week 96</time_frame>
    <description>A scale used to quantify the severity of symptoms of dementia.</description>
  </primary_outcome>
  <primary_outcome>
    <measure>Adverse Events</measure>
    <time_frame>112 weeks</time_frame>
  </primary_outcome>
  <secondary_outcome>
    <measure>Maximum observed serum concentration (Cmax) for ABBV-8E12</measure>
    <time_frame>16 weeks</time_frame>
  </secondary_outcome>
  <secondary_outcome>
    <measure>Time to Cmax (Tmax) for ABBV-8E12</measure>
    <time_frame>16 weeks</time_frame>
  </secondary_outcome>
  <secondary_outcome>
    <measure>Area under the concentration time curve (AUC) for ABBV-8E12</measure>
    <time_frame>16 weeks</time_frame>
  </secondary_outcome>
  <secondary_outcome>
    <measure>Serum concentration at the end of a dose interval (Ctrough) for ABBV-8E12</measure>
    <time_frame>96 weeks</time_frame>
  </secondary_outcome>
  <secondary_outcome>
    <measure>Mini-Mental State Examination (MMSE)</measure>
    <time_frame>96 weeks</time_frame>
    <description>A 30-point questionnaire that provides a quantitative measure of cognitive mental status in adults.</description>
  </secondary_outcome>
  <secondary_outcome>
    <measure>Alzheimer's Disease Assessment Scale (14-Item) Cognition Portion (ADAS-Cog-14)</measure>
    <time_frame>96 weeks</time_frame>
    <description>A scale that assesses the cognitive impairments most common in AD.</description>
  </secondary_outcome>
  <secondary_outcome>
    <measure>Repeatable Battery for Assessment of Neuropsychological Status (RBANS)</measure>
    <time_frame>96 weeks</time_frame>
    <description>A standardized neurocognitive battery that measures cognitive decline or improvement across five neurocognitive domains.</description>
  </secondary_outcome>
  <secondary_outcome>
    <measure>24-Item Alzheimer's Disease Cooperative Study/Activities of Daily Living Scale Adapted for Patients with Mild Cognitive Impairment (ADCS-MCI-ADL-24)</measure>
    <time_frame>96 weeks</time_frame>
    <description>A 24-item, study partner-based assessment of activities of daily living designed specifically for AD patients.</description>
  </secondary_outcome>
  <secondary_outcome>
    <measure>Functional Activities Questionnaire (FAQ)</measure>
    <time_frame>96 weeks</time_frame>
    <description>A questionnaire used to measure level of assistance (functional disability) needed for carrying out instrumental activities in daily living.</description>
  </secondary_outcome>
  <secondary_outcome>
    <measure>University of California's Performance Based Skills Assessment, Brief Version (UPSA-Brief)</measure>
    <time_frame>96 weeks</time_frame>
    <description>A performance-based instrument which uses a series of tasks and role-play scenarios to evaluate a person's functional capacity in two areas of basic living skills (i.e., financial skills and communication skills).</description>
  </secondary_outcome>
  <secondary_outcome>
    <measure>Alzheimer's Disease Cooperative Study Clinical Global Impression of Change for Mild Cognitive Impairment (ADCS-CGIC-MCI).</measure>
    <time_frame>96 weeks</time_frame>
    <description>The instrument assesses the physician's global impression of change four major cognitive domains.</description>
  </secondary_outcome>
  <number_of_arms>4</number_of_arms>
  <enrollment type="Anticipated">400</enrollment>
  <condition>Alzheimer's Disease</condition>
  <arm_group>
    <arm_group_label>Group 1</arm_group_label>
    <arm_group_type>Experimental</arm_group_type>
    <description>Dose 1 ABBV-8E12</description>
  </arm_group>
  <arm_group>
    <arm_group_label>Group 2</arm_group_label>
    <arm_group_type>Experimental</arm_group_type>
    <description>Dose 2 ABBV-8E12</description>
  </arm_group>
  <arm_group>
    <arm_group_label>Group 3</arm_group_label>
    <arm_group_type>Experimental</arm_group_type>
    <description>Dose 3 ABBV-8E12</description>
  </arm_group>
  <arm_group>
    <arm_group_label>Group 4</arm_group_label>
    <arm_group_type>Placebo Comparator</arm_group_type>
    <description>Placebo for ABBV-8E12</description>
  </arm_group>
  <intervention>
    <intervention_type>Drug</intervention_type>
    <intervention_name>ABBV-8E12</intervention_name>
    <description>ABBV-8E12 (20 mg/mL) solution for IV infusion</description>
    <arm_group_label>Group 1</arm_group_label>
    <arm_group_label>Group 2</arm_group_label>
    <arm_group_label>Group 3</arm_group_label>
  </intervention>
  <intervention>
    <intervention_type>Drug</intervention_type>
    <intervention_name>placebo for ABBV-8E12</intervention_name>
    <description>placebo solution for IV infusion</description>
    <arm_group_label>Group 4</arm_group_label>
  </intervention>
  <eligibility>
    <criteria>
      <textblock>
        Inclusion Criteria:

          -  Subject who meets the National Institute on Aging and the Alzheimer's Association
             (NIA-AA) clinical criteria for mild cognitive impairment or probable AD, and have:

               -  Clinical Dementia Rating (CDR)-Global Score of 0.5

               -  Mini-Mental State Examination (MMSE) score of 22 to 30, inclusive

               -  Repeatable Battery for the Assessment of Neuropsychological Status-Delayed Memory
                  Index (RBANS - DMI) score of 85 or lower

          -  Subject has a positive amyloid Positron Emission Tomography (PET) scan.

          -  Subject has a Modified Hachinski Ischemic Scale (MHIS) score of ≤ 4.

          -  The subject has an identified, reliable, study partner (e.g., family member).

          -  If using medications to treat symptoms related to AD, doses must be stable for at
             least 12 weeks prior to randomization.

        Exclusion Criteria:

          -  Subject has any contraindications or inability to tolerate to brain magnetic resonance
             imaging (MRI), PET scans or lumbar puncture.

          -  Subject has evidence of any other clinically significant neurological disorder other
             than Early AD.

          -  In the opinion of the investigator, the subject has any clinically significant or
             uncontrolled medical or psychiatric illness, or has had an infection requiring medical
             intervention in the past 30 days.

          -  Subject has had a myocardial infarction, unstable angina, stroke, transient ischemic
             attack or required intervention for any of these conditions within 6 months of
             Screening.
      </textblock>
    </criteria>
    <gender>All</gender>
    <minimum_age>55 Years</minimum_age>
    <maximum_age>85 Years</maximum_age>
    <healthy_volunteers>No</healthy_volunteers>
  </eligibility>
  <overall_official>
    <last_name>Hana Florian, MD</last_name>
    <role>Study Director</role>
    <affiliation>AbbVie</affiliation>
  </overall_official>
  <overall_contact>
    <last_name>AbbVie_Call Center</last_name>
    <phone>847-283-8955</phone>
    <email>abbvieclinicaltrials@abbvie.com</email>
  </overall_contact>
  <location>
    <facility>
      <name>Banner Alzheimer's Institute /ID# 151536</name>
      <address>
        <city>Phoenix</city>
        <state>Arizona</state>
        <zip>85006</zip>
        <country>United States</country>
      </address>
    </facility>
    <status>Recruiting</status>
    <contact>
      <last_name>William Burke, MD</last_name>
    </contact>
  </location>
  <location>
    <facility>
      <name>Banner Sun Health Research Institute /ID# 151895</name>
      <address>
        <city>Sun City</city>
        <state>Arizona</state>
        <zip>85351</zip>
        <country>United States</country>
      </address>
    </facility>
    <status>Recruiting</status>
  </location>
  <location>
    <facility>
      <name>Irvine Clinical Research /ID# 162331</name>
      <address>
        <city>Irvine</city>
        <state>California</state>
        <zip>92614</zip>
        <country>United States</country>
      </address>
    </facility>
    <status>Recruiting</status>
  </location>
  <location>
    <facility>
      <name>UCSD Shiley-Marcos Alzheimer's Disease Research center /ID# 152467</name>
      <address>
        <city>La Jolla</city>
        <state>California</state>
        <zip>92037-0949</zip>
        <country>United States</country>
      </address>
    </facility>
    <status>Not yet recruiting</status>
  </location>
  <location>
    <facility>
      <name>Pacific Research Network, Inc. /ID# 151127</name>
      <address>
        <city>San Diego</city>
        <state>California</state>
        <zip>92103</zip>
        <country>United States</country>
      </address>
    </facility>
    <status>Not yet recruiting</status>
  </location>
  <location>
    <facility>
      <name>Ray Dolby Brain Health Center/CPMC /ID# 154965</name>
      <address>
        <city>San Francisco</city>
        <state>California</state>
        <zip>94114</zip>
        <country>United States</country>
      </address>
    </facility>
    <status>Recruiting</status>
  </location>
  <location>
    <facility>
      <name>UCSF Memory and Aging Center /ID# 152053</name>
      <address>
        <city>San Francisco</city>
        <state>California</state>
        <zip>94158</zip>
        <country>United States</country>
      </address>
    </facility>
    <status>Recruiting</status>
  </location>
  <location>
    <facility>
      <name>Neurological Research Institute /ID# 152718</name>
      <address>
        <city>Santa Monica</city>
        <state>California</state>
        <zip>90404</zip>
        <country>United States</country>
      </address>
    </facility>
    <status>Not yet recruiting</status>
  </location>
  <location>
    <facility>
      <name>Parkinson's Disease and Movement Disorder Center /ID# 152759</name>
      <address>
        <city>Boca Raton</city>
        <state>Florida</state>
        <zip>33486</zip>
        <country>United States</country>
      </address>
    </facility>
    <status>Not yet recruiting</status>
  </location>
  <location>
    <facility>
      <name>Brain Matters Research /ID# 147796</name>
      <address>
        <city>Delray Beach</city>
        <state>Florida</state>
        <zip>33445</zip>
        <country>United States</country>
      </address>
    </facility>
    <status>Recruiting</status>
  </location>
  <location>
    <facility>
      <name>Neuropsychiatric Research Center of Southwest Florida /ID# 162332</name>
      <address>
        <city>Fort Myers</city>
        <state>Florida</state>
        <zip>33912</zip>
        <country>United States</country>
      </address>
    </facility>
    <status>Recruiting</status>
  </location>
  <location>
    <facility>
      <name>Mayo Clinic /ID# 151236</name>
      <address>
        <city>Jacksonville</city>
        <state>Florida</state>
        <zip>32224</zip>
        <country>United States</country>
      </address>
    </facility>
    <status>Recruiting</status>
  </location>
  <location>
    <facility>
      <name>Compass Research LLC /ID# 147804</name>
      <address>
        <city>Orlando</city>
        <state>Florida</state>
        <zip>32806</zip>
        <country>United States</country>
      </address>
    </facility>
    <status>Recruiting</status>
  </location>
  <location>
    <facility>
      <name>University of South Florida /ID# 151890</name>
      <address>
        <city>Tampa</city>
        <state>Florida</state>
        <zip>33613</zip>
        <country>United States</country>
      </address>
    </facility>
    <status>Recruiting</status>
  </location>
  <location>
    <facility>
      <name>Compass Research, LLC /ID# 151633</name>
      <address>
        <city>The Villages</city>
        <state>Florida</state>
        <zip>32162</zip>
        <country>United States</country>
      </address>
    </facility>
    <status>Recruiting</status>
    <contact>
      <last_name>David Subich, MD</last_name>
    </contact>
  </location>
  <location>
    <facility>
      <name>Emory Brain Health Center /ID# 151492</name>
      <address>
        <city>Atlanta</city>
        <state>Georgia</state>
        <zip>30322</zip>
        <country>United States</country>
      </address>
    </facility>
    <status>Recruiting</status>
    <contact>
      <last_name>James Lah, MD</last_name>
    </contact>
  </location>
  <location>
    <facility>
      <name>Atlanta Center for Medical Research /ID# 151550</name>
      <address>
        <city>Atlanta</city>
        <state>Georgia</state>
        <zip>30331</zip>
        <country>United States</country>
      </address>
    </facility>
    <status>Recruiting</status>
    <contact>
      <last_name>Robert Riesenberg, MD</last_name>
    </contact>
  </location>
  <location>
    <facility>
      <name>NeuroStudies.net, LLC /ID# 152746</name>
      <address>
        <city>Decatur</city>
        <state>Georgia</state>
        <zip>30033</zip>
        <country>United States</country>
      </address>
    </facility>
    <status>Recruiting</status>
  </location>
  <location>
    <facility>
      <name>Great Lakes Clinical Trials /ID# 152754</name>
      <address>
        <city>Chicago</city>
        <state>Illinois</state>
        <zip>60640</zip>
        <country>United States</country>
      </address>
    </facility>
    <status>Recruiting</status>
    <contact>
      <last_name>John Lavaccare, MD</last_name>
    </contact>
  </location>
  <location>
    <facility>
      <name>Advocate Lutheran General Hospital Advocate Memory Center /ID# 152052</name>
      <address>
        <city>Park Ridge</city>
        <state>Illinois</state>
        <zip>60068</zip>
        <country>United States</country>
      </address>
    </facility>
    <status>Recruiting</status>
    <contact>
      <last_name>Darren Gitelman, MD</last_name>
    </contact>
  </location>
  <location>
    <facility>
      <name>Southern Illinois University School of Medicine /ID# 151769</name>
      <address>
        <city>Springfield</city>
        <state>Illinois</state>
        <zip>62702</zip>
        <country>United States</country>
      </address>
    </facility>
    <status>Recruiting</status>
    <contact>
      <last_name>Thomas Ala, MD</last_name>
    </contact>
  </location>
  <location>
    <facility>
      <name>IU Health Partners, Adult Neurology Clinic /ID# 151861</name>
      <address>
        <city>Indianapolis</city>
        <state>Indiana</state>
        <zip>46202</zip>
        <country>United States</country>
      </address>
    </facility>
    <status>Recruiting</status>
  </location>
  <location>
    <facility>
      <name>Clinical and Translational Science Unit /ID# 151554</name>
      <address>
        <city>Fairway</city>
        <state>Kansas</state>
        <zip>66205</zip>
        <country>United States</country>
      </address>
    </facility>
    <status>Recruiting</status>
  </location>
  <location>
    <facility>
      <name>Univerisity of Kentucky /ID# 152753</name>
      <address>
        <city>Lexington</city>
        <state>Kentucky</state>
        <zip>40504</zip>
        <country>United States</country>
      </address>
    </facility>
    <status>Recruiting</status>
  </location>
  <location>
    <facility>
      <name>Johns Hopkins Bayview Medical Center /ID# 151893</name>
      <address>
        <city>Baltimore</city>
        <state>Maryland</state>
        <zip>21224</zip>
        <country>United States</country>
      </address>
    </facility>
    <status>Recruiting</status>
  </location>
  <location>
    <facility>
      <name>Brigham &amp; Women's Hospital /ID# 151882</name>
      <address>
        <city>Boston</city>
        <state>Massachusetts</state>
        <zip>02115</zip>
        <country>United States</country>
      </address>
    </facility>
    <status>Recruiting</status>
  </location>
  <location>
    <facility>
      <name>Massachusetts General Hospital /ID# 151770</name>
      <address>
        <city>Charlestown</city>
        <state>Massachusetts</state>
        <zip>02129</zip>
        <country>United States</country>
      </address>
    </facility>
    <status>Recruiting</status>
  </location>
  <location>
    <facility>
      <name>Global Medical Institutes, LLC /ID# 152934</name>
      <address>
        <city>Princeton</city>
        <state>New Jersey</state>
        <zip>08540</zip>
        <country>United States</country>
      </address>
    </facility>
    <status>Recruiting</status>
  </location>
  <location>
    <facility>
      <name>Scott Research Inc. /ID# 151880</name>
      <address>
        <city>Laurelton</city>
        <state>New York</state>
        <zip>11413</zip>
        <country>United States</country>
      </address>
    </facility>
    <status>Recruiting</status>
  </location>
  <location>
    <facility>
      <name>The Feinstein Institute for Medical Research /ID# 151632</name>
      <address>
        <city>Manhasset</city>
        <state>New York</state>
        <zip>11030</zip>
        <country>United States</country>
      </address>
    </facility>
    <status>Recruiting</status>
  </location>
  <location>
    <facility>
      <name>NYU Langone Medical Center /ID# 151862</name>
      <address>
        <city>New York</city>
        <state>New York</state>
        <zip>10016</zip>
        <country>United States</country>
      </address>
    </facility>
    <status>Not yet recruiting</status>
  </location>
  <location>
    <facility>
      <name>Duke Neurological Disorder Clinic /ID# 147828</name>
      <address>
        <city>Durham</city>
        <state>North Carolina</state>
        <zip>27705</zip>
        <country>United States</country>
      </address>
    </facility>
    <status>Recruiting</status>
    <contact>
      <last_name>Jim Burke, MD</last_name>
    </contact>
  </location>
  <location>
    <facility>
      <name>Oregon Health &amp; Science University (OHSU) /ID# 151690</name>
      <address>
        <city>Portland</city>
        <state>Oregon</state>
        <zip>97239</zip>
        <country>United States</country>
      </address>
    </facility>
    <status>Recruiting</status>
  </location>
  <location>
    <facility>
      <name>Rhode Island Hospital /ID# 151538</name>
      <address>
        <city>Providence</city>
        <state>Rhode Island</state>
        <zip>02903</zip>
        <country>United States</country>
      </address>
    </facility>
    <status>Recruiting</status>
  </location>
  <location>
    <facility>
      <name>Vanderbilt University Medical Center /ID# 154547</name>
      <address>
        <city>Nashville</city>
        <state>Tennessee</state>
        <zip>37212</zip>
        <country>United States</country>
      </address>
    </facility>
    <status>Recruiting</status>
    <contact>
      <last_name>Lealani Acosta, MD</last_name>
    </contact>
  </location>
  <location>
    <facility>
      <name>Presbyterian Hospital of Dallas /ID# 147815</name>
      <address>
        <city>Dallas</city>
        <state>Texas</state>
        <zip>75231</zip>
        <country>United States</country>
      </address>
    </facility>
    <status>Recruiting</status>
    <contact>
      <last_name>Diana Kerwin, MD</last_name>
    </contact>
  </location>
  <location>
    <facility>
      <name>Nantz National Alzheimer Center /ID# 154810</name>
      <address>
        <city>Houston</city>
        <state>Texas</state>
        <zip>77030</zip>
        <country>United States</country>
      </address>
    </facility>
    <status>Recruiting</status>
  </location>
  <location>
    <facility>
      <name>University of Utah /ID# 151858</name>
      <address>
        <city>Salt Lake City</city>
        <state>Utah</state>
        <zip>84108</zip>
        <country>United States</country>
      </address>
    </facility>
    <status>Recruiting</status>
  </location>
  <location>
    <facility>
      <name>Integrated Neurology Services /ID# 154863</name>
      <address>
        <city>Falls Church</city>
        <state>Virginia</state>
        <zip>22043</zip>
        <country>United States</country>
      </address>
    </facility>
    <status>Recruiting</status>
  </location>
  <location>
    <facility>
      <name>St Vincent´s Hospital /ID# 152632</name>
      <address>
        <city>Darlinghurst</city>
        <zip>2010</zip>
        <country>Australia</country>
      </address>
    </facility>
    <status>Recruiting</status>
  </location>
  <location>
    <facility>
      <name>Griffith University /ID# 152635</name>
      <address>
        <city>Eastwood</city>
        <zip>4222</zip>
        <country>Australia</country>
      </address>
    </facility>
    <status>Recruiting</status>
  </location>
  <location>
    <facility>
      <name>Australian Alzheimer's Research Foundation /ID# 152634</name>
      <address>
        <city>Nedlands</city>
        <zip>6009</zip>
        <country>Australia</country>
      </address>
    </facility>
    <status>Recruiting</status>
  </location>
  <location>
    <facility>
      <name>Neurodegenerative Disorders Research Pty Ltd /ID# 152826</name>
      <address>
        <city>West Perth</city>
        <zip>6005</zip>
        <country>Australia</country>
      </address>
    </facility>
    <status>Recruiting</status>
  </location>
  <location>
    <facility>
      <name>Universitair Ziekenhuis Leuven /ID# 152642</name>
      <address>
        <city>Leuven</city>
        <zip>3000</zip>
        <country>Belgium</country>
      </address>
    </facility>
    <status>Not yet recruiting</status>
  </location>
  <location>
    <facility>
      <name>Ita-Suomen Yliopisto /ID# 152959</name>
      <address>
        <city>Kuopio</city>
        <zip>70210</zip>
        <country>Finland</country>
      </address>
    </facility>
    <status>Recruiting</status>
  </location>
  <location>
    <facility>
      <name>Clinical Research Services Turku - CRST Oy /ID# 152845</name>
      <address>
        <city>Turku</city>
        <zip>20520</zip>
        <country>Finland</country>
      </address>
    </facility>
    <status>Recruiting</status>
  </location>
  <location>
    <facility>
      <name>IRCCS - San Giovanni di Dio - Fatebenefratelli /ID# 152395</name>
      <address>
        <city>Brescia</city>
        <zip>25125</zip>
        <country>Italy</country>
      </address>
    </facility>
    <status>Recruiting</status>
  </location>
  <location>
    <facility>
      <name>IRCCS Ca Granda Ospedale Policlinico Maggiore /ID# 152401</name>
      <address>
        <city>Milano</city>
        <zip>20122</zip>
        <country>Italy</country>
      </address>
    </facility>
    <status>Not yet recruiting</status>
  </location>
  <location>
    <facility>
      <name>Universita degli Studi di Perugia /ID# 152397</name>
      <address>
        <city>Perugia</city>
        <zip>06132</zip>
        <country>Italy</country>
      </address>
    </facility>
    <status>Not yet recruiting</status>
  </location>
  <location>
    <facility>
      <name>La Fondazione Policlinico Universitario Agostino Gemelli /ID# 152396</name>
      <address>
        <city>Rome</city>
        <zip>00168</zip>
        <country>Italy</country>
      </address>
    </facility>
    <status>Recruiting</status>
  </location>
  <location>
    <facility>
      <name>Princess Margaret Hospital /ID# 152827</name>
      <address>
        <city>Christchurch</city>
        <zip>8022</zip>
        <country>New Zealand</country>
      </address>
    </facility>
    <status>Recruiting</status>
  </location>
  <location>
    <facility>
      <name>Fundacio ACE /ID# 152643</name>
      <address>
        <city>Barcelona</city>
        <zip>08028</zip>
        <country>Spain</country>
      </address>
    </facility>
    <status>Recruiting</status>
  </location>
  <location>
    <facility>
      <name>Hospital Clinic de Barcelona /ID# 152646</name>
      <address>
        <city>Barcelona</city>
        <zip>08036</zip>
        <country>Spain</country>
      </address>
    </facility>
    <status>Recruiting</status>
  </location>
  <location>
    <facility>
      <name>Hospital Universitario Doce de Octubre /ID# 152647</name>
      <address>
        <city>Madrid</city>
        <zip>28041</zip>
        <country>Spain</country>
      </address>
    </facility>
    <status>Recruiting</status>
  </location>
  <location_countries>
    <country>Australia</country>
    <country>Belgium</country>
    <country>Finland</country>
    <country>Italy</country>
    <country>New Zealand</country>
    <country>Spain</country>
    <country>United States</country>
  </location_countries>
  <verification_date>August 2017</verification_date>
  <!-- Old date names will be dropped in a few months (sometime in 2018)                        -->
  <lastchanged_date>August 31, 2017</lastchanged_date>
  <firstreceived_date>August 24, 2016</firstreceived_date>
  <!-- New date names                                                                           -->
  <study_first_submitted>August 24, 2016</study_first_submitted>
  <study_first_submitted_qc>August 24, 2016</study_first_submitted_qc>
  <study_first_posted type="Estimate">August 26, 2016</study_first_posted>
  <last_update_submitted>August 31, 2017</last_update_submitted>
  <last_update_submitted_qc>August 31, 2017</last_update_submitted_qc>
  <last_update_posted type="Estimate">September 4, 2017</last_update_posted>
  <!-- End of dates                                                                             -->
  <responsible_party>
    <responsible_party_type>Sponsor</responsible_party_type>
  </responsible_party>
  <keyword>Tau</keyword>
  <keyword>Nervous system diseases</keyword>
  <keyword>Memory loss</keyword>
  <keyword>Mild Alzheimer's Disease (AD)</keyword>
  <keyword>Early Alzheimer's Disease</keyword>
  <keyword>Early dementia</keyword>
  <keyword>Mild Cognitive Impairment (MCI)</keyword>
  <keyword>AD</keyword>
  <keyword>Tauopathies</keyword>
  <keyword>Neurodegenerative diseases</keyword>
  <condition_browse>
    <!-- CAUTION:  The following MeSH terms are assigned with an imperfect algorithm            -->
    <mesh_term>Alzheimer Disease</mesh_term>
  </condition_browse>
  <!-- Results have not yet been posted for this study                                          -->
</clinical_study>

