<?xml version="1.0" encoding="UTF-8"?>
<clinical_study rank="427">
  <!-- This xml conforms to an XML Schema at:
    https://clinicaltrials.gov/ct2/html/images/info/public.xsd -->
  <required_header>
    <download_date>ClinicalTrials.gov processed this data on November 07, 2017</download_date>
    <link_text>Link to the current ClinicalTrials.gov record.</link_text>
    <url>https://clinicaltrials.gov/show/NCT03117738</url>
  </required_header>
  <id_info>
    <org_study_id>AST-ADP2-US01</org_study_id>
    <nct_id>NCT03117738</nct_id>
  </id_info>
  <brief_title>A Study to Evaluate the Safety and Efficacy of AstroStem in Treatment of Alzheimer's Disease</brief_title>
  <official_title>A Phase 1/2, Randomized, Double-Blind, Placebo-Controlled Study to Evaluate the Safety and Efficacy of AstroStem, Autologous Adipose Tissue Derived Mesenchymal Stem Cells, in Patients With Alzheimer's Disease</official_title>
  <sponsors>
    <lead_sponsor>
      <agency>Nature Cell Co. Ltd.</agency>
      <agency_class>Industry</agency_class>
    </lead_sponsor>
  </sponsors>
  <source>Nature Cell Co. Ltd.</source>
  <oversight_info>
    <has_dmc>No</has_dmc>
    <is_fda_regulated_drug>Yes</is_fda_regulated_drug>
    <is_fda_regulated_device>No</is_fda_regulated_device>
  </oversight_info>
  <brief_summary>
    <textblock>
      This is a randomized, double-blind, placebo-controlled, parallel-group comparison study in
      subjects with Alzheimer's Disease. Following first screening period, subjects will be
      randomly assigned into one of the following arms: AstroStem and placebo control in a 1:1
      ratio. AstroStem or placebo control will be administered via I.V. at Week 0. This procedure
      will be repeated 9 times at 2-week interval. Subjects will be scheduled for two follow-up
      visits at Weeks 30 and 52 to evaluate primary and secondary outcome endpoints.
    </textblock>
  </brief_summary>
  <overall_status>Recruiting</overall_status>
  <start_date type="Actual">April 3, 2017</start_date>
  <completion_date type="Anticipated">November 30, 2018</completion_date>
  <primary_completion_date type="Anticipated">October 26, 2018</primary_completion_date>
  <phase>Phase 1/Phase 2</phase>
  <study_type>Interventional</study_type>
  <has_expanded_access>No</has_expanded_access>
  <study_design_info>
    <allocation>Randomized</allocation>
    <intervention_model>Parallel Assignment</intervention_model>
    <primary_purpose>Treatment</primary_purpose>
    <masking>Triple (Participant, Investigator, Outcomes Assessor)</masking>
  </study_design_info>
  <primary_outcome>
    <measure>Treatment related adverse events</measure>
    <time_frame>32 Weeks</time_frame>
    <description>Number of subjects with treatment related adverse events as assessed by analysis of adverse events including symptoms, and abnormal findings on physical examination, vital signs, ECG, and standard laboratory examination results</description>
  </primary_outcome>
  <primary_outcome>
    <measure>ADAS-Cog (Alzheimer's Disease Assessment Scale-cognitive subscale)</measure>
    <time_frame>Baseline and 32 Weeks</time_frame>
    <description>Change of ADAS-Cog from Baseline at Week 32</description>
  </primary_outcome>
  <secondary_outcome>
    <measure>MMSE (Mini-mental status examination)</measure>
    <time_frame>Baseline and 32 Weeks</time_frame>
    <description>Change of MMSE from baseline at Week 32</description>
  </secondary_outcome>
  <secondary_outcome>
    <measure>CDR-SOB (Clinical Dementia Rating-Sum of Boxes)</measure>
    <time_frame>Baseline and 32 Weeks</time_frame>
    <description>Changes of CDR-SOB from baseline at Week 32</description>
  </secondary_outcome>
  <secondary_outcome>
    <measure>NPI (Neuropsychiatric Inventory)</measure>
    <time_frame>Baseline and 32 Weeks</time_frame>
    <description>Changes of NPI from baseline at Week 32</description>
  </secondary_outcome>
  <secondary_outcome>
    <measure>GDS (Geriatric Depression Scale)</measure>
    <time_frame>Baseline and 32 Weeks</time_frame>
    <description>Changes of GDS from baseline at Week 32</description>
  </secondary_outcome>
  <secondary_outcome>
    <measure>ADCS-ADL (Alzheimer's Disease Cooperative Study Activities of Daily Living)</measure>
    <time_frame>Baseline and 32 Weeks</time_frame>
    <description>Change of ADCS-ADL from baseline at Week 32</description>
  </secondary_outcome>
  <secondary_outcome>
    <measure>C-SSRS (Columbia Suicide Severity Rating Scale)</measure>
    <time_frame>Baseline and 32 Weeks</time_frame>
    <description>Changes of C-SSRS from baseline at Week 32</description>
  </secondary_outcome>
  <secondary_outcome>
    <measure>MRI Scan</measure>
    <time_frame>Baseline and 32 Weeks</time_frame>
    <description>Change of MRI imaging results from baseline at Week 32</description>
  </secondary_outcome>
  <secondary_outcome>
    <measure>Biomarkers: Amyloid beta 40, Amyloid beta 42, Amyloid precursor protein intracellular domain (AICD), soluble neuregulin-1 (sNRG-1)</measure>
    <time_frame>Baseline and 32 Weeks</time_frame>
    <description>Change of Biomarkers from baseline at Week 32</description>
  </secondary_outcome>
  <number_of_arms>2</number_of_arms>
  <enrollment type="Anticipated">60</enrollment>
  <condition>Alzheimer Disease</condition>
  <arm_group>
    <arm_group_label>AstroStem</arm_group_label>
    <arm_group_type>Experimental</arm_group_type>
  </arm_group>
  <arm_group>
    <arm_group_label>Placebo-Control</arm_group_label>
    <arm_group_type>Placebo Comparator</arm_group_type>
  </arm_group>
  <intervention>
    <intervention_type>Drug</intervention_type>
    <intervention_name>AstroStem</intervention_name>
    <description>Autologous adipose tissue derived mesenchymal stem cells (AdMSC)</description>
    <arm_group_label>AstroStem</arm_group_label>
  </intervention>
  <intervention>
    <intervention_type>Other</intervention_type>
    <intervention_name>Placebo-Control</intervention_name>
    <description>Saline with 30% auto-serum</description>
    <arm_group_label>Placebo-Control</arm_group_label>
  </intervention>
  <eligibility>
    <criteria>
      <textblock>
        Inclusion Criteria:

          -  Male or female subjects aged 50 and above at the time of signing the Informed Consent
             form

          -  Subjects who can understand and provide written informed consent (assent)

          -  Subjects who have diagnosis of probable mild-to-moderate Alzheimer disease according
             to NINCDS-ADRDA (National Institute of Neurological and Communicative Disorders and
             Stroke; Alzheimer's Disease and Related Disorders Association) criteria

          -  Subjects who have MMSE Score of 16 to 26 at screening

          -  Subjects who are taking FDA-approved AD medications (donepezil, galantamine,
             memantine, rivastigmine or their combinations) treatment on a stable dosage for at
             least 3 months prior to screening.

          -  Subjects who have one (or more) identified adult caregiver who is able to read,
             understand, and speak the designated language at the study site; either lives with the
             subject or sees the subject for ≥2 hours/day ≥4 days/week; and agrees to accompany the
             subject to each study visit

          -  Subjects who have a designated study partner who will accompany the subject to all
             clinic visits and participate in the subject's clinical assessments

        Exclusion Criteria:

          -  Subjects who are females who are pregnant, nursing, or of childbearing potential while
             not practicing effective contraception

          -  Subjects who have signs of delirium

          -  Subjects who have had cortical stroke within the preceding 2 years

          -  Subjects who have a prolonged QTc interval; &gt;450 msec in male or &gt;470 msec in female
             at screening

          -  Subjects who have diagnosis of severe white matter hyperintensity (WMH), which is
             defined as ≥ 25mm of the deep white matter and ≥ 10mm of the periventricular
             capping/banding in lengths

          -  Subjects who have diagnosis of dementia or cause of cognitive impairment other than
             Alzheimer's disease

          -  Subjects who have a significant abnormal result in laboratory tests, in the opinion of
             the investigator

          -  Subjects who have participated in any investigational drug, stem cell therapy, or
             device trial within the previous 3 months at screening

          -  Subjects with any current psychiatric diagnosis other than AD if, in the judgment of
             the investigator, the psychiatric disorder or symptom is likely to confound
             interpretation of drug effect, affect cognitive assessments, or affect the subject´s
             ability to complete the study

          -  Subjects who are known to have autosomal dominant mutation-associated presenile AD

          -  Subjects who show signs of AIDS (Acquired Immunodeficiency Syndrome), HBV (Hepatitis B
             Virus), HCV (Hepatitis C), VDRL (Venereal Disease Research Laboratory)

          -  Subjects who have any conditions that would contraindicate an MRI, such as the
             presence metallic objects in the eyes, skin, or heart

          -  Subjects who have &gt; 4 cerebral microhemorrhages (regardless of their anatomical
             location or diagnostic characterization as &quot;possible&quot; or &quot;definite&quot;), a single area of
             superficial siderosis, or evidence of a prior microhemorrhage as assessed by MRI

          -  Subjects who have history of malignant cancer within the last 5 years (The following
             is a partial list of conditions that are permissible for study entry: non-metastatic
             basal and/or squamous cell carcinoma of the skin, in situ cervical, or non-progressive
             prostate cancer)

          -  Subjects who have suspected active lung disease based on chest X-ray

          -  Subjects who are hypersensitive to fetal bovine serum or penicillin

          -  Subjects who are currently using immunosuppressants, cytotoxic drug, corticosteroids
             or similar steroidal anti-inflammatory medication (e.g., Prednisone) on a regular
             basis (exceptions allowed include; regular use of steroidal nasal sprays, topical
             steroids, and estrogen-replacement therapy)

          -  Subjects for whom the investigator judges the liposuction can cause any problems

          -  Subjects who have history of local anesthetic allergy
      </textblock>
    </criteria>
    <gender>All</gender>
    <minimum_age>50 Years</minimum_age>
    <maximum_age>N/A</maximum_age>
    <healthy_volunteers>No</healthy_volunteers>
  </eligibility>
  <overall_official>
    <last_name>Hugh Lee</last_name>
    <role>Study Director</role>
    <affiliation>KCRN Research</affiliation>
  </overall_official>
  <overall_contact>
    <last_name>Sarah Jang, PhD</last_name>
    <phone>301-540-2600</phone>
    <email>sarahjang@kcrnresearch.com</email>
  </overall_contact>
  <overall_contact_backup>
    <last_name>Lindsey Yeon</last_name>
    <phone>301-540-2600</phone>
    <email>lindseyyeon@kcrnresearch.com</email>
  </overall_contact_backup>
  <location>
    <facility>
      <name>ATP Clinical Research</name>
      <address>
        <city>Costa Mesa</city>
        <state>California</state>
        <zip>92626</zip>
        <country>United States</country>
      </address>
    </facility>
    <status>Recruiting</status>
    <contact>
      <last_name>Bobby Shih</last_name>
      <phone>714-277-4472</phone>
      <email>bshih@atpcr.com</email>
    </contact>
    <contact_backup>
      <last_name>Lindsey Yeon</last_name>
      <email>lindseyyeon@kcrnresearch.com</email>
    </contact_backup>
    <investigator>
      <last_name>Gustavo Alva, MD</last_name>
      <role>Principal Investigator</role>
    </investigator>
  </location>
  <location>
    <facility>
      <name>Syrentis Clinical Research</name>
      <address>
        <city>Santa Ana</city>
        <state>California</state>
        <zip>92705</zip>
        <country>United States</country>
      </address>
    </facility>
    <status>Recruiting</status>
    <contact>
      <last_name>Maria P Gonzalez</last_name>
      <phone>714-542-3008</phone>
      <email>mpgonzalezbs@gmail.com</email>
    </contact>
    <contact_backup>
      <last_name>Lindsey Yeon</last_name>
      <email>lindseyyeon@kcrnresearch.com</email>
    </contact_backup>
    <investigator>
      <last_name>John G Duffy, MD</last_name>
      <role>Principal Investigator</role>
    </investigator>
  </location>
  <location>
    <facility>
      <name>Valden Medical</name>
      <address>
        <city>Honolulu</city>
        <state>Hawaii</state>
        <zip>96817</zip>
        <country>United States</country>
      </address>
    </facility>
    <status>Not yet recruiting</status>
    <contact>
      <last_name>Kell Hoohuli</last_name>
      <phone>808-538-2800</phone>
      <email>khoohuli@valdenmedical.com</email>
    </contact>
    <contact_backup>
      <last_name>Lindsey Yeon</last_name>
      <email>lindseyyeon@kcrnresearch.com</email>
    </contact_backup>
    <investigator>
      <last_name>Denis Mee-Lee, MD</last_name>
      <role>Principal Investigator</role>
    </investigator>
  </location>
  <location_countries>
    <country>United States</country>
  </location_countries>
  <verification_date>July 2017</verification_date>
  <!-- Old date names will be dropped in a few months (sometime in 2018)                        -->
  <lastchanged_date>July 19, 2017</lastchanged_date>
  <firstreceived_date>April 10, 2017</firstreceived_date>
  <!-- New date names                                                                           -->
  <study_first_submitted>April 10, 2017</study_first_submitted>
  <study_first_submitted_qc>April 12, 2017</study_first_submitted_qc>
  <study_first_posted type="Actual">April 18, 2017</study_first_posted>
  <last_update_submitted>July 19, 2017</last_update_submitted>
  <last_update_submitted_qc>July 19, 2017</last_update_submitted_qc>
  <last_update_posted type="Actual">July 21, 2017</last_update_posted>
  <!-- End of dates                                                                             -->
  <responsible_party>
    <responsible_party_type>Sponsor</responsible_party_type>
  </responsible_party>
  <condition_browse>
    <!-- CAUTION:  The following MeSH terms are assigned with an imperfect algorithm            -->
    <mesh_term>Alzheimer Disease</mesh_term>
  </condition_browse>
  <!-- Results have not yet been posted for this study                                          -->
</clinical_study>

