<?xml version="1.0" encoding="UTF-8"?>
<clinical_study rank="313">
  <!-- This xml conforms to an XML Schema at:
    https://clinicaltrials.gov/ct2/html/images/info/public.xsd -->
  <required_header>
    <download_date>ClinicalTrials.gov processed this data on November 07, 2017</download_date>
    <link_text>Link to the current ClinicalTrials.gov record.</link_text>
    <url>https://clinicaltrials.gov/show/NCT00142805</url>
  </required_header>
  <id_info>
    <org_study_id>IA0076</org_study_id>
    <nct_id>NCT00142805</nct_id>
  </id_info>
  <brief_title>Ketasyn in Mild to Moderate Alzheimer's Disease</brief_title>
  <official_title>Safety, Tolerability and Efficacy Study of Ketasyn™ (AC-1202) Administered for Ninety Days in Subjects With Probable Alzheimer's Disease of Mild to Moderate Severity</official_title>
  <sponsors>
    <lead_sponsor>
      <agency>Accera, Inc.</agency>
      <agency_class>Industry</agency_class>
    </lead_sponsor>
  </sponsors>
  <source>National Institute on Aging (NIA)</source>
  <brief_summary>
    <textblock>
      The purpose of this study is to evaluate the safety, tolerability and effectiveness of
      Ketasyn™ administered once a day for ninety days in subjects with mild to moderate, probable
      Alzheimer's disease.
    </textblock>
  </brief_summary>
  <detailed_description>
    <textblock>
      Substantial scientific evidence has shown that defects in glucose metabolism occur in
      Alzheimer's disease. Attempts to compensate for the reduced cerebral metabolic rates in AD
      have met with some success. Treatment of AD patients with high doses of glucose and insulin
      will raise cognitive scores. However, this effect is slight, and high doses of insulin can
      have adverse consequences. Administration of ketone bodies or their metabolic precursors such
      as medium chain triglycerides (MCTs) presents an attractive alternative to glucose and
      insulin. In a preliminary study, Ketasyn™, an MCT, demonstrated pharmacological activity and
      statistically significant efficacy in improving short-term memory and attention performance
      after a single dose.

      Participants will be randomized to receive either Ketasyn™ or a matching placebo,
      administered once a day by mixing powder in a glass of liquid. The treatment period will last
      90 days, followed by a 2-week washout period. Each patient will be seen 5 times: at
      screening, baseline, and post-baseline days 45, 90, and 104. The visits will include physical
      and/or neuropsychological examinations, electrocardiograms (ECGs) and laboratory tests.
    </textblock>
  </detailed_description>
  <overall_status>Completed</overall_status>
  <start_date>October 2004</start_date>
  <completion_date>March 2006</completion_date>
  <phase>Phase 2</phase>
  <study_type>Interventional</study_type>
  <has_expanded_access>No</has_expanded_access>
  <study_design_info>
    <allocation>Randomized</allocation>
    <intervention_model>Parallel Assignment</intervention_model>
    <primary_purpose>Treatment</primary_purpose>
    <masking>Double</masking>
  </study_design_info>
  <primary_outcome>
    <measure>Changes measured by Alzheimer's Disease Assessment Scale - Cognitive Subscale (ADAS-Cog) at all 5 visits</measure>
  </primary_outcome>
  <primary_outcome>
    <measure>Alzheimer's Disease Cooperative Study - Clinician's Global Impression of Change (ADCS-CGIC) at visits 2 through 5</measure>
  </primary_outcome>
  <primary_outcome>
    <measure>Mini-Mental State Exam (MMSE) at all 5 visits</measure>
  </primary_outcome>
  <secondary_outcome>
    <measure>Changes measured by Electrocardiogram (ECG) at visits 1 and 5</measure>
  </secondary_outcome>
  <secondary_outcome>
    <measure>Beta-Hydroxybutyrate pre-dose levels at all 5 visits</measure>
  </secondary_outcome>
  <secondary_outcome>
    <measure>Beta-Hydroxybutyrate 2-hour post-dose levels at visits 2, 3, and 4</measure>
  </secondary_outcome>
  <enrollment>100</enrollment>
  <condition>Alzheimer's Disease</condition>
  <intervention>
    <intervention_type>Drug</intervention_type>
    <intervention_name>Ketasyn™ (AC-1202)</intervention_name>
  </intervention>
  <eligibility>
    <criteria>
      <textblock>
        Inclusion Criteria:

          -  Informed Consent Form signed by patient and caregiver

          -  Diagnosis of probably Alzheimer's disease of mild to moderate severity

          -  Age 50 or older

          -  If female, 2 years postmenopausal or surgically sterile

          -  Hearing, vision, and physical abilities adequate to perform assessments (corrective
             aids allowed)

          -  Caregiver to attend all visits, perform assessments, and supervise administration of
             study medication

          -  CT or MRI within 24 months prior to screening compatible with a diagnosis of probably
             Alzheimer's disease

          -  Modified Hachinski Ischemia Scale score of 4 or less

          -  ADAS-Cog score between 15 and 35 inclusive at screening

          -  MMSE score between 14 and 24 inclusive at screening

          -  Stable medical condition for 3 consecutive months immediately prior to baseline

          -  No clinically significant abnormal findings on the physical examination, medical
             history, or clinical laboratory results during screening

        Exclusion Criteria:

          -  Any condition that would, in the opinion of the Principal Investigator, render the
             patient or the caregiver unsuitable for the study, or place them at substantial risk
             of adverse outcome

          -  Unwillingness or inability of the patient and/or caregiver to fulfill the requirements
             of the study

          -  Resident in a skilled nursing facility

          -  Any significant neurological disease other than probable AD (e.g. Parkinson's disease,
             Huntington's disease, brain tumor, normal pressure hydrocephalus, progressive
             supranuclear palsy, seizure disorder, subdural hematoma, multiple sclerosis, history
             of stroke, or history of head injury requiring hospitalization)

          -  An alternate cause for dementia other than AD as determined by a required CT or MRI
             scan within 24 months prior to screening

          -  Current history of major psychiatric disorder

          -  Major depression as determined by a Cornell Scale for Depression in Dementia

          -  Clinically significant hypothyroidism

          -  Clinically significant B12 deficiency

          -  Unstable or clinically significant cardiovascular disease

          -  Diabetes of any type

          -  History of tertiary syphilis

          -  Cancer within 3 years prior to baseline, with the exception of squamous and basal cell
             carcinoma

          -  Vital sign abnormalities

          -  Clinically significant renal disease or insufficiency

          -  Clinically significant hepatic disease or insufficiency

          -  Alcohol consumption greater than 2 oz of spirits per day or 14 oz per week (1 oz of
             spirits is equal to 6 oz of wine or 12 oz of beer)

          -  Current history of alcohol abuse or other substance abuse within 24 months prior to
             baseline

          -  Known HIV infection

          -  Use of any investigational compound within 30 days prior to screening

          -  Use of prohibited medications (contact site for details)

          -  Prior or current use of medium-chain triglycerides (MCTs) for medical purposes

          -  Known allergies to coconut oil
      </textblock>
    </criteria>
    <gender>All</gender>
    <minimum_age>50 Years</minimum_age>
    <maximum_age>N/A</maximum_age>
    <healthy_volunteers>No</healthy_volunteers>
  </eligibility>
  <overall_official>
    <last_name>Sam Henderson, PhD</last_name>
    <role>Study Director</role>
    <affiliation>Accera, Inc.</affiliation>
  </overall_official>
  <location>
    <facility>
      <name>21st Century Neurology, a division of Xenoscience Inc.</name>
      <address>
        <city>Phoenix</city>
        <state>Arizona</state>
        <zip>85013</zip>
        <country>United States</country>
      </address>
    </facility>
  </location>
  <location>
    <facility>
      <name>Comprehensive NeuroScience</name>
      <address>
        <city>Cerritos</city>
        <state>California</state>
        <zip>90703</zip>
        <country>United States</country>
      </address>
    </facility>
  </location>
  <location>
    <facility>
      <name>Pharmacology Research Institute</name>
      <address>
        <city>Los Alamitos</city>
        <state>California</state>
        <zip>90720</zip>
        <country>United States</country>
      </address>
    </facility>
  </location>
  <location>
    <facility>
      <name>Pharmacology Research Institute</name>
      <address>
        <city>Newport Beach</city>
        <state>California</state>
        <zip>92660</zip>
        <country>United States</country>
      </address>
    </facility>
  </location>
  <location>
    <facility>
      <name>Pharmacology Research Institute</name>
      <address>
        <city>Northridge</city>
        <state>California</state>
        <zip>91324</zip>
        <country>United States</country>
      </address>
    </facility>
  </location>
  <location>
    <facility>
      <name>The Southwest Institute for Clinical Research</name>
      <address>
        <city>Rancho Mirage</city>
        <state>California</state>
        <zip>92270</zip>
        <country>United States</country>
      </address>
    </facility>
  </location>
  <location>
    <facility>
      <name>Pharmacology Research Institute</name>
      <address>
        <city>Riverside</city>
        <state>California</state>
        <zip>92506</zip>
        <country>United States</country>
      </address>
    </facility>
  </location>
  <location>
    <facility>
      <name>Baumel-Eisner Neuromedical Institute</name>
      <address>
        <city>Boca Raton</city>
        <state>Florida</state>
        <zip>33486</zip>
        <country>United States</country>
      </address>
    </facility>
  </location>
  <location>
    <facility>
      <name>Meridien Research</name>
      <address>
        <city>Brooksville</city>
        <state>Florida</state>
        <zip>34613</zip>
        <country>United States</country>
      </address>
    </facility>
  </location>
  <location>
    <facility>
      <name>Baumel-Eisner Neuromedical Institute, Inc.</name>
      <address>
        <city>Ft. Lauderdale</city>
        <state>Florida</state>
        <zip>33321</zip>
        <country>United States</country>
      </address>
    </facility>
  </location>
  <location>
    <facility>
      <name>Sunrise Clinical Research</name>
      <address>
        <city>Hollywood</city>
        <state>Florida</state>
        <zip>33021</zip>
        <country>United States</country>
      </address>
    </facility>
  </location>
  <location>
    <facility>
      <name>Comprehensive NeuroScience</name>
      <address>
        <city>Melbourne</city>
        <state>Florida</state>
        <zip>32935</zip>
        <country>United States</country>
      </address>
    </facility>
  </location>
  <location>
    <facility>
      <name>Baumel-Eisner Neuromedical Institute</name>
      <address>
        <city>Miami Beach</city>
        <state>Florida</state>
        <zip>33154</zip>
        <country>United States</country>
      </address>
    </facility>
  </location>
  <location>
    <facility>
      <name>Anchor Research Center</name>
      <address>
        <city>Naples</city>
        <state>Florida</state>
        <zip>34102</zip>
        <country>United States</country>
      </address>
    </facility>
  </location>
  <location>
    <facility>
      <name>Renstar Medical Research</name>
      <address>
        <city>Ocala</city>
        <state>Florida</state>
        <zip>34471</zip>
        <country>United States</country>
      </address>
    </facility>
  </location>
  <location>
    <facility>
      <name>Comprehensive NeuroScience</name>
      <address>
        <city>St. Petersburg</city>
        <state>Florida</state>
        <zip>33702</zip>
        <country>United States</country>
      </address>
    </facility>
  </location>
  <location>
    <facility>
      <name>Meridien Research</name>
      <address>
        <city>St. Petersburg</city>
        <state>Florida</state>
        <zip>33709</zip>
        <country>United States</country>
      </address>
    </facility>
  </location>
  <location>
    <facility>
      <name>Meridien Research</name>
      <address>
        <city>Tampa</city>
        <state>Florida</state>
        <zip>33609</zip>
        <country>United States</country>
      </address>
    </facility>
  </location>
  <location>
    <facility>
      <name>Radiant Research</name>
      <address>
        <city>Chicago</city>
        <state>Illinois</state>
        <zip>60610</zip>
        <country>United States</country>
      </address>
    </facility>
  </location>
  <location>
    <facility>
      <name>Multi-Specialty Research Associates of North Carolina</name>
      <address>
        <city>Raleigh</city>
        <state>North Carolina</state>
        <zip>27609</zip>
        <country>United States</country>
      </address>
    </facility>
  </location>
  <location>
    <facility>
      <name>Radiant Research</name>
      <address>
        <city>Portland</city>
        <state>Oregon</state>
        <zip>97239</zip>
        <country>United States</country>
      </address>
    </facility>
  </location>
  <location>
    <facility>
      <name>Radiant Research</name>
      <address>
        <city>Dallas</city>
        <state>Texas</state>
        <zip>75231</zip>
        <country>United States</country>
      </address>
    </facility>
  </location>
  <location>
    <facility>
      <name>Research Across America</name>
      <address>
        <city>Dallas</city>
        <state>Texas</state>
        <zip>75234</zip>
        <country>United States</country>
      </address>
    </facility>
  </location>
  <location>
    <facility>
      <name>Radiant Research</name>
      <address>
        <city>San Antonio</city>
        <state>Texas</state>
        <zip>78229</zip>
        <country>United States</country>
      </address>
    </facility>
  </location>
  <location>
    <facility>
      <name>Grayline Clinical Drug Trials</name>
      <address>
        <city>Wichita Falls</city>
        <state>Texas</state>
        <zip>76309</zip>
        <country>United States</country>
      </address>
    </facility>
  </location>
  <location_countries>
    <country>United States</country>
  </location_countries>
  <link>
    <url>http://www.accerapharma.com/</url>
    <description>Accera Pharmaceuticals Clinical Trials Query Form</description>
  </link>
  <reference>
    <citation>Blass JP, Zemcov A. Alzheimer's disease. A metabolic systems degeneration? Neurochem Pathol. 1984 Summer;2(2):103-14.</citation>
    <PMID>6544385</PMID>
  </reference>
  <reference>
    <citation>Reiman EM, Caselli RJ, Yun LS, Chen K, Bandy D, Minoshima S, Thibodeau SN, Osborne D. Preclinical evidence of Alzheimer's disease in persons homozygous for the epsilon 4 allele for apolipoprotein E. N Engl J Med. 1996 Mar 21;334(12):752-8.</citation>
    <PMID>8592548</PMID>
  </reference>
  <reference>
    <citation>Small GW, Ercoli LM, Silverman DH, Huang SC, Komo S, Bookheimer SY, Lavretsky H, Miller K, Siddarth P, Rasgon NL, Mazziotta JC, Saxena S, Wu HM, Mega MS, Cummings JL, Saunders AM, Pericak-Vance MA, Roses AD, Barrio JR, Phelps ME. Cerebral metabolic and cognitive decline in persons at genetic risk for Alzheimer's disease. Proc Natl Acad Sci U S A. 2000 May 23;97(11):6037-42.</citation>
    <PMID>10811879</PMID>
  </reference>
  <reference>
    <citation>Swaab DF, Lucassen PJ, Salehi A, Scherder EJ, van Someren EJ, Verwer RW. Reduced neuronal activity and reactivation in Alzheimer's disease. Prog Brain Res. 1998;117:343-77. Review.</citation>
    <PMID>9932420</PMID>
  </reference>
  <reference>
    <citation>Laffel L. Ketone bodies: a review of physiology, pathophysiology and application of monitoring to diabetes. Diabetes Metab Res Rev. 1999 Nov-Dec;15(6):412-26. Review.</citation>
    <PMID>10634967</PMID>
  </reference>
  <reference>
    <citation>Kashiwaya Y, Takeshima T, Mori N, Nakashima K, Clarke K, Veech RL. D-beta-hydroxybutyrate protects neurons in models of Alzheimer's and Parkinson's disease. Proc Natl Acad Sci U S A. 2000 May 9;97(10):5440-4.</citation>
    <PMID>10805800</PMID>
  </reference>
  <verification_date>September 2006</verification_date>
  <!-- Old date names will be dropped in a few months (sometime in 2018)                        -->
  <lastchanged_date>December 30, 2008</lastchanged_date>
  <firstreceived_date>September 1, 2005</firstreceived_date>
  <!-- New date names                                                                           -->
  <study_first_submitted>September 1, 2005</study_first_submitted>
  <study_first_submitted_qc>September 1, 2005</study_first_submitted_qc>
  <study_first_posted type="Estimate">September 2, 2005</study_first_posted>
  <last_update_submitted>December 30, 2008</last_update_submitted>
  <last_update_submitted_qc>December 30, 2008</last_update_submitted_qc>
  <last_update_posted type="Estimate">December 31, 2008</last_update_posted>
  <!-- End of dates                                                                             -->
  <keyword>ketones</keyword>
  <keyword>Apolipoprotein E</keyword>
  <keyword>ApoE genotype</keyword>
  <keyword>cognitive function</keyword>
  <keyword>glucose metabolism</keyword>
  <condition_browse>
    <!-- CAUTION:  The following MeSH terms are assigned with an imperfect algorithm            -->
    <mesh_term>Alzheimer Disease</mesh_term>
  </condition_browse>
  <!-- Results have not yet been posted for this study                                          -->
</clinical_study>

